{"x": [0, 1, 2, 3, 4, 5], "y": [6.499960899353027, 4.692975997924805, 2.8632125854492188, 3.1052029132843018, 1.3793748617172241, 0.25231289863586426], "params": [-2.4665112495422363, -1.655705213546753, 6.247648239135742]}