{"x": [0, 1, 2, 3, 4, 5], "y": [8.335427284240723, 7.986326694488525, 7.215884208679199, 7.270298480987549, 6.605730056762695, 5.877438545227051], "params": [-1.1331418752670288, 2.0469000339508057, 2.457988739013672]}