{"x": [0, 1, 2, 3, 4, 5], "y": [9.869640350341797, 7.920572280883789, 7.957937240600586, 6.655285358428955, 6.224419593811035, 5.309132099151611], "params": [-1.6469608545303345, 2.05564546585083, 4.5605082511901855]}