{"x": [0, 1, 2, 3, 4, 5], "y": [5.322933673858643, 4.897469520568848, 4.8845977783203125, 4.507235050201416, 2.766752243041992, 2.222454786300659], "params": [-1.725882887840271, -0.772944986820221, 3.1004788875579834]}