{"x": [0, 1, 2, 3, 4, 5], "y": [6.673675537109375, 5.874159812927246, 4.9410576820373535, 3.465501070022583, 2.7075955867767334, 2.314080238342285], "params": [-2.486408233642578, -0.973731279373169, 4.35959529876709]}