{"x": [0, 1, 2, 3, 4, 5], "y": [7.219748020172119, 6.710179328918457, 5.870751857757568, 4.853515148162842, 3.4726967811584473, 2.8365252017974854], "params": [-2.345130443572998, 0.15229791402816772, 4.383222579956055]}