{"x": [0, 1, 2, 3, 4, 5], "y": [6.628950119018555, 5.897690296173096, 3.9579977989196777, 4.084036350250244, 1.8614529371261597, 1.4819495677947998], "params": [-2.3826887607574463, -0.9433084726333618, 5.147000312805176]}