{"x": [0, 1, 2, 3, 4, 5], "y": [5.434564590454102, 4.485205173492432, 2.662743091583252, 2.3455111980438232, 1.7010406255722046, 0.5861225724220276], "params": [-2.403099775314331, -2.2937960624694824, 4.848442077636719]}