{"x": [0, 1, 2, 3, 4, 5], "y": [7.95414924621582, 8.113297462463379, 6.388248920440674, 6.841864585876465, 5.281719207763672, 5.270092010498047], "params": [-1.4153425693511963, 1.7091903686523438, 2.843205451965332]}