{"x": [0, 1, 2, 3, 4, 5], "y": [6.548304080963135, 6.066274642944336, 4.40065860748291, 3.506345272064209, 2.6477296352386475, 2.035261631011963], "params": [-2.3254261016845703, -0.7306930422782898, 4.513042449951172]}