{"x": [0, 1, 2, 3, 4, 5], "y": [8.675865173339844, 7.850002288818359, 7.889369964599609, 6.5565643310546875, 6.715517520904541, 6.358502388000488], "params": [-1.2847175598144531, 2.4004852771759033, 2.3173627853393555]}