{"x": [0, 1, 2, 3, 4, 5], "y": [8.05257797241211, 7.797299385070801, 7.589426040649414, 6.288191318511963, 4.642569065093994, 3.7033839225769043], "params": [-2.2583179473876953, 1.1613168716430664, 4.349194049835205]}