{"x": [0, 1, 2, 3, 4, 5], "y": [5.426305770874023, 4.329934597015381, 4.402711868286133, 3.2997381687164307, 1.9856371879577637, 2.284874439239502], "params": [-1.3228919506072998, -1.5618747472763062, 3.4406685829162598]}