{"x": [0, 1, 2, 3, 4, 5], "y": [5.684128761291504, 5.227128028869629, 4.051578044891357, 2.5341200828552246, 2.5319666862487793, 1.8338743448257446], "params": [-2.0666465759277344, -1.3289246559143066, 3.850254535675049]}