{"x": [0, 1, 2, 3, 4, 5], "y": [6.3002543449401855, 4.367665767669678, 3.280280113220215, 3.321445941925049, 3.0020227432250977, 2.2445945739746094], "params": [-1.609447717666626, -0.803903341293335, 4.055659770965576]}