{"x": [0, 1, 2, 3, 4, 5], "y": [4.222975730895996, 4.104162693023682, 4.029656410217285, 2.2894861698150635, 2.0418925285339355, 0.8947782516479492], "params": [-2.0505051612854004, -2.3041141033172607, 3.328197479248047]}