{"x": [0, 1, 2, 3, 4, 5], "y": [6.614912986755371, 6.373982906341553, 3.869030475616455, 3.445587635040283, 3.910923957824707, 1.8368219137191772], "params": [-2.468458890914917, -0.5907541513442993, 4.778090953826904]}