{"x": [0, 1, 2, 3, 4, 5], "y": [6.017299652099609, 5.575733184814453, 4.086846351623535, 3.2912397384643555, 2.0986387729644775, 1.7230620384216309], "params": [-2.448934555053711, -1.3490734100341797, 4.2942376136779785]}