{"x": [0, 1, 2, 3, 4, 5], "y": [7.366127967834473, 7.480051517486572, 6.331027030944824, 5.699509143829346, 5.139991283416748, 4.547201156616211], "params": [-1.4271068572998047, 1.236136555671692, 2.9328503608703613]}