{"x": [0, 1, 2, 3, 4, 5], "y": [7.539429664611816, 5.8515520095825195, 5.420933246612549, 4.542306900024414, 3.6563539505004883, 3.1927802562713623], "params": [-1.8536688089370728, 0.053979456424713135, 4.346649169921875]}