{"x": [0, 1, 2, 3, 4, 5], "y": [5.801689147949219, 4.827993869781494, 4.750516414642334, 4.726179599761963, 3.31782603263855, 3.4532999992370605], "params": [-1.0474059581756592, -0.839506983757019, 2.483863115310669]}