{"x": [0, 1, 2, 3, 4, 5], "y": [7.281246185302734, 6.264226913452148, 4.9792799949646, 3.294776201248169, 2.997800827026367, 2.0267536640167236], "params": [-2.107686996459961, -0.4509091377258301, 5.25449275970459]}