{"x": [0, 1, 2, 3, 4, 5], "y": [8.467015266418457, 6.736711502075195, 6.153941631317139, 6.387310981750488, 5.573179244995117, 4.494429111480713], "params": [-1.9021275043487549, 1.3710150718688965, 3.972586154937744]}