{"x": [0, 1, 2, 3, 4, 5], "y": [5.709652900695801, 5.796365737915039, 4.47139310836792, 3.8548548221588135, 3.1858973503112793, 2.7359085083007812], "params": [-1.6695213317871094, -0.5234217643737793, 3.060457229614258]}