{"x": [0, 1, 2, 3, 4, 5], "y": [6.794422149658203, 6.711906909942627, 6.172292709350586, 5.967841148376465, 4.927033424377441, 4.4028778076171875], "params": [-1.715280532836914, 0.7192590832710266, 2.3915443420410156]}