{"x": [0, 1, 2, 3, 4, 5], "y": [5.04113245010376, 4.599311351776123, 3.7457938194274902, 3.605461359024048, 2.950108528137207, 2.939260959625244], "params": [-1.1470539569854736, -1.1486353874206543, 2.1018714904785156]}