{"x": [0, 1, 2, 3, 4, 5], "y": [7.351296424865723, 5.773848533630371, 5.651341915130615, 4.344781398773193, 3.107473611831665, 2.646022081375122], "params": [-2.2196834087371826, -0.3302082419395447, 4.70527458190918]}