{"x": [0, 1, 2, 3, 4, 5], "y": [4.945684909820557, 4.7437591552734375, 2.9877519607543945, 2.911276340484619, 3.7468910217285156, 2.162684917449951], "params": [-1.4169725179672241, -1.4003965854644775, 2.7829999923706055]}