{"x": [0, 1, 2, 3, 4, 5], "y": [8.4186429977417, 7.690191268920898, 6.868301868438721, 6.149350166320801, 5.790028095245361, 4.44586181640625], "params": [-1.9551749229431152, 1.6534850597381592, 3.972781181335449]}