{"x": [0, 1, 2, 3, 4, 5], "y": [8.054689407348633, 7.342449188232422, 7.152242183685303, 6.0547637939453125, 5.340844631195068, 4.505369186401367], "params": [-1.828764796257019, 1.527937889099121, 3.5493202209472656]}