{"x": [0, 1, 2, 3, 4, 5], "y": [5.657430648803711, 4.527148246765137, 3.491659641265869, 3.3601608276367188, 2.728335380554199, 1.2892787456512451], "params": [-1.817718744277954, -1.6907382011413574, 4.368151664733887]}