{"x": [0, 1, 2, 3, 4, 5], "y": [7.178966999053955, 5.973921775817871, 5.017448902130127, 3.726445198059082, 3.2066826820373535, 3.322319746017456], "params": [-1.844712734222412, -0.06935536861419678, 3.9722843170166016]}