{"x": [0, 1, 2, 3, 4, 5], "y": [6.131715774536133, 4.27341365814209, 4.0, 3.273138999938965, 2.0217645168304443, 1.1131296157836914], "params": [-2.0766727924346924, -1.5388717651367188, 5.018586158752441]}