{"x": [0, 1, 2, 3, 4, 5], "y": [4.6833367347717285, 3.904613494873047, 3.752288818359375, 3.489513397216797, 3.0050015449523926, 3.3342795372009277], "params": [-1.0548722743988037, -1.25693941116333, 1.678335189819336]}