{"x": [0, 1, 2, 3, 4, 5], "y": [7.534370422363281, 6.260258674621582, 5.130397796630859, 4.392297267913818, 4.064441680908203, 3.10137939453125], "params": [-2.2684147357940674, 0.18288761377334595, 4.432991027832031]}