{"x": [0, 1, 2, 3, 4, 5], "y": [4.486141681671143, 4.102282524108887, 3.82096791267395, 2.7365493774414062, 2.4847054481506348, 1.0557693243026733], "params": [-1.6869585514068604, -2.0845179557800293, 3.4303722381591797]}