{"x": [0, 1, 2, 3, 4, 5], "y": [8.35077953338623, 8.125964164733887, 7.795161724090576, 5.812847137451172, 5.944057464599609, 4.299304962158203], "params": [-2.404200553894043, 1.588899850845337, 4.051474571228027]}