{"x": [0, 1, 2, 3, 4, 5], "y": [5.451761245727539, 5.87821626663208, 5.451956748962402, 4.678850173950195, 3.554802179336548, 3.9517157077789307], "params": [-1.3774815797805786, -0.0009170174598693848, 2.3234140872955322]}