{"x": [0, 1, 2, 3, 4, 5], "y": [7.118657112121582, 5.83075475692749, 6.1908860206604, 5.436211585998535, 4.7587971687316895, 4.137689113616943], "params": [-1.5132501125335693, 0.6733018159866333, 2.9809679985046387]}