{"x": [0, 1, 2, 3, 4, 5], "y": [8.290213584899902, 7.777630805969238, 7.306007385253906, 6.382255554199219, 6.241451263427734, 4.085450172424316], "params": [-1.988682746887207, 1.7519748210906982, 4.204763412475586]}