{"x": [0, 1, 2, 3, 4, 5], "y": [8.04464054107666, 7.825553894042969, 7.2460479736328125, 6.488739967346191, 6.2663893699646, 5.570581912994385], "params": [-1.527420163154602, 2.0587902069091797, 2.4740586280822754]}