{"x": [0, 1, 2, 3, 4, 5], "y": [9.548839569091797, 8.079317092895508, 7.519930839538574, 6.152345180511475, 6.032521724700928, 4.823148727416992], "params": [-2.352586030960083, 1.7310545444488525, 4.725690841674805]}