{"x": [0, 1, 2, 3, 4, 5], "y": [8.372941970825195, 14.231685638427734, 6.702488422393799, 12.118330001831055, 4.000977993011475, 11.480409622192383], "params": [-1.8770039081573486, -0.8394673466682434, 4.01497745513916, 6.789539337158203, 0.25, 0.0, 7.1211934089660645]}