{"x": [0, 1, 2, 3, 4, 5], "y": [8.424707412719727, 13.585805892944336, 5.11126708984375, 10.909660339355469, 5.1134562492370605, 9.26401424407959], "params": [-2.3254261016845703, -0.7306930422782898, 4.513042449951172, 5.261282444000244, 0.25, 0.0, 6.80892276763916]}