{"x": [0, 1, 2, 3, 4, 5], "y": [10.453765869140625, 12.844890594482422, 8.9706449508667, 9.923955917358398, 5.977495193481445, 9.771363258361816], "params": [-1.6287622451782227, 2.301889657974243, 2.7338109016418457, 2.581674098968506, 0.25, 0.0, 4.133584976196289]}