{"x": [0, 1, 2, 3, 4, 5], "y": [9.137064933776855, 13.421960830688477, 8.085718154907227, 12.124405860900879, 5.267831802368164, 9.547513961791992], "params": [-2.4694366455078125, -1.481766700744629, 4.32527494430542, 5.505953311920166, 0.25, 0.0, 5.724785804748535]}