{"x": [0, 1, 2, 3, 4, 5], "y": [5.720785140991211, 10.208272933959961, 2.438249111175537, 9.322212219238281, 2.905660390853882, 8.086368560791016], "params": [-1.4484436511993408, -1.8978136777877808, 3.088526725769043, 6.284584045410156, 0.25, 0.0, 7.502054691314697]}