{"x": [0, 1, 2, 3, 4, 5], "y": [6.260403633117676, 9.04089641571045, 6.131630897521973, 8.327692031860352, 5.285253524780273, 7.096084117889404], "params": [-1.715280532836914, 0.7192590832710266, 2.3915443420410156, 2.6209511756896973, 0.25, 0.0, 3.227224826812744]}