{"x": [0, 1, 2, 3, 4, 5], "y": [6.947103977203369, 11.518311500549316, 4.084975719451904, 9.04496955871582, 2.7611846923828125, 7.852814674377441], "params": [-2.486408233642578, -0.973731279373169, 4.35959529876709, 5.8765411376953125, 0.25, 0.0, 6.5002336502075195]}