{"x": [0, 1, 2, 3, 4, 5], "y": [6.807831764221191, 10.57330322265625, 4.983221054077148, 10.49181079864502, 3.5898427963256836, 8.679638862609863], "params": [-1.9062519073486328, -2.1749494075775146, 3.8664631843566895, 5.570457935333252, 0.25, 0.0, 6.171521186828613]}