{"x": [0, 1, 2, 3, 4, 5], "y": [6.33437442779541, 12.098640441894531, 4.35774040222168, 9.655155181884766, 4.868682384490967, 8.583353042602539], "params": [-1.4169725179672241, -1.4003965854644775, 2.7829999923706055, 6.0220441818237305, 0.25, 0.0, 6.233089447021484]}