{"x": [0, 1, 2, 3, 4, 5], "y": [9.749279022216797, 15.636456489562988, 8.036680221557617, 14.82066535949707, 5.9592742919921875, 11.939080238342285], "params": [-1.725882887840271, -0.772944986820221, 3.1004788875579834, 6.252898216247559, 0.25, 0.0, 7.586904525756836]}