{"x": [0, 1, 2, 3, 4, 5], "y": [10.270362854003906, 16.565460205078125, 8.223312377929688, 15.130314826965332, 8.126561164855957, 13.459355354309082], "params": [-1.6869585514068604, -2.0845179557800293, 3.4303722381591797, 7.425034046173096, 0.25, 0.0, 8.060832977294922]}