{"x": [0, 1, 2, 3, 4, 5], "y": [9.360708236694336, 11.29683780670166, 5.820578575134277, 8.957568168640137, 4.241313934326172, 7.6870527267456055], "params": [-2.471498727798462, -0.7862022519111633, 5.047088146209717, 4.228702068328857, 0.25, 0.0, 4.357773780822754]}