{"x": [0, 1, 2, 3, 4, 5], "y": [10.738389015197754, 15.857614517211914, 9.08061408996582, 15.359801292419434, 9.412630081176758, 14.367990493774414], "params": [-1.0919277667999268, 2.1400997638702393, 2.434645175933838, 6.254383087158203, 0.25, 0.0, 6.546688556671143]}