{"x": [0, 1, 2, 3, 4, 5], "y": [10.145586013793945, 14.279134750366211, 8.678070068359375, 13.60047721862793, 8.583123207092285, 12.875733375549316], "params": [-1.1331418752670288, 2.0469000339508057, 2.457988739013672, 5.287266254425049, 0.25, 0.0, 5.53610897064209]}