{"x": [0, 1, 2, 3, 4, 5], "y": [11.251354217529297, 19.39752769470215, 11.646876335144043, 18.204227447509766, 10.05219841003418, 16.90836524963379], "params": [-1.4271068572998047, 1.236136555671692, 2.9328503608703613, 7.041409015655518, 0.25, 0.0, 8.619491577148438]}