{"x": [0, 1, 2, 3, 4, 5], "y": [10.640026092529297, 12.946943283081055, 8.23654842376709, 12.418007850646973, 7.106784343719482, 10.489326477050781], "params": [-1.9021275043487549, 1.3710150718688965, 3.972586154937744, 3.8643126487731934, 0.25, 0.0, 4.676626682281494]}