{"x": [0, 1, 2, 3, 4, 5], "y": [7.551836013793945, 10.874683380126953, 6.172268867492676, 9.701225280761719, 5.08020544052124, 7.028852939605713], "params": [-2.076789617538452, -0.8557629585266113, 3.8831167221069336, 3.574410915374756, 0.25, 0.0, 3.990774393081665]}