{"x": [0, 1, 2, 3, 4, 5], "y": [9.196969985961914, 15.420348167419434, 7.431605339050293, 14.23184585571289, 7.243465423583984, 14.571290016174316], "params": [-1.3339771032333374, 0.44785410165786743, 2.339017391204834, 6.746142387390137, 0.25, 0.0, 7.378655910491943]}