{"x": [0, 1, 2, 3, 4, 5], "y": [5.7530694007873535, 9.570390701293945, 4.895023822784424, 7.858673095703125, 3.5044541358947754, 6.899170875549316], "params": [-1.4136219024658203, -1.7672401666641235, 2.5751636028289795, 3.6833176612854004, 0.25, 0.0, 4.186196327209473]}