{"x": [0, 1, 2, 3, 4, 5], "y": [6.640509128570557, 10.827651977539062, 4.715356349945068, 7.934355735778809, 3.879119396209717, 6.616644382476807], "params": [-2.0666465759277344, -1.3289246559143066, 3.850254535675049, 4.799665927886963, 0.25, 0.0, 4.9367451667785645]}