{"x": [0, 1, 2, 3, 4, 5], "y": [10.073641777038574, 11.813016891479492, 8.233577728271484, 9.7398681640625, 5.532291412353516, 8.188337326049805], "params": [-2.2200822830200195, 0.7172495126724243, 5.53286600112915, 2.9923605918884277, 0.25, 0.0, 3.6475610733032227]}