{"x": [0, 1, 2, 3, 4, 5], "y": [8.011138916015625, 12.456997871398926, 5.482575416564941, 11.156539916992188, 4.2725419998168945, 9.047447204589844], "params": [-2.24273943901062, -1.7395657300949097, 5.28550910949707, 5.663264274597168, 0.25, 0.0, 6.338254928588867]}