{"x": [0, 1, 2, 3, 4, 5], "y": [9.916918754577637, 11.883634567260742, 5.730184555053711, 10.46763801574707, 5.28622579574585, 8.243114471435547], "params": [-1.8595547676086426, -0.42367786169052124, 4.354447364807129, 4.15473747253418, 0.25, 0.0, 4.49599552154541]}