{"x": [0, 1, 2, 3, 4, 5], "y": [6.011730194091797, 9.3183012008667, 4.484430313110352, 7.435965538024902, 3.723125696182251, 6.994401931762695], "params": [-1.3774815797805786, -0.0009170174598693848, 2.3234140872955322, 2.7472944259643555, 0.25, 0.0, 4.407610893249512]}