{"x": [0, 1, 2, 3, 4, 5], "y": [6.891402244567871, 11.894580841064453, 5.839792251586914, 10.255069732666016, 3.423661231994629, 9.844718933105469], "params": [-1.0474059581756592, -0.839506983757019, 2.483863115310669, 5.036243915557861, 0.25, 0.0, 6.960751533508301]}