{"x": [0, 1, 2, 3, 4, 5], "y": [12.281922340393066, 16.780662536621094, 10.089764595031738, 15.668363571166992, 9.350480079650879, 14.307170867919922], "params": [-1.3305435180664062, 2.070798635482788, 3.788229465484619, 5.964245796203613, 0.25, 0.0, 6.199563026428223]}