{"x": [0, 1, 2, 3, 4, 5], "y": [11.1724271774292, 16.577537536621094, 9.232555389404297, 14.765504837036133, 6.384740829467773, 12.568892478942871], "params": [-1.803328514099121, 2.4266653060913086, 3.718477725982666, 5.082717418670654, 0.25, 0.0, 6.758315086364746]}