{"x": [0, 1, 2, 3, 4, 5], "y": [7.733778953552246, 12.759651184082031, 7.856087684631348, 10.731073379516602, 6.389006614685059, 10.438955307006836], "params": [-1.1134164333343506, 0.16397088766098022, 2.0405354499816895, 3.9999427795410156, 0.25, 0.0, 5.243586540222168]}