{"x": [0, 1, 2, 3, 4, 5], "y": [8.848759651184082, 12.86020565032959, 7.298226833343506, 9.152976036071777, 5.922003746032715, 8.048137664794922], "params": [-2.404200553894043, 1.588899850845337, 4.051474571228027, 3.6976659297943115, 0.25, 0.0, 5.231176376342773]}