{"x": [0, 1, 2, 3, 4, 5], "y": [12.143815040588379, 18.411006927490234, 12.10384464263916, 16.82529067993164, 10.466545104980469, 16.787761688232422], "params": [-1.527420163154602, 2.0587902069091797, 2.4740586280822754, 6.5030012130737305, 0.25, 0.0, 7.118005752563477]}