{"x": [0, 1, 2, 3, 4, 5], "y": [8.87557601928711, 10.98252010345459, 8.532759666442871, 10.080387115478516, 5.102628231048584, 7.6386823654174805], "params": [-2.2583179473876953, 1.1613168716430664, 4.349194049835205, 2.8097991943359375, 0.25, 0.0, 3.475238800048828]}