{"x": [0, 1, 2, 3, 4, 5], "y": [10.562438011169434, 16.079021453857422, 7.979978561401367, 13.964223861694336, 5.490574836730957, 11.031837463378906], "params": [-2.3826887607574463, -0.9433084726333618, 5.147000312805176, 5.886787414550781, 0.25, 0.0, 6.552209854125977]}