{"x": [0, 1, 2, 3, 4, 5], "y": [9.181035995483398, 13.635751724243164, 9.272661209106445, 13.998590469360352, 6.432559013366699, 12.093698501586914], "params": [-1.4787943363189697, 0.31656503677368164, 3.1724815368652344, 5.903092384338379, 0.25, 0.0, 6.51524019241333]}