{"x": [0, 1, 2, 3, 4, 5], "y": [9.182538032531738, 11.858293533325195, 8.528165817260742, 10.987186431884766, 6.240161895751953, 9.256345748901367], "params": [-1.988682746887207, 1.7519748210906982, 4.204763412475586, 4.160686492919922, 0.25, 0.0, 5.17218542098999]}