{"x": [0, 1, 2, 3, 4, 5], "y": [10.366510391235352, 15.028053283691406, 7.518398761749268, 12.155879974365234, 7.987077713012695, 11.535621643066406], "params": [-1.5128755569458008, -0.051571428775787354, 3.262798309326172, 5.41624641418457, 0.25, 0.0, 5.975705623626709]}