{"x": [0, 1, 2, 3, 4, 5], "y": [8.380494117736816, 11.306570053100586, 7.306127548217773, 10.644145011901855, 6.105993747711182, 11.294242858886719], "params": [-1.4432945251464844, -1.8978633880615234, 2.9333078861236572, 5.239251613616943, 0.25, 0.0, 6.17519998550415]}