{"x": [0, 1, 2, 3, 4, 5], "y": [10.424422264099121, 16.187700271606445, 8.687384605407715, 14.689888000488281, 7.283247947692871, 13.086605072021484], "params": [-1.8044449090957642, 0.4520466923713684, 4.032479286193848, 7.488595962524414, 0.25, 0.0, 7.539649486541748]}