{"x": [0, 1, 2, 3, 4, 5], "y": [6.855849742889404, 8.761262893676758, 5.668788909912109, 7.77769136428833, 3.8315563201904297, 6.743946552276611], "params": [-1.6695213317871094, -0.5234217643737793, 3.060457229614258, 3.2376646995544434, 0.25, 0.0, 3.3623790740966797]}