{"x": [0, 1, 2, 3, 4, 5], "y": [7.761326789855957, 12.5531005859375, 4.227529525756836, 10.628469467163086, 3.7407891750335693, 8.077064514160156], "params": [-2.107686996459961, -0.4509091377258301, 5.25449275970459, 6.306407928466797, 0.25, 0.0, 8.085444450378418]}