{"x": [0, 1, 2, 3, 4, 5], "y": [13.64612102508545, 19.16537094116211, 12.158735275268555, 17.835512161254883, 9.679441452026367, 14.947386741638184], "params": [-1.9551749229431152, 1.6534850597381592, 3.972781181335449, 6.739864349365234, 0.25, 0.0, 7.796749114990234]}