{"x": [0, 1, 2, 3, 4, 5], "y": [5.8344550132751465, 12.262975692749023, 4.471010208129883, 11.152103424072266, 2.717724084854126, 8.776524543762207], "params": [-1.7105562686920166, -1.2817087173461914, 3.6169562339782715, 6.676215648651123, 0.25, 0.0, 7.184382438659668]}