{"x": [0, 1, 2, 3, 4, 5], "y": [6.491527557373047, 7.287693977355957, 4.314139366149902, 7.0219221115112305, 3.6239113807678223, 5.848168849945068], "params": [-1.609447717666626, -0.803903341293335, 4.055659770965576, 3.261624336242676, 0.25, 0.0, 3.509202718734741]}