{"x": [0, 1, 2, 3, 4, 5], "y": [-0.16256117820739746, 7.92634391784668, 0.07077312469482422, 7.928369045257568, 0.37362921237945557, 7.826791763305664], "params": [7.26369047164917, 0.25, 0.0, 8.090929985046387]}