{"x": [0, 1, 2, 3, 4, 5], "y": [2.3110668659210205, 9.57745361328125, 2.7632086277008057, 10.077451705932617, 2.493269920349121, 8.793906211853027], "params": [6.588601589202881, 0.25, 0.0, 7.766385078430176]}