{"x": [0, 1, 2, 3, 4, 5], "y": [5.161644458770752, 13.07218074798584, 4.764154434204102, 13.160566329956055, 4.689255714416504, 11.585709571838379], "params": [7.495725154876709, 0.25, 0.0, 8.47131061553955]}