{"x": [0, 1, 2, 3, 4, 5], "y": [1.616012454032898, 4.6957597732543945, 1.7551789283752441, 4.284519672393799, 2.0139262676239014, 5.26357364654541], "params": [2.9923605918884277, 0.25, 0.0, 3.6475610733032227]}