{"x": [0, 1, 2, 3, 4, 5], "y": [4.4263458251953125, 10.73898696899414, 3.1520824432373047, 10.313429832458496, 3.192521810531616, 9.716625213623047], "params": [6.252898216247559, 0.25, 0.0, 7.586904525756836]}