{"x": [0, 1, 2, 3, 4, 5], "y": [0.27342844009399414, 5.64415168762207, -0.8560817837715149, 5.579468250274658, 0.05358899384737015, 5.538734436035156], "params": [5.8765411376953125, 0.25, 0.0, 6.5002336502075195]}