{"x": [0, 1, 2, 3, 4, 5], "y": [2.91232967376709, 5.862839698791504, 1.4302904605865479, 5.926286220550537, 1.5575929880142212, 5.592972755432129], "params": [4.15473747253418, 0.25, 0.0, 4.49599552154541]}