{"x": [0, 1, 2, 3, 4, 5], "y": [2.080673933029175, 4.194970607757568, 1.2277917861938477, 3.200998306274414, 0.0613858699798584, 3.605501890182495], "params": [2.581674098968506, 0.25, 0.0, 4.133584976196289]}