{"x": [0, 1, 2, 3, 4, 5], "y": [2.5199222564697266, 7.59258508682251, 2.145052671432495, 7.5343337059021, 2.2341551780700684, 8.716798782348633], "params": [5.505329608917236, 0.25, 0.0, 6.571745872497559]}