{"x": [0, 1, 2, 3, 4, 5], "y": [2.732497215270996, 8.341869354248047, 1.964920163154602, 7.055808067321777, 2.306593179702759, 7.465576171875], "params": [5.233251571655273, 0.25, 0.0, 6.376949310302734]}