{"x": [0, 1, 2, 3, 4, 5], "y": [0.19127334654331207, 2.9200282096862793, 1.0338590145111084, 3.7004761695861816, 0.6218886375427246, 3.603574275970459], "params": [3.261624336242676, 0.25, 0.0, 3.509202718734741]}