{"x": [0, 1, 2, 3, 4, 5], "y": [2.8147854804992676, 5.718225955963135, 2.251948595046997, 6.528661727905273, 3.038170099258423, 6.179135799407959], "params": [3.9761743545532227, 0.25, 0.0, 4.2767133712768555]}