{"x": [0, 1, 2, 3, 4, 5], "y": [2.3529179096221924, 7.060122013092041, 1.8255133628845215, 6.664953708648682, 2.360325336456299, 5.762401103973389], "params": [4.095744609832764, 0.25, 0.0, 5.2346086502075195]}