{"x": [0, 1, 2, 3, 4, 5], "y": [2.3025805950164795, 3.9659483432769775, 1.527221441268921, 5.259537696838379, 1.3835631608963013, 3.7626240253448486], "params": [2.512667655944824, 0.25, 0.0, 3.875974655151367]}