{"x": [0, 1, 2, 3, 4, 5], "y": [1.5012075901031494, 3.6522216796875, 0.35164713859558105, 4.481204986572266, 0.8971331119537354, 4.777085304260254], "params": [3.4790258407592773, 0.25, 0.0, 4.425437927246094]}