{"x": [0, 1, 2, 3, 4, 5], "y": [0.5870518684387207, 6.887263298034668, 0.7294772863388062, 7.1460490226745605, 0.8613698482513428, 7.86004638671875], "params": [7.324638843536377, 0.25, 0.0, 7.272994518280029]}