{"x": [0, 1, 2, 3, 4, 5], "y": [4.012441635131836, 7.301491737365723, 4.238607883453369, 8.514388084411621, 3.930553674697876, 8.773706436157227], "params": [5.152960300445557, 0.25, 0.0, 4.84315299987793]}