{"x": [0, 1, 2, 3, 4, 5], "y": [1.022857904434204, 5.777895927429199, 1.124314308166504, 6.26487398147583, 0.7553738355636597, 5.048909664154053], "params": [5.5923895835876465, 0.25, 0.0, 5.509500026702881]}