{"x": [0, 1, 2, 3, 4, 5], "y": [3.885225772857666, 11.917476654052734, 5.315849304199219, 12.504717826843262, 4.912207126617432, 12.361164093017578], "params": [7.041409015655518, 0.25, 0.0, 8.619491577148438]}