{"x": [0, 1, 2, 3, 4, 5], "y": [0.48008057475090027, 6.288873195648193, -0.751750648021698, 7.333693504333496, 0.7429884076118469, 6.050311088562012], "params": [6.306407928466797, 0.25, 0.0, 8.085444450378418]}