{"x": [0, 1, 2, 3, 4, 5], "y": [2.950126886367798, 10.138710975646973, 3.3120839595794678, 9.992287635803223, 3.381880044937134, 10.192102432250977], "params": [6.704235076904297, 0.25, 0.0, 7.241975784301758]}