{"x": [0, 1, 2, 3, 4, 5], "y": [2.8918585777282715, 8.866605758666992, 2.7620725631713867, 9.032074928283691, 2.449791193008423, 8.773703575134277], "params": [5.987583160400391, 0.25, 0.0, 6.582283973693848]}