{"x": [0, 1, 2, 3, 4, 5], "y": [1.1864619255065918, 5.495893955230713, 1.3868505954742432, 3.7418112754821777, 0.820101261138916, 4.418585300445557], "params": [3.5892140865325928, 0.25, 0.0, 4.675792694091797]}