{"x": [0, 1, 2, 3, 4, 5], "y": [0.8101944327354431, 4.960323333740234, 1.851273536682129, 5.647472858428955, 0.6506357789039612, 5.260499000549316], "params": [3.9879300594329834, 0.25, 0.0, 4.996837139129639]}