{"x": [0, 1, 2, 3, 4, 5], "y": [1.1461968421936035, 2.9648971557617188, 1.1973956823349, 3.9228365421295166, 0.6456590890884399, 4.00803804397583], "params": [3.2376646995544434, 0.25, 0.0, 3.3623790740966797]}