{"x": [0, 1, 2, 3, 4, 5], "y": [0.7986428737640381, 6.342247009277344, 1.1829887628555298, 6.756027698516846, 1.4736754894256592, 6.358240604400635], "params": [5.247699737548828, 0.25, 0.0, 5.957385063171387]}