{"x": [0, 1, 2, 3, 4, 5], "y": [5.22747802734375, 11.475179672241211, 5.290432929992676, 11.686161994934082, 3.8894128799438477, 10.501524925231934], "params": [6.739864349365234, 0.25, 0.0, 7.796749114990234]}