{"x": [0, 1, 2, 3, 4, 5], "y": [2.299644947052002, 9.113007545471191, 2.5520572662353516, 9.385542869567871, 2.685157537460327, 9.678300857543945], "params": [6.746142387390137, 0.25, 0.0, 7.378655910491943]}