{"x": [0, 1, 2, 3, 4, 5], "y": [5.784221172332764, 12.463176727294922, 4.402344226837158, 12.393765449523926, 5.641855716705322, 12.403586387634277], "params": [7.425034046173096, 0.25, 0.0, 8.060832977294922]}