{"x": [0, 1, 2, 3, 4, 5], "y": [2.9183197021484375, 8.431962966918945, 2.9117441177368164, 8.83094310760498, 2.976219654083252, 8.78767204284668], "params": [5.463929176330566, 0.25, 0.0, 5.919198989868164]}