{"x": [0, 1, 2, 3, 4, 5], "y": [0.4979798197746277, 4.734241485595703, -0.49693480134010315, 3.3401288986206055, -0.02205386757850647, 3.7488327026367188], "params": [3.6976659297943115, 0.25, 0.0, 5.231176376342773]}