{"x": [0, 1, 2, 3, 4, 5], "y": [0.7806296348571777, 4.332576274871826, 1.2365139722824097, 3.409066677093506, 1.1151952743530273, 3.362701654434204], "params": [2.7181687355041504, 0.25, 0.0, 3.5519466400146484]}