{"x": [0, 1, 2, 3, 4, 5], "y": [2.021540641784668, 8.785747528076172, 2.050204277038574, 8.280096054077148, 1.664554238319397, 8.297957420349121], "params": [6.789539337158203, 0.25, 0.0, 7.1211934089660645]}