{"x": [0, 1, 2, 3, 4, 5], "y": [0.9203970432281494, 2.9826626777648926, 0.5393962860107422, 3.0710620880126953, 0.9749879837036133, 3.6903607845306396], "params": [2.578277349472046, 0.25, 0.0, 3.1509644985198975]}