{"x": [0, 1, 2, 3, 4, 5], "y": [2.882338047027588, 8.167074203491211, 3.3818159103393555, 7.681187152862549, 3.0396370887756348, 8.440967559814453], "params": [5.195147514343262, 0.25, 0.0, 5.558629512786865]}