{"x": [0, 1, 2, 3, 4, 5], "y": [1.864722728729248, 5.17669153213501, 2.1345603466033936, 5.113210678100586, 1.5878610610961914, 6.533609867095947], "params": [3.761388063430786, 0.25, 0.0, 4.945748805999756]}