{"x": [0, 1, 2, 3, 4, 5], "y": [4.099174499511719, 10.585453033447266, 4.857796669006348, 10.33655071258545, 4.200156211853027, 11.217180252075195], "params": [6.5030012130737305, 0.25, 0.0, 7.118005752563477]}