{"x": [0, 1, 2, 3, 4, 5], "y": [1.0660322904586792, 6.09834623336792, 1.4246670007705688, 5.26601505279541, 1.2368781566619873, 4.934451580047607], "params": [4.176644802093506, 0.25, 0.0, 5.032313823699951]}