{"x": [0, 1, 2, 3, 4, 5], "y": [5.365121841430664, 2.0681328773498535, 5.260871887207031, 2.1028249263763428, 6.347526550292969, 1.57643461227417], "params": [3.574410915374756, 0.25, 1.0, 4.771091938018799]}