{"x": [0, 1, 2, 3, 4, 5], "y": [3.498798370361328, 1.6144073009490967, 3.9546825885772705, 0.6908981800079346, 3.8333635330200195, 0.6445333361625671], "params": [2.7181687355041504, 0.25, 1.0, 3.3101491928100586]}