{"x": [0, 1, 2, 3, 4, 5], "y": [9.04578685760498, 2.366866111755371, 9.298198699951172, 2.6394011974334717, 9.43129825592041, 2.9321601390838623], "params": [6.746142387390137, 0.25, 1.0, 7.064432144165039]}