{"x": [0, 1, 2, 3, 4, 5], "y": [7.137685775756836, 2.258248805999756, 5.971890449523926, 2.142033338546753, 7.727007865905762, 1.9674711227416992], "params": [5.261282444000244, 0.25, 1.0, 5.7595367431640625]}