{"x": [0, 1, 2, 3, 4, 5], "y": [7.343902111053467, 1.4669766426086426, 7.3274641036987305, 1.962288498878479, 7.900786876678467, 2.339191198348999], "params": [5.663264274597168, 0.25, 1.0, 6.433810234069824]}