{"x": [0, 1, 2, 3, 4, 5], "y": [6.150784492492676, 0.31599608063697815, 6.32586669921875, 0.5008548498153687, 6.57150936126709, 0.4593096375465393], "params": [5.850044250488281, 0.25, 1.0, 6.2555131912231445]}