{"x": [0, 1, 2, 3, 4, 5], "y": [7.410733699798584, 1.3328367471694946, 7.392031669616699, 0.721835196018219, 7.143834590911865, 0.398624449968338], "params": [6.0220441818237305, 0.25, 1.0, 7.012109279632568]}