{"x": [0, 1, 2, 3, 4, 5], "y": [13.209256172180176, 5.038142204284668, 11.827378273010254, 4.968730926513672, 13.066888809204102, 4.978553771972656], "params": [7.425034046173096, 0.25, 1.0, 8.240525245666504]}