{"x": [0, 1, 2, 3, 4, 5], "y": [5.8767499923706055, 2.1314895153045654, 5.580412864685059, 1.6964330673217773, 4.700186729431152, 2.2515358924865723], "params": [3.0835225582122803, 0.25, 1.0, 4.180316925048828]}