{"x": [0, 1, 2, 3, 4, 5], "y": [12.657369613647461, 5.576455593109131, 12.259879112243652, 5.664842128753662, 12.184979438781738, 4.0899858474731445], "params": [7.495725154876709, 0.25, 1.0, 8.567383766174316]}