{"x": [0, 1, 2, 3, 4, 5], "y": [5.242676734924316, 1.9217015504837036, 5.601311206817627, 1.0893709659576416, 5.413522243499756, 0.7578074932098389], "params": [4.176644802093506, 0.25, 1.0, 4.843503952026367]}