{"x": [0, 1, 2, 3, 4, 5], "y": [7.298830986022949, 1.8560088872909546, 7.334977626800537, 2.634551763534546, 7.901663303375244, 2.1988282203674316], "params": [5.618938446044922, 0.25, 1.0, 6.045654296875]}