{"x": [0, 1, 2, 3, 4, 5], "y": [8.077485084533691, 2.9719274044036865, 8.5769624710083, 2.4860408306121826, 8.234783172607422, 3.245820999145508], "params": [5.195147514343262, 0.25, 1.0, 6.090921401977539]}