{"x": [0, 1, 2, 3, 4, 5], "y": [10.679244995117188, 4.486088752746582, 9.404980659484863, 4.0605316162109375, 9.445419311523438, 3.4637279510498047], "params": [6.252898216247559, 0.25, 1.0, 7.215517044067383]}