{"x": [0, 1, 2, 3, 4, 5], "y": [7.560873031616211, 0.7872620224952698, 7.340087413787842, 0.9328462481498718, 7.100893497467041, 0.7674683332443237], "params": [6.676215648651123, 0.25, 1.0, 6.793404579162598]}