{"x": [0, 1, 2, 3, 4, 5], "y": [5.369045257568359, 1.021209716796875, 4.364001274108887, 2.350557565689087, 4.357936859130859, 0.373224139213562], "params": [3.2719156742095947, 0.25, 1.0, 4.995820999145508]}