{"x": [0, 1, 2, 3, 4, 5], "y": [4.195645809173584, 1.036575198173523, 3.200730800628662, -0.3575367033481598, 3.6756114959716797, 0.05116720497608185], "params": [3.6976659297943115, 0.25, 1.0, 4.553182601928711]}