{"x": [0, 1, 2, 3, 4, 5], "y": [6.319371700286865, 2.264133930206299, 6.0580644607543945, 2.5102670192718506, 5.995245456695557, 1.9058139324188232], "params": [3.9290308952331543, 0.25, 1.0, 4.413558006286621]}