{"x": [0, 1, 2, 3, 4, 5], "y": [2.422633647918701, 0.39367958903312683, 3.403163433074951, -0.11012148857116699, 4.061769485473633, 0.8634462356567383], "params": [2.7673258781433105, 0.25, 1.0, 4.171891212463379]}