{"x": [0, 1, 2, 3, 4, 5], "y": [8.811079978942871, 1.9962078332901, 8.839742660522461, 1.4905569553375244, 8.454092025756836, 1.5084195137023926], "params": [6.789539337158203, 0.25, 1.0, 7.349185943603516]}