{"x": [0, 1, 2, 3, 4, 5], "y": [5.756045818328857, 0.8008575439453125, 5.463443756103516, 0.6005702018737793, 6.146817684173584, -0.016894996166229248], "params": [4.799665927886963, 0.25, 1.0, 6.163712501525879]}