{"x": [0, 1, 2, 3, 4, 5], "y": [8.790230751037598, 3.2079339027404785, 8.064720153808594, 2.6277964115142822, 8.867297172546387, 2.389647960662842], "params": [5.41624641418457, 0.25, 1.0, 6.477649211883545]}