{"x": [0, 1, 2, 3, 4, 5], "y": [9.807147979736328, 2.291271448135376, 9.081827163696289, 3.432723045349121, 9.259979248046875, 2.417285442352295], "params": [7.151755332946777, 0.25, 1.0, 7.515876770019531]}