{"x": [0, 1, 2, 3, 4, 5], "y": [6.7864885330200195, -0.017534658312797546, 5.554656505584717, 1.027286171913147, 7.0493950843811035, -0.2560957372188568], "params": [6.306407928466797, 0.25, 1.0, 7.305490970611572]}