{"x": [0, 1, 2, 3, 4, 5], "y": [7.046126365661621, 2.1634738445281982, 7.01548433303833, 2.3917768001556396, 5.520330429077148, 2.9074926376342773], "params": [4.063686847686768, 0.25, 1.0, 4.882652282714844]}