{"x": [0, 1, 2, 3, 4, 5], "y": [4.512784481048584, -0.5687344074249268, 4.155384540557861, 0.6672220230102539, 4.149436950683594, -0.17788630723953247], "params": [4.346120834350586, 0.25, 1.0, 5.08151912689209]}