{"x": [0, 1, 2, 3, 4, 5], "y": [9.82027530670166, 4.294544219970703, 9.908767700195312, 3.993401527404785, 9.515908241271973, 3.6631014347076416], "params": [5.886787414550781, 0.25, 1.0, 6.24566650390625]}