{"x": [0, 1, 2, 3, 4, 5], "y": [8.116950035095215, 0.3562760353088379, 7.803584098815918, 0.19367045164108276, 7.420042991638184, 1.0699853897094727], "params": [7.346620082855225, 0.25, 1.0, 7.923279762268066]}