{"x": [0, 1, 2, 3, 4, 5], "y": [8.74079704284668, 1.9354971647262573, 8.133008003234863, 1.9521676301956177, 7.955348014831543, 1.5832329988479614], "params": [6.353310585021973, 0.25, 1.0, 7.157564163208008]}