{"x": [0, 1, 2, 3, 4, 5], "y": [5.040113925933838, 1.8596757650375366, 5.135996341705322, 1.3373310565948486, 5.289853096008301, 1.394744873046875], "params": [3.6833176612854004, 0.25, 1.0, 3.952522039413452]}