{"x": [0, 1, 2, 3, 4, 5], "y": [7.36029052734375, 2.883962392807007, 6.418065547943115, 2.5016872882843018, 6.291080951690674, 2.001887321472168], "params": [5.082717418670654, 0.25, 1.0, 5.358403205871582]}