{"x": [0, 1, 2, 3, 4, 5], "y": [7.6655120849609375, 2.1907827854156494, 7.557468414306641, 2.2424442768096924, 8.645040512084961, 2.164384126663208], "params": [5.797978401184082, 0.25, 1.0, 6.480656623840332]}