{"x": [0, 1, 2, 3, 4, 5], "y": [6.125957012176514, 2.0303428173065186, 6.125518798828125, 0.4926462471485138, 5.142078399658203, 1.3551759719848633], "params": [5.036243915557861, 0.25, 1.0, 5.633310794830322]}