{"x": [0, 1, 2, 3, 4, 5], "y": [7.455627918243408, 3.3283987045288086, 6.969728469848633, 2.753767490386963, 6.899320602416992, 2.708197593688965], "params": [4.246163845062256, 0.25, 1.0, 4.747430324554443]}