{"x": [0, 1, 2, 3, 4, 5], "y": [6.790959358215332, 1.742051601409912, 6.228122234344482, 2.552487850189209, 7.014343738555908, 2.202962636947632], "params": [3.9761743545532227, 0.25, 1.0, 5.272292137145996]}