{"x": [0, 1, 2, 3, 4, 5], "y": [9.793045043945312, 3.606968402862549, 9.37391185760498, 3.767031669616699, 9.746866226196289, 2.7860233783721924], "params": [5.767524242401123, 0.25, 1.0, 7.007021903991699]}