{"x": [0, 1, 2, 3, 4, 5], "y": [1.0147161483764648, 0.8582277297973633, 3.068492889404297, 2.948019504547119, 4.132999897003174, 5.0814080238342285], "params": [2.0567054748535156, -1.8978633880615234, 4.223180294036865]}