{"x": [0, 1, 2, 3, 4, 5], "y": [4.9576287269592285, 5.017256736755371, 5.778399467468262, 6.155348300933838, 5.618365287780762, 6.424763202667236], "params": [1.2799177169799805, 0.7172495126724243, 1.4671344757080078]}