{"x": [0, 1, 2, 3, 4, 5], "y": [3.4925267696380615, 4.3038740158081055, 4.169924259185791, 4.811838626861572, 6.636025428771973, 7.2297282218933105], "params": [1.9871244430541992, -0.051571428775787354, 3.737201452255249]}