{"x": [0, 1, 2, 3, 4, 5], "y": [6.369640350341797, 5.8205718994140625, 7.257937431335449, 7.355285167694092, 8.324419975280762, 8.80913257598877], "params": [1.8530391454696655, 2.05564546585083, 2.988560676574707]}