{"x": [0, 1, 2, 3, 4, 5], "y": [4.835427284240723, 5.886326789855957, 6.5158843994140625, 7.9702982902526855, 8.705729484558105, 9.37743854522705], "params": [2.3668580055236816, 2.0469000339508057, 4.542011260986328]}