{"x": [0, 1, 2, 3, 4, 5], "y": [3.573674201965332, 4.620109558105469, 5.304844379425049, 4.706146240234375, 6.092009544372559, 6.570834636688232], "params": [1.3835712671279907, 0.22099584341049194, 2.9971604347229004]}