{"x": [0, 1, 2, 3, 4, 5], "y": [2.8450286388397217, 4.02731466293335, 5.050574779510498, 5.60495138168335, 6.525149822235107, 7.804493427276611], "params": [2.3865835666656494, 0.16397088766098022, 4.959465026855469]}