{"x": [0, 1, 2, 3, 4, 5], "y": [4.45414924621582, 6.0132975578308105, 5.688249111175537, 7.541864395141602, 7.381718635559082, 8.770092010498047], "params": [2.0846574306488037, 1.7091903686523438, 4.315942764282227]}