{"x": [0, 1, 2, 3, 4, 5], "y": [4.228370666503906, 4.252243518829346, 5.26958703994751, 5.929769039154053, 5.824862480163574, 5.502009391784668], "params": [1.0663563013076782, -0.15715837478637695, 1.7013983726501465]}