{"x": [0, 1, 2, 3, 4, 5], "y": [0.7229752540588379, 2.0041630268096924, 3.3296566009521484, 2.9894859790802, 4.141892433166504, 4.394778251647949], "params": [1.4494948387145996, -2.3041141033172607, 3.6718029975891113]}