{"x": [0, 1, 2, 3, 4, 5], "y": [1.9263057708740234, 2.229933977127075, 3.702712059020996, 3.9997382164001465, 4.085637092590332, 5.784874439239502], "params": [2.1771080493927, -1.5618747472763062, 3.8585686683654785]}