{"x": [0, 1, 2, 3, 4, 5], "y": [1.5965548753738403, 2.764401435852051, 2.9496560096740723, 4.5051350593566895, 5.011102199554443, 4.435542106628418], "params": [1.6658016443252563, -1.350966453552246, 3.4145474433898926]}