{"x": [0, 1, 2, 3, 4, 5], "y": [2.8002543449401855, 2.2676656246185303, 2.58027982711792, 4.021446228027344, 5.102022647857666, 5.744594573974609], "params": [1.890552282333374, -0.803903341293335, 3.476928949356079]}