{"x": [0, 1, 2, 3, 4, 5], "y": [0.1413453221321106, 1.350636601448059, 3.5401952266693115, 3.5475645065307617, 4.578308582305908, 5.599511623382568], "params": [2.248622417449951, -2.1056783199310303, 5.458166122436523]}