{"x": [0, 1, 2, 3, 4, 5], "y": [4.039430141448975, 3.751551866531372, 4.720933437347412, 5.242306709289551, 5.756353855133057, 6.692780017852783], "params": [1.6463311910629272, 0.053979456424713135, 2.941228151321411]}