{"x": [0, 1, 2, 3, 4, 5], "y": [2.5172996520996094, 3.4757328033447266, 3.3868460655212402, 3.9912397861480713, 4.198638916015625, 5.223062038421631], "params": [1.051065444946289, -1.3490734100341797, 2.7057623863220215]}