{"x": [0, 1, 2, 3, 4, 5], "y": [0.12552940845489502, 2.5722291469573975, 1.9735393524169922, 2.711925506591797, 3.297725200653076, 3.6121227741241455], "params": [1.3317553997039795, -2.2874462604522705, 3.486593246459961]}