{"x": [0, 1, 2, 3, 4, 5], "y": [5.139692306518555, 6.456821441650391, 6.962441444396973, 8.115152359008789, 7.3527727127075195, 8.651721954345703], "params": [1.8902246952056885, 2.2767820358276367, 3.5120296478271484]}