{"x": [0, 1, 2, 3, 4, 5], "y": [2.261125326156616, 3.1321394443511963, 3.7858078479766846, 4.723990440368652, 4.407088756561279, 5.378008842468262], "params": [1.4232105016708374, -0.8557629585266113, 3.1168835163116455]}