{"x": [0, 1, 2, 3, 4, 5], "y": [3.7812461853027344, 4.16422700881958, 4.279280185699463, 3.9947760105133057, 5.0978007316589355, 5.5267534255981445], "params": [1.392313003540039, -0.4509091377258301, 1.7455072402954102]}