{"x": [0, 1, 2, 3, 4, 5], "y": [4.640047073364258, 5.056090354919434, 6.689517498016357, 8.354596138000488, 8.520519256591797, 9.32120132446289], "params": [2.221517562866211, 2.175060749053955, 4.681154251098633]}