{"x": [0, 1, 2, 3, 4, 5], "y": [4.710155963897705, 3.4421463012695312, 5.387881278991699, 5.597867965698242, 6.531579971313477, 7.745044708251953], "params": [1.2961487770080566, 0.4631856083869934, 4.302898406982422]}