{"x": [0, 1, 2, 3, 4, 5], "y": [3.568774700164795, 3.84446120262146, 5.296126842498779, 6.502440452575684, 7.463159084320068, 8.004694938659668], "params": [2.488191604614258, 0.8492010831832886, 4.435920238494873]}