{"x": [0, 1, 2, 3, 4, 5], "y": [3.9998130798339844, 5.584781169891357, 5.427865982055664, 5.784940719604492, 7.363622188568115, 7.313126564025879], "params": [1.6377894878387451, 0.9754043817520142, 3.363809108734131]}