{"x": [0, 1, 2, 3, 4, 5], "y": [1.8187928199768066, 3.5071070194244385, 2.831613063812256, 3.9513490200042725, 4.857270240783691, 5.013055801391602], "params": [1.2695643901824951, -1.277189016342163, 3.194262981414795]}