{"x": [0, 1, 2, 3, 4, 5], "y": [3.091115951538086, 3.204310894012451, 4.456774711608887, 4.389220237731934, 4.591154098510742, 4.596960067749023], "params": [1.052344799041748, -1.2877649068832397, 1.5058441162109375]}