{"x": [0, 1, 2, 3, 4, 5], "y": [1.4456853866577148, 2.64375901222229, 2.2877519130706787, 3.611276149749756, 5.846890449523926, 5.662684440612793], "params": [2.0830273628234863, -1.4003965854644775, 4.401205062866211]}