{"x": [0, 1, 2, 3, 4, 5], "y": [4.554689407348633, 5.242448806762695, 6.452241897583008, 6.754764080047607, 7.440845012664795, 8.005369186401367], "params": [1.671235203742981, 1.527937889099121, 3.4506797790527344]}