{"x": [0, 1, 2, 3, 4, 5], "y": [1.3743104934692383, 1.5732966661453247, 2.0091500282287598, 3.3121750354766846, 3.8305160999298096, 5.299860954284668], "params": [1.8790283203125, -2.051448345184326, 3.9255504608154297]}