{"x": [0, 1, 2, 3, 4, 5], "y": [6.105634689331055, 6.223525047302246, 6.789944648742676, 7.0481367111206055, 8.99958610534668, 8.893167495727539], "params": [1.781619906425476, 2.2282350063323975, 2.893951416015625]}