{"x": [0, 1, 2, 3, 4, 5], "y": [6.7232279777526855, 6.574254989624023, 6.793516635894775, 7.382078647613525, 8.178887367248535, 9.063117980957031], "params": [1.255058765411377, 2.392944097518921, 2.488862991333008]}