{"x": [0, 1, 2, 3, 4, 5], "y": [4.918642997741699, 5.59019136428833, 6.168302059173584, 6.8493499755859375, 7.890028476715088, 7.94586181640625], "params": [1.5448250770568848, 1.6534850597381592, 3.027218818664551]}