{"x": [0, 1, 2, 3, 4, 5], "y": [5.418205738067627, 5.592737197875977, 7.140988826751709, 7.462677955627441, 8.229945182800293, 10.035847663879395], "params": [2.3930728435516357, 2.231665849685669, 4.617641925811768]}