{"x": [0, 1, 2, 3, 4, 5], "y": [3.678966999053955, 3.873922109603882, 4.31744909286499, 4.426445007324219, 5.30668306350708, 6.822319507598877], "params": [1.655287265777588, -0.06935536861419678, 3.143352508544922]}