{"x": [0, 1, 2, 3, 4, 5], "y": [2.1574301719665527, 2.4271483421325684, 2.7916595935821533, 4.0601606369018555, 4.828335285186768, 4.789278507232666], "params": [1.682281255722046, -1.6907382011413574, 2.670905113220215]}