{"x": [0, 1, 2, 3, 4, 5], "y": [4.8507795333862305, 6.025964736938477, 7.0951619148254395, 6.512846946716309, 8.044057846069336, 7.799304962158203], "params": [1.095799446105957, 1.588899850845337, 3.1932783126831055]}