{"x": [0, 1, 2, 3, 4, 5], "y": [2.631716012954712, 2.1734137535095215, 3.299999952316284, 3.9731388092041016, 4.121764183044434, 4.613129615783691], "params": [1.4233272075653076, -1.5388717651367188, 2.43971586227417]}