{"x": [0, 1, 2, 3, 4, 5], "y": [4.034369945526123, 4.1602582931518555, 4.430397987365723, 5.092297077178955, 6.16444206237793, 6.601378917694092], "params": [1.2315852642059326, 0.18288761377334595, 2.5670089721679688]}