{"x": [0, 1, 2, 3, 4, 5], "y": [5.394853115081787, 6.510858535766602, 7.197206497192383, 7.881101608276367, 7.2763752937316895, 8.984289169311523], "params": [1.696671485900879, 2.4266653060913086, 3.5894360542297363]}