{"x": [0, 1, 2, 3, 4, 5], "y": [4.349064350128174, 5.006317615509033, 6.847202301025391, 7.335175037384033, 9.197993278503418, 8.925983428955078], "params": [2.349440813064575, 1.904047966003418, 4.848928928375244]}