{"x": [0, 1, 2, 3, 4, 5], "y": [1.183336853981018, 1.8046132326126099, 3.052288770675659, 4.189513683319092, 5.105001926422119, 6.834279537200928], "params": [2.4451277256011963, -1.25693941116333, 5.650942802429199]}