{"x": [0, 1, 2, 3, 4, 5], "y": [0.8612260818481445, 1.536313533782959, 1.5748367309570312, 2.7619802951812744, 3.8922619819641113, 4.428211212158203], "params": [1.5943779945373535, -2.3857033252716064, 3.5669851303100586]}