{"x": [0, 1, 2, 3, 4, 5], "y": [6.048839569091797, 5.9793171882629395, 6.8199310302734375, 6.8523454666137695, 8.132521629333496, 8.323148727416992], "params": [1.147413969039917, 1.7310545444488525, 2.3438315391540527]}