{"x": [0, 1, 2, 3, 4, 5], "y": [1.9209425449371338, 3.53773832321167, 3.9375908374786377, 4.609525203704834, 5.303099632263184, 5.975718975067139], "params": [2.0220422744750977, -0.8348992466926575, 4.054776191711426]}