{"x": [0, 1, 2, 3, 4, 5], "y": [1.95176100730896, 3.7782163619995117, 4.751956939697266, 5.378850936889648, 5.654802322387695, 7.45171594619751], "params": [2.122518539428711, -0.0009170174598693848, 5.499955177307129]}