{"x": [0, 1, 2, 3, 4, 5], "y": [9.046424865722656, 7.062540054321289, 10.295892715454102, 6.155310153961182, 11.719669342041016, 7.8504719734191895], "params": [1.095799446105957, 1.588899850845337, 3.1932783126831055, 3.6976659297943115, 0.25, 1.0, 4.553182601928711]}