{"x": [0, 1, 2, 3, 4, 5], "y": [10.051515579223633, 2.741481065750122, 9.766326904296875, 3.2391817569732666, 11.221083641052246, 5.1561079025268555], "params": [1.096900224685669, -2.2937960624694824, 2.151557445526123, 7.346620082855225, 0.25, 1.0, 7.923279762268066]}