{"x": [0, 1, 2, 3, 4, 5], "y": [14.413019180297852, 6.599102973937988, 15.475979804992676, 7.90129280090332, 16.871843338012695, 9.098010063171387], "params": [1.6955550909042358, 0.4520466923713684, 2.9675204753875732, 7.488595962524414, 0.25, 1.0, 8.558531761169434]}