{"x": [0, 1, 2, 3, 4, 5], "y": [10.567734718322754, 4.146692276000977, 9.83393669128418, 5.022062301635742, 12.147195816040039, 5.270657539367676], "params": [1.392313003540039, -0.4509091377258301, 1.7455072402954102, 6.306407928466797, 0.25, 1.0, 7.305490970611572]}