{"x": [0, 1, 2, 3, 4, 5], "y": [9.07453727722168, 5.7274651527404785, 8.767011642456055, 8.18596363067627, 10.223679542541504, 8.071842193603516], "params": [1.0042059421539307, 0.32031238079071045, 2.5625953674316406, 2.512667655944824, 0.25, 1.0, 3.565291166305542]}