{"x": [0, 1, 2, 3, 4, 5], "y": [6.103902816772461, 3.458014965057373, 7.176147937774658, 3.851351261138916, 9.305784225463867, 5.186018943786621], "params": [1.5943779945373535, -2.3857033252716064, 3.5669851303100586, 4.176644802093506, 0.25, 1.0, 4.843503952026367]}