{"x": [0, 1, 2, 3, 4, 5], "y": [12.365754127502441, 5.988433361053467, 12.903068542480469, 6.974302291870117, 15.803167343139648, 8.740145683288574], "params": [1.8790283203125, -2.051448345184326, 3.9255504608154297, 7.446315765380859, 0.25, 1.0, 8.532366752624512]}