{"x": [0, 1, 2, 3, 4, 5], "y": [16.23104476928711, 10.196565628051758, 17.56472396850586, 10.370988845825195, 18.276988983154297, 10.660820007324219], "params": [1.3835712671279907, 0.22099584341049194, 2.9971604347229004, 7.495725154876709, 0.25, 1.0, 8.567383766174316]}