{"x": [0, 1, 2, 3, 4, 5], "y": [10.089409828186035, 4.968135356903076, 9.349281311035156, 5.428866386413574, 10.570014953613281, 6.9583516120910645], "params": [1.028501272201538, -0.7862022519111633, 2.0726232528686523, 4.228702068328857, 0.25, 1.0, 5.2047271728515625]}