{"x": [0, 1, 2, 3, 4, 5], "y": [11.932851791381836, 6.891867637634277, 13.265336036682129, 9.013211250305176, 15.97038745880127, 11.088468551635742], "params": [2.3668580055236816, 2.0469000339508057, 4.542011260986328, 5.287266254425049, 0.25, 1.0, 6.259117126464844]}