{"x": [0, 1, 2, 3, 4, 5], "y": [14.593725204467773, 8.39346694946289, 14.89979076385498, 8.68925952911377, 17.21282958984375, 11.077693939208984], "params": [1.2315852642059326, 0.18288761377334595, 2.5670089721679688, 7.081966876983643, 0.25, 1.0, 7.451423645019531]}