{"x": [0, 1, 2, 3, 4, 5], "y": [7.723831653594971, 6.383821487426758, 8.836420059204102, 7.321337699890137, 10.263191223144531, 8.592328071594238], "params": [1.5090521574020386, 1.2088336944580078, 2.4276838302612305, 2.7673258781433105, 0.25, 1.0, 4.171891212463379]}