{"x": [0, 1, 2, 3, 4, 5], "y": [12.315256118774414, 5.450578212738037, 13.058731079101562, 7.545603275299072, 14.074468612670898, 8.855033874511719], "params": [1.671235203742981, 1.527937889099121, 3.4506797790527344, 6.455001354217529, 0.25, 1.0, 7.5524373054504395]}