{"x": [0, 1, 2, 3, 4, 5], "y": [10.130532264709473, 3.3711369037628174, 11.550923347473145, 5.854923725128174, 13.485445022583008, 5.585918426513672], "params": [1.29035484790802, -1.2393996715545654, 3.495488166809082, 6.562222003936768, 0.25, 1.0, 7.431201934814453]}