{"x": [0, 1, 2, 3, 4, 5], "y": [16.885986328125, 10.325506210327148, 18.198598861694336, 11.795647621154785, 18.519304275512695, 11.707523345947266], "params": [1.5448250770568848, 1.6534850597381592, 3.027218818664551, 6.739864349365234, 0.25, 1.0, 8.268635749816895]}