{"x": [0, 1, 2, 3, 4, 5], "y": [12.949225425720215, 8.09223461151123, 13.166765213012695, 8.777437210083008, 13.477361679077148, 8.645051002502441], "params": [1.1173112392425537, -0.9433084726333618, 1.8529994487762451, 5.886787414550781, 0.25, 1.0, 6.24566650390625]}