{"x": [0, 1, 2, 3, 4, 5], "y": [10.473917007446289, 7.186357021331787, 12.713241577148438, 7.446862697601318, 12.58617877960205, 10.596476554870605], "params": [1.426538109779358, 1.454516887664795, 2.9764480590820312, 3.761388063430786, 0.25, 1.0, 4.544125080108643]}