{"x": [0, 1, 2, 3, 4, 5], "y": [12.741836547851562, 7.019933700561523, 12.814051628112793, 7.542129993438721, 14.290048599243164, 9.529726028442383], "params": [1.255058765411377, 2.392944097518921, 2.488862991333008, 5.621186256408691, 0.25, 1.0, 5.951110363006592]}