{"x": [0, 1, 2, 3, 4, 5], "y": [5.381354331970215, 4.319945812225342, 8.052581787109375, 6.406740665435791, 10.006204605102539, 7.975133419036865], "params": [1.784719467163086, 0.7192590832710266, 4.608456134796143, 2.6209511756896973, 0.25, 1.0, 3.271132230758667]}