{"x": [0, 1, 2, 3, 4, 5], "y": [11.68549633026123, 7.71879768371582, 12.36892318725586, 7.376071929931641, 13.112540245056152, 8.56885051727295], "params": [1.154869556427002, 0.15229791402816772, 2.616776943206787, 5.233251571655273, 0.25, 1.0, 6.143191337585449]}