{"x": [0, 1, 2, 3, 4, 5], "y": [11.662481307983398, 5.3421454429626465, 12.79202651977539, 6.028790473937988, 12.89051628112793, 8.190871238708496], "params": [1.6229960918426514, -0.8394673466682434, 3.831050395965576, 6.789539337158203, 0.25, 1.0, 7.349185943603516]}