{"x": [0, 1, 2, 3, 4, 5], "y": [8.505369186401367, 1.8236886262893677, 8.022832870483398, 3.73762845993042, 11.290243148803711, 5.301784992218018], "params": [2.051556348800659, -1.8978136777877808, 3.911473274230957, 6.284584045410156, 0.25, 1.0, 7.365635395050049]}