{"x": [0, 1, 2, 3, 4, 5], "y": [10.185989379882812, 6.224523544311523, 9.6725492477417, 6.348379135131836, 12.474737167358398, 7.502732753753662], "params": [1.1745740175247192, -0.7306930422782898, 2.4869580268859863, 5.261282444000244, 0.25, 1.0, 5.7595367431640625]}