{"x": [0, 1, 2, 3, 4, 5], "y": [12.755144119262695, 9.394821166992188, 13.615272521972656, 10.38278865814209, 13.567456245422363, 10.986176490783691], "params": [1.696671485900879, 2.4266653060913086, 3.5894360542297363, 5.082717418670654, 0.25, 1.0, 5.358403205871582]}