{"x": [0, 1, 2, 3, 4, 5], "y": [13.492773056030273, 7.503231048583984, 14.63499641418457, 9.805418968200684, 17.767013549804688, 11.613609313964844], "params": [2.4080722332000732, 2.1400997638702393, 4.565354824066162, 6.254383087158203, 0.25, 1.0, 7.037629127502441]}