{"x": [0, 1, 2, 3, 4, 5], "y": [14.74616813659668, 8.71641731262207, 15.354009628295898, 10.404118537902832, 17.41472625732422, 11.842926025390625], "params": [2.1694564819335938, 2.070798635482788, 3.211770534515381, 5.964245796203613, 0.25, 1.0, 6.343348503112793]}