{"x": [0, 1, 2, 3, 4, 5], "y": [12.731313705444336, 7.974350929260254, 15.222875595092773, 10.702188491821289, 17.638141632080078, 12.249726295471191], "params": [2.349440813064575, 1.904047966003418, 4.848928928375244, 5.463929176330566, 0.25, 1.0, 5.472115516662598]}