{"x": [0, 1, 2, 3, 4, 5], "y": [9.535439491271973, 8.163216590881348, 10.85231876373291, 8.042282104492188, 10.65916919708252, 10.689689636230469], "params": [1.8712377548217773, 2.301889657974243, 4.792769908905029, 2.581674098968506, 0.25, 1.0, 4.043024063110352]}