{"x": [0, 1, 2, 3, 4, 5], "y": [4.682135105133057, 3.419020652770996, 7.00697135925293, 4.8804121017456055, 8.938365936279297, 7.4788126945495605], "params": [2.4451277256011963, -1.25693941116333, 5.650942802429199, 2.7181687355041504, 0.25, 1.0, 3.3101491928100586]}