{"x": [0, 1, 2, 3, 4, 5], "y": [7.117331504821777, 4.1351399421691895, 8.608559608459473, 6.628996849060059, 10.41206169128418, 8.749773025512695], "params": [1.9867498874664307, 0.6733018159866333, 4.019032001495361, 2.578277349472046, 0.25, 1.0, 3.1488795280456543]}