{"x": [0, 1, 2, 3, 4, 5], "y": [11.004339218139648, 6.982629776000977, 11.400860786437988, 9.253695487976074, 13.071096420288086, 10.125014305114746], "params": [1.5978724956512451, 1.3710150718688965, 3.357717990875244, 3.8643126487731934, 0.25, 1.0, 3.90673828125]}