{"x": [0, 1, 2, 3, 4, 5], "y": [8.233721733093262, 6.659708023071289, 11.15602970123291, 7.431130886077881, 12.488948822021484, 9.939013481140137], "params": [2.3865835666656494, 0.16397088766098022, 4.959465026855469, 3.9999427795410156, 0.25, 1.0, 4.279275417327881]}