{"x": [0, 1, 2, 3, 4, 5], "y": [13.832475662231445, 7.3585205078125, 14.094844818115234, 9.00933837890625, 15.503219604492188, 9.478803634643555], "params": [1.6463311910629272, 0.053979456424713135, 2.941228151321411, 5.767524242401123, 0.25, 1.0, 7.007021903991699]}