{"x": [0, 1, 2, 3, 4, 5], "y": [10.565960884094238, 5.974411964416504, 10.867603302001953, 7.550045013427734, 12.022411346435547, 9.937040328979492], "params": [1.2961487770080566, 0.4631856083869934, 4.302898406982422, 3.231761932373047, 0.25, 1.0, 3.903627872467041]}