{"x": [0, 1, 2, 3, 4, 5], "y": [9.075430870056152, 5.455726623535156, 11.064764976501465, 6.972192287445068, 12.202956199645996, 7.61038064956665], "params": [2.0220422744750977, -0.8348992466926575, 4.054776191711426, 4.7155961990356445, 0.25, 1.0, 5.519826889038086]}