{"x": [0, 1, 2, 3, 4, 5], "y": [10.571656227111816, 5.628897666931152, 9.184921264648438, 7.01290225982666, 11.540962219238281, 7.588377952575684], "params": [1.6404452323913574, -0.42367786169052124, 2.645552635192871, 4.15473747253418, 0.25, 1.0, 5.628830909729004]}