{"x": [0, 1, 2, 3, 4, 5], "y": [8.548813819885254, 3.6441550254821777, 10.411087036132812, 5.454801559448242, 11.372383117675781, 8.420059204101562], "params": [2.1771080493927, -1.5618747472763062, 3.8585686683654785, 4.873585224151611, 0.25, 1.0, 5.872525691986084]}