{"x": [0, 1, 2, 3, 4, 5], "y": [6.593514442443848, 3.423598289489746, 8.206453323364258, 5.240026950836182, 9.169220924377441, 7.006282329559326], "params": [1.8304786682128906, -0.5234217643737793, 4.0262556076049805, 3.2376646995544434, 0.25, 1.0, 4.707827568054199]}