{"x": [0, 1, 2, 3, 4, 5], "y": [16.464977264404297, 10.52347183227539, 15.156426429748535, 11.397557258605957, 17.601797103881836, 12.055930137634277], "params": [1.0274953842163086, 1.5812259912490845, 2.6242313385009766, 6.042057037353516, 0.25, 1.0, 6.017343044281006]}