{"x": [0, 1, 2, 3, 4, 5], "y": [5.936386585235596, 3.7870733737945557, 7.878340721130371, 4.8753557205200195, 9.287771224975586, 6.715853691101074], "params": [2.0863780975341797, -1.7672401666641235, 4.424836158752441, 3.6833176612854004, 0.25, 1.0, 3.952522039413452]}