{"x": [0, 1, 2, 3, 4, 5], "y": [7.042346954345703, 4.26829719543457, 9.387721061706543, 5.499752998352051, 10.137138366699219, 6.300592422485352], "params": [1.4494948387145996, -2.3041141033172607, 3.6718029975891113, 3.9290308952331543, 0.25, 1.0, 4.413558006286621]}