{"x": [0, 1, 2, 3, 4, 5], "y": [12.44311237335205, 6.574206829071045, 13.477746963500977, 8.18570327758789, 16.08960723876953, 11.325149536132812], "params": [2.166022777557373, 0.44785410165786743, 4.995663642883301, 6.746142387390137, 0.25, 1.0, 7.064432144165039]}