{"x": [0, 1, 2, 3, 4, 5], "y": [9.323644638061523, 3.5417709350585938, 9.261516571044922, 3.868428945541382, 10.737724304199219, 5.476274490356445], "params": [1.0135917663574219, -0.973731279373169, 2.6404051780700684, 5.8765411376953125, 0.25, 1.0, 6.4877753257751465]}