{"x": [0, 1, 2, 3, 4, 5], "y": [11.045939445495605, 7.748254776000977, 12.443349838256836, 8.176717758178711, 12.883953094482422, 10.220619201660156], "params": [1.6377894878387451, 0.9754043817520142, 3.363809108734131, 4.063686847686768, 0.25, 1.0, 4.882652282714844]}