{"x": [0, 1, 2, 3, 4, 5], "y": [6.8710222244262695, 7.472545146942139, 6.175963401794434, 5.783387660980225, 4.688169002532959, 4.532494068145752], "params": [-1.6177918910980225, 0.6881940364837646, 2.9400510787963867]}