{"x": [0, 1, 2, 3, 4, 5], "y": [6.982980251312256, 5.7863240242004395, 6.098947048187256, 4.467751502990723, 3.960935115814209, 2.6121597290039062], "params": [-2.0047197341918945, 0.021177828311920166, 4.37082052230835]}