{"x": [0, 1, 2, 3, 4, 5], "y": [7.261614799499512, 6.834127426147461, 6.969786643981934, 5.805295944213867, 6.400568962097168, 6.049342155456543], "params": [-1.1694908142089844, 1.5523707866668701, 1.4563188552856445]}