{"x": [0, 1, 2, 3, 4, 5], "y": [7.733663558959961, 7.560997486114502, 6.6527509689331055, 5.845648288726807, 5.35416841506958, 5.189886093139648], "params": [-1.347665548324585, 1.776738166809082, 2.5437774658203125]}