{"x": [0, 1, 2, 3, 4, 5], "y": [7.57440185546875, 6.725224494934082, 5.844864368438721, 4.974315166473389, 5.231538772583008, 3.802370309829712], "params": [-1.8782894611358643, 0.6495857238769531, 3.772031545639038]}