{"x": [0, 1, 2, 3, 4, 5], "y": [4.127729892730713, 3.9124553203582764, 2.1125540733337402, 2.665775775909424, 1.393667459487915, 2.113386869430542], "params": [-1.2795000076293945, -2.023355722427368, 2.734062433242798]}