{"x": [0, 1, 2, 3, 4, 5], "y": [9.37600326538086, 7.056158065795898, 7.1874589920043945, 6.011973857879639, 6.131408214569092, 6.35078239440918], "params": [-1.5961968898773193, 1.7978060245513916, 3.3640294075012207]}