{"x": [0, 1, 2, 3, 4, 5], "y": [5.429217338562012, 4.30899715423584, 3.9234840869903564, 3.080690622329712, 2.7496979236602783, 2.4253921508789062], "params": [-2.1440701484680176, -1.5209674835205078, 3.0038251876831055]}