{"x": [0, 1, 2, 3, 4, 5], "y": [7.4498372077941895, 5.69735050201416, 6.251451015472412, 5.303439140319824, 4.900414943695068, 3.0966625213623047], "params": [-1.808077335357666, -0.011271238327026367, 4.353174686431885]}