{"x": [0, 1, 2, 3, 4, 5], "y": [6.3217291831970215, 5.487834453582764, 5.670384407043457, 3.1907896995544434, 3.139436960220337, 2.9105794429779053], "params": [-1.4118378162384033, -0.44427335262298584, 3.411149740219116]}