{"x": [0, 1, 2, 3, 4, 5], "y": [5.0656890869140625, 5.058251857757568, 4.064461708068848, 4.0809102058410645, 3.093750476837158, 1.703336238861084], "params": [-1.6466431617736816, -1.0743659734725952, 3.3623528480529785]}