{"x": [0, 1, 2, 3, 4, 5], "y": [6.177229881286621, 5.595588207244873, 5.239962100982666, 4.573180675506592, 4.171764850616455, 3.4386003017425537], "params": [-1.1974540948867798, 0.03928482532501221, 2.7386295795440674]}