{"x": [0, 1, 2, 3, 4, 5], "y": [6.645995140075684, 6.522672176361084, 5.197750568389893, 5.191624641418457, 3.637924909591675, 3.627805471420288], "params": [-1.6735234260559082, 0.14762192964553833, 3.0181896686553955]}