{"x": [0, 1, 2, 3, 4, 5], "y": [3.6296284198760986, 3.2371366024017334, 3.4190492630004883, 2.784252643585205, 1.064948558807373, 1.3726708889007568], "params": [-1.1904138326644897, -2.4831504821777344, 2.5646798610687256]}