{"x": [0, 1, 2, 3, 4, 5], "y": [5.801205635070801, 4.708499908447266, 3.967527151107788, 3.1552796363830566, 2.2633566856384277, 2.5662941932678223], "params": [-2.025129795074463, -0.9763893485069275, 3.537848949432373]}