{"x": [0, 1, 2, 3, 4, 5], "y": [9.379800796508789, 8.952054023742676, 6.806654453277588, 6.526028156280518, 5.492435932159424, 4.045108318328857], "params": [-2.363806962966919, 1.9507184028625488, 5.334692478179932]}