{"x": [0, 1, 2, 3, 4, 5], "y": [4.980813026428223, 3.6876630783081055, 2.653331756591797, 2.538809061050415, 2.1519386768341064, 1.2466857433319092], "params": [-1.6970486640930176, -2.0227880477905273, 3.7341272830963135]}