{"x": [0, 1, 2, 3, 4, 5], "y": [9.091459274291992, 7.324324607849121, 7.120227813720703, 5.998998641967773, 4.9642133712768555, 4.211853981018066], "params": [-1.980675220489502, 1.4749600887298584, 4.879605293273926]}