{"x": [0, 1, 2, 3, 4, 5], "y": [6.437088966369629, 5.940573215484619, 5.918591499328613, 4.529506206512451, 3.9107117652893066, 3.2942748069763184], "params": [-1.7357791662216187, -0.10547101497650146, 3.1428141593933105]}