{"x": [0, 1, 2, 3, 4, 5], "y": [5.322830677032471, 4.991289138793945, 3.8170323371887207, 4.346053123474121, 2.900073528289795, 2.384521245956421], "params": [-1.2793103456497192, -1.0172178745269775, 2.93830943107605]}