{"x": [0, 1, 2, 3, 4, 5], "y": [6.378478527069092, 6.040554523468018, 4.5015974044799805, 4.237133026123047, 2.985997438430786, 2.492750644683838], "params": [-2.046506881713867, -0.049564242362976074, 3.885727882385254]}