{"x": [0, 1, 2, 3, 4, 5], "y": [6.783648490905762, 7.115191459655762, 5.639585971832275, 5.707223415374756, 4.0174102783203125, 4.135731220245361], "params": [-1.7827041149139404, 0.542277991771698, 3.097781181335449]}