{"x": [0, 1, 2, 3, 4, 5], "y": [7.597408771514893, 7.6516218185424805, 7.465161323547363, 6.485529899597168, 6.39487886428833, 6.580648899078369], "params": [-1.586348295211792, 1.8962395191192627, 1.2567429542541504]}