{"x": [0, 1, 2, 3, 4, 5], "y": [7.377532482147217, 7.669007778167725, 7.072515487670898, 6.2273993492126465, 5.664656162261963, 4.752536296844482], "params": [-1.7276785373687744, 1.3859858512878418, 2.916471481323242]}