{"x": [0, 1, 2, 3, 4, 5], "y": [8.32370376586914, 6.638811111450195, 6.31249475479126, 6.8286590576171875, 6.04189920425415, 5.382846832275391], "params": [-1.3015735149383545, 1.5634796619415283, 2.94085693359375]}