{"x": [0, 1, 2, 3, 4, 5], "y": [5.636539936065674, 5.057925224304199, 4.503822326660156, 4.351788520812988, 3.5768826007843018, 2.870548725128174], "params": [-1.2208051681518555, -0.8145424723625183, 2.7659912109375]}