{"x": [0, 1, 2, 3, 4, 5], "y": [8.6964111328125, 7.850999355316162, 7.3626556396484375, 6.259464263916016, 4.633977890014648, 4.531453609466553], "params": [-1.8645293712615967, 1.3902320861816406, 4.164957523345947]}