{"x": [0, 1, 2, 3, 4, 5], "y": [4.339447975158691, 3.719149589538574, 2.757899522781372, 2.6117453575134277, 2.5773279666900635, 0.288915753364563], "params": [-1.5237993001937866, -2.4583027362823486, 4.050532341003418]}