{"x": [0, 1, 2, 3, 4, 5], "y": [7.223505973815918, 7.5548481941223145, 6.51097297668457, 5.703298568725586, 4.490832328796387, 3.655649423599243], "params": [-1.7585992813110352, 0.6518691778182983, 3.8991987705230713]}