{"x": [0, 1, 2, 3, 4, 5], "y": [8.769881248474121, 8.891855239868164, 7.334956169128418, 5.859607696533203, 5.904470920562744, 4.85776948928833], "params": [-2.2669920921325684, 2.09548020362854, 4.034085750579834]}