{"x": [0, 1, 2, 3, 4, 5], "y": [5.795222759246826, 6.380932807922363, 5.492559432983398, 4.490944862365723, 4.155029296875, 3.2901318073272705], "params": [-1.3314138650894165, -0.28427183628082275, 3.0908010005950928]}