{"x": [0, 1, 2, 3, 4, 5], "y": [6.157482624053955, 7.190370082855225, 6.589908599853516, 5.4281206130981445, 4.973731517791748, 5.415139198303223], "params": [-1.4060509204864502, 0.9098255634307861, 2.2166385650634766]}