{"x": [0, 1, 2, 3, 4, 5], "y": [6.7822747230529785, 5.988790035247803, 5.288780689239502, 4.942911148071289, 5.470482349395752, 4.816717624664307], "params": [-1.3290797472000122, 0.09075969457626343, 1.9655570983886719]}