{"x": [0, 1, 2, 3, 4, 5], "y": [4.222965240478516, 4.3033552169799805, 3.6519320011138916, 3.355051040649414, 2.5432658195495605, 2.5132925510406494], "params": [-1.090696096420288, -1.6464617252349854, 1.790062665939331]}