{"x": [0, 1, 2, 3, 4, 5], "y": [0.2557350993156433, 4.62408447265625, 0.43820813298225403, 5.205695629119873, 1.2471778392791748, 5.312129497528076], "params": [4.46738338470459, 0.25, 0.0, 5.056394577026367]}