{"x": [0, 1, 2, 3, 4, 5], "y": [1.142234206199646, 4.493473052978516, 1.4828593730926514, 4.9784464836120605, 0.7621172070503235, 5.647968292236328], "params": [4.036105155944824, 0.25, 0.0, 4.88585090637207]}