{"x": [0, 1, 2, 3, 4, 5], "y": [1.5959885120391846, 4.85844087600708, 0.3008427619934082, 4.001884937286377, 1.6331405639648438, 4.358046054840088], "params": [2.5579257011413574, 0.25, 0.0, 4.557598114013672]}