{"x": [0, 1, 2, 3, 4, 5], "y": [1.5594422817230225, 8.417062759399414, 0.952498197555542, 8.53325366973877, 1.2090336084365845, 9.134227752685547], "params": [7.415290832519531, 0.25, 0.0, 8.181729316711426]}