{"x": [0, 1, 2, 3, 4, 5], "y": [3.6512959003448486, 7.534444808959961, 2.8944859504699707, 6.892491817474365, 2.864069938659668, 7.479591369628906], "params": [4.697768688201904, 0.25, 0.0, 4.670374870300293]}