{"x": [0, 1, 2, 3, 4, 5], "y": [2.9579811096191406, 9.246805191040039, 3.7007789611816406, 9.956685066223145, 4.039714336395264, 8.9447660446167], "params": [5.833371162414551, 0.25, 0.0, 6.998703956604004]}