{"x": [0, 1, 2, 3, 4, 5], "y": [1.7516815662384033, 5.9448370933532715, 2.5048704147338867, 5.0360894203186035, 1.8827966451644897, 5.215935230255127], "params": [3.653420925140381, 0.25, 0.0, 4.193155288696289]}