{"x": [0, 1, 2, 3, 4, 5], "y": [1.105494499206543, 4.66949987411499, 1.5399491786956787, 4.162652492523193, 0.6904943585395813, 5.163787364959717], "params": [3.3094093799591064, 0.25, 0.0, 4.473292827606201]}