{"x": [0, 1, 2, 3, 4, 5], "y": [2.5474448204040527, 8.52564811706543, 2.6396496295928955, 8.562226295471191, 2.5345442295074463, 8.981013298034668], "params": [6.344210624694824, 0.25, 0.0, 6.446469306945801]}