{"x": [0, 1, 2, 3, 4, 5], "y": [1.5803643465042114, 7.184087753295898, 0.4583416283130646, 7.508392333984375, 0.3875598609447479, 7.5585222244262695], "params": [6.74538516998291, 0.25, 0.0, 7.170962333679199]}