{"x": [0, 1, 2, 3, 4, 5], "y": [0.3485584259033203, 5.490302562713623, -0.12640665471553802, 5.181214809417725, 0.9186570644378662, 5.0757365226745605], "params": [5.020621299743652, 0.25, 0.0, 5.616709232330322]}