{"x": [0, 1, 2, 3, 4, 5], "y": [0.2144959419965744, 4.0798444747924805, -0.09410408139228821, 4.5987114906311035, 0.35325098037719727, 4.870171070098877], "params": [4.587948799133301, 0.25, 0.0, 4.964275360107422]}