{"x": [0, 1, 2, 3, 4, 5], "y": [1.467760682106018, 5.240998268127441, 2.6803879737854004, 5.830035209655762, 1.8824942111968994, 5.624166488647461], "params": [3.684927225112915, 0.25, 0.0, 4.362274646759033]}