{"x": [0, 1, 2, 3, 4, 5], "y": [-0.5549313426017761, 4.834414482116699, 1.4576702117919922, 3.8263227939605713, -0.23359131813049316, 4.546934127807617], "params": [3.510802984237671, 0.25, 0.0, 5.389345645904541]}