{"x": [0, 1, 2, 3, 4, 5], "y": [1.2733535766601562, 3.9383111000061035, 0.5305328369140625, 3.940103054046631, -0.19788414239883423, 3.523030996322632], "params": [2.987575054168701, 0.25, 0.0, 4.13798713684082]}