{"x": [0, 1, 2, 3, 4, 5], "y": [1.7685141563415527, 4.855810165405273, 2.199171781539917, 4.903478622436523, 0.6645611524581909, 4.7053632736206055], "params": [2.8974997997283936, 0.25, 0.0, 4.238917350769043]}