{"x": [0, 1, 2, 3, 4, 5], "y": [-0.19440531730651855, 4.9129743576049805, 1.0411025285720825, 5.3318023681640625, 0.5462496280670166, 6.322917938232422], "params": [4.319574356079102, 0.25, 0.0, 6.5173234939575195]}