{"x": [0, 1, 2, 3, 4, 5], "y": [1.2226989269256592, 6.410907745361328, 0.022061944007873535, 5.8575615882873535, 0.9638497829437256, 6.4378581047058105], "params": [5.0464348793029785, 0.25, 0.0, 6.415796279907227]}