{"x": [0, 1, 2, 3, 4, 5], "y": [3.086760997772217, 8.595057487487793, 2.6541764736175537, 8.642154693603516, 2.0322823524475098, 8.630517959594727], "params": [5.567094802856445, 0.25, 0.0, 6.609872341156006]}