{"x": [0, 1, 2, 3, 4, 5], "y": [1.0962965488433838, 3.8841819763183594, 0.957451343536377, 4.255328178405762, 1.4065377712249756, 4.213059902191162], "params": [3.958237648010254, 0.25, 0.0, 3.2978768348693848]}