{"x": [0, 1, 2, 3, 4, 5], "y": [2.1363046169281006, 5.454028606414795, 1.844249963760376, 4.461534023284912, 2.157264232635498, 5.262033462524414], "params": [3.14158296585083, 0.25, 0.0, 3.609778642654419]}