{"x": [0, 1, 2, 3, 4, 5], "y": [0.7787558436393738, 6.229596138000488, 1.3414239883422852, 6.826982498168945, 0.7210723161697388, 7.025364398956299], "params": [5.980781078338623, 0.25, 0.0, 6.30429220199585]}