{"x": [0, 1, 2, 3, 4, 5], "y": [0.8354812264442444, 6.5151824951171875, 0.145009383559227, 7.206642150878906, -0.068765789270401, 7.815740585327148], "params": [7.0727996826171875, 0.25, 0.0, 7.8845062255859375]}