{"x": [0, 1, 2, 3, 4, 5], "y": [1.9601590633392334, 7.773438930511475, 2.343350887298584, 8.403297424316406, 3.1938328742980957, 7.503117561340332], "params": [4.644742488861084, 0.25, 0.0, 6.443138122558594]}