{"x": [0, 1, 2, 3, 4, 5], "y": [2.1452043056488037, 6.514302730560303, 2.6190412044525146, 6.0991926193237305, 2.028446674346924, 6.101155757904053], "params": [4.541280746459961, 0.25, 0.0, 4.485856056213379]}