{"x": [0, 1, 2, 3, 4, 5], "y": [3.8860507011413574, 10.042080879211426, 3.6879258155822754, 10.132957458496094, 5.066041469573975, 10.13448715209961], "params": [6.2149176597595215, 0.25, 0.0, 6.446561336517334]}