{"x": [0, 1, 2, 3, 4, 5], "y": [0.22581911087036133, 7.837818145751953, 1.9998812675476074, 8.509629249572754, 1.8623639345169067, 8.299707412719727], "params": [6.800276756286621, 0.25, 0.0, 8.283809661865234]}