{"x": [0, 1, 2, 3, 4, 5], "y": [0.9544759392738342, 5.893801689147949, 0.5759311318397522, 5.94974422454834, 2.0251834392547607, 6.042320251464844], "params": [4.521507740020752, 0.25, 0.0, 5.466389179229736]}