{"x": [0, 1, 2, 3, 4, 5], "y": [0.5214620232582092, 5.221769332885742, 1.4088575839996338, 4.471369743347168, 1.6439406871795654, 4.86574125289917], "params": [3.4598679542541504, 0.25, 0.0, 4.700307369232178]}