{"x": [0, 1, 2, 3, 4, 5], "y": [2.680493116378784, 7.3937273025512695, 2.2922916412353516, 7.196765899658203, 2.6559548377990723, 7.497990131378174], "params": [4.926912307739258, 0.25, 0.0, 5.205698490142822]}