{"x": [0, 1, 2, 3, 4, 5], "y": [4.152061462402344, 9.825370788574219, 3.6290946006774902, 9.224306106567383, 3.187352180480957, 9.63082218170166], "params": [5.91964054107666, 0.25, 0.0, 6.638018608093262]}