{"x": [0, 1, 2, 3, 4, 5], "y": [1.086631417274475, 5.241033554077148, 1.1484943628311157, 5.557136535644531, 1.0484507083892822, 5.831732749938965], "params": [4.790930271148682, 0.25, 0.0, 4.783282279968262]}