{"x": [0, 1, 2, 3, 4, 5], "y": [4.141562461853027, 10.764602661132812, 3.7758595943450928, 10.853767395019531, 3.510735511779785, 11.182214736938477], "params": [6.854755401611328, 0.25, 0.0, 7.671479225158691]}