{"x": [0, 1, 2, 3, 4, 5], "y": [1.6158204078674316, 3.999074935913086, 0.8778290748596191, 7.406915187835693, 6.219364643096924, 5.916191101074219], "params": [3.0072131156921387, 0.25, 0.0, 3.451711654663086, -1.559272289276123, 2.0877671241760254, 2.811570167541504]}