{"x": [0, 1, 2, 3, 4, 5], "y": [1.792263150215149, 6.656120777130127, 2.3737971782684326, 3.6905994415283203, 3.2991487979888916, 1.455195426940918], "params": [4.102840900421143, 0.25, 0.0, 5.317903518676758, -1.882501244544983, -0.5595684051513672, 4.404271602630615]}