{"x": [0, 1, 2, 3, 4, 5], "y": [0.6654244065284729, 5.610286712646484, 0.3852025866508484, 3.080690622329712, 2.7496979236602783, 2.4253921508789062], "params": [5.3620452880859375, 0.25, 0.0, 5.520964622497559, -2.1440701484680176, -1.5209674835205078, 3.0038251876831055]}