{"x": [0, 1, 2, 3, 4, 5], "y": [2.043421745300293, 5.7859086990356445, 2.7879252433776855, 5.805295944213867, 6.400568962097168, 6.049342155456543], "params": [3.933471202850342, 0.25, 0.0, 3.817030906677246, -1.1694908142089844, 1.5523707866668701, 1.4563188552856445]}