{"x": [0, 1, 2, 3, 4, 5], "y": [4.446394443511963, 12.062675476074219, 4.404226779937744, 1.7577641010284424, 1.4709354639053345, 0.36776894330978394], "params": [7.255690097808838, 0.25, 0.0, 7.658448696136475, -2.330129623413086, -2.441866636276245, 4.453496932983398]}