{"x": [0, 1, 2, 3, 4, 5], "y": [4.141562461853027, 10.764602661132812, 3.7758595943450928, 2.6117453575134277, 2.5773279666900635, 0.288915753364563], "params": [6.854755401611328, 0.25, 0.0, 7.671479225158691, -1.5237993001937866, -2.4583027362823486, 4.050532341003418]}