{"x": [0, 1, 2, 3, 4, 5], "y": [1.9935532808303833, 3.693045139312744, 1.1351569890975952, 6.011973857879639, 6.131408214569092, 6.35078239440918], "params": [2.7049055099487305, 0.25, 0.0, 2.9549379348754883, -1.5961968898773193, 1.7978060245513916, 3.3640294075012207]}