{"x": [0, 1, 2, 3, 4, 5], "y": [2.169006109237671, 8.358359336853027, 2.1730122566223145, 6.1434831619262695, 6.1111674308776855, 6.822584629058838], "params": [5.812685966491699, 0.25, 0.0, 6.189352989196777, -1.3659001588821411, 2.470315456390381, 2.5507826805114746]}