{"x": [0, 1, 2, 3, 4, 5], "y": [0.3485584259033203, 5.490302562713623, -0.12640665471553802, 7.578527927398682, 6.81312370300293, 6.965745449066162], "params": [5.020621299743652, 0.25, 0.0, 5.616709232330322, -1.257867455482483, 2.4526166915893555, 2.179806709289551]}