{"x": [0, 1, 2, 3, 4, 5], "y": [0.7976066470146179, 5.97061824798584, 0.9442758560180664, 3.146923542022705, 2.295334577560425, 1.119539499282837], "params": [5.250984191894531, 0.25, 0.0, 5.845168590545654, -2.14263916015625, -1.6362279653549194, 4.533905982971191]}