{"x": [0, 1, 2, 3, 4, 5], "y": [3.4586870670318604, 8.681034088134766, 3.7615280151367188, 3.177729606628418, 3.358700752258301, 3.078916549682617], "params": [4.887139797210693, 0.25, 0.0, 5.283417701721191, -2.011535406112671, -1.2263503074645996, 2.4033665657043457]}