{"x": [0, 1, 2, 3, 4, 5], "y": [1.5959885120391846, 4.85844087600708, 0.3008427619934082, 6.468487739562988, 6.014298915863037, 5.435781002044678], "params": [2.5579257011413574, 0.25, 0.0, 4.557598114013672, -2.066068649291992, 1.9586992263793945, 3.976785182952881]}