{"x": [0, 1, 2, 3, 4, 5], "y": [1.8818292617797852, 5.81072473526001, 1.4331547021865845, 4.0809102058410645, 3.093750476837158, 1.703336238861084], "params": [4.591771125793457, 0.25, 0.0, 5.305840015411377, -1.6466431617736816, -1.0743659734725952, 3.3623528480529785]}