{"x": [0, 1, 2, 3, 4, 5], "y": [2.5099282264709473, 7.685547828674316, 2.0989279747009277, 6.2273993492126465, 5.664656162261963, 4.752536296844482], "params": [4.833247184753418, 0.25, 0.0, 7.0308380126953125, -1.7276785373687744, 1.3859858512878418, 2.916471481323242]}