{"x": [0, 1, 2, 3, 4, 5], "y": [1.0962965488433838, 3.8841819763183594, 0.957451343536377, 6.086050510406494, 5.678955078125, 4.862283229827881], "params": [3.958237648010254, 0.25, 0.0, 3.2978768348693848, -2.4095990657806396, 1.3211133480072021, 4.247339725494385]}