{"x": [0, 1, 2, 3, 4, 5], "y": [0.2144959419965744, 4.0798444747924805, -0.09410408139228821, 4.665726661682129, 3.8198459148406982, 2.1241509914398193], "params": [4.587948799133301, 0.25, 0.0, 4.964275360107422, -2.2122392654418945, -0.3466495871543884, 4.42233943939209]}