{"x": [0, 1, 2, 3, 4, 5], "y": [4.152061462402344, 9.825370788574219, 3.6290946006774902, 4.942911148071289, 5.470482349395752, 4.816717624664307], "params": [5.91964054107666, 0.25, 0.0, 6.638018608093262, -1.3290797472000122, 0.09075969457626343, 1.9655570983886719]}