{"x": [0, 1, 2, 3, 4, 5], "y": [0.14428216218948364, 5.796397686004639, 1.134366512298584, 5.029669284820557, 3.9268407821655273, 5.190787315368652], "params": [4.911083698272705, 0.25, 0.0, 5.805180072784424, -1.2310775518417358, 0.17188012599945068, 2.9087166786193848]}