{"x": [0, 1, 2, 3, 4, 5], "y": [1.7685141563415527, 4.855810165405273, 2.199171781539917, 5.974425315856934, 4.442330360412598, 3.3555045127868652], "params": [2.8974997997283936, 0.25, 0.0, 4.238917350769043, -1.6597435474395752, 0.9660518169403076, 4.355447292327881]}