{"x": [0, 1, 2, 3, 4, 5], "y": [0.22581911087036133, 7.837818145751953, 1.9998812675476074, 6.259464263916016, 4.633977890014648, 4.531453609466553], "params": [6.800276756286621, 0.25, 0.0, 8.283809661865234, -1.8645293712615967, 1.3902320861816406, 4.164957523345947]}