{"x": [0, 1, 2, 3, 4, 5], "y": [-0.5549313426017761, 4.834414482116699, 1.4576702117919922, 4.573180675506592, 4.171764850616455, 3.4386003017425537], "params": [3.510802984237671, 0.25, 0.0, 5.389345645904541, -1.1974540948867798, 0.03928482532501221, 2.7386295795440674]}