{"x": [0, 1, 2, 3, 4, 5], "y": [3.6512959003448486, 7.534444808959961, 2.8944859504699707, 2.9601781368255615, 1.0878984928131104, 1.021774411201477], "params": [4.697768688201904, 0.25, 0.0, 4.670374870300293, -2.016120195388794, -2.145179271697998, 4.699248313903809]}