{"x": [0, 1, 2, 3, 4, 5], "y": [5.609081745147705, 12.225144386291504, 5.562997817993164, 5.303439140319824, 4.900414943695068, 3.0966625213623047], "params": [7.243542194366455, 0.25, 0.0, 7.326295375823975, -1.808077335357666, -0.011271238327026367, 4.353174686431885]}