{"x": [0, 1, 2, 3, 4, 5], "y": [2.4505136013031006, 4.0088396072387695, 1.925976037979126, 5.191771030426025, 3.6440916061401367, 2.124366044998169], "params": [2.818131923675537, 0.25, 0.0, 2.933762311935425, -2.4704856872558594, 0.7415959239006042, 6.340000152587891]}