{"x": [0, 1, 2, 3, 4, 5], "y": [2.8755664825439453, 6.313788414001465, 1.975517749786377, 3.4596142768859863, 2.7580695152282715, 1.62721586227417], "params": [4.0227437019348145, 0.25, 0.0, 4.354257106781006, -1.9154481887817383, -0.6666192412376404, 4.246440410614014]}