{"x": [0, 1, 2, 3, 4, 5], "y": [-0.41621115803718567, 5.964383125305176, 0.9581594467163086, 4.351788520812988, 3.5768826007843018, 2.870548725128174], "params": [4.882818222045898, 0.25, 0.0, 6.380594253540039, -1.2208051681518555, -0.8145424723625183, 2.7659912109375]}