{"x": [0, 1, 2, 3, 4, 5], "y": [2.6594159603118896, 8.522232055664062, 2.3017351627349854, 2.784252643585205, 1.064948558807373, 1.3726708889007568], "params": [6.150239944458008, 0.25, 0.0, 6.5899200439453125, -1.1904138326644897, -2.4831504821777344, 2.5646798610687256]}