{"x": [0, 1, 2, 3, 4, 5], "y": [2.5474448204040527, 8.52564811706543, 2.6396496295928955, 5.702145099639893, 5.6606316566467285, 4.2097625732421875], "params": [6.344210624694824, 0.25, 0.0, 6.446469306945801, -1.4948525428771973, 1.6913706064224243, 3.5736613273620605]}