{"x": [0, 1, 2, 3, 4, 5], "y": [3.263110876083374, 10.2887601852417, 3.330807685852051, 6.526028156280518, 5.492435932159424, 4.045108318328857], "params": [7.341920375823975, 0.25, 0.0, 8.104694366455078, -2.363806962966919, 1.9507184028625488, 5.334692478179932]}