{"x": [0, 1, 2, 3, 4, 5], "y": [1.4243648052215576, 4.153336524963379, 1.3586585521697998, 4.237133026123047, 2.985997438430786, 2.492750644683838], "params": [3.081657886505127, 0.25, 0.0, 4.538073539733887, -2.046506881713867, -0.049564242362976074, 3.885727882385254]}