{"x": [0, 1, 2, 3, 4, 5], "y": [0.899323582649231, 7.718883991241455, 2.2101922035217285, 6.551436424255371, 5.764399528503418, 5.187287330627441], "params": [6.172696113586426, 0.25, 0.0, 6.819560527801514, -1.197184681892395, 1.3530939817428589, 2.0391807556152344]}