{"x": [0, 1, 2, 3, 4, 5], "y": [0.2497524917125702, 7.05337381362915, 0.15701967477798462, 1.6015853881835938, 1.850844383239746, 1.4591642618179321], "params": [6.289923191070557, 0.25, 0.0, 7.540868282318115, -1.0618008375167847, -2.3459768295288086, 2.828155040740967]}