{"x": [0, 1, 2, 3, 4, 5], "y": [0.2557350993156433, 4.62408447265625, 0.43820813298225403, 5.783387660980225, 4.688169002532959, 4.532494068145752], "params": [4.46738338470459, 0.25, 0.0, 5.056394577026367, -1.6177918910980225, 0.6881940364837646, 2.9400510787963867]}