{"x": [0, 1, 2, 3, 4, 5], "y": [0.12220440804958344, 5.932838439941406, 0.07995596528053284, 7.333537578582764, 6.247437477111816, 6.269295692443848], "params": [5.531712055206299, 0.25, 0.0, 6.48396635055542, -1.8186784982681274, 2.4980926513671875, 2.660381317138672]}