{"x": [0, 1, 2, 3, 4, 5], "y": [3.4382998943328857, 10.234977722167969, 3.06020450592041, 6.925875186920166, 6.565275192260742, 5.549576759338379], "params": [6.896470069885254, 0.25, 0.0, 7.475098609924316, -1.4463497400283813, 2.2610840797424316, 3.5126428604125977]}