{"x": [0, 1, 2, 3, 4, 5], "y": [1.0822936296463013, 2.793827533721924, 0.8335354328155518, 7.160659313201904, 5.448862552642822, 5.330641746520996], "params": [2.8448519706726074, 0.25, 0.0, 2.9362497329711914, -1.9106136560440063, 2.271662712097168, 3.2690820693969727]}