{"x": [0, 1, 2, 3, 4, 5], "y": [1.9601590633392334, 7.773438930511475, 2.343350887298584, 3.600771188735962, 3.399745464324951, 2.6749987602233887], "params": [4.644742488861084, 0.25, 0.0, 6.443138122558594, -1.5666577816009521, -0.835198163986206, 3.3195972442626953]}