{"x": [0, 1, 2, 3, 4, 5], "y": [1.1944591999053955, 8.667318344116211, 1.873338222503662, 5.4281206130981445, 4.973731517791748, 5.415139198303223], "params": [6.52557897567749, 0.25, 0.0, 7.8450517654418945, -1.4060509204864502, 0.9098255634307861, 2.2166385650634766]}