{"x": [0, 1, 2, 3, 4, 5], "y": [0.33231320977211, 6.331389427185059, -0.22309158742427826, 4.560419082641602, 2.7725276947021484, 2.9722657203674316], "params": [5.741170883178711, 0.25, 0.0, 6.554481029510498, -2.493460178375244, -0.01543581485748291, 4.446516513824463]}