{"x": [0, 1, 2, 3, 4, 5], "y": [-0.3802635669708252, 4.146537780761719, -0.011228111572563648, 4.281488418579102, 2.4614322185516357, 1.1765258312225342], "params": [4.236783027648926, 0.25, 0.0, 5.3107709884643555, -2.390293836593628, -1.4158477783203125, 4.3528594970703125]}