{"x": [0, 1, 2, 3, 4, 5], "y": [1.142234206199646, 4.493473052978516, 1.4828593730926514, 2.5748438835144043, 1.6685848236083984, 0.8823091983795166], "params": [4.036105155944824, 0.25, 0.0, 4.88585090637207, -2.4706709384918213, -1.9461441040039062, 5.597858428955078]}