{"x": [0, 1, 2, 3, 4, 5], "y": [2.7730917930603027, 9.232327461242676, 2.7786338329315186, 6.433822154998779, 6.246059894561768, 4.752930164337158], "params": [6.522678375244141, 0.25, 0.0, 7.11904764175415, -1.3344616889953613, 1.689908504486084, 3.329317569732666]}