{"actions":[[0,1,2,3,4],[0,5,0,0,0],[3,5,1,1,1],[0,5,1,0,0],[0,1,2,3,4],[0,4,0,0,0],[0,5,5,5,5],[0,1,0,0,0],[0,2,2,2,2],[1,0,5,5,5],[0,0,0,0,0],[5,3,1,2,2],[1,0,5,2,4],[1,5,4,3,4],[4,4,4,4,4],[0,5,5,5,5],[0,1,0,0,0],[2,4,4,4,4],[0,0,0,0,0],[1,2,2,2,2],[0,4,4,4,4],[0,5,5,5,5],[0,1,1,1,1],[4,3,3,3,3],[0,5,5,5,5],[1,0,2,4,4],[4,4,4,4,4],[0,5,5,5,5],[0,1,3,5,5],[2,2,2,2,2],[0,0,0,0,0],[0,2,4,4,4],[0,0,0,0,0],[0,5,5,5,5],[0,2,0,0,0],[0,4,4,4,4],[0,5,5,5,5],[0,1,1,1,1],[1,5,5,5,5],[0,5,0,0,0],[0,0,0,0,0],[0,0,0,0,0],[0,5,5,5,5],[0,1,2,0,0],[2,4,4,4,4],[0,5,5,5,5],[0,1,1,1,1],[5,5,5,5,5],[0,5,5,5,5],[0,1,1,1,1],[5,2,5,5,5],[0,5,5,5,5],[0,1,5,5,5],[1,2,5,5,5],[0,5,0,0,0],[0,2,1,0,0],[0,0,0,0,0],[0,0,0,0,0],[0,2,4,2,2],[0,0,0,0,0]],"rewards":[[5.155593903091543,5.079586237314461,5.722411227607923,5.322750759487044,5.039175816493417],[9.402849635595782,3.7603591355296646,9.44388870851746,9.300937199889725,9.328964706064335],[3.245545435917883,3.896774199980373,4.996882738294342,4.975615271530252,4.991351421296691],[5.439597477703959,2.383938325580599,4.728873890295175,5.57136015065768,5.580290293037633],[4.0587789002997265,0.947083335631279,3.5887775060844507,0.34087325803972235,3.5714104670730644],[5.518103056318251,3.6638099428425144,5.581902637020114,5.390282958585216,5.419740589055407],[4.864950384281355,7.4420386279624005,7.496547786563632,7.681893543457974,7.500610680973754],[6.386245430063287,2.166636775149334,6.5190633470186,6.393503756479344,6.279470641941494],[4.833202624593257,5.957414986933683,6.210415951348705,6.072654676057586,6.204651419709172],[1.8982059897779016,0.8613216293862774,6.480954570359822,6.203647104684013,6.450396819661053],[8.329947598610923,8.36602634996519,8.471983394503182,8.592933597389003,8.302430898606026],[2.4822346871495933,2.911488303717466,1.940995066459422,2.3014145321337645,2.4155583655106114],[7.259053558378917,6.602644688421744,5.203084102896346,8.128091555464868,5.062168013153734],[1.9342747466051162,3.1172780993676286,6.710152955854032,2.5961437260844513,6.761127009487371],[6.570867498999317,6.6076960391777,6.537486600979153,6.64019630850677,6.787782893729815],[4.535673896638499,8.014106821606845,8.114445874857678,7.955613676007221,7.8630537494693],[7.6464769973436715,2.797320730628764,7.839999233622046,7.69605306640016,7.272112417296796],[6.7302316843732495,7.7743780955112864,7.694604235626222,7.806995674449677,7.795730250468219],[8.522949390283884,8.57577643784387,8.56348724639644,8.407783625991664,8.405129083717972],[5.164540864760774,10.99946497300312,10.916017897144977,11.022765746371826,10.920355168147633],[8.56761597561047,10.049640281350587,10.147745932202476,10.383466855392072,10.086266386642325],[0.7662769726793355,5.164222905316036,5.416283643855209,5.487894550854833,5.506066738926449],[2.6958993086520566,9.483564360341926,9.573649480648335,9.57641712396335,9.705741071076806],[2.7440114341371036,9.101538125158362,8.898593469262758,8.914298328768632,8.806319570330261],[1.1995240427011973,3.905865706161457,3.9389955455567125,3.7726780692209747,3.7634870229716686],[0.506099212076625,3.3435843980914624,3.4862785368466134,4.065337092785451,4.0909913173894195],[4.0517782829313305,3.926634143793488,4.144402935884742,4.0595132343621385,3.982146402832371],[3.5349652472908204,6.146507597797287,6.245873306105003,6.134304483630579,6.123065369628268],[0.3143266157189084,4.525654270432991,4.774503239370933,4.882178179638925,4.674978945903861],[4.8364422894756025,4.8807090849365755,5.077083810333149,4.948681668762641,4.922759629750519],[8.223580864494235,8.136142715751351,8.299972119779861,7.924064338399337,8.017220752765217],[5.878357744004691,6.308520939859792,6.591243343490445,6.439297968587278,6.466603875422341],[8.241823206713779,8.1021060162381,8.082518012711553,8.14055061066079,7.913216698548549],[2.0006039139453473,4.687734226649154,4.671987451973042,4.681462016768418,4.8610848171117],[7.837184600873127,7.319923726977054,7.951891961321835,7.765821381852211,7.795376123918713],[2.182053918035153,7.393159232933181,7.4362301255052,7.274524108928376,7.483259602033046],[3.764253719971805,9.571891623034071,9.742097070374045,9.655956626489328,9.774724466136142],[4.257561057452015,11.022822742026337,11.194411653369958,10.830368089259897,10.878468126033457],[5.7439726129902695,10.532211959161545,10.474948789355297,10.610617748894361,10.53393123580714],[7.927204136641156,4.55025140935146,7.903527870282068,7.893176263968285,7.90907091816836],[8.051553305154227,8.097968015102593,8.048375421314852,7.8992221358234325,8.099058881595239],[8.023077464777831,8.037860085619387,7.874249992793374,7.9336300998641995,7.915986568900218],[4.4460726934635435,4.954813611133921,5.036721884289803,5.067405996716582,4.892792108391448],[5.310577022274217,0,4.480300656354745,5.14041020828173,5.1514767737725675],[3.9377661394674766,5.271462268034308,5.133616947648227,5.007379829858962,5.10783620912527],[3.481399508451012,6.43707507578776,6.421029985230436,6.41482139406756,6.43206840588744],[1.6996219269255504,6.817800462294936,6.747907895271996,6.677241443827364,6.717438606464887],[7.297830532312359,7.322641694825968,7.197915089534899,7.321564344873813,7.148159354147559],[3.2011517499126225,5.971332661391324,6.000656411130229,6.085226359812667,6.156251038428282],[0.6867321398206684,7.17534829494614,7.400778843958148,7.05498184839848,7.341666555496859],[6.033963500435002,4.389049282071018,6.0292636489934175,5.840795840079955,5.89769441222964],[1.6006836577056485,3.606467945075561,3.6121059749867612,3.480141233108541,3.693510801899722],[1.8174617296435611,5.509204818737591,5.567194500044427,5.762172695201588,5.861262626344164],[2.280579225268366,2.4932177284866768,5.4623739604648796,5.590696077727307,5.528236141312748],[4.76666418356616,3.6190201137130167,4.946663099006521,4.846655040268438,4.86793854849392],[4.339952038786465,4.349404374267713,0.8515898596397189,4.366880634418256,4.192403062016032],[4.6733541204682965,4.668231447911227,4.659059445737507,4.768171465765488,4.551443406728777],[6.92617264612287,7.012763162186812,7.00869673928211,6.965040871448456,6.895976883066565],[4.490259851919842,4.679399499593551,3.9871254259018407,4.6756405235229135,4.3318764495439],[6.899045238785856,7.17281187604914,6.989328886010454,7.0096697315051495,6.882549910985061]],"times":[[10305,1359,2032,1965,3480],[3724,1752,2292,437,453],[5835,866,2136,624,346],[7138,1539,1574,312,324],[2231,468,1359,1430,574],[2801,647,332,281,243],[3266,430,304,280,356],[2057,583,1951,463,310],[2958,1847,286,276,456],[1679,1665,1426,314,267],[6678,1125,250,388,369],[4263,775,2330,1001,328],[2582,1025,1150,1341,1527],[2147,695,1457,1535,432],[2578,453,200,155,390],[3279,1664,415,190,327],[2481,1066,537,29,94],[4751,1670,258,204,339],[2930,1353,46,379,374],[2275,611,405,353,340],[2783,978,263,212,282],[4191,1179,292,165,431],[3310,1186,500,347,355],[859,1307,263,222,377],[2165,716,1199,267,260],[3101,587,1309,1393,315],[3914,160,308,340,349],[1553,297,291,248,263],[1184,374,1877,808,279],[1664,260,196,308,406],[2394,932,9,14,286],[3487,1540,1076,245,377],[1802,239,129,252,353],[1176,1217,250,165,226],[1888,2010,483,67,99],[2834,3810,166,103,171],[1502,695,155,67,194],[2218,1046,373,202,244],[1538,1270,258,243,302],[7276,525,53,169,240],[1140,889,295,368,533],[1136,131,173,326,396],[1230,387,630,200,245],[786,683,567,187,98],[1326,749,166,100,34],[1467,285,167,82,127],[1196,296,363,220,215],[5934,295,70,277,320],[1225,370,187,116,356],[1393,432,490,54,88],[4279,2242,2224,952,437],[1204,278,186,224,395],[1489,353,4218,244,216],[2189,685,2199,278,253],[1197,647,252,178,212],[1122,1815,448,544,267],[874,202,217,356,595],[804,482,34,68,97],[1042,1468,1075,466,223],[811,221,146,276,367]],