{"actions":[[0,0,0,0,0],[2,3,4,5,1],[5,4,4,4,4],[3,3,3,3,3],[2,2,0,1,1],[0,0,0,0,0],[1,1,1,1,1],[5,5,5,5,5],[3,4,5,1,1],[3,4,5,5,5],[0,0,0,0,0],[1,2,2,2,2],[4,4,5,5,5],[0,1,1,1,1],[3,4,4,4,4],[1,1,1,1,1],[3,3,3,3,3],[4,4,4,4,4],[0,1,1,1,1],[3,3,3,3,3]],"rewards":[[7.791980656020536,7.804775150199097,7.69127544125881,7.576607005992439,7.600549433859269],[1.0712949383765022,3.2471839207141326,2.4011101005185953,0.8733990013171348,5.950580926387838],[4.827830792841855,5.564525282832007,5.553262615235929,5.743481079923182,5.6330066853339815],[7.242588178506101,7.247103591691713,7.179344741498326,7.0891898332593835,7.232060029784105],[0.18459515647698693,0.36944617961262555,0.6296430067868217,6.092644665909887,5.965485512778275],[7.327922312186774,7.276900374393996,7.348203633279135,7.273884846691423,7.423044369215827],[5.689068997851683,5.8774973353970035,5.917996397008739,5.797769026213099,5.842765033903202],[8.112741185215555,8.056864269643462,8.066445262881738,8.05484356384858,8.040455672834929],[1.5619501400088496,0.5532948308592904,0.7591466338378235,4.126640809908258,4.144409201706679],[4.556082314015097,3.7506017126613926,5.118100565345468,5.190687196118701,4.997470124457277],[7.39056537452276,7.234694108516557,7.207894414672064,7.208284518446805,7.201702561248928],[2.915554979159633,7.391218480645453,7.452553500013175,7.378556974574693,7.492717613563395],[3.6872523344800423,3.549844624684177,4.548727956330109,4.807269357887364,4.719098311337881],[0,7.792695032662521,7.710923791119696,7.621268495840751,7.619990199574909],[4.9051484478247405,4.849311448188288,5.088777987155246,5.1594075109111115,5.170315684173707],[7.043424902728393,6.925639947893148,6.8856209339381,6.676928881277631,6.8432446744048026],[3.6816810906714412,3.84383077838011,3.7190243762341018,3.687860952412621,3.6718980872248372],[4.367930694540943,4.364429848401613,4.291473202228986,4.504198969272585,4.208036347292549],[1.5773581782730204,5.8824333835705325,6.099946472455886,6.109197264510821,6.178537086415924],[6.566211253305558,6.301568711148919,6.547932762697098,6.502437069766708,6.520861517316431]],"times":[[31819,633,154,76,77],[4083,1258,211,88,125],[1830,254,172,144,138],[1483,93,74,14,138],[1411,115,754,100,223],[1234,217,297,267,92],[995,153,74,452,311],[903,475,338,333,358],[978,200,76,189,83],[1732,430,291,280,379],[1247,83,96,80,186],[549,125,83,90,116],[1114,87,412,503,276],[683,173,307,269,209],[1189,382,75,165,98],[1298,74,148,208,185],[1968,22,69,123,80],[712,288,102,460,212],[776,167,200,147,85],[1229,90,74,96,77]],"condition":[["evenpos"],["oddneg"],["oddneg"],["evenneg"],["oddpos"],["evenneg"],["oddneg"],["evenpos"],["evenneg"],["evenpos"],["evenpos"],["evenneg"],["oddpos"],["oddneg"],["oddpos"],["oddpos"],["oddpos"],["evenpos"],["oddneg"],["evenneg"]],"envs":["envs/changepoint/evenpos/evenpos54.json","envs/changepoint/oddneg/oddneg15.json","envs/changepoint/oddneg/oddneg61.json","envs/changepoint/evenneg/evenneg25.json","envs/changepoint/oddpos/oddpos68.json","envs/changepoint/evenneg/evenneg48.json","envs/changepoint/oddneg/oddneg83.json","envs/changepoint/evenpos/evenpos93.json","envs/changepoint/evenneg/evenneg34.json","envs/changepoint/evenpos/evenpos20.json","envs/changepoint/evenpos/evenpos16.json","envs/changepoint/evenneg/evenneg52.json","envs/changepoint/oddpos/oddpos24.json","envs/changepoint/oddneg/oddneg95.json","envs/changepoint/oddpos/oddpos94.json","envs/changepoint/oddpos/oddpos99.json","envs/changepoint/oddpos/oddpos78.json","envs/changepoint/evenpos/evenpos1.json","envs/changepoint/oddneg/oddneg88.json","envs/changepoint/evenneg/evenneg59.json"],"money":"3.03","age":30,"gender":0,"hand":0,"experiment":"noncompositional","instcounter":3,"subjectID":"57401cb11407a30010773da2","studyID":"617b0174ce5353c47cc531c1","eval":[["oddpos"],["evenpos"],["oddneg"],["evenneg"]],"regrets":[[0,0,0,0,0],[4.978945732116699,2.9990837574005127,3.6648519039154053,5.2037577629089355,0],[1.2237672805786133,0.40709543228149414,0.40709543228149414,0.40709543228149414,0.40709543228149414],[0.844174861907959,0.844174861907959,0.844174861907959,0.844174861907959,0.844174861907959],[7.027981817722321,7.027981817722321,6.8668771386146545,1.2782955169677734,1.2782955169677734],[0,0,0,0,0],[0,0,0,0,0],[1.60693359375,1.60693359375,1.60693359375,1.60693359375,1.60693359375],[6.73897647857666,7.52227646112442,7.650599837303162,4.124569892883301,4.124569892883301],[0.6074919700622559,1.225261926651001,0,0,0],[1.2937331199645996,1.2937331199645996,1.2937331199645996,1.2937331199645996,1.2937331199645996],[4.90713906288147,0.2687416076660156,0.2687416076660156,0.2687416076660156,0.2687416076660156],[1.8760178089141846,1.8760178089141846,0.7952489852905273,0.7952489852905273,0.7952489852905273],[7.987308323383331,0,0,0,0],[1.0899834632873535,0.7079415321350098,0.7079415321350098,0.7079415321350098,0.7079415321350098],[0,0,0,0,0],[1.9026837348937988,1.9026837348937988,1.9026837348937988,1.9026837348937988,1.9026837348937988],[4.006755352020264,4.006755352020264,4.006755352020264,4.006755352020264,4.006755352020264],[4.526422023773193,0,0,0,0],[0,0,0,0,0]],"maxrewards":[7.686075687408447,6.102086544036865,6.086050510406494,7.9752302169799805,7.307455062866211,7.334072589874268,5.893801689147949,9.612180709838867,8.214123725891113,5.097179412841797,8.573287010192871,7.749056339263916,5.4882330894470215,7.694830417633057,5.878937721252441,6.886861801147461,5.6073832511901855,8.391395568847656,6.063165664672852,6.446194648742676],"bestoptions":[0,1,3,0,5,0,1,2,2,5,4,0,1,1,5,1,5,0,1,3],"rewardorder":1}
