{"actions":[[0,5,4,4,4],[0,5,0,0,0],[2,3,5,2,2],[2,2,2,2,2],[0,0,0,0,0],[2,2,2,2,2],[2,2,2,2,2],[0,0,0,0,0],[2,2,2,2,2],[2,2,2,2,2],[0,5,0,0,0],[2,2,2,2,2],[2,4,4,4,4],[0,0,0,0,0],[0,2,2,2,2],[2,4,4,4,4],[0,5,5,5,5],[5,5,5,5,5],[1,3,5,5,5],[0,5,5,5,5],[1,5,5,5,5],[4,1,1,1,1],[5,0,0,0,0],[1,1,1,1,1],[0,1,2,3,4],[0,5,5,5,5],[5,5,5,5,5],[4,2,4,4,4],[5,0,5,5,5],[5,5,5,5,5],[4,5,1,1,5],[0,5,5,5,5],[5,5,5,5,5],[1,1,1,1,1],[0,5,0,0,0],[3,1,1,1,1],[1,4,1,1,1],[5,0,1,0,0],[1,1,1,1,1],[1,2,0,4,4],[5,5,5,5,5],[5,5,5,5,5],[5,4,3,1,1],[5,0,0,0,0],[1,1,1,1,1],[1,2,1,1,4],[5,0,0,0,0],[2,2,3,2,3],[5,4,3,5,5],[5,0,0,0,0],[2,1,3,3,3],[5,4,5,5,5],[5,0,0,0,0],[2,3,2,2,2],[5,4,3,5,5],[0,5,0,0,0],[3,2,2,2,2],[5,4,5,4,4],[0,5,5,5,5],[5,5,5,5,5]],"rewards":[[1.8583192526679964,4.553263181555605,5.526557406681587,5.754209466599541,5.630561497974923],[4.000843438952761,0.4669748927104216,4.062443146520539,4.167268306994318,4.061800298026277],[3.020511392919818,0.4692033385969656,0.44446886204535063,2.9640053057390907,3.1455541441729564],[6.034197568488352,5.881357540749093,6.020978574555591,6.121970525224507,6.135926569099411],[5.68248969668751,5.783921025510808,6.023104447803098,5.645715244642716,5.829354222652728],[5.975125751998965,5.965415062830138,5.868302790552336,5.918006249561717,6.057433839145396],[5.6448593040269675,5.476336228045042,5.641102162234835,5.584757423145152,5.556011327696531],[5.6697009425139635,5.695213320568108,5.660568413731891,5.669333203288748,5.746111302006069],[5.640335342840808,5.636493631425023,5.615949756203711,5.5989460479493065,5.499279139469002],[6.511829074270664,6.491021929202169,6.55080042582877,6.625465792463318,6.866318768273706],[4.214240087701299,1.2821495744374876,4.148546045120269,4.075243294470791,4.090612244756252],[6.553362655041277,6.641889453058123,6.584912056067884,6.734732022545345,6.37970589436998],[3.1659585583555905,4.298077326716346,4.320981531977935,4.352341099535574,4.2453429488930245],[8.002329776706562,7.855182106539626,7.943399084478905,8.09380062736736,8.044591634114832],[1.6216181821409128,3.083591754661596,3.1592564550115028,3.178563751127057,3.2436516242220153],[3.0382376732311265,4.213690002180214,4.181083002074182,4.270396259967853,4.0228220436539575],[0.14186694779502523,6.533738816735013,6.6179674182249,6.6249797118149285,6.5514865889024065],[6.66998903550198,6.782836958040249,6.678543419874718,6.514187119239988,6.488650699116871],[4.329790770396163,6.474533604039214,7.070464966460609,6.84699839443454,6.847727883342466],[0.9880398290592259,5.454887660471146,5.391494229313173,5.201401890310611,5.199596489216261],[4.610816373065692,5.367546014015135,5.379067789769726,5.391297285351162,5.172927086328455],[5.440510320854001,6.837114193458396,6.920022602090518,6.850515249419966,7.072621191766226],[0,3.613842128930133,3.5775814957441816,3.348468205091312,3.3982871764552316],[6.7420812120890234,6.877676212184432,6.717123190885238,6.83805722683784,6.915239478172983],[2.1008613289843026,2.6703522100061257,1.8702879609973828,3.9391840904703925,4.310513271070956],[0.9061720683662189,5.4542740989896865,5.563896471735925,5.2793418022188074,5.399675597379255],[5.308921772326399,5.4183720527307075,5.427604145461271,5.323774387699178,5.346512811871991],[6.610783141400106,3.375146019262058,6.469874645654231,6.225477196962414,6.3729200714424445],[4.995518808385427,1.6673535520026457,4.946145083379238,5.091813822837041,4.917488168064161],[5.2017786596712945,4.99357406884161,4.893086677707759,5.072478199142979,5.092567964214606],[3.553799852145765,4.727280705778206,1.547088171327495,1.4347663328064602,4.798852130213714],[3.059672931079513,9.83207975059154,9.564982170432598,9.743878490268848,9.99417013014802],[9.867382356824665,9.741387254894512,9.874490731854086,10.093288431009,9.73226166249491],[6.495395609149658,6.546976468374936,6.343447589401556,6.402407369086385,6.5282683483809665],[9.45421948817002,4.5168701281037045,9.70341707007286,9.732801282082601,9.568755746147227],[2.5360707252465517,6.548314104254858,6.549548601208785,6.250158771249664,6.455492976360298],[5.915727137097235,2.9370750287797502,6.055173114403728,5.987417937569716,5.969880186737512],[0.32392154355000036,3.8999273006862567,0.43623933104771956,3.8944732274199643,3.8268413314031524],[5.923276858563371,5.986528601464004,6.06382946599758,5.78217138368273,6.0686568781283245],[2.245803162643033,2.9230657326317657,1.1996493986013799,4.783109552060675,4.66883267831889],[8.92897379087648,8.99970908615722,9.063582086077822,9.121645437617579,8.817037696977922],[8.798579914473798,8.790094842930795,8.87536145088045,8.8897602061291,8.820782302031814],[5.169943510933185,4.573608634567825,7.002860089503659,7.822988751200401,8.062878416857155],[1.6685467664139342,6.61837367423858,6.752511653849071,6.777096267226486,6.902173117963143],[7.836787789892134,8.119640828600255,7.983105081030388,7.925125246431547,8.034001835625444],[3.847724157034018,3.4689448587849627,3.903178837932872,3.8552668548707105,5.242065180198119],[3.8146626814754687,8.815370397811359,8.794134592297231,8.62433141886366,8.873988383636089],[3.4588670621323545,3.4065120415783854,3.4681585437449085,3.3285190798858535,3.58685491642178],[4.689384311309782,3.4549818875140406,4.01575970444685,4.5093621462790985,4.730614606782892],[3.1964521742290017,10.062001699383382,10.167213597208598,10.278292738429293,10.160116060922077],[2.7374132888894427,2.4527926782903924,3.4002591711666845,3.350548286861774,3.5993606102574294],[8.633366016877524,7.591676463289936,8.862777082781903,8.716814395545937,8.717880746900963],[2.145806589069896,9.866756810624159,9.512488701731959,9.672425553496181,9.631735989482165],[5.441920937134833,2.7891834737896715,5.293250613008676,5.292066228951432,5.265956411730453],[6.114341896353239,5.18143602110558,5.018411959266437,6.090300134656991,6.303342869603457],[6.258205662614335,1.509294039217134,6.563409827658324,6.4022365373702455,6.286365074771186],[1.176399465667477,4.203055759311082,4.168111417420086,4.11333696017372,4.267195707452492],[3.80534092547308,4.854385809389118,3.607691272627983,4.619435277765265,4.840626519692745],[0.657543892255931,5.030139283766778,5.116896482841393,5.089070862269688,5.187557585508477],[5.250872601000135,5.155734357768005,5.17319630176007,5.275485415430286,5.028565864473167]],"times":[[28375,1591,10555,1610,1266],[2706,412,446,382,295],[4633,2001,1393,1621,554],[5877,1939,841,404,314],[1884,1202,642,253,261],[5045,5,375,150,208],[8751,946,104,49,200],[4197,332,197,280,288],[1967,154,124,204,182],[2977,384,169,207,112],[734,1480,330,222,134],[1493,108,103,56,410],[1531,1797,401,191,214],[2544,486,181,283,250],[778,6273,309,346,298],[5418,936,367,164,216],[1419,867,296,137,84],[767,138,88,78,375],[3997,1428,1300,314,242],[2775,519,892,211,280],[3515,354,235,41,142],[3632,1076,1520,305,239],[1479,233,152,54,36],[3012,217,259,207,249],[4525,820,2074,829,185],[1296,210,117,72,153],[2229,387,206,131,138],[4347,3509,328,126,166],[2235,273,129,134,87],[4869,130,179,79,112],[2351,778,4341,3,907],[1262,281,302,139,141],[2098,172,175,133,184],[7376,347,158,168,39],[1243,138,155,64,2],[1930,1926,215,117,53],[1983,1414,328,130,33],[1263,200,757,762,86],[1549,110,82,119,66],[5023,1500,872,482,142],[1844,346,38,351,15],[920,448,153,108,280],[3097,36,2101,2172,125],[1198,45,259,185,102],[361,139,114,26,6],[1976,737,686,445,526],[1273,208,229,251,196],[1283,254,2135,418,197],[4227,114,1256,219,78],[1377,65,129,134,136],[6350,117,879,133,13],[7157,42,212,86,56],[1543,63,198,225,191],[1579,665,143,126,21],[2098,60,1335,507,105],[1244,95,82,20,171],[3778,2190,216,156,243],[2056,634,965,133,293],[1314,242,249,66,136],[1869,68,135,64,130]],