{"actions":[[0,1,2,1,1],[1,2,4,3,3],[1,1,4,4,4],[1,3,3,3,3],[5,5,4,4,3],[1,1,2,2,2],[0,1,2,3,4],[4,5,5,5,5],[5,4,5,3,3],[0,1,2,3,3],[4,3,3,2,3],[0,1,2,3,4],[4,4,4,4,4],[4,4,4,4,4],[4,3,3,3,3],[3,2,1,5,4],[4,3,4,4,4],[1,2,3,4,3],[4,3,4,5,0],[1,0,2,3,3]],"rewards":[[8.170977813147818,8.170367786043936,7.251634625404751,8.420936195976761,8.49394215014047],[4.411801697336216,5.422169153221701,1.3844552382756543,5.508630460273021,5.51553953548405],[5.200355651164555,5.248308677083897,7.716399416350037,7.581892454843028,7.794537621056903],[1.5961326156174453,11.55114189711041,11.661627784627845,11.507679360871252,11.526108886378415],[1.211612741908834,1.303898034923293,5.260101932303569,5.358260349335601,1.5575044476783686],[6.9481667764694475,6.809483942639493,6.235308542667257,6.068399858335687,6.2414110958101405],[6.461566657111196,5.296670759829121,4.311606109493659,0.5203381910695456,8.168743497475894],[2.5381425937843147,10.40534475719814,10.29017782917069,10.454045010636172,10.455024224329211],[5.858234041257004,0.44193283536255945,5.937486052341171,5.792092682718192,5.535274125033806],[1.9613169908006816,2.476307261845992,4.2450048693098275,7.521604144994451,7.78888979588491],[0,6.201009881279813,6.393622195586996,4.161117097636671,6.270799010551479],[3.279313476166814,4.08441784782842,4.239065436344086,1.215788646520924,8.092159414369771],[10.980615234216566,10.931158370324646,10.836713565046326,11.037710165767857,10.950940609162588],[11.415869468389214,11.488119993476783,11.530034585340548,11.466313406554585,11.600586098520267],[1.9751518203783187,10.055530489469621,10.147117470830834,9.968744095974463,9.927165055578344],[2.3392495281434975,2.4284198261013463,2.760143617414861,1.241285231267966,8.715159249599356],[4.592151479715959,2.935590792829348,4.764163528587075,4.653051272646884,4.535113262693213],[4.457035403179715,5.2401928755292255,7.9962675349996655,3.3496626924888377,8.022746806281262],[6.427398023881546,1.1179257659622153,6.399391695576804,0.7503813091961344,8.400354353094487],[1.5383024624787183,0.5731368723446872,2.4520684408523317,10.464153618752063,10.311725080263383]],"times":[[42639,1192,862,1281,371],[8781,459,351,1287,761],[413,497,509,333,288],[772,502,334,287,899],[787,509,8,275,874],[2133,533,701,151,313],[920,473,266,472,545],[363,484,877,710,696],[543,529,154,17,288],[2315,328,329,498,298],[672,857,288,34,203],[1362,291,223,328,140],[340,318,471,448,1560],[935,421,99,74,406],[439,539,232,159,203],[617,32,94,641,471],[532,446,174,26,253],[557,348,1033,308,594],[404,234,305,88,443],[503,150,131,549,510]],"condition":[["negodd"],["posodd"],["poseven"],["posodd"],["negeven"],["negeven"],["negeven"],["negodd"],["negodd"],["posodd"],["negodd"],["poseven"],["poseven"],["negeven"],["posodd"],["poseven"],["poseven"],["negodd"],["negeven"],["posodd"]],"envs":["envs/changepoint/negodd/negodd90.json","envs/changepoint/posodd/posodd51.json","envs/changepoint/poseven/poseven20.json","envs/changepoint/posodd/posodd50.json","envs/changepoint/negeven/negeven13.json","envs/changepoint/negeven/negeven39.json","envs/changepoint/negeven/negeven12.json","envs/changepoint/negodd/negodd23.json","envs/changepoint/negodd/negodd38.json","envs/changepoint/posodd/posodd7.json","envs/changepoint/negodd/negodd30.json","envs/changepoint/poseven/poseven93.json","envs/changepoint/poseven/poseven18.json","envs/changepoint/negeven/negeven62.json","envs/changepoint/posodd/posodd2.json","envs/changepoint/poseven/poseven75.json","envs/changepoint/poseven/poseven17.json","envs/changepoint/negodd/negodd1.json","envs/changepoint/negeven/negeven83.json","envs/changepoint/posodd/posodd63.json"],"money":"3.19","age":30,"gender":0,"hand":0,"experiment":"noncompositional","instcounter":6,"subjectID":"592ba0926579ca0001edb7de","studyID":"617b0174ce5353c47cc531c1","eval":[["poseven"],["negodd"],["negeven"],["posodd"]],"regrets":[[0.4271693229675293,0,1.1483616828918457,0,0],[1.081639289855957,0.13237857818603516,4.0682830810546875,0,0],[2.4955945014953613,2.4955945014953613,0,0,0],[11.38132119178772,1.5272140502929688,1.5272140502929688,1.5272140502929688,1.5272140502929688],[4.004762172698975,4.004762172698975,0,0,3.745671033859253],[2.209949016571045,2.209949016571045,2.886967658996582,2.886967658996582,2.886967658996582],[1.7628021240234375,2.9776992797851562,3.891477584838867,7.637883305549622,0],[7.79096794128418,0,0,0,0],[0.3251795768737793,5.747900366783142,0.3251795768737793,0.5010809898376465,0.5010809898376465],[5.780958652496338,5.285879373550415,3.580411911010742,0,0],[6.392506793141365,0,0,2.2557573318481445,0],[4.693787574768066,3.8464107513427734,3.7284798622131348,6.809873342514038,0],[0,0,0,0,0],[0,0,0,0,0],[8.142711162567139,0,0,0,0],[6.385576248168945,6.332624912261963,5.917832612991333,7.438567280769348,0],[0,1.7794849872589111,0,0,0],[3.4303932189941406,2.9766836166381836,0,4.7033796310424805,0],[2.1382813453674316,7.289378762245178,2.1382813453674316,7.68318110704422,0],[8.785447597503662,9.73995190858841,7.828833341598511,0,0]],"maxrewards":[8.412286758422852,5.5009260177612305,7.7306060791015625,13.054773330688477,5.221358299255371,9.035385131835938,8.2415771484375,10.394036293029785,6.174691677093506,7.743135452270508,6.337131023406982,7.954089164733887,10.919119834899902,11.524038314819336,9.935352325439453,8.754888534545898,4.671388626098633,8.050220489501953,8.4376802444458,10.326196670532227],"bestoptions":[1,3,4,5,4,0,4,5,0,3,3,4,4,4,3,4,4,3,0,3],"rewardorder":0}
