{"actions":[[2,2,0,1,0],[5,3,4,4,4],[2,1,0,5,3],[0,2,2,2,2],[0,1,2,1,1],[1,2,2,2,2],[2,0,1,5,4],[2,0,1,4,4],[2,1,0,0,0],[2,0,1,2,2],[1,2,0,1,0],[2,1,0,0,0],[2,0,1,5,3],[2,0,1,5,5],[2,0,0,0,0],[2,0,4,5,3],[2,0,3,5,2],[2,0,1,4,3],[2,0,1,4,3],[2,0,0,0,0]],"rewards":[[2.5757453217728257,2.532654893989354,4.977710427256628,4.553062740921273,4.8386152951390295],[2.6418323596100692,2.1338209405253425,5.730756811763416,5.88487555544002,5.856497511902057],[2.451843065208267,1.538003152316421,1.114959918638177,2.8663813212720664,2.575076837098939],[4.593549618806242,5.841406091109546,5.870962571636376,5.858498187254145,5.854878007462616],[4.66599280139599,5.208588981316977,3.9528928429474517,5.195607939984843,5.23738511431203],[3.736804849268451,5.244507337980487,5.259942564984466,5.147810590046915,5.27261503913017],[3.4160687893059642,4.531921525631255,3.7326037106006846,4.920916938985571,1.8925362645353832],[4.531487523178067,3.514484365509844,4.640301061488587,5.5409514182282384,5.640035021949943],[7.617705885456729,7.383341579731082,9.319102994668263,9.156835386951236,9.252650111087863],[6.010984291797228,2.950771047688729,5.454378232564832,6.038015324920858,5.9650893560326175],[7.067876136644023,6.21046261612699,7.145122004998843,7.04475029095579,7.090510405911065],[5.022023123170892,5.853719878230016,6.872388723820575,6.6774351216036765,6.681707114741444],[4.049288145232526,2.7787450532419236,3.2978305057211394,4.397401754043587,4.92401561687208],[2.910619234056563,1.0508503615749778,2.6994963868558983,9.15449470981446,9.400308586985734],[6.818574924171818,7.388476058122026,7.337799738554452,7.433453326472987,7.322125012927562],[4.487900934434331,5.94458589930404,5.820598525594458,2.286686195415238,2.0201110954316945],[5.470872877448036,3.5646710305380553,1.3757432983216429,1.4689999686844362,5.683784492759313],[4.35841372725275,3.0464274429597804,4.230808031737496,0.11936394934584982,4.074174850293004],[3.024343881489978,3.6895439279546047,3.787154080858446,4.221603324911727,0.5796201140452459],[3.99091860374852,5.75386100105649,5.777678536725135,5.66867430819882,5.637980852853812]],"times":[[23229,12508,8882,7738,741],[3714,2028,1564,4104,1196],[2179,3211,1306,3300,487],[3956,1969,2128,921,813],[3577,3760,1257,353,285],[3767,442,2331,353,309],[2964,1073,1641,1499,854],[1196,1095,249,904,395],[783,2691,2433,928,564],[1408,796,457,1626,221],[2168,556,578,2092,428],[4831,933,448,241,161],[1152,397,1214,1452,708],[537,299,1488,1538,436],[1623,999,842,280,227],[1614,521,1061,681,782],[454,875,2802,389,1749],[576,324,265,994,615],[501,329,552,624,560],[805,1286,520,695,129]],"condition":[["negodd"],["poseven"],["poseven"],["poseven"],["negeven"],["posodd"],["negodd"],["poseven"],["negeven"],["posodd"],["negeven"],["negodd"],["posodd"],["posodd"],["negodd"],["negeven"],["poseven"],["posodd"],["negeven"],["negodd"]],"envs":["envs/changepoint/negodd/negodd23.json","envs/changepoint/poseven/poseven39.json","envs/changepoint/poseven/poseven92.json","envs/changepoint/poseven/poseven16.json","envs/changepoint/negeven/negeven25.json","envs/changepoint/posodd/posodd62.json","envs/changepoint/negodd/negodd99.json","envs/changepoint/poseven/poseven56.json","envs/changepoint/negeven/negeven80.json","envs/changepoint/posodd/posodd65.json","envs/changepoint/negeven/negeven59.json","envs/changepoint/negodd/negodd50.json","envs/changepoint/posodd/posodd10.json","envs/changepoint/posodd/posodd4.json","envs/changepoint/negodd/negodd74.json","envs/changepoint/negeven/negeven31.json","envs/changepoint/poseven/poseven81.json","envs/changepoint/posodd/posodd22.json","envs/changepoint/negeven/negeven1.json","envs/changepoint/negodd/negodd67.json"],"money":"2.91","age":30,"gender":1,"hand":0,"experiment":"noncompositional","instcounter":2,"subjectID":"5962ceff8474920001bd266e","studyID":"617b0174ce5353c47cc531c0","eval":[["poseven"],["posodd"],["negeven"],["negodd"]],"regrets":[[7.724682569503784,7.724682569503784,5.46082067489624,5.734769821166992,5.46082067489624],[3.385303497314453,3.903881072998047,0,0,0],[5.793149709701538,6.923737406730652,7.537704348564148,5.7108683586120605,5.727297306060791],[3.428384780883789,1.9953622817993164,1.9953622817993164,1.9953622817993164,1.9953622817993164],[0.4204845428466797,0,1.3001842498779297,0,0],[6.003607511520386,4.443818092346191,4.443818092346191,4.443818092346191,4.443818092346191],[1.1726388931274414,0.3979215621948242,1.2227270603179932,0,3.080347776412964],[1.2753324508666992,2.1014223098754883,0.8035678863525391,0,0],[3.430820941925049,3.3444929122924805,1.702622413635254,1.702622413635254,1.702622413635254],[0,2.891385078430176,0.7099123001098633,0,0],[2.359650135040283,3.1211628913879395,2.1039700508117676,2.359650135040283,2.1039700508117676],[2.396273136138916,1.5846648216247559,0.7093625068664551,0.7093625068664551,0.7093625068664551],[0.9415135383605957,2.2546815872192383,1.7921853065490723,0.5074868202209473,0],[6.407886028289795,8.338816165924072,6.772408723831177,0,0],[4.281543254852295,3.7033915519714355,3.7033915519714355,3.7033915519714355,3.7033915519714355],[1.2988944053649902,0,0.026862621307373047,3.5478432178497314,3.912731170654297],[1.242018222808838,3.3819029331207275,5.660624980926514,5.42174506187439,1.242018222808838],[1.342175006866455,2.446058988571167,1.3881416320800781,5.35841503739357,1.5908288955688477],[1.2544665336608887,0.4362630844116211,0.41098475456237793,0,3.498829662799835],[5.674276113510132,4.0482611656188965,4.0482611656188965,4.0482611656188965,4.0482611656188965]],"maxrewards":[10.394036293029785,5.984905242919922,8.41671085357666,7.87244987487793,5.18044376373291,9.703335762023926,4.884832382202148,5.596613883972168,10.886820793151855,5.944389820098877,9.315895080566406,7.446702480316162,5.026320934295654,9.391582489013672,11.047669410705566,5.908614635467529,6.927659034729004,5.634617805480957,4.118797302246094,9.67024040222168],"bestoptions":[5,4,4,4,1,3,5,4,4,2,4,5,3,5,3,0,4,5,4,3],"rewardorder":0}
