{"actions":[[5,0,0,0,0],[5,5,5,5,5],[5,5,5,5,5],[0,0,0,0,0],[5,5,5,5,5],[5,5,5,5,5],[5,2,5,5,5],[5,0,2,3,4],[5,0,1,2,3],[5,4,4,4,4],[5,4,4,4,4],[4,4,4,4,4],[5,5,5,5,5],[5,4,0,5,5],[5,5,5,5,5],[5,4,4,4,4],[5,0,0,0,0],[0,0,0,0,0],[0,5,5,5,5],[0,0,0,0,0],[5,0,4,4,4],[5,0,0,0,0],[5,0,5,5,5],[5,0,0,0,0],[5,0,0,0,0],[5,0,0,0,0],[5,0,0,0,0],[0,0,0,0,0],[0,5,5,5,5],[5,5,5,5,5],[0,5,5,5,5],[5,0,0,0,0],[5,0,4,4,4],[5,5,5,5,5],[5,0,5,5,5],[5,0,5,5,5],[0,5,5,5,5],[5,5,5,5,5],[5,5,0,5,5],[5,0,0,0,0],[5,0,0,0,0],[5,0,0,0,0],[5,0,5,5,5],[5,0,5,5,5],[5,0,5,5,5],[5,0,5,5,5],[5,0,0,0,0],[0,5,5,5,5],[0,5,5,5,5],[0,5,5,5,5],[0,5,5,5,5],[0,5,5,5,5],[0,5,0,0,0],[0,5,4,4,4],[5,0,0,0,0],[5,0,0,0,0],[5,0,0,0,0],[0,0,0,0,0],[5,5,5,5,5],[5,5,5,5,5]],"rewards":[[0.8524044164653505,4.994367230442138,4.773037667328599,5.074313940706286,5.028115071313537],[10.474533584193727,10.489199126333025,10.294100966630705,10.28076809666796,10.353045721590238],[10.390907797860704,10.45668664373023,10.541035457455882,10.406232005833909,10.301061556174755],[6.863960621887094,6.859657529296938,6.979987989266999,6.782340062687216,7.07856124949811],[9.363036772034759,9.5570041081413,9.459798905533983,9.415209717270292,9.57158122897589],[9.522158368892331,9.409249670101351,9.45738864335294,9.348320537303554,9.532842219452917],[6.902337352623843,3.7433316754045425,6.7337769291172105,6.858961037736035,6.95740032380925],[0,3.4124723279918516,4.289839512167607,0.5160452234853123,4.3664447027351585],[0,2.650177725588819,3.7267985807934787,3.896978199541249,0.5361732107206654],[2.9563720639270836,4.194223734144568,4.246759356245789,4.40652843942965,4.183438517534017],[1.2943181545950828,7.243167426999245,7.153399331969766,6.929973303613371,6.9605908599377315],[7.003198057597574,7.070358331455203,7.047113149643344,7.016780877132143,7.016901810962112],[7.883849712436525,7.714746309450901,7.9124667006542,7.69977485477969,7.836230291202018],[5.876454325695929,0.35885309368261975,0,5.896586738875693,5.729128479056078],[5.7365842642980525,5.703063705167376,5.808592372096081,5.855444348112617,5.644420054798593],[3.8821890778403176,5.0888744292418595,5.1016013129030595,4.998426165343582,4.99544871736982],[4.266431354330754,10.355472092780062,10.317899282909096,10.261670550308015,10.483310421898672],[8.452849449320118,8.295486876426658,8.372030915738245,8.458072448140864,8.431588182080382],[2.579552994162741,6.586593856725063,6.425327321281799,6.569274592884154,6.52081084742641],[7.047345688227635,7.075546131931722,6.991811858363458,7.0425548925155415,7.066315640839967],[1.7314709627573015,2.5317459803217117,6.829631244028633,6.684637372884378,6.782847476578028],[2.419359203667811,6.604364792375208,6.399603582948967,6.409532677468605,6.439109752264826],[5.100250792110388,1.1686588005811747,5.038235448363089,4.9229121762223,4.983823108136123],[5.132787097969729,6.486185716461331,6.401879573657493,6.3896431042619275,6.671134096118771],[4.410547753870667,7.96810740823655,7.801309461463336,7.846299252843786,7.767229744781362],[1.3661251154776057,7.539278244462515,7.645872013202352,7.508606986892776,7.664603019441303],[1.1871190775853497,7.839884202167168,7.849679427365047,7.787826684269298,7.794806871652747],[8.990837847184547,8.754598339161912,8.690637663423969,8.793059382380191,8.84515946660604],[5.214347916569366,11.220347967710914,11.05290397515482,10.988318831474885,11.188074016792855],[11.110579909181679,11.093258796247069,10.956569500919173,11.092835291236169,10.979824502554724],[3.12974563592956,8.087418341042515,8.047629510287045,7.972439122583875,7.979779260916837],[1.098696412711121,4.97429118363403,5.124383337925868,5.193395703695731,4.999677984473352],[0.9249770262454835,3.2781432460848903,4.562734059989968,4.650378427962441,4.587600787372074],[7.813612934931517,7.8563892784135705,7.81150528638371,7.75434288523879,7.7343880361182915],[6.751478189232708,0.26387747212411594,6.709604632569771,6.757702962449396,6.6715552164417],[6.690570942788581,5.768690677841585,6.818095970276798,6.519197741089979,6.702955641630906],[1.882126036761851,7.551807639573183,7.541121677936522,7.309348358608872,7.40064091712784],[6.979479992922871,7.1431390771375725,7.198034541573554,7.066942086374412,6.8503251318129745],[6.9953239752655145,6.898433931432027,1.9265268004673892,7.119228904889686,7.163369238132589],[2.03714774692528,6.191859304230572,6.077628336863642,6.189165820964405,6.206761463860423],[4.164130428932455,11.680790963562519,11.655091218992288,11.71526314914549,11.686357031545006],[4.030227511827409,6.241939772490443,6.146569833128585,6.173113011898931,6.26006886810091],[4.710438041874694,3.494280331365125,4.5791535186566215,4.666574434172057,4.6703463973919925],[5.596699040754884,0.5478073231185571,5.596151960747462,5.566832563562754,5.640566684129025],[5.559818269927468,3.506826446013279,5.694709494106452,5.562699191279763,5.497290324318684],[3.664766499450709,1.199781874522147,3.8418862874597752,3.9252420502625247,3.8284047568962536],[3.9532596823293895,11.008696122323533,11.064549505140855,11.14351524899071,10.973219530731479],[1.3585529581138351,4.06687578971224,3.995548601567756,3.964888096416062,4.018769820989999],[2.018127157777006,5.091805093641034,4.888807261136861,4.804727979070405,4.829702802414435],[1.8976280015324674,7.197773511774178,7.315241791735297,7.159209298590879,7.280545322283335],[2.157348632174625,7.225692210654482,7.20037728948469,7.296413287534752,7.2467606370596105],[2.127766560910761,5.85368989134473,5.951371079743587,5.958349195193905,6.130365192605175],[4.399513184702533,1.4732209609478706,4.434284887918436,4.421775717152352,4.276051664235858],[2.2343674049854165,1.3748170537901745,4.787679845459635,4.644233235836231,4.681055282141767],[4.082152160294015,9.530811605818487,9.549534294765119,9.51318349328063,9.313782402867913],[1.1484469339638461,5.955020969731378,5.839288986111653,5.758777048128741,5.9866807087060145],[1.1437359031540748,9.553796371316437,9.358922567356045,9.37848981305012,9.246751209866414],[6.717981297604139,6.740996302380116,6.6991602143870015,6.637251118324084,6.815981460154028],[9.58549702963608,9.635933235119442,9.557790804561332,9.692717930686454,9.593791618569266],[9.65499421606546,9.539886169722973,9.701344821642758,9.635467875190159,9.717346137825452]],"times":[[21398,2697,1487,1407,1547],[2745,894,933,744,734],[2642,643,564,642,722],[2235,555,609,1296,788],[1520,487,450,530,552],[1333,474,869,553,583],[2329,3498,2487,980,397],[1274,1029,1969,2175,1150],[1505,1982,1198,810,1172],[1517,1216,554,417,587],[1587,776,562,473,562],[1359,437,442,472,912],[1480,498,441,449,488],[1693,677,846,431,372],[2408,407,397,350,382],[1422,1416,442,375,454],[1434,1479,481,362,376],[1416,375,339,353,419],[1275,351,317,351,338],[1472,385,361,363,464],[1330,563,679,359,377],[1137,610,327,361,381],[1170,1175,337,285,302],[2599,772,328,413,412],[1252,314,306,351,372],[1824,486,290,396,439],[2452,331,364,363,436],[1341,355,337,328,398],[1020,533,315,346,329],[1038,397,348,318,329],[1006,327,327,305,328],[1226,291,319,319,326],[1680,407,993,315,297],[990,362,315,350,374],[1316,522,305,316,341],[1309,664,352,271,384],[1357,337,269,292,375],[1292,305,316,306,352],[1331,327,702,235,295],[1040,318,283,314,340],[1062,271,294,326,410],[1566,329,360,315,378],[1047,183,46,283,265],[1029,296,71,260,304],[1032,315,197,305,398],[1048,189,341,260,340],[1498,271,281,295,384],[1521,308,251,272,310],[1003,251,271,280,282],[1310,247,261,305,1060],[493,1431,228,296,329],[1147,214,282,306,296],[1775,290,396,294,224],[1259,272,1464,304,287],[974,305,213,305,318],[1231,115,291,318,441],[1349,327,216,318,365],[1143,151,308,305,394],[1157,274,272,283,322],[1520,287,260,318,364]],