{"actions":[[0,1,2,3,4],[5,5,5,5,5],[5,5,5,5,5],[5,3,2,0,1],[5,0,0,0,0],[5,0,3,2,4],[4,5,0,1,2],[5,3,0,0,0],[2,5,3,0,4],[5,4,4,4,4],[5,0,0,0,0],[4,0,5,5,5],[4,0,5,5,5],[5,0,0,0,0],[5,5,5,5,5],[5,0,4,4,4],[5,5,5,5,5],[5,0,4,4,4],[0,0,0,0,0],[5,4,0,0,0]],"rewards":[[4.871791358850739,5.282320954207846,3.9804161095218693,1.5928761038740442,3.516152497025454],[5.975581324900331,5.902472828333364,6.002218074621645,5.767825912957768,5.8002555166452545],[8.81156459793101,8.856443252403897,8.77834802578343,8.856838872796557,8.739330165088944],[4.660307584437079,5.270264135198679,3.5158834317699967,1.8705074624533968,2.99053194508759],[1.3349003203208318,7.917614446972568,7.887142712936539,7.731259398751197,7.775230808175589],[4.5135886312645574,0.7751531899674393,5.520650508249639,3.476430175417825,13.010601303083245],[0,5.781185353333404,3.4138169112826358,2.715007117114557,2.7441165774389913],[0.6143762653361291,1.2645304926162326,6.589671866139215,6.855282568904013,6.7469658094863],[2.301258088880077,0.9757142325012995,0.7734844683540487,0.5491912131537428,7.280121713978653],[0.7142597522985935,7.118069404644441,7.249251893087821,7.25222492129002,7.217338031958291],[3.096909303895204,5.398490893936871,5.337223059510679,5.622597374846629,5.283935935244393],[1.0375851170834478,3.1566601460368062,7.056072801308675,7.204089507833277,6.872028185731398],[0.1519190481043397,3.290918922572317,6.066363283912691,6.057902757935169,6.046486359808485],[1.74532560181398,7.990414472547456,7.770681727663156,8.013808209858889,7.816638790878282],[5.137836353767676,5.338620592522925,5.425164038781404,5.29298285052674,5.082007792532064],[1.7852336974088803,4.361002859787949,9.329538535563733,9.005207864172485,9.108873633074609],[11.70881953561296,12.031972171051516,11.902855449398306,11.727498749060763,11.92378171613605],[1.3533954997209394,2.3025298121170357,8.662059176216424,8.653654057829758,8.756080039525285],[7.0584619162880236,7.046193192100353,6.962335569305648,7.138363355932961,6.905583089476555],[3.1553964114634203,1.1531848115332444,7.287556083098496,7.432049116648276,7.267828136782002]],"times":[[22560,1729,871,1204,557],[2872,1845,574,586,741],[1830,289,257,290,241],[1570,1219,2211,349,252],[1395,1254,518,303,633],[1168,313,1122,1007,531],[1068,415,1244,412,305],[1865,543,230,357,618],[2886,462,425,331,563],[1668,501,182,193,261],[4100,814,1621,424,609],[3275,852,390,152,247],[2673,663,406,123,161],[1179,543,259,181,139],[2076,765,611,151,198],[1182,161,574,51,275],[2206,296,166,149,185],[2465,710,334,452,229],[1863,236,234,186,295],[1358,170,552,161,153]],"condition":[["negeven"],["negodd"],["posodd"],["poseven"],["negeven"],["poseven"],["posodd"],["negeven"],["poseven"],["negodd"],["negodd"],["posodd"],["posodd"],["negeven"],["negodd"],["poseven"],["posodd"],["poseven"],["negeven"],["negodd"]],"envs":["envs/changepoint/negeven/negeven25.json","envs/changepoint/negodd/negodd93.json","envs/changepoint/posodd/posodd53.json","envs/changepoint/poseven/poseven22.json","envs/changepoint/negeven/negeven84.json","envs/changepoint/poseven/poseven91.json","envs/changepoint/posodd/posodd49.json","envs/changepoint/negeven/negeven68.json","envs/changepoint/poseven/poseven14.json","envs/changepoint/negodd/negodd23.json","envs/changepoint/negodd/negodd78.json","envs/changepoint/posodd/posodd43.json","envs/changepoint/posodd/posodd13.json","envs/changepoint/negeven/negeven47.json","envs/changepoint/negodd/negodd56.json","envs/changepoint/poseven/poseven36.json","envs/changepoint/posodd/posodd60.json","envs/changepoint/poseven/poseven75.json","envs/changepoint/negeven/negeven79.json","envs/changepoint/negodd/negodd77.json"],"money":"3.08","age":30,"gender":1,"hand":0,"experiment":"noncompositional","instcounter":1,"subjectID":"5a89cc2c000dab00018cbd38","studyID":"617b0174ce5353c47cc531c0","eval":[["posodd"],["poseven"],["negeven"],["negodd"]],"regrets":[[0.4204845428466797,0,1.3001842498779297,3.552004814147949,1.5762856006622314],[2.380800247192383,2.380800247192383,2.380800247192383,2.380800247192383,2.380800247192383],[0,0,0,0,0],[6.832911968231201,6.4487223625183105,8.111390590667725,9.688795804977417,8.6553213596344],[6.881872177124023,0.29128360748291016,0.29128360748291016,0.29128360748291016,0.29128360748291016],[8.312870502471924,12.160876512527466,7.490542888641357,9.652269840240479,0],[5.886516809463501,0,2.1477503776550293,2.8127691745758057,2.8510570526123047],[6.141848802566528,5.621244549751282,0,0,0],[4.9035115242004395,6.3547199964523315,6.597102046012878,6.732102453708649,0],[6.3547199964523315,0,0,0,0],[2.320000410079956,0,0,0,0],[5.937435746192932,3.846428871154785,0,0,0],[5.801680833101273,2.7227141857147217,0,0,0],[6.282778263092041,0,0,0,0],[2.506777763366699,2.506777763366699,2.506777763366699,2.506777763366699,2.506777763366699],[7.6291985511779785,4.973577976226807,0,0,0],[0,0,0,0,0],[7.438567280769348,6.471605062484741,0,0,0],[0,0,0,0,0],[4.236900329589844,6.275570631027222,0,0,0]],"maxrewards":[5.18044376373291,8.270644187927246,8.863754272460938,11.703990936279297,8.136590957641602,12.950063705444336,5.645011901855469,6.709027290344238,7.271401882171631,7.271401882171631,5.427866458892822,7.086849212646484,6.0730109214782715,7.875641822814941,7.709183216094971,9.2443208694458,11.78577709197998,8.754888534545898,7.047964572906494,7.378836631774902],"bestoptions":[1,0,5,4,4,4,5,0,4,4,0,5,5,0,0,4,5,4,0,0],"rewardorder":0}
