{"actions":[[1,2,0,3,4],[0,1,2,4,3],[3,0,1,3,5],[1,3,5,1,1],[0,1,3,5,1],[1,1,1,1,1],[1,0,2,4,3],[1,2,3,4,5],[1,2,2,4,2],[1,4,3,2,0],[0,1,2,3,4],[3,1,3,3,3],[0,1,2,3,4],[0,1,2,3,4],[4,4,4,4,4],[1,1,1,1,1],[3,4,5,5,5],[2,3,0,1,1],[0,0,0,0,0],[5,3,4,2,0],[0,2,0,2,2],[0,1,2,3,5],[0,5,3,5,5],[5,5,5,5,5],[0,3,4,5,5],[0,3,2,5,0],[0,5,0,5,5],[0,1,2,5,4],[0,0,0,0,0],[0,0,0,0,0],[0,5,2,0,0],[5,0,2,1,4],[0,2,4,2,2],[0,5,4,5,5],[0,5,1,0,2],[5,0,0,0,0],[0,5,1,3,5],[0,1,2,4,3],[1,1,1,1,1],[0,1,2,3,4],[0,4,5,5,5],[5,5,5,5,5],[5,0,3,4,5],[5,5,5,5,5],[5,5,5,5,5],[5,0,1,2,3],[0,5,0,0,0],[0,0,0,0,0],[0,5,1,2,3],[0,1,1,1,1],[1,1,1,1,1],[0,5,4,5,5],[5,0,1,2,4],[5,4,5,5,5],[0,1,2,0,0],[5,0,1,2,4],[0,5,0,4,3],[0,5,4,5,5],[0,5,4,5,5],[5,5,5,5,5]],"rewards":[[8.246160635079605,8.387148027048942,8.693880101187851,7.359373865219245,6.284513264729183],[0.23666996918302208,6.1261028530590504,0,0,5.518096824268778],[7.324328878881957,0.1678396167990577,5.9739723763775725,7.258798463028914,6.078604555468105],[8.611938139780419,6.303320493060037,6.875536076504323,8.708854382943864,8.670210120598213],[2.153065560117381,8.40685630388807,7.83551490520217,8.212537369523668,8.378825333331074],[8.281413262515093,8.277615886685803,8.369891243140996,8.260116504256244,8.37695200327361],[4.908030293092074,7.9352214383032,4.762510877105864,2.799588136946637,3.9386922639426603],[2.3583767911246594,7.734076506065423,3.4307963407773063,7.1978956501698335,2.4694980482494215],[2.4193679249095377,7.5932523046850395,7.490473304216153,2.801974538844482,7.576821107139291],[7.070145683411717,5.983935854692809,5.935615818093906,7.252656324774619,9.372351751348898],[1.8249299927731302,3.7740870286747543,1.2636002736759753,4.153730124821529,1.1479465865559282],[6.0059673569188305,3.746595463206911,6.102523559836684,6.099865249912988,6.046276544004341],[5.233205686084141,6.653667242156286,6.590903405991173,7.781551005391793,7.975950019715864],[3.1351580378285124,0,3.188166368806668,0.23818117607180617,2.9620984030121655],[8.144905830615409,8.00937073284312,7.947561005185076,8.228900512275057,8.071543536675003],[8.841094090673929,8.97530088674724,8.939776523612906,8.828765773599402,8.799061502490105],[7.3449036764571725,0.8163777755128854,8.012076129685271,8.209431533654964,8.144303884629473],[1.4729690073263277,6.832631500461445,1.0905208896681196,7.503446150736808,7.619173710002142],[8.926963702157353,9.040307075148469,8.986262472947642,9.129243410061871,9.063710569879795],[2.437368920859181,2.6756546126967895,7.272104856968655,7.2335690172087475,7.119939863312705],[7.070681001429274,7.265717661636062,7.056968455580409,7.152109650414996,7.1461276746212015],[3.227953056959999,3.411990030728491,4.648976301748335,5.569160755880641,7.370161548334008],[0.4783742304116398,5.078472166640984,4.544734984196184,4.965587372805696,5.091638097683951],[7.197025821268624,7.248067346609085,7.232689697405049,7.374173082191467,7.31677853539863],[1.3978823314740247,2.8148679607093827,3.418223104230657,4.922217616245915,4.898632515954485],[4.358551489941929,0.43240157162286846,3.911533567937842,0.16947187339053135,4.344135569158659],[4.1847307694444975,5.0099827372432815,4.334693048867615,4.715832352537954,4.865260502497769],[3.244315000577887,3.6151118963817006,4.251087983436378,6.730734726881785,5.883781901577651],[9.060929302652605,8.931634995574235,9.181089840034677,9.053908572075793,9.106088241920801],[9.171262509640615,9.236978885828627,9.150132192097509,9.098193540248602,9.184779816766522],[6.444074285983262,2.8850569419492915,5.315521797393923,6.211856801810284,6.338168627391591],[0.271125149366636,3.501404085455908,5.007217394760271,0.3198079598229732,3.9289968504170303],[3.7014327200057644,4.843844545040244,3.44456585501076,4.941734595168384,4.911572473170796],[0.5053650927765363,5.688930140038582,5.499449549435892,5.835690550011864,5.807159351582929],[6.820246082781622,1.1831141633140445,0.7630761001327195,6.642203141127753,6.416899191818421],[5.735694428951356,6.6902934981982165,6.649196085619334,6.578011247529215,6.698942682417084],[1.7158635641369773,5.251009694852532,1.1831273740217711,4.520634199331684,5.229732830348694],[2.369426317879114,7.237849515619956,1.9599517731403415,2.6178095312811274,6.820736650936554],[6.995884845486302,7.038201540401506,6.928507701393055,7.040602612944798,7.037512408110659],[4.28706727049824,5.460301150525801,6.457322465907539,8.047487766120684,8.635213065148537],[3.786807937841848,4.9157955582646835,10.51996371348654,10.340715819606924,10.37662416617912],[9.225240158882293,9.371148373730216,9.243925248926354,9.338331878744855,9.243459832669537],[7.0723053142118175,4.029903114158676,5.397235956418668,6.247072871428067,6.827378242041294],[7.784839219311891,7.620908910963097,7.635834684161875,7.778303787137539,7.84849981316643],[7.071599701840874,6.842025629506991,6.918700401990765,6.975284977477266,6.922950566727844],[4.916192690801208,7.761134870740423,6.7119122569158325,6.7776672345738,6.3217376765706526],[7.049272031591753,2.703918420700413,6.814737408001491,6.998791991080622,7.001691080735721],[7.07610625068837,7.1600894031475635,6.948367746473298,7.046318296101058,7.069715376179735],[7.2458622214681885,4.9846367318346605,7.773915346139475,7.734321058793261,5.463273569650939],[3.4662979526424804,9.443884345161885,9.409113279797381,9.29421107038398,9.517803340978048],[9.547698035680815,9.423803720113652,9.272549604060393,9.351575590209423,9.293232534152311],[1.6380744780740621,5.90219210310409,4.993662689020112,5.828604021121255,5.896922003700022],[1.8233887758298783,6.673475135719189,1.205503769443249,6.958040942814358,6.868178933705262],[5.806789981197665,4.994843470188365,5.721032455045655,6.045531918731007,6.045922745592407],[5.781403024414053,4.978201753585886,4.182476983173013,5.889798847861631,5.730529657896739],[1.7563354909450168,3.2692078444570405,0.5762442815086372,4.006899458539964,4.454284898250157],[3.3929524765001386,0.9904403402310205,3.2094410499135124,1.5150969605800764,3.250443639226074],[1.327933715531349,4.637106895651033,4.321670918712893,4.5749640614160585,4.536043008033023],[0.5883700597275573,5.8065195640492036,2.055733614903991,5.7468092534868624,5.330203576877084],[4.530011810024486,4.292957993423265,4.7667634783077375,4.770474510493743,4.533967066672584]],"times":[[18340,1474,694,760,303],[3117,282,340,1330,370],[2488,1683,344,704,1498],[3675,397,799,510,409],[1877,94,1041,472,525],[621,234,135,91,35],[1491,383,909,867,521],[2916,407,117,452,112],[3797,153,136,315,161],[1991,389,324,127,167],[1516,2,20,426,80],[3462,3371,278,185,79],[1874,382,127,85,69],[3269,51,65,221,418],[2772,208,142,55,51],[1934,805,70,1,38],[1623,114,380,565,87],[4250,4487,257,352,260],[1747,427,378,127,195],[1348,444,494,968,704],[757,927,799,142,264],[1044,155,306,225,107],[5464,471,415,86,197],[836,47,34,159,1],[2257,823,406,157,126],[1848,966,636,2153,93],[1715,379,222,187,14],[2238,364,301,198,219],[1746,232,101,25,208],[364,14,263,69,1],[758,680,802,356,111],[2338,79,261,157,333],[834,81,916,311,68],[1163,73,489,72,337],[1381,51,468,23,830],[2910,300,14,284,56],[2859,100,100,679,256],[1392,208,240,272,254],[479,88,47,42,35],[1633,128,357,322,302],[2637,159,63,193,16],[633,56,87,53,40],[1367,99,637,83,22],[1194,453,64,18,332],[652,164,22,313,17],[951,91,311,96,503],[1135,161,205,83,90],[176,351,62,43,114],[2119,363,223,126,335],[923,254,188,63,62],[359,20,355,45,351],[1323,185,123,39,71],[851,342,90,245,1223],[1014,77,15,26,95],[2473,593,411,32,39],[1357,372,134,1913,522],[1551,310,253,988,104],[1903,629,99,186,45],[1206,154,78,103,242],[557,269,16,100,170]],