{"actions":[[0,1,2,4,2],[2,5,3,2,2],[2,3,2,2,2],[4,2,2,2,2],[2,1,0,0,0],[2,0,4,2,2],[2,0,4,2,2],[2,1,5,5,5],[5,4,3,4,4],[4,2,4,4,4],[4,3,5,2,2],[2,1,0,0,0],[2,1,0,0,0],[2,2,2,2,2],[2,0,4,4,5],[2,0,4,5,4],[2,1,4,4,2],[2,1,4,4,4],[2,1,0,4,1],[2,2,2,2,2]],"rewards":[[0.41071648014201284,1.766111308440105,2.467676300609698,2.6243829907907705,2.498398335787446],[6.256343242649558,4.293309043285451,4.193713725870148,6.117173297295961,6.288266853498037],[6.501800244102401,2.002744333304493,6.576960064063577,6.644928004081407,6.46855457742781],[5.651828578092797,6.355421954628479,6.300967950637192,6.330219203715788,6.2755174845703205],[6.046849808141586,7.281963934704245,8.676177486621167,8.47196092352042,8.572546126833162],[5.367564463371487,2.67890920871806,5.4698882702356055,5.316816336284382,5.1412282083590775],[3.8248090248048054,2.209799815873755,2.377623494285149,3.6926135187618345,3.794920724245032],[4.454764755473217,4.214080214598289,10.087730066284541,9.978082523033677,10.114065343113632],[0.13209926165045313,5.5464078071634075,0.07254975187805968,5.545112810413638,5.485635259205153],[4.457872457951018,3.102268951507426,4.655582756761075,4.528533557329472,4.349190948058076],[0,3.698046245928235,3.818069136870635,7.140813979000468,7.1963193515600965],[4.342490022231488,5.206965583785801,6.351954895768906,6.394291814610718,6.341406646026813],[3.4374648535809036,3.8486433828043967,4.909324635678978,4.9483089560281925,5.012377174557303],[7.644066082424038,7.65795192879791,7.772965090325962,7.843447766085341,7.540275647460355],[2.9402255548873266,0.39768353235238263,1.587492357737108,1.5688195362458257,6.612146951055362],[5.0144251567744575,2.1718265899689237,5.7820067418032375,1.1742843178285975,5.729379133807037],[6.428028834515005,6.103752524803881,4.719230824201805,4.866213881454571,6.067557828662807],[2.64431535100219,2.2466334771421326,7.508036807353678,7.357320128932758,7.247351573753889],[1.3283620312718378,2.1201340098500445,0.9433513627521968,1.0448564469269808,2.227350161349926],[8.566018166671679,8.553897614621048,8.663033644440544,8.433520298935463,8.698588278013268]],"times":[[28693,1916,1425,3413,1239],[5606,1549,2995,1159,285],[3337,2064,593,299,1135],[4374,1222,489,2247,781],[1676,2803,995,276,315],[3758,1305,3432,510,158],[3637,1159,1134,1589,252],[1615,1023,1192,657,511],[1955,1769,1582,734,1787],[1821,1164,614,353,170],[2362,1121,335,1912,278],[1139,1007,914,344,1],[1433,1499,511,413,248],[1551,688,2838,214,112],[1456,829,759,2337,727],[1662,878,598,1296,284],[1837,233,981,1055,50],[1382,681,1519,396,309],[1375,438,812,2030,303],[1178,976,544,329,305]],"condition":[["posodd"],["negodd"],["poseven"],["poseven"],["negodd"],["poseven"],["posodd"],["posodd"],["negeven"],["negeven"],["negodd"],["negeven"],["negodd"],["negeven"],["posodd"],["poseven"],["negeven"],["poseven"],["posodd"],["negodd"]],"envs":["envs/changepoint/posodd/posodd85.json","envs/changepoint/negodd/negodd34.json","envs/changepoint/poseven/poseven20.json","envs/changepoint/poseven/poseven46.json","envs/changepoint/negodd/negodd31.json","envs/changepoint/poseven/poseven97.json","envs/changepoint/posodd/posodd30.json","envs/changepoint/posodd/posodd14.json","envs/changepoint/negeven/negeven40.json","envs/changepoint/negeven/negeven32.json","envs/changepoint/negodd/negodd59.json","envs/changepoint/negeven/negeven78.json","envs/changepoint/negodd/negodd8.json","envs/changepoint/negeven/negeven44.json","envs/changepoint/posodd/posodd38.json","envs/changepoint/poseven/poseven7.json","envs/changepoint/negeven/negeven58.json","envs/changepoint/poseven/poseven35.json","envs/changepoint/posodd/posodd21.json","envs/changepoint/negodd/negodd5.json"],"money":"2.92","age":30,"gender":1,"hand":0,"experiment":"noncompositional","instcounter":0,"subjectID":"5b22ee5431d0080001ba0c71","studyID":"617b0174ce5353c47cc531c0","eval":[["negeven"],["poseven"],["posodd"],["negodd"]],"regrets":[[10.178640633821487,8.983622908592224,8.112133741378784,8.02774167060852,8.112133741378784],[0,1.9980769157409668,2.265730857849121,0,0],[1.1319952011108398,5.587975025177002,1.1319952011108398,1.1319952011108398,1.1319952011108398],[0.7103352546691895,0,0,0,0],[2.522311210632324,1.3267240524291992,0,0,0],[0.3710904121398926,2.8473944664001465,0,0.3710904121398926,0.3710904121398926],[5.547852039337158,7.4793394804000854,6.911864995956421,5.547852039337158,5.547852039337158],[5.722736358642578,6.073226451873779,0.16061878204345703,0.16061878204345703,0.16061878204345703],[7.3632078766822815,2.1834802627563477,7.384876191616058,2.1834802627563477,2.1834802627563477],[0.3390512466430664,1.854400396347046,0.3390512466430664,0.3390512466430664,0.3390512466430664],[9.580962002277374,5.809391975402832,5.4588494300842285,2.123422622680664,2.123422622680664],[6.648752212524414,6.054962158203125,4.763683319091797,4.763683319091797,4.763683319091797],[7.161954641342163,6.784953355789185,5.725350379943848,5.725350379943848,5.725350379943848],[2.5628318786621094,2.5628318786621094,2.5628318786621094,2.5628318786621094,2.5628318786621094],[3.5905039310455322,6.168830215930939,4.901284456253052,4.901284456253052,0],[0.8599452972412109,3.520733594894409,0,4.572693347930908,0],[0.7446317672729492,0.8053159713745117,1.9050779342651367,1.9050779342651367,0.7446317672729492],[4.735814571380615,5.1837499141693115,0,0,0],[3.8187427520751953,3.0289745330810547,4.311757743358612,4.279340028762817,3.0289745330810547],[0.3453187942504883,0.3453187942504883,0.3453187942504883,0.3453187942504883,0.3453187942504883]],"maxrewards":[10.627580642700195,6.306362152099609,7.7306060791015625,6.266241073608398,8.597288131713867,5.684234619140625,9.371881484985352,10.250022888183594,7.673678398132324,4.793155193328857,9.379697799682617,11.146782875061035,10.630016326904297,10.206334114074707,6.568918704986572,5.774905204772949,6.873607635498047,7.310098171234131,5.287912845611572,8.920422554016113],"bestoptions":[3,2,4,2,0,4,5,3,0,0,0,4,3,4,5,4,0,4,3,0],"rewardorder":0}
