{"actions":[[2,0,1,2,5],[0,1,2,3,5],[1,3,5,1,3],[0,1,2,3,5],[5,4,3,1,1],[1,1,1,1,1],[0,1,2,3,4],[5,4,3,1,3],[1,1,1,1,1],[5,4,3,2,1],[1,0,2,4,0],[0,0,0,0,0],[2,4,0,5,0],[5,4,3,2,0],[4,1,0,0,0],[1,0,2,5,4],[5,4,3,1,3],[5,1,1,1,1],[5,4,3,2,1],[0,1,2,5,4],[4,1,0,4,5],[0,1,2,5,0],[4,2,1,4,3],[0,0,0,0,0],[2,4,0,4,4],[1,0,5,4,3],[4,4,4,4,4],[1,2,3,0,0],[5,3,4,0,5],[4,5,3,3,3],[1,0,0,0,0],[5,4,2,0,1],[0,0,0,0,0],[0,2,4,3,1],[1,0,2,4,3],[5,5,5,5,5],[0,1,2,5,0],[5,4,3,0,2],[4,3,3,3,3],[0,2,4,3,4],[0,2,5,1,4],[4,4,4,4,4],[0,2,1,5,4],[4,5,0,1,5],[1,1,1,1,1],[0,2,5,4,5],[5,3,4,0,2],[2,4,5,5,5],[0,3,5,5,5],[2,1,5,4,3],[5,5,5,5,5],[5,1,3,1,1],[2,0,5,5,5],[3,3,4,4,4],[1,5,0,3,4],[5,3,4,0,2],[2,2,2,2,2],[1,3,4,4,4],[1,0,4,1,1],[1,4,4,4,4]],"rewards":[[8.069377114781492,9.343251529016518,8.789594561011057,7.847173279899661,5.945665924359403],[1.0725946818835035,6.4360224050405295,0.1716163082588235,7.169789685652565,8.004387794182946],[6.398912122421187,7.258903556279894,6.214504085622706,6.643983305735732,7.134429587674712],[6.814307312871553,7.2161276183424,6.705609873359185,6.557054535036124,5.021724889982384],[7.631981263400416,1.2957348978715595,7.351327051076319,7.840622947615318,7.8502766316571275],[7.798381219784652,7.72733194784945,7.640424461366911,7.668927702067432,7.710733099782965],[3.192182356611759,3.4708682767307306,4.916577987597946,6.0628423794514745,5.850387124591406],[8.297855283800974,2.550183209299457,9.046578287713416,8.076036905783532,8.955977028006021],[7.98170788120571,8.212844330197939,8.06311974636836,8.027579632349374,8.007435819330166],[2.7238236361869657,3.4889371905894158,3.8096405252314973,5.262150806475179,4.979040742114098],[1.4171646102715234,8.260814728155292,7.84661914404023,6.4118003548543605,7.999056010080699],[8.104109888895575,8.12420998126604,8.02673987838387,8.164279069884243,8.138626928959406],[6.450334209306366,5.202223568418508,8.012266516601983,3.505159535708727,7.584635909437153],[0.13565569709169356,7.438262315788468,0.3781531211666951,6.860461487328254,7.241855615931679],[5.200632443026501,0.6852210290339283,7.221425656044488,7.203056776324503,7.174341581583795],[4.012888819502119,2.463613010349148,5.064770910498735,7.719281130029841,6.9704742740333065],[8.522098926126056,2.921655203103976,8.974609668892809,7.896933551761391,8.967924986784915],[7.641022176315905,7.744426041230083,7.826279952402614,7.89180166600471,7.7367443814833],[5.279912796494008,4.919191493996437,4.3292472451477275,3.064011106294615,2.7783850581396785],[3.1852735525536597,0.8092442914876291,3.9051464515367034,0.4914457825766913,3.730251691705609],[4.9575925889726244,0.6846038959874386,3.14769931160278,4.971641232813392,5.232937853308238],[5.688895278955626,5.257597022066714,4.497110240850889,2.5852212114367155,5.57247376298989],[8.956093303271816,9.006159696605692,1.8704185213327413,8.866265129229175,1.774616651831331],[10.193209397635727,10.010416198736579,10.052489170892304,10.145302599833682,10.099862063232472],[6.686554626662097,8.389470790609927,4.259745423144509,8.326435038966963,8.390205677439392],[3.2602114208002355,0.340355009965332,2.885423909024532,0.510570416592927,2.472883183958608],[8.253300477585357,8.270603281661902,8.332696731877167,8.417821688167246,8.242502261029534],[7.604031477429333,7.291434588534996,6.346350268509854,9.40048819047337,9.43203286214363],[4.386791812156893,4.013899494664008,1.7667547987496073,1.5734123441690187,4.305248995904076],[5.93218238488153,5.369960332331085,6.3945741537752445,6.439414339636405,6.445687840502843],[6.623731650828572,7.968484977653938,8.1308892122417,7.946886298334283,8.178553040441649],[2.2499547308378207,5.990311313670429,6.066198407486754,6.624491448973179,1.9013285360150427],[6.725632802696594,6.698740882662774,6.866228299151913,6.561991392061987,6.710552543449084],[0.2922259474419781,3.099428016309395,3.6377286121739445,3.641489461449995,1.2435375492267515],[0.8196629602873958,4.587284745922646,4.714785252531174,4.4342821217021315,1.376455745311832],[5.300488878109269,5.371529945597118,5.396355606666184,5.420161873804478,5.200200749102729],[9.2112090601281,7.749662528475321,6.8673208228816645,4.7813201222906185,9.037517780746404],[4.131760073214558,1.390360578702517,4.3430644738356525,1.0334305942869206,0.8674248455147947],[5.487141370403426,6.0389198848348595,5.985969605428229,6.1174591111097945,6.123398483013225],[4.5441374443958775,7.073884914308289,7.399032326343175,7.178571828927518,7.300126766014107],[6.2546551357721745,6.537182101354929,0.10155092736332835,0,5.651290383074268],[7.404285736693442,7.151084281380274,7.343838427724158,7.177261607222367,7.252469988082995],[1.685772369994402,3.717582648686387,1.840355734656278,4.875384044626045,4.20199069996498],[0,8.4836202605325,0.9230727387938721,8.774911219188725,8.46415326300922],[8.821711523700094,8.768323090204966,8.794480122715218,8.990748951939745,8.90221096834277],[2.485247799450744,4.265703069770406,4.9883496868263935,3.735019896075557,4.986649938236128],[0.415530169359872,0.6468359630867727,4.327240741062529,2.9858006281535125,3.6756589662597037],[3.671031006650807,3.887509840098652,4.993422946565407,5.187523605371832,5.344992988674573],[2.6452716260229483,4.435339384166162,7.5422968684963445,7.684218244282478,7.6538420012438335],[2.6667256985378014,0.11334808669692942,1.1542637813803973,3.8783978797073324,0.5678944980683156],[7.6564184599114045,7.683332549403968,7.4676420101061165,7.502917156385151,7.565139956793691],[4.883912411830632,7.945752544145372,5.36760037804687,7.734240935254285,7.797243753009355],[2.912209153238382,3.360770590956544,9.062556603970528,9.420110829721922,9.083174767048527],[5.495464795826912,5.467986033739378,5.83605511634242,6.001520769988591,5.881205344179402],[3.088727546889366,1.3628613239468887,4.355239553278815,1.4320635910835626,2.2275232685289033],[0,0,3.6576098335128573,3.665486637692581,3.968282944362114],[3.8596809640117717,3.6561593753628525,3.9870824235799858,3.9625027860479194,3.836519140556021],[4.6848748407008,5.594076731182978,6.411150091648898,6.043055065839832,6.7069005704483775],[6.045554002695972,1.8315960677643872,2.445574305969925,5.976608845497069,5.659026285763412],[6.030157380497764,6.335213833885791,6.198802381760619,6.408351429261039,6.499008454129994]],"times":[[25813,19572,1297,330,2742],[4557,439,266,2762,86],[3935,2312,1450,1051,134],[3725,161,720,1282,1330],[2215,237,983,468,800],[2865,868,300,788,274],[3186,319,143,173,76],[3631,286,913,213,984],[3153,1569,167,303,203],[2767,520,589,158,265],[2001,784,260,13,1438],[1296,215,146,211,243],[2313,796,481,1172,857],[1890,1127,436,454,2259],[2074,842,145,491,302],[1544,203,679,722,188],[2495,254,1331,402,2025],[2087,1265,1266,451,293],[1804,447,85,581,739],[1763,223,1511,412,721],[1855,648,275,139,957],[1883,450,97,604,2258],[2962,870,526,1195,6072],[4259,239,146,205,228],[5703,495,540,127,296],[1552,743,64,142,301],[974,406,210,182,217],[2289,529,167,321,962],[2167,283,619,840,1706],[2581,474,555,128,288],[2562,605,878,572,530],[1672,1303,18,425,510],[2238,150,277,139,250],[1863,466,253,480,275],[1440,239,112,99,344],[1255,479,41,147,96],[2583,424,319,1104,506],[1271,360,340,681,928],[2127,352,205,221,489],[1485,911,1126,633,516],[1842,464,224,423,1008],[2134,160,132,121,229],[1791,447,474,172,328],[1535,492,584,331,5614],[3271,257,238,255,266],[1375,254,266,868,180],[2196,1380,298,448,461],[10212,660,86,92,127],[2143,394,350,1102,295],[1709,1107,241,157,551],[1721,29,54,109,145],[1579,430,2711,190,122],[2000,168,66,131,432],[11118,425,815,120,446],[3261,323,483,707,1499],[1892,666,508,2506,361],[1949,114,149,127,191],[1521,849,209,1146,815],[1510,618,1520,243,251],[1984,156,76,146,241]],