{"actions":[[3,4,2,0,2],[3,5,4,1,4],[1,1,1,1,1],[0,1,2,4,3],[3,1,1,0,2],[2,0,2,5,4],[3,1,3,5,0],[1,4,3,5,2],[0,1,4,3,5],[0,0,0,0,0],[0,1,3,3,3],[3,1,1,1,1],[1,3,1,1,1],[1,1,1,1,1],[1,2,1,0,1],[1,4,3,3,5],[0,1,1,2,5],[2,2,0,0,2],[4,3,3,5,3],[4,3,3,5,3]],"rewards":[[0.48674782133394046,3.3641463750469276,5.681276561318172,2.9698183799617035,5.838908861180166],[1.3132441229756668,0.907794134912585,6.3051369881173,1.346688300524789,6.301699592334129],[8.207176197123806,8.066055556066114,8.114759175626466,8.176620922631235,8.023068628744976],[1.7874967683052945,3.801924376850088,3.871401474897255,2.575486139231372,9.395952795447894],[1.3288504526339286,5.2122852809042675,5.191731429446439,3.606010718965907,6.861250104022968],[5.432193053326523,2.954307642634334,5.616622260087245,3.1005656268699804,10.438928798866973],[4.542492826757189,5.939658176885414,4.551012032157594,4.849000902628729,6.551164947585613],[2.603539003752316,1.923335879546886,4.141608775754693,4.1997017470168,3.4397276034641466],[5.219512374797291,4.991067127078275,0.026863544724623822,3.911310508646428,4.072916330849038],[9.092891389566041,9.037222042161071,9.081231489695776,8.875051364416995,9.138627012921102],[5.809904737476263,6.099230636476063,7.147705501484519,7.261650868797469,7.345600713310518],[3.4035228547891756,7.495038999655043,7.523429973276253,7.391590393041359,7.373774443608727],[6.0496604513162,1.2933397867911889,5.976988154914752,5.869364631004306,6.1332173801346235],[6.6707652314810435,6.485915509030809,6.881195154544457,6.615387664815416,6.930576113747334],[5.22593616852148,3.903178527805759,5.236931700511402,4.745297315996839,4.982364065193508],[2.3051375109635597,1.1382500057191467,5.754485332230713,5.7839595015276615,5.63839178903798],[2.4327068904565774,2.353593844429459,2.329549194306175,3.9207612176723137,0.8670469087651896],[6.023755360148591,6.118923332056343,6.726253091013702,6.913287878499778,6.144498759810455],[3.561250863423019,10.590482106812715,10.755886891532292,9.887540292665182,10.590940376694062],[2.5532187705958362,10.742474595531021,10.545361298800662,9.405379912458287,10.499825062818301]],"times":[[50552,2115,2885,2649,2723],[1865,1192,1133,1521,516],[3327,700,307,207,233],[1293,737,245,674,237],[1157,947,1113,429,164],[570,597,339,690,266],[1951,1149,1226,98,424],[1153,1141,406,200,442],[1218,1847,671,299,68],[274,393,130,56,53],[1066,617,676,404,162],[1597,352,143,7,358],[900,652,596,558,225],[563,219,28,415,221],[791,293,269,134,98],[1213,351,260,211,18],[866,81,133,428,169],[713,457,86,227,96],[1260,14,273,70,32],[1312,38,109,450,51]],"condition":[["poseven"],["poseven"],["negodd"],["posodd"],["poseven"],["poseven"],["negodd"],["posodd"],["negodd"],["negodd"],["posodd"],["negeven"],["negeven"],["negeven"],["negeven"],["posodd"],["poseven"],["negeven"],["negodd"],["posodd"]],"envs":["envs/changepoint/poseven/poseven49.json","envs/changepoint/poseven/poseven23.json","envs/changepoint/negodd/negodd81.json","envs/changepoint/posodd/posodd30.json","envs/changepoint/poseven/poseven4.json","envs/changepoint/poseven/poseven99.json","envs/changepoint/negodd/negodd35.json","envs/changepoint/posodd/posodd31.json","envs/changepoint/negodd/negodd94.json","envs/changepoint/negodd/negodd80.json","envs/changepoint/posodd/posodd96.json","envs/changepoint/negeven/negeven56.json","envs/changepoint/negeven/negeven51.json","envs/changepoint/negeven/negeven79.json","envs/changepoint/negeven/negeven25.json","envs/changepoint/posodd/posodd12.json","envs/changepoint/poseven/poseven66.json","envs/changepoint/negeven/negeven21.json","envs/changepoint/negodd/negodd8.json","envs/changepoint/posodd/posodd85.json"],"money":"3.02","age":30,"gender":0,"hand":1,"experiment":"noncompositional","instcounter":4,"subjectID":"5bb7d8139b5f7e0001d43a6c","studyID":"617b0174ce5353c47cc531c1","eval":[["poseven"],["negeven"],["negodd"],["posodd"]],"regrets":[[5.1224395632743835,2.383011817932129,0,2.535606622695923,0],[5.026626706123352,5.392146110534668,0,5.135318398475647,0],[3.6867942810058594,3.6867942810058594,3.6867942810058594,3.6867942810058594,3.6867942810058594],[7.4793394804000854,5.837561130523682,5.547852039337158,6.911864995956421,0.014098167419433594],[5.429321050643921,1.4651622772216797,1.4651622772216797,3.102043628692627,0],[4.800538539886475,7.432120323181152,4.800538539886475,7.349348545074463,0],[1.915557861328125,0.513725757598877,1.915557861328125,1.3216438293457031,0],[1.5967657566070557,2.5390052795410156,0,0.0896601676940918,0.9231390953063965],[0,0.11653470993041992,5.065547287464142,1.34513521194458,1.255605697631836],[0,0,0,0,0],[1.3904409408569336,1.031865119934082,0,0,0],[5.173580169677734,0.9394168853759766,0.9394168853759766,0.9394168853759766,0.9394168853759766],[0.8654098510742188,5.523563861846924,0.8654098510742188,0.8654098510742188,0.8654098510742188],[0.3773488998413086,0.3773488998413086,0.3773488998413086,0.3773488998413086,0.3773488998413086],[0,1.3001842498779297,0,0.4204845428466797,0],[3.6494576930999756,4.743531703948975,0,0,0.2364492416381836],[1.5690135955810547,1.4800808429718018,1.4800808429718018,0,3.120550215244293],[0.8960633277893066,0.8960633277893066,0,0,0.8960633277893066],[6.928919076919556,0,0,0.5630397796630859,0],[8.02774167060852,0,0,1.0208930969238281,0]],"maxrewards":[5.584796905517578,6.350865364074707,11.794391632080078,9.371881484985352,6.666977405548096,10.371734619140625,6.43943452835083,4.368017673492432,5.284399509429932,9.121267318725586,7.199991703033447,8.409948348999023,6.835114479064941,7.047964572906494,5.18044376373291,5.848013401031494,3.918142557144165,6.92302131652832,10.630016326904297,10.627580642700195],"bestoptions":[2,4,3,5,2,4,0,3,0,0,3,4,0,0,1,3,2,0,3,3],"rewardorder":0}
