{"actions":[[0,5,3,2,4],[4,2,0,3,1],[0,2,4,5,1],[1,2,5,3,4],[0,2,4,3,5],[0,2,4,5,1],[5,3,1,4,4],[5,0,0,0,2],[0,2,0,0,0],[0,0,5,3,0],[2,0,3,2,5],[3,4,1,0,2],[2,4,4,3,3],[0,4,2,5,5],[3,4,4,5,5],[1,2,5,4,5],[5,0,0,0,0],[0,0,0,0,0],[2,5,0,0,0],[2,5,5,5,5],[5,3,1,1,1],[2,5,5,4,5],[1,4,0,3,2],[5,5,5,4,5],[2,5,3,0,0],[0,5,4,5,5],[4,0,2,1,1],[5,1,4,0,3],[3,0,5,4,1],[1,4,1,1,1],[5,1,4,5,5],[3,0,0,5,0],[0,0,5,5,5],[5,5,5,5,5],[1,1,1,1,1],[1,1,1,1,1],[5,0,0,4,2],[1,5,3,0,5],[2,5,0,4,3],[1,5,5,5,5],[4,0,3,3,3],[5,5,5,5,5],[1,5,4,1,0],[5,2,0,4,0],[0,0,4,0,0],[1,5,3,1,0],[0,5,3,1,5],[1,4,5,0,2],[1,5,3,0,4],[4,4,4,4,4],[5,4,5,2,2],[2,5,4,0,0],[2,5,0,4,2],[4,0,2,2,2],[5,2,0,5,3],[5,5,5,5,5],[4,2,5,0,4],[5,1,3,0,0],[0,4,3,3,3],[5,1,1,1,1]],"rewards":[[3.2503933778497442,5.4392421194117935,4.460153477820574,3.93893510168239,5.414827185073533],[8.352068187403724,7.856605683252093,7.867361134861714,3.8788496532491306,3.4480572296625285],[7.696989280827513,7.9262459835943515,5.3418498373530054,5.510226441069438,3.1343716577079634],[4.279568423020491,3.636425117462466,2.930565240077419,2.6323188999886407,2.2900127957886895],[7.816336178149078,7.683662753091187,8.165782664467196,4.393385724150872,3.8440075741391624],[7.9660691121358,7.672983328651086,2.2132511317996215,2.985549404494237,3.096350718194961],[4.067337417538947,5.435264156050201,7.720286748132317,5.045847258020349,4.977634549106586],[3.863831226699436,9.084946867756141,9.060274578322309,9.204977130455983,8.296041748252241],[9.10389230831556,8.367306561987267,9.162539795489788,9.338221687810119,9.195730233231892],[7.659429520678509,7.920046017352394,4.67231292397015,6.12226842310234,7.931324463091379],[6.68727920102049,6.790418752013341,1.9888918144037464,6.792571794965195,3.278129002635264],[6.1415571707855925,5.481270576895207,2.531547752508314,6.882780477661892,6.623372220069196],[6.523807722943999,7.990147560254019,7.833171127711614,7.846935582826988,7.684919572534143],[2.4483108139494565,2.991091784680606,3.2961298910824617,7.819040747402848,7.693553148896715],[7.6337137945014,8.083473693863173,7.860830918887479,8.166163252072682,8.042308898614612],[3.919035280508918,4.633776921771973,6.68522998661346,5.368964977679361,6.499715276519536],[1.450711503849538,9.061980344253922,8.985308681862989,9.223774011736682,9.108887430150492],[9.225217725626981,9.220032054311943,8.97341913792797,9.064686193094287,9.018744237819028],[5.766279406698195,3.9889620297539126,6.864773932728,6.7543539303111455,6.7671317231626125],[1.0889370069792261,8.262157340821567,7.9949766144305165,8.22061124319284,8.377951518108713],[4.193609190605048,5.733841918313738,8.968347191680554,9.065554936752473,9.024421071695775],[5.560509677442892,8.241361002749043,8.349661590653248,6.152423639076625,8.17692123930015],[0.894940776166883,4.854039706113569,4.3900514469546845,2.105501407535419,5.594364920984518],[8.333880660524166,8.192369387148371,8.158290887317635,6.153258996413636,8.181309183020515],[3.9095304273168816,2.4300881069946048,3.1556620767385337,5.774915062807503,5.980458256397387],[0.6055922480557338,7.0613904470880655,1.3605991278721277,6.852300939984915,7.122031704116599],[2.293556975128311,0.6657262803045776,0.7675144203569796,7.587719850788516,7.425801672452595],[4.522551118630449,1.9696879832347247,4.6477188254883135,1.3361851496888837,3.7816147398802573],[5.716665317230322,0.612209094964317,5.648103229401059,2.262250818808035,5.791609176915669],[5.699478136140105,4.610580425339695,5.909258634347687,5.7781107274816135,5.714183574465058],[7.431898688232694,3.9248281004202306,5.809656179461067,7.278828241631174,7.3535219866800094],[0.06173997074427919,8.026548848409865,7.86284380240538,0.45466111246492835,7.887754777113707],[7.996141169489182,7.9206454208653385,7.193181665564704,7.52232721165557,7.462744455361436],[8.643694617718376,8.635431593564986,8.830342695288197,8.77732481540802,8.712051681927562],[9.313310359727696,9.310984776918998,9.156029801893567,9.38540538123465,9.431355388223801],[9.51142663646761,9.307514118643038,9.543523902051843,9.416735896034558,9.469598085032608],[0.523567382001277,4.313372742432169,4.319017177169447,2.730969540020927,2.899741194661005],[5.504629854488948,5.337413695805739,5.624497209391436,1.721577817439595,5.356700300903716],[1.2105945679610497,0.7709396772089978,1.843727546340299,2.617859247161316,2.480664266683035],[5.409802469444645,9.858511337105345,10.022857444513214,9.914214742805786,9.756322271526724],[2.6139285445057916,2.397529257631624,8.31875471981744,8.208598395217763,8.337324595927985],[9.704168653331825,9.626326256263278,9.896355832766844,9.781982779221254,9.770394954767559],[4.980653748358762,1.537751187957322,2.6836531781933473,5.114955024807912,6.236759111116727],[0.36037065552091213,5.5210629729964085,5.545129559119969,5.107702607334503,5.552604041747986],[5.569726172233743,5.498456099428034,2.6120914542770475,5.395238768148438,5.409418337348832],[5.711680977450288,5.2941760615578835,5.054031936470083,5.590116107580119,6.886772313653319],[0.2525161689934718,5.953309836360894,5.843899672747815,5.7106899113895535,5.965810547917771],[5.608607930554838,3.8328013146837057,5.052026678216096,0.020847770730689705,1.2542763754354127],[3.2217864011645174,4.980970004077512,3.720257247690581,2.5204613160420393,4.986128508644794],[10.397010161644467,10.492273198077449,10.391345460423725,10.228250434613845,10.327071563726713],[5.258622949046246,4.8367094347973,5.112459914931046,11.983477032894786,11.656019179149785],[2.9986453132367776,1.5972586687118677,1.7723117720552182,5.269611575851043,5.274510201301506],[5.7942411621037815,1.0280750521548416,5.228163406612832,4.1279195871286705,5.914568557105387],[1.9212093576927864,5.347491263274602,5.892109929184678,5.980380143776979,5.930095600798995],[5.185661882022833,3.784904570945671,1.7906320078712048,5.113321908978362,2.438066507302249],[8.420064505870778,8.505017545203277,8.427120432544797,8.538852091887554,8.406024546558411],[4.333048433665334,0.6108487905265175,4.888075998023433,0.9073026821560155,4.462273372650012],[1.3463625687670595,3.6949712880819816,2.4273022168810567,4.760953321643488,5.005550549731184],[3.5729267003418683,2.8327849409676045,8.702620160025864,8.811869289552181,8.6810449881436],[1.288475080088096,9.424812393095205,9.331873454295497,9.367774388672201,9.373407555273651]],"times":[[65308,2780,3036,1222,2671],[3790,2639,1574,4446,2706],[4515,3581,1138,1204,656],[5536,2067,2701,1246,866],[1650,1070,993,2055,773],[870,859,1079,1530,1815],[3697,3785,1322,10554,956],[1122,655,893,960,495],[1120,705,590,515,745],[1488,1488,825,1782,391],[3201,474,1103,1758,343],[2030,983,1086,738,410],[6612,1211,984,1759,648],[3954,1405,593,566,581],[4321,663,433,604,589],[1954,1344,407,3270,574],[1323,1153,476,456,344],[534,1209,568,321,351],[1924,489,1470,225,428],[1390,840,460,448,504],[2781,1097,592,264,207],[1736,776,397,327,287],[882,1159,423,559,686],[566,426,230,73,202],[1744,495,646,890,281],[720,603,691,200,189],[1512,241,754,221,397],[732,689,711,310,615],[911,896,575,505,473],[604,456,608,360,540],[545,1904,590,385,257],[2145,761,364,487,597],[733,498,1228,667,897],[481,548,589,405,586],[1614,423,375,385,422],[676,285,494,1584,480],[927,258,1800,204,787],[709,103,753,63,403],[2403,536,467,287,391],[652,551,329,543,377],[1991,578,2769,332,372],[2778,52,260,187,396],[630,608,866,402,287],[460,735,622,343,616],[924,148,585,112,404],[490,334,779,270,342],[577,351,657,233,161],[487,322,495,278,450],[704,378,377,990,846],[914,429,286,334,857],[933,291,176,1399,806],[725,287,704,394,311],[1157,473,1169,327,319],[1258,674,334,697,323],[869,679,294,376,531],[457,281,433,392,336],[1475,766,407,567,319],[662,679,639,411,249],[528,603,535,405,309],[1483,1562,272,198,508]],