{"actions":[[5,4,3,2,1],[5,4,3,2,0],[3,4,0,4,4],[0,1,2,0,0],[0,1,2,3,5],[1,1,1,1,1],[0,1,2,5,5],[0,1,2,4,2],[1,2,0,3,4],[0,1,2,5,5],[0,1,2,4,4],[1,5,1,1,4],[0,1,2,0,0],[0,5,1,5,5],[0,0,0,0,0],[0,5,2,0,0],[0,5,0,0,0],[0,0,0,0,0],[0,5,3,5,5],[0,5,0,2,0],[0,1,2,2,2],[0,5,2,0,0],[0,5,5,5,5],[5,5,5,5,5],[0,0,0,0,0],[0,5,1,0,0],[0,0,0,0,0],[0,0,0,0,0],[0,1,2,3,5],[0,0,0,0,0],[0,5,2,0,0],[0,0,0,0,0],[3,0,0,0,0],[0,5,3,5,5],[0,5,3,1,3],[0,0,0,0,0],[0,5,5,5,5],[0,5,5,5,5],[0,5,5,5,5],[5,0,5,5,5],[5,5,5,5,5],[5,5,5,5,5],[5,0,0,0,0],[5,0,0,0,0],[0,0,0,0,0],[0,5,5,5,5],[5,0,5,5,5],[5,5,5,5,5],[5,0,0,0,0],[0,5,5,5,5],[5,0,0,0,0],[5,5,5,5,5],[5,0,0,0,0],[2,2,2,2,2],[5,0,5,5,5],[5,0,5,5,5],[3,1,3,3,3],[0,5,0,0,0],[0,5,0,0,0],[0,0,0,0,0]],"rewards":[[6.391600307573131,6.671279195243377,5.033188563597883,4.191058865116443,3.443075555156219],[1.7660374977285225,6.773547951943939,1.8484360542812728,6.920281245725883,7.112555509120916],[1.714027960087218,6.821442491235918,2.5853971662990025,6.823071853199043,6.802360129484017],[9.855959507884364,8.485788306745485,7.533427677328575,9.842005068625616,9.750552800042286],[3.3482998111315596,6.951405877366071,2.8494024702535214,7.887586587519492,6.738259014128207],[8.551983815782362,8.437744480977058,8.334593271010045,8.43079423063877,8.552572510688247],[1.817724825426903,2.065584436455398,2.7635510300756816,4.653902241436648,4.653980825305724],[4.161591775325463,0.5056364201773663,5.074575189790678,3.6967762001619757,4.7493175696298024],[1.9085862153112771,2.812854249728258,1.5561651721712986,0.0038644284123636533,4.0501861792020275],[4.031148605730033,4.7204836271926505,5.655064156861264,8.394415701183851,8.508925916076846],[3.776181063969919,0.3613736243064182,3.829723932469734,4.654591154036601,4.693267672018674],[4.851635103588468,0,5.204591835978003,4.813271735451836,4.777456656259913],[7.41218690559985,7.217311944462351,5.31395728081394,7.214503685496011,7.187617043387055],[1.648856578173134,4.192910675983145,4.014633237755251,4.38296297827219,4.348815191146168],[7.233171445197713,7.390674432762871,7.275642728091216,7.540157072583186,7.214923969488336],[5.159305056401452,1.2123496521231685,3.1775867052019677,4.970963538970168,5.14107235329729],[7.1707004355877855,2.5383830765178064,7.271890098116545,7.174849722178371,7.224434555621723],[4.954063870892501,4.957095388979295,5.034637154241487,5.008590609479604,5.121741619353053],[2.8362116098587955,6.112439363281628,4.4072047275388835,6.307298736449549,6.171345000133027],[4.457248168892433,0,4.51420212796056,4.10731302530175,4.547326848476301],[2.863189207653919,2.864664532694218,4.478762390278655,4.139833678952147,4.45714760832444],[4.812953975322277,2.5399058956229044,3.5256127137184423,4.992242454046325,4.726450915637508],[3.9889489803821063,10.176906087662912,10.071454508718244,10.157823648269833,10.269986137546931],[10.141104435159553,10.001007090388315,10.133759612877292,9.924362838681402,9.98858251344739],[9.105402352360269,9.055634183083797,9.020892203458796,9.09986837816539,9.045102729144926],[3.421318185106813,0,0.8139575617821752,3.4254676752142132,3.501055809323679],[9.0663031193386,9.147636901215362,8.88833756782715,9.112232331369801,8.862158716637007],[7.7004136951521645,7.741174326899087,7.811455043978538,7.681581587734625,7.731896548273225],[0.43586458658373267,4.10000404379908,0.7200285823135351,4.851303002185769,5.185552581140707],[7.567491067525519,7.755868054814836,7.651287592019771,7.541462026223253,7.717673312698739],[6.333188216744827,1.7443894307277024,4.3495893652288675,6.426673424884908,6.314518172820673],[11.219968247044145,11.268100661441455,11.128471518407606,11.089989634005272,11.185772471585576],[4.174686497973229,6.245832117524645,6.465049719731129,6.441347808308329,6.41369491437471],[4.850176543491843,8.622563542684157,7.292154876245608,8.621974043856385,8.54808356860867],[0,2.110777236055799,3.044218402269863,2.0009070452753126,3.059603280124815],[4.781097711658399,4.8290201637103936,4.786783667071041,4.960426593992329,4.88662488607846],[0.2659528246728909,4.395246678930395,4.205557363573677,4.30487657018791,4.430029090861785],[2.4955572639088093,9.612375329635107,9.735991522137283,9.502859879740557,9.49449535844002],[0.6908601274421249,9.809285347612311,9.65466162625475,9.830658105455425,9.712271452128135],[7.065643190126084,4.3365541038596565,7.438088258530204,7.274520770046446,7.198701829251531],[9.636823293053661,9.491999665979622,9.540512341558104,9.590265583776507,9.61737112553387],[9.660620613988103,9.509956648370602,9.523414922073737,9.452502169629936,9.304396715326046],[5.1909825222645445,8.009362895982171,8.090250018254471,8.088600226275792,8.316749395781935],[4.545985610550773,11.832440490175648,11.80219754512317,11.663489164288244,11.55611790187244],[8.009344042261478,8.184351041151599,8.044779737317402,8.02455555222577,7.917512273063773],[5.68011775234941,7.847954723915371,7.927714884325245,8.059368753076237,7.847708342625107],[4.809377811572636,1.3955233111215901,4.868851807598788,4.959986169251686,4.874536446538902],[4.901520995446453,4.973758343774476,4.842131384486735,4.7655411294356025,4.868217782385416],[2.3495520476604366,6.313707927966238,6.78672908592023,6.511309041465356,6.583660124014651],[1.186507187320043,4.966874818058722,5.1139893705380555,4.948674698450185,4.967272276958657],[5.089397176366509,6.398241826869234,6.372957265936316,6.365208922262246,6.323512499484929],[7.4354115340505995,7.482415227651444,7.605980582065537,7.591711577975603,7.5383262561609845],[1.3837700881964128,5.620450603005317,5.497598693250922,5.60500840259776,5.41006785285524],[5.52534928774077,5.390835481183376,5.406925858812042,5.403269598458877,5.373476566331421],[6.118959423644623,0.3886065404686201,5.878891799229766,6.019358693304757,5.868241108264456],[3.2630261417216624,1.966123771479895,3.0270789877530575,3.319169357592524,3.1021723564414003],[4.233694058389095,1.5028672070472715,4.054268009862655,4.291628986572356,4.275226753100221],[7.286640261102682,5.4935227540666824,7.345923124797107,7.5124143762491045,7.261395013987231],[4.463448812210119,0.43446736313920137,4.625973080796602,4.562233882883668,4.551790637570917],[7.417583438775074,7.506350830189547,7.388987556297801,7.363888568462388,7.444643843861663]],"times":[[24756,7768,2348,2256,1449],[4576,1203,1202,974,1615],[12871,837,1792,380,367],[3980,1648,972,872,794],[7129,3308,954,1644,1806],[4586,735,500,524,481],[3540,566,634,446,600],[2211,519,468,1616,1754],[9959,496,321,737,309],[4032,646,401,733,445],[2967,633,591,4854,376],[7002,1736,359,356,795],[3072,1803,642,2651,451],[21797,6113,3565,619,499],[8950,629,413,351,338],[5226,991,2632,376,351],[3453,599,314,309,319],[2667,2126,314,306,309],[3922,975,2781,313,279],[6339,494,348,1041,257],[1827,1360,340,394,343],[4852,952,2906,298,250],[3504,327,397,306,255],[4464,321,291,245,344],[2374,745,354,280,281],[1997,340,743,289,267],[514,296,265,260,283],[1709,547,278,252,245],[867,300,880,459,707],[2571,258,237,237,229],[1735,866,1375,258,212],[2247,417,297,478,323],[5360,365,293,268,254],[3374,570,4840,597,249],[5176,350,1390,4598,231],[2110,542,215,217,259],[1055,290,1092,204,187],[2073,346,249,171,201],[1157,150,184,187,161],[808,437,48,39,600],[1668,251,165,237,154],[840,46,129,138,153],[2094,495,299,316,239],[1234,187,250,236,246],[929,322,188,211,203],[1519,356,295,204,283],[3010,372,177,174,192],[1187,139,183,186,164],[1938,201,187,182,194],[1391,67,79,77,99],[3955,329,234,214,248],[3084,264,142,179,252],[1771,247,120,231,196],[4496,890,257,228,231],[913,1281,198,176,177],[2255,453,581,93,149],[3513,3230,361,59,107],[1849,2634,293,87,89],[1405,231,118,92,127],[418,158,107,171,103]],