{"actions":[[0,2,3,5,4],[2,0,4,2,2],[2,0,4,3,4],[1,2,0,3,5],[2,0,3,4,3],[1,2,0,3,4],[3,4,5,5,5],[5,3,3,3,3],[3,5,0,2,1],[5,3,5,5,5],[5,3,1,0,0],[5,3,2,2,2],[1,0,5,5,5],[5,3,1,0,0],[0,5,5,5,5],[4,1,1,1,1],[0,1,5,3,3],[3,5,2,0,1],[0,1,5,3,3],[3,5,5,5,5]],"rewards":[[7.777733788484944,8.807161826589597,5.178520399298681,4.189051563777647,5.592288994056118],[11.922083357380716,11.165709087302012,5.0098346357983665,11.782232032139449,11.905363872991376],[1.4866668617245433,0.42918505555776865,4.297696260696061,4.000223025860498,4.113178819913038],[1.43234675437707,6.606819916086458,6.0498270808845165,6.449074473936096,3.5806115192534524],[1.8103332861981167,2.010419331743665,5.419466663709473,5.653165998435277,5.555057118332014],[6.407240603099658,1.952670095560887,2.252813473218922,5.565352846212103,4.867610630902782],[5.7087928955724,6.094843244977694,6.61726234029261,6.408042689635434,6.471445823195894],[4.454464255245272,5.974145456390351,5.896213954602448,5.915423920470945,5.995578444132234],[3.0966199134331625,2.55047406931052,0.6808588653923406,0.5510662658259922,7.380721022043909],[8.148934745549518,7.40942887533173,8.093406915138683,8.05810661295267,7.922004290044128],[5.15898361748002,4.488892194267051,0.703325404484243,3.0541375728974236,3.1236790508555656],[4.292074134152958,2.359374463539289,5.947837535002557,6.028569552501522,6.098256944191364],[3.882751398880742,1.6311432822294443,5.966074794163355,5.840405017554583,5.769626358946459],[2.511493562914207,3.735813562066723,1.3367996220161567,8.319416903198562,8.239086301591117],[0.9486668284321269,8.22361168369197,8.288409790162905,8.087157597980053,8.210716007760348],[2.7345344310107293,6.454658282622289,6.411209114772819,6.278465517447454,6.218213714049351],[1.5126215951604407,4.241681166574227,2.650213837587623,4.242504141487452,4.23625006216559],[6.594108597396728,7.612057433225934,4.85174966520638,4.293431728162726,10.94684337538383],[3.5012954688954707,0.12533378084811136,3.4723222867794963,6.384146090892099,6.343923858154346],[7.2408631163943635,8.465558274145172,8.446768451174536,8.469645208861753,8.575921789592993]],"times":[[25830,1909,4374,575,587],[2018,456,1292,692,491],[1603,255,492,481,1304],[1241,631,2009,1158,356],[1883,245,1851,1801,399],[1991,322,1049,11564,776],[755,127,112,1895,691],[1651,434,306,261,65],[1825,118,516,528,275],[1734,706,230,114,490],[1003,52,594,262,180],[2704,81,1425,292,151],[5008,614,927,80,477],[373,74,337,539,320],[570,417,85,480,35],[534,1203,277,366,92],[2418,832,600,418,247],[684,61,1259,336,190],[1023,817,734,279,103],[475,437,99,399,263]],"condition":[["evenneg"],["evenpos"],["oddpos"],["evenneg"],["oddpos"],["oddneg"],["oddpos"],["evenneg"],["oddneg"],["evenpos"],["evenpos"],["evenpos"],["oddneg"],["evenneg"],["oddpos"],["oddneg"],["oddneg"],["oddpos"],["evenneg"],["evenpos"]],"envs":["envs/changepoint/evenneg/evenneg9.json","envs/changepoint/evenpos/evenpos27.json","envs/changepoint/oddpos/oddpos76.json","envs/changepoint/evenneg/evenneg30.json","envs/changepoint/oddpos/oddpos31.json","envs/changepoint/oddneg/oddneg2.json","envs/changepoint/oddpos/oddpos11.json","envs/changepoint/evenneg/evenneg73.json","envs/changepoint/oddneg/oddneg57.json","envs/changepoint/evenpos/evenpos93.json","envs/changepoint/evenpos/evenpos20.json","envs/changepoint/evenpos/evenpos74.json","envs/changepoint/oddneg/oddneg75.json","envs/changepoint/evenneg/evenneg82.json","envs/changepoint/oddpos/oddpos32.json","envs/changepoint/oddneg/oddneg5.json","envs/changepoint/oddneg/oddneg60.json","envs/changepoint/oddpos/oddpos87.json","envs/changepoint/evenneg/evenneg45.json","envs/changepoint/evenpos/evenpos69.json"],"money":"3.00","age":20,"gender":1,"hand":0,"experiment":"noncompositional","instcounter":1,"subjectID":"5bf735882dd20c0001317fca","studyID":"617b0174ce5353c47cc531c0","eval":[["oddneg"],["oddpos"],["evenneg"],["evenpos"]],"regrets":[[0.8043479919433594,0,3.5384607315063477,4.533071994781494,3.2414984703063965],[0,0.5957050323486328,6.831689834594727,0,0],[3.3034439086914062,4.38659793138504,0.4871997833251953,0.6559314727783203,0.4871997833251953],[5.122763395309448,0,0.5297555923461914,0.2020430564880371,3.047718048095703],[6.529080033302307,6.395508170127869,2.95535945892334,2.6205668449401855,2.95535945892334],[0,4.460230350494385,4.2934489250183105,0.8769850730895996,1.3762421607971191],[1.9300646781921387,1.476816177368164,1.1027617454528809,1.1027617454528809,1.1027617454528809],[1.6353325843811035,0,0,0,0],[4.28579568862915,4.874781131744385,6.7602269649505615,6.745109856128693,0],[1.60693359375,2.145881175994873,1.60693359375,1.60693359375,1.60693359375],[0,0.6074919700622559,4.471982061862946,1.939603567123413,1.939603567123413],[2.3085904121398926,4.5240278244018555,0.7777085304260254,0.7777085304260254,0.7777085304260254],[3.4078402519226074,5.791094779968262,1.4907240867614746,1.4907240867614746,1.4907240867614746],[5.704502582550049,4.37549090385437,6.763844847679138,0,0],[7.189307153224945,0.0020761489868164062,0.0020761489868164062,0.0020761489868164062,0.0020761489868164062],[3.55886173248291,0,0,0,0],[2.8127682209014893,0.08379650115966797,1.744382381439209,0,0],[4.321877479553223,3.311971664428711,6.0468549728393555,6.547577381134033,0],[2.843820810317993,6.282467290759087,2.937985420227051,0,0],[1.6589775085449219,0.28507423400878906,0.28507423400878906,0.28507423400878906,0.28507423400878906]],"maxrewards":[8.666876792907715,11.835404396057129,4.693810939788818,6.508060455322266,8.382233619689941,6.424763202667236,7.548685550689697,5.914103031158447,7.441075325012207,9.612180709838867,5.097179412841797,6.730180263519287,7.406915187835693,8.16006088256836,8.159422874450684,6.331389427185059,4.237133026123047,10.911416053771973,6.454681396484375,8.878067016601562],"bestoptions":[2,2,5,2,1,1,1,3,1,2,5,0,3,0,4,1,3,1,3,4],"rewardorder":1}
