{"actions":[[0,1,2,1,1],[5,3,4,5,5],[1,2,2,2,2],[1,0,2,4,4],[5,3,5,1,1],[5,1,2,1,1],[5,3,1,2,2],[2,2,2,2,2],[1,1,1,1,1],[1,2,0,0,0],[5,5,5,5,5],[5,5,5,5,5],[5,1,2,2,2],[5,3,2,1,1],[1,3,5,5,5],[2,2,2,2,2],[1,2,2,2,2],[2,2,2,2,2],[5,2,1,5,5],[5,5,5,5,5]],"rewards":[[1.8080886696120793,6.093781459616151,2.526238765798433,5.970071523916709,6.055658003526212],[5.947952172053665,4.684142418763937,5.503321558208139,6.030208221022846,5.903243503430662],[3.1425728014611933,10.535835563609664,10.386945518050718,10.58992531991543,10.469188675118362],[4.080734640642973,0.29236849080843036,1.0465084799830586,6.664862012953155,6.5009516658717565],[4.919016441030454,2.437770971585812,4.888101352424744,8.876574023399108,8.806957570245782],[5.220418241806864,5.557979760578219,1.2353406963038134,6.002033934325046,5.858725418438145],[2.4575728248467987,3.731708370985249,1.2961782445288594,7.577287102133087,7.750649156624412],[6.674076174422276,6.413283992083401,6.364555860535809,6.545515982686769,6.517533612018994],[7.136458449599613,7.313608022999408,7.215012519849533,7.279927978084546,7.270286915595824],[1.000396302815302,5.680460096427036,6.1593878764665675,6.26571117677071,6.098189215396695],[7.9708414058307975,8.090415586766845,8.094340339476847,8.228677260501259,8.304656617694102],[8.029006397664684,8.259292812623253,7.881119615287575,7.93517155774627,7.951929619518209],[3.545136595171834,0.6536415808531189,6.852430024876655,7.089627303599032,6.859506134418514],[4.3165641846919405,6.208496459124059,2.05871884430883,7.791406211916141,7.953000212217804],[3.4295622803773513,5.083899528979504,6.854036650939559,6.869047060398954,6.719055084473361],[7.296459626598195,7.433650084133999,7.315882270091092,7.232923083489288,7.239258410301432],[4.4570464236236615,10.675415783963512,10.740758062601943,10.691329749287851,10.724868052919799],[7.39307806179199,7.360216133035705,7.453546892281486,7.515477282675595,7.624394361526778],[5.950867305613835,0.9407760558480011,3.976860690256198,5.904013794990943,5.873156975882115],[8.07548812218695,8.278635846820666,8.247443802026822,8.108354927521793,8.145134255129086]],"times":[[28455,2609,8346,7088,747],[6122,454,1224,2184,710],[3693,645,314,423,327],[6926,716,265,2606,512],[4065,315,82,221,450],[1383,2969,3441,95,413],[2648,287,1036,32,239],[1330,1593,7,49,462],[1188,267,376,158,235],[1186,298,3265,112,276],[3953,182,366,141,206],[2816,130,40,26,23],[1123,678,33,384,208],[952,916,774,507,273],[977,562,354,128,183],[4082,371,414,217,274],[1180,107,112,384,205],[5428,388,35,258,239],[1942,337,157,23,885],[1015,169,37,3,49]],"condition":[["oddneg"],["oddpos"],["evenpos"],["oddpos"],["oddpos"],["oddneg"],["evenneg"],["evenpos"],["oddneg"],["evenneg"],["oddpos"],["evenpos"],["evenneg"],["oddneg"],["evenpos"],["evenneg"],["evenpos"],["evenneg"],["oddneg"],["oddpos"]],"envs":["envs/changepoint/oddneg/oddneg22.json","envs/changepoint/oddpos/oddpos2.json","envs/changepoint/evenpos/evenpos50.json","envs/changepoint/oddpos/oddpos55.json","envs/changepoint/oddpos/oddpos58.json","envs/changepoint/oddneg/oddneg84.json","envs/changepoint/evenneg/evenneg82.json","envs/changepoint/evenpos/evenpos10.json","envs/changepoint/oddneg/oddneg48.json","envs/changepoint/evenneg/evenneg44.json","envs/changepoint/oddpos/oddpos32.json","envs/changepoint/evenpos/evenpos3.json","envs/changepoint/evenneg/evenneg96.json","envs/changepoint/oddneg/oddneg8.json","envs/changepoint/evenpos/evenpos40.json","envs/changepoint/evenneg/evenneg91.json","envs/changepoint/evenpos/evenpos61.json","envs/changepoint/evenneg/evenneg67.json","envs/changepoint/oddneg/oddneg75.json","envs/changepoint/oddpos/oddpos16.json"],"money":"3.18","age":20,"gender":1,"hand":0,"experiment":"noncompositional","instcounter":0,"subjectID":"5c27de12a2b00a00018b2c16","studyID":"617b0174ce5353c47cc531c0","eval":[["evenpos"],["evenneg"],["oddneg"],["oddpos"]],"regrets":[[4.198592901229858,0.005437374114990234,3.445404052734375,0.005437374114990234,0.005437374114990234],[2.088383674621582,3.52392578125,2.6754612922668457,2.088383674621582,2.088383674621582],[7.3296167850494385,0,0,0,0],[3.2076992988586426,6.928552567958832,6.128376722335815,0.7009539604187012,0.7009539604187012],[3.9023523330688477,6.299339294433594,3.9023523330688477,0,0],[0.6056103706359863,0,4.662031173706055,0,0],[5.704502582550049,4.37549090385437,6.763844847679138,0.5106754302978516,0.5106754302978516],[1.2796988487243652,1.2796988487243652,1.2796988487243652,1.2796988487243652,1.2796988487243652],[0,0,0,0,0],[4.904378414154053,0.17175865173339844,0,0,0],[0.0020761489868164062,0.0020761489868164062,0.0020761489868164062,0.0020761489868164062,0.0020761489868164062],[0,0,0,0,0],[3.662602663040161,6.413027048110962,0.2496638298034668,0.2496638298034668,0.2496638298034668],[3.3063645362854004,1.5783538818359375,5.837936878204346,0,0],[5.6248779296875,3.977506637573242,2.3696837425231934,2.3696837425231934,2.3696837425231934],[0.6289677619934082,0.6289677619934082,0.6289677619934082,0.6289677619934082,0.6289677619934082],[6.069276332855225,0,0,0,0],[0.6348919868469238,0.6348919868469238,0.6348919868469238,0.6348919868469238,0.6348919868469238],[1.4907240867614746,6.529086112976074,3.4078402519226074,1.4907240867614746,1.4907240867614746],[0,0,0,0,0]],"maxrewards":[5.950274467468262,8.123309135437012,10.480626106262207,7.282399654388428,8.84147834777832,5.796397686004639,8.16006088256836,7.852025032043457,7.314452648162842,5.980475902557373,8.159422874450684,7.961803913116455,7.183657169342041,7.837818145751953,9.094405174255371,7.891623497009277,10.749968528747559,8.095904350280762,7.406915187835693,8.126660346984863],"bestoptions":[4,1,2,5,1,1,0,5,1,0,4,5,0,1,0,0,2,0,3,5],"rewardorder":1}
