{"actions":[[0,1,2,2,2],[2,1,1,1,1],[0,1,2,1,1],[1,1,1,1,1],[2,1,0,0,0],[0,1,2,3,5],[1,2,5,3,5],[1,2,2,2,2],[1,2,5,3,2],[2,0,1,5,5],[2,2,2,2,2],[2,5,3,3,3],[2,0,5,3,3],[2,1,1,1,1],[1,2,5,5,5],[2,1,3,5,3],[1,2,2,2,2],[1,1,1,1,1],[1,1,1,1,1],[2,2,2,2,2]],"rewards":[[5.626185438596475,2.89866077744075,7.267666110683512,6.884284644565893,6.881397635245284],[4.217819295523458,11.253964398557288,11.177276799377646,11.20572164451082,11.338186959521915],[1.5581301627212512,4.205270954954989,0.5833754985444268,3.9814845643796137,4.052001318518792],[10.89482921156274,10.876128034633796,10.788751854213048,10.894277612539943,10.914969248420311],[6.495844695526511,1.773664431207432,7.437725341921109,7.65148924370844,7.736525885270115],[0.26592078599737584,3.245571416329679,1.8006680298225393,7.293833755013915,9.374513731196856],[0.9940832220389276,4.815565254369418,7.761652275082841,5.820396424285366,7.735885199904254],[0.9733680592160474,7.548604410170663,7.6594596503313905,7.5144021514818355,7.515483949910376],[0,6.388150566337912,1.2018893634316692,4.420843617051308,6.634403448247976],[3.279691800226672,2.647044002991641,0,4.945899387360552,5.020767920512368],[7.897898867196314,8.09558347874122,8.030366572826628,8.10689279001339,7.965256601733856],[2.8759443005702368,3.773605301681398,5.004447255822534,5.225666259175915,5.168491137091638],[3.279039489788483,2.875208114388152,4.748398505659551,6.099861759002914,5.98127581246385],[1.2557502135227614,8.420865551514565,8.295976562225611,8.214209596264201,8.323993120703864],[3.368499936675991,0.6914728343865486,9.197974492772223,9.127145040672527,9.174800528858336],[0.0031827752513348684,4.019141494676293,4.236258257632833,1.2040267054739746,4.362495024312047],[1.1826414718187286,6.414899074686158,6.942239025222201,6.669579769114835,6.608060405432293],[9.127951486358294,9.132915148252575,9.155752869999144,9.284610842000484,9.155826972765272],[8.527943095355424,8.47851217732,8.592209126281885,8.566439164317945,8.565409084753961],[6.840360763528921,6.809922937642787,6.940737245740236,6.827498901113877,6.943598957358241]],"times":[[10769,1842,1480,4918,559],[10880,1094,799,215,298],[7365,1443,1361,1524,220],[4817,452,400,276,286],[3617,620,773,253,91],[2095,515,359,1932,392],[2679,1637,1758,555,514],[1184,405,990,297,157],[2229,375,1516,225,248],[1942,1479,1412,922,695],[1365,2315,40,29,24],[977,1285,208,495,129],[1333,588,599,276,140],[673,625,149,89,102],[791,668,1906,158,157],[1530,858,724,114,63],[1866,658,312,134,395],[258,243,21,62,40],[590,100,7,25,776],[1347,594,50,42,2]],"condition":[["evenpos"],["oddpos"],["oddneg"],["oddpos"],["evenneg"],["oddpos"],["evenpos"],["evenpos"],["evenneg"],["evenneg"],["evenpos"],["oddneg"],["evenneg"],["oddneg"],["oddpos"],["oddneg"],["evenpos"],["oddpos"],["oddneg"],["evenneg"]],"envs":["envs/changepoint/evenpos/evenpos60.json","envs/changepoint/oddpos/oddpos84.json","envs/changepoint/oddneg/oddneg75.json","envs/changepoint/oddpos/oddpos62.json","envs/changepoint/evenneg/evenneg36.json","envs/changepoint/oddpos/oddpos14.json","envs/changepoint/evenpos/evenpos80.json","envs/changepoint/evenpos/evenpos45.json","envs/changepoint/evenneg/evenneg81.json","envs/changepoint/evenneg/evenneg33.json","envs/changepoint/evenpos/evenpos42.json","envs/changepoint/oddneg/oddneg44.json","envs/changepoint/evenneg/evenneg95.json","envs/changepoint/oddneg/oddneg1.json","envs/changepoint/oddpos/oddpos70.json","envs/changepoint/oddneg/oddneg25.json","envs/changepoint/evenpos/evenpos66.json","envs/changepoint/oddpos/oddpos28.json","envs/changepoint/oddneg/oddneg69.json","envs/changepoint/evenneg/evenneg83.json"],"money":"3.15","age":20,"gender":1,"hand":0,"experiment":"noncompositional","instcounter":0,"subjectID":"5c50046b2b89f500015e5f6b","studyID":"617b0174ce5353c47cc531c0","eval":[["evenpos"],["oddpos"],["oddneg"],["evenneg"]],"regrets":[[2.5286178588867188,5.3649561405181885,1.133805274963379,1.133805274963379,1.133805274963379],[7.102288246154785,0,0,0,0],[5.791094779968262,3.4078402519226074,6.529086112976074,3.4078402519226074,3.4078402519226074],[0,0,0,0,0],[0.8462347984313965,5.858324766159058,0,0,0],[9.248173266649246,6.279633522033691,7.882128953933716,2.182891845703125,0],[6.72727632522583,2.997049331665039,0,1.9723138809204102,0],[6.432592391967773,0.04820108413696289,0.04820108413696289,0.04820108413696289,0.04820108413696289],[7.080927729606628,0.5185866355895996,5.752373218536377,2.642118453979492,0.5185866355895996],[2.982240676879883,3.6170690059661865,6.626349925994873,1.3725900650024414,1.3725900650024414],[0,0,0,0,0],[5.212721824645996,4.525262117385864,2.9614429473876953,2.9614429473876953,2.9614429473876953],[2.5654244422912598,2.962786912918091,1.2490787506103516,0,0],[7.037066102027893,0,0,0,0],[5.913249254226685,8.554020166397095,0,0,0],[4.292716530151665,0.1349506378173828,0,3.1049625873565674,0],[5.516151189804077,0,0,0,0],[0,0,0,0,0],[0,0,0,0,0],[0.490114688873291,0.490114688873291,0.490114688873291,0.490114688873291,0.490114688873291]],"maxrewards":[8.151298522949219,11.203508377075195,7.406915187835693,10.872645378112793,7.638493061065674,9.563997268676758,7.7521491050720215,7.5813798904418945,7.118134021759033,6.35384464263916,8.052300453186035,8.153067588806152,5.893767356872559,8.3450345993042,9.182707786560059,4.281488418579102,6.627340316772461,9.200634002685547,8.595057487487793,7.353745460510254],"bestoptions":[5,1,3,1,0,5,5,0,0,3,2,1,3,1,5,3,2,1,1,0],"rewardorder":1}
