{"actions":[[0,4,5,1,3],[0,1,2,3,3],[0,1,1,1,1],[0,0,0,0,0],[0,0,0,0,0],[0,0,0,0,0],[0,5,5,5,5],[0,1,5,5,5],[1,1,1,1,1],[0,0,0,0,0],[1,1,1,1,1],[1,1,1,1,1],[0,0,0,0,0],[0,5,5,5,5],[2,1,1,1,1],[0,0,0,0,0],[0,1,1,1,1],[1,1,1,1,1],[0,0,0,0,0],[0,0,0,0,0],[0,0,0,0,0],[0,0,0,0,0],[0,1,0,0,0],[0,0,0,0,0],[0,0,0,0,0],[0,1,1,1,1],[1,1,1,1,1],[0,0,0,0,0],[0,1,5,5,5],[1,1,1,1,5],[0,5,5,5,5],[0,5,5,5,5],[5,5,5,5,5],[0,5,5,5,5],[5,0,5,5,5],[5,5,5,5,5],[0,0,0,0,0],[0,5,5,5,5],[1,1,1,1,1],[0,5,0,0,0],[0,1,0,0,0],[0,0,0,0,0],[0,5,0,0,0],[0,0,0,0,0],[0,0,0,0,0],[0,5,0,0,0],[0,0,0,0,0],[0,0,0,0,0],[0,0,0,0,0],[0,5,5,5,5],[1,1,1,1,1],[0,5,5,5,5],[5,5,5,5,5],[5,5,5,5,5],[0,5,0,0,0],[0,1,5,5,5],[1,3,3,5,3],[0,5,5,5,2],[2,3,2,2,2],[2,5,2,2,2]],"rewards":[[7.631962148115069,5.390283603807367,5.0654579619026405,7.682740844435072,5.821779806772838],[2.8053465261927504,8.280518891233996,2.819270599385652,8.404844460686652,8.173903966476317],[2.7054795165658487,8.17885529727854,8.209210222758683,8.121010052498551,8.11340963120332],[7.070844193392999,6.952548673007685,7.270800034276511,7.408508683207295,7.105201443164771],[7.801096601214306,7.626920691421884,7.619613295497926,7.699373103892299,7.5342092600040305],[7.602538673809212,7.715022043632998,7.599783831146278,7.755823911029422,7.720707280605015],[3.3548949196598645,4.765209074441554,4.823358211380542,4.682465127182765,4.8833959392007],[0.9272034547395123,5.583423286677534,5.987995755067323,6.0589017546789465,5.931770313932492],[5.710249365822776,5.558249810493023,5.5979263549328735,5.545927102313009,5.718814408653855],[5.534132659624288,5.310424306278896,5.567147636938807,5.392383476441303,5.492953501659777],[5.637582425711564,5.703702057487361,5.611409535538817,5.736325807549767,5.537372585205865],[5.692978019781386,5.601456647307129,5.732277249098791,5.664164492894402,5.737408021504702],[5.43409518010186,5.728712310274631,5.7257278734621115,5.606835489112241,5.711085147939352],[0.8032053614948017,6.666331513274774,6.559384197613276,6.579046611482697,6.617294873637017],[0.8763611944246336,5.973395390520345,6.119450838479259,5.882851196848071,5.94804667782301],[3.9913853259073204,3.683575559666329,3.690784555044258,3.6421562389751023,3.792565674890665],[3.7239807088188055,10.224155602092589,10.368002504025537,9.97166879613852,10.240385387116895],[10.23150256105748,10.25915339442526,10.163792676600723,10.120920920009914,10.318716773925814],[7.9861014259000065,7.9251502789014765,7.873104663227434,7.758688504134958,7.797456960922538],[6.7618752604498855,6.892437448125259,6.794081668680897,6.844388140024744,6.731241342394745],[6.814315745638808,6.736765641151285,6.7946446571890275,7.001450029794418,6.9829752190999805],[9.16328459563562,9.420284090167618,9.264839968415618,9.191282412200568,9.150068093178703],[4.76607901117561,0.10906317225504335,4.64458531421819,4.985770036435422,4.537791480267902],[4.600570583802765,4.620518040319407,4.616956116598082,4.69204039734069,4.706392703422594],[7.102515677511963,7.141109942760316,7.127522050298229,7.307497484665005,7.015102099798767],[3.8027916869545044,10.05562115493874,10.012642953466537,10.135208429633137,10.087890722262458],[10.037953198414241,10.055334713773597,10.01617803596176,10.034529587016923,9.878201765321323],[6.984186056335638,7.0317394028656866,6.998239350578187,6.903476808394963,7.018384608403321],[0.5899142214400716,7.775488300804778,7.4556418340323045,7.742665651380538,7.6420407356244935],[7.769954131678633,7.754495418258105,7.7511737618750765,7.642322794199141,5.025613786905258],[3.3230855294030697,7.267721780234651,7.116181962249711,7.254289958592596,7.128641423178292],[0,7.578655372229102,7.633675287377125,7.490032323177757,7.47509527425344],[7.139406886886547,7.424781831180108,7.16052066761168,7.083827776194768,7.104548166739577],[3.745048508701302,7.3376366689493775,7.040072941788533,7.200909561902456,7.20780336779925],[6.606392687115934,1.040053033157791,6.7001282298572535,6.932255984202622,6.7083030676069],[7.157025309713179,7.110759045159117,7.112154378236246,7.0510347231100345,7.180632222778048],[7.617867634378117,7.61019542808905,7.4740112355654205,7.686624217074548,7.660348586348597],[1.9702536305810652,5.67501179382647,5.624279530360517,5.696979530504477,5.621628241211097],[6.533692413564554,6.74714647776212,6.46859684865047,6.50870119777359,6.53906708522947],[3.6595688560894506,1.8642679581749613,3.634159763848166,3.4913147346441424,3.7085769550447005],[6.257424969298853,1.5024935565472375,6.366301858453953,6.211780806911439,6.185052871735716],[6.3240600062405985,6.203999416544801,6.354487416044705,6.164234088479218,6.2839909278724235],[4.90705535548674,1.3685054432390609,5.2027510579969585,5.170375201683247,4.945644736609688],[6.124681122302648,6.338061224021932,6.21841210885194,6.399569500188615,6.42192404791739],[6.488270796348838,6.394978042278251,6.389866088026724,6.358321362405094,6.291034716685106],[3.7318732688759293,1.9482879346695205,3.7868348466699513,3.836940501467838,3.65909849140705],[5.867614132185072,5.74543423318206,5.866328545536502,5.94765222206365,5.820516899820162],[6.033032584640444,5.87467181869346,5.9490578777858625,5.91637536268945,5.8376341818247415],[5.761644099506164,5.535382733835882,5.672045570923578,5.652500775670481,5.899316611925699],[0,5.334112933178544,5.435950247782024,5.40656341428007,5.384302109808913],[5.927885964533664,6.077874989762149,5.936250783603921,6.065647030454649,5.797445632629591],[4.248238432455713,9.472977218868339,9.210187100534428,9.252722854592214,9.263918551304672],[10.406994703551268,10.277395702489567,10.314979027638694,10.653776529569694,10.407785936473298],[9.439650507667594,9.399744990456343,9.339352195025699,9.35497883536335,9.450008027157018],[8.918994673445626,4.672737658585336,8.779882567531168,8.852902017145206,8.72169648896554],[2.831063468227977,5.6554485728813715,5.987157047523335,5.781026874913233,5.805613077369832],[5.397972694660069,6.851291907677336,6.643802730851407,4.549363638942868,6.7787844489375475],[3.1724804740911607,5.593247505504847,5.55493979277403,5.403463071026251,4.0508810385955805],[7.760284628425479,3.8643451131111086,7.860475959152661,7.920243469148142,7.815624546720694],[7.7959062515612905,5.45028653745645,7.929206403185217,7.828618045941381,7.844192944538247]],"times":[[40733,5464,15267,5741,3274],[10215,487,36188,3878,344],[5365,392,1294,115,316],[5458,1614,238,274,379],[3372,704,487,363,332],[2189,542,347,298,298],[1233,2348,1097,292,302],[1891,1647,3728,299,325],[2369,549,297,299,329],[3412,449,133,192,333],[1088,327,222,305,334],[1265,264,181,117,398],[2531,951,137,621,218],[896,4406,226,148,355],[4900,357,358,238,374],[1620,497,354,258,340],[1121,470,362,164,314],[528,270,114,98,186],[1362,264,83,43,29],[932,523,233,99,640],[778,2887,169,247,155],[1333,349,162,149,225],[1143,747,479,281,618],[1290,269,276,252,304],[1538,257,194,266,320],[822,1190,349,205,335],[1817,156,90,172,299],[2035,350,162,94,273],[1318,189,1964,259,225],[2384,233,323,240,2834],[2859,1598,408,171,35],[7264,1994,328,231,300],[1558,143,397,301,338],[1703,319,242,1178,337],[1875,453,492,215,288],[2737,398,185,234,626],[1231,678,156,572,610],[1885,2448,728,656,425],[2510,1954,200,96,301],[2796,1856,1869,441,638],[1717,1917,324,235,309],[855,337,165,203,319],[2072,1523,351,409,349],[1383,754,338,274,275],[625,232,234,197,204],[1412,1883,294,322,170],[1081,397,162,237,531],[1023,163,54,55,284],[1218,352,121,488,230],[1319,1995,154,124,192],[3416,141,116,43,103],[2050,1526,527,186,99],[2016,335,5,6,2149],[1084,79,394,151,242],[1639,409,430,192,382],[1893,1147,4788,1056,95],[7203,255,321,1417,801],[1587,982,730,876,3207],[4210,2402,292,322,722],[2771,1019,71,395,55]],