{"actions":[[0,1,2,3,4],[0,1,2,4,0],[2,2,2,2,2],[0,1,2,3,1],[5,5,5,5,5],[5,5,5,5,5],[0,1,2,0,0],[3,5,0,3,3],[2,3,3,3,3],[0,1,5,5,5],[3,5,1,0,4],[4,3,2,0,3],[0,1,5,5,2],[3,4,3,5,3],[3,3,3,3,3],[0,1,0,0,0],[3,0,2,5,0],[0,1,2,0,0],[0,1,5,3,5],[5,5,5,5,5],[5,5,5,5,5],[0,1,2,0,0],[2,3,0,4,5],[0,0,0,0,0],[0,1,3,5,5],[0,5,5,5,5],[5,5,5,5,5],[0,0,0,0,0],[2,3,5,5,5],[0,0,0,0,0],[0,1,5,5,5],[2,3,3,3,3],[3,3,3,3,3],[0,1,5,5,5],[0,1,2,4,2],[2,2,2,2,2],[0,5,2,0,0],[0,1,1,1,1],[3,3,3,3,3],[0,1,5,0,0],[5,5,5,5,5],[5,5,5,5,5],[0,1,5,0,0],[0,1,5,1,1],[0,0,0,0,0],[0,1,5,5,5],[5,0,3,4,5],[2,2,2,2,2],[0,5,5,5,5],[0,1,5,4,0],[0,2,3,4,4],[0,1,5,5,5],[0,0,0,0,0],[2,5,5,5,5],[0,1,5,5,5],[1,2,5,4,1],[0,2,3,4,4],[0,1,5,0,0],[0,5,0,0,0],[0,3,0,0,0]],"rewards":[[3.091473263016935,4.553533840633491,5.469114871238451,5.6025055879091825,6.786815135417254],[3.4412873107734967,0.8722068797677845,3.775674569875226,3.370580716514751,3.3558109530538682],[5.558869155502353,5.652667428986347,5.5519460316688685,5.477337301765801,5.474741859357195],[7.947372710498066,8.296953379567364,7.056627097921566,6.552461830190157,8.147829978796002],[10.509135891620856,10.392370236659014,10.256970214826737,10.52925050335493,10.509569035777066],[10.308311551493825,10.713083325885558,10.263086695502528,10.453033678054032,10.325235451822268],[6.990374488043903,6.288459370620937,6.219237732444222,6.870584192262285,7.017541659855877],[8.056637748387923,6.981207714890627,3.094147606293225,7.899459422662997,7.88124582854489],[6.106976845516513,8.02996811356054,8.089650516670137,7.936959280357809,7.920742194481778],[2.106650525313117,3.307421309228317,4.530772659978276,4.66342480361089,4.512985813551926],[2.0678589352102725,2.3709926909963746,1.8110984882664758,6.279599160837296,5.900001233201898],[5.691525085740706,2.054587463290951,3.616727995772633,1.8837802760858797,2.205904107475452],[1.0372514673410251,2.255214504626984,3.5692020354785385,3.669164043429493,1.5193332300731657],[5.4598360647089885,1.0218969107654514,5.171021482911627,4.761442329912234,5.368883176203204],[5.199632584966259,5.1913031227217,5.375986494425384,5.305009138321395,5.324496572866145],[4.2115039968619135,3.6358590447261325,4.387625002410951,4.2969593478392625,4.300300146558284],[0,5.268081538017595,4.822169027146576,0.8524849525536017,5.173944792501735],[4.084158280337165,3.6193386212018686,4.13211395815965,4.2639597653637065,4.286831586295339],[3.4208747701890134,2.1323467400018887,5.478344920098175,3.6080314086433707,5.663364348983593],[8.035599028824588,8.152535580507488,7.831517814316342,8.024745881484517,7.892313838661268],[8.010482716510163,8.0422092347984,7.825691812943695,7.843079315447158,8.253693822785475],[6.089229255730241,5.769216854156184,4.8670448605093215,6.003171392624455,5.882398101886998],[0,2.3582380886791547,0,0.2239350303149757,3.220962884145337],[6.060687275257039,6.159553122273465,6.128362179611239,5.977037234655377,6.22035563137585],[1.1766198193793542,3.049667432461029,3.9294776672578346,4.274502950203163,4.44341391848253],[3.215505695857064,7.246204157492784,7.018211036370437,7.2768081075830455,7.404830960531032],[7.3442034953829465,7.24883476487098,7.103056786863717,7.236380007630823,7.219299318300335],[9.604110757227959,9.782256274261538,9.718201740337584,9.676856867826174,9.612201783854811],[2.1857459066213822,5.4892005479355435,6.473579353214342,6.190360391926001,6.214336623526315],[9.632655574259365,9.583355410945867,9.582380349137479,9.777553139839789,9.597844579187141],[4.013820446413251,4.218636656923422,8.030664121958289,8.03386882796362,7.853817728329769],[1.6685726283214832,9.568695238109058,9.77318981210896,9.6357196411103,9.767588571974926],[9.801175015887692,9.758058303873153,9.638580239920971,9.612296165724912,9.715847407738806],[2.3300654849958935,3.0980265412471835,7.210107105790963,7.13310084101505,7.126320699534355],[5.78596875032077,0.5395736492943185,5.505202991412119,4.9930214398736,5.420293390662601],[4.852658718778318,4.6376613657538295,4.727570554410976,4.6929265358999945,4.43567378276104],[5.928709230110954,2.2323484130815654,3.649622495833032,5.839203267538339,5.771835859325307],[4.125635759183059,10.782052182853503,10.749912187896943,10.866311202094366,10.770018635314493],[11.396682213139615,11.242440631008714,11.416439020599615,11.212540686729534,11.281389080440896],[4.98726582983842,3.6901689053708884,2.4331186538463103,4.849189509446609,4.858326791254331],[9.897778366516052,10.130887854980383,10.150627882098865,10.020297673715978,10.091752262862629],[9.993373028016757,9.974810823379089,10.057891037718406,9.94213331360475,10.154626532142824],[5.767437065990518,4.098161936242814,2.7540965249106417,5.493886443330258,5.518383555315142],[0,6.417907721651926,5.994833597576221,6.443875274778079,6.423945597205383],[5.604243360828987,5.722658444323833,5.938574969668013,5.745606468478585,5.785821450311437],[4.33811295923795,5.353059484556736,6.651304717197598,6.800404834763773,6.582706174660776],[4.577639230645261,0.2964226113894899,4.584235094173569,1.629954985240296,4.577187998201744],[6.047878885096152,6.102461072933927,5.967444128286091,6.188671480383537,5.94469303042847],[2.8101612224794965,6.200448643728694,6.101249612061954,6.387629532669044,6.274284400280837],[6.348767403711603,1.4062002655843695,1.6135711260414196,5.55417057489165,6.392486350018288],[2.8933086850045417,4.181184378125737,1.1916615513081699,5.407303059299361,5.520512930718682],[0.6994473708668464,1.0550030204810208,6.085849780886328,5.980742575696197,5.838388751972331],[11.952271793062133,12.090904100744522,12.004010583194065,12.069934240038586,11.820283172605892],[3.3031947258446515,4.788258116883139,4.678350487660022,4.695295364507452,4.50596469734102],[1.2264973303138509,1.7733918626532772,4.120692641856914,4.272161934278354,4.284977252808413],[0.5533158377004135,4.629699723357961,0.9017784453514143,4.07138079926945,0.6198602007102268],[1.1992886306130692,2.100223368653484,0.4971523281639659,3.9522880589639695,3.8368320756372203],[6.345030820226217,5.320108786670902,3.1705634296215153,6.614805245109943,6.372688194006056],[7.689244755580255,1.3987603724445519,7.800407097724487,7.672059529641511,7.6604864143204265],[6.51341446432284,0.4588348516244376,6.7077810971879455,6.443962109990974,6.418566144222102]],"times":[[29018,2432,2323,7016,1055],[6385,998,4751,341,4478],[9526,1289,1116,1687,1279],[7866,815,1018,4179,837],[4911,893,460,642,1109],[1971,584,495,574,574],[6712,680,2349,2217,774],[4889,3812,3390,1009,738],[1923,875,935,583,1206],[9123,327,1406,1174,747],[8862,391,4177,562,3173],[2623,1182,1547,726,751],[7376,659,1296,960,3040],[8315,2165,707,7960,2574],[1513,338,339,370,346],[4486,918,1595,192,407],[3791,6202,1501,2404,1263],[1734,3647,311,708,723],[1955,472,1469,5539,1667],[1869,680,296,333,2921],[2594,97,120,371,452],[3667,845,438,2431,277],[4780,152,937,1682,298],[1926,564,311,298,484],[1612,433,1763,1140,719],[2752,252,723,640,422],[1733,307,283,282,355],[11121,770,421,407,435],[6738,280,1072,1288,441],[869,335,322,733,343],[3642,571,1035,608,432],[7165,126,633,679,1208],[1221,211,292,366,503],[4244,246,193,1367,494],[3627,398,1828,2011,1916],[3458,469,782,684,488],[1562,1220,2100,1232,444],[8829,317,582,413,458],[16769,1149,692,739,557],[2676,385,515,355,327],[4570,514,270,442,377],[1226,99,102,122,346],[7114,1093,656,633,328],[2981,395,702,1177,552],[4129,1189,380,316,312],[6780,323,619,614,3388],[4021,1149,1410,896,849],[4826,411,228,498,311],[2645,537,424,284,629],[3762,523,553,1029,613],[4717,1380,602,1436,2001],[3713,576,633,770,519],[5638,771,973,957,594],[9953,507,518,332,535],[2695,891,464,747,395],[6159,425,1119,672,2410],[4897,559,605,582,598],[2353,1876,560,292,912],[5968,685,382,830,530],[5365,495,563,319,435]],