{"actions":[[0,3,0,0,0],[5,0,0,0,0],[0,0,0,0,0],[5,3,5,5,5],[0,2,4,4,4],[1,3,0,0,0],[5,1,1,1,1],[0,4,1,2,3],[5,3,0,0,0],[0,3,5,1,2],[0,0,0,0,0],[5,5,5,5,5],[0,0,0,0,0],[1,3,5,5,5],[0,1,0,0,0],[5,1,1,1,1],[5,5,5,5,5],[5,0,2,2,2],[0,0,0,0,0],[5,5,5,5,5]],"rewards":[[3.367763657257694,1.2854188721646178,3.616631575527616,3.3883868125462033,3.5838786842505685],[3.2051415912682466,5.438590714026319,5.558623397604427,5.471799222322813,5.478536084779664],[6.93859251474127,6.92140526729001,6.927784754660258,6.7564833854200215,6.8483995451135495],[5.290009811107465,4.6855611111229045,4.953300117339226,4.999262747475923,5.157699240579507],[3.598620803273652,5.258706924392707,5.987443111334746,5.8803751386255,5.988060112737046],[2.815830241378303,0.2945180885025853,4.914256303440897,4.833597341462681,4.711794287599142],[1.5070625762421286,6.111159647343861,6.098374673947791,6.2362583516959305,6.147877223433379],[0.24125730425249364,1.5055976581669974,1.262423815468969,2.8681271159315753,6.342258410277312],[3.7635224226711754,3.628366933550038,6.837453865645904,6.90014866663549,6.793582067821783],[1.1801276503692397,0.939462193919948,1.3744095332686368,1.472931736700319,2.0055221118031348],[4.292183677755268,4.371865815122126,4.26395611592783,4.219062254759214,4.330812462890221],[13.028042748025609,13.1100347219744,13.062696999292744,13.041445507694684,13.075757757414808],[7.085501187269226,7.141634631254517,7.31730476850334,7.175332999116713,7.0137676210223],[4.344233367427845,6.70683992946266,7.151511844868415,7.10933574257076,7.1528966708345445],[4.002206156709701,3.717410166878843,3.9045840060783616,4.006972608912328,3.8515259379259557],[1.891773511962573,8.252354169522299,8.320138747610304,8.291315085369018,8.321992995798256],[9.407715043800655,9.33341887661026,9.33593057148955,9.345253348206484,9.237252090824233],[1.2303659610986966,3.763178520386114,5.343591206276199,5.3767624177863915,5.004196754310732],[5.987860312892091,5.970884054635796,5.974138165150525,5.996617897165701,6.008328323701289],[6.421129849974985,6.197798236128875,6.134802296770215,6.293584701852664,6.381814755104853]],"times":[[35231,8161,1495,2939,658],[4526,2354,954,923,369],[6073,735,1717,523,358],[4044,1381,1725,596,404],[2350,1252,1763,855,396],[4128,1023,1212,423,463],[2454,2057,575,417,434],[6712,1645,802,993,997],[1763,898,5933,354,263],[5342,1138,924,910,625],[1909,432,436,330,289],[2013,350,71,150,174],[2216,346,476,394,370],[1476,1435,1471,232,119],[6094,2356,272,188,296],[1533,2386,265,109,224],[6374,496,412,174,144],[6570,1073,1215,285,296],[1703,284,255,385,728],[1548,307,470,345,301]],"condition":[["poseven"],["negodd"],["negeven"],["negodd"],["poseven"],["negeven"],["poseven"],["posodd"],["negodd"],["poseven"],["posodd"],["posodd"],["negodd"],["posodd"],["negeven"],["negeven"],["posodd"],["poseven"],["negeven"],["negodd"]],"envs":["envs/changepoint/poseven/poseven56.json","envs/changepoint/negodd/negodd78.json","envs/changepoint/negeven/negeven27.json","envs/changepoint/negodd/negodd35.json","envs/changepoint/poseven/poseven28.json","envs/changepoint/negeven/negeven32.json","envs/changepoint/poseven/poseven34.json","envs/changepoint/posodd/posodd38.json","envs/changepoint/negodd/negodd57.json","envs/changepoint/poseven/poseven42.json","envs/changepoint/posodd/posodd74.json","envs/changepoint/posodd/posodd50.json","envs/changepoint/negodd/negodd69.json","envs/changepoint/posodd/posodd43.json","envs/changepoint/negeven/negeven99.json","envs/changepoint/negeven/negeven6.json","envs/changepoint/posodd/posodd30.json","envs/changepoint/poseven/poseven8.json","envs/changepoint/negeven/negeven96.json","envs/changepoint/negodd/negodd65.json"],"money":"3.05","age":20,"gender":0,"hand":0,"experiment":"noncompositional","instcounter":0,"subjectID":"5d72f471515c8b0001ed07fc","studyID":"617b0174ce5353c47cc531c1","eval":[["posodd"],["poseven"],["negeven"],["negodd"]],"regrets":[[2.1014223098754883,4.328359127044678,2.1014223098754883,2.1014223098754883,2.1014223098754883],[2.320000410079956,0,0,0,0],[2.798360824584961,2.798360824584961,2.798360824584961,2.798360824584961,2.798360824584961],[1.3216438293457031,1.915557861328125,1.3216438293457031,1.3216438293457031,1.3216438293457031],[2.2306439876556396,0.5632667541503906,0,0,0],[2.0623226165771484,4.235357403755188,0,0,0],[4.745754957199097,0.033921241760253906,0.033921241760253906,0.033921241760253906,0.033921241760253906],[6.168830215930939,4.901284456253052,5.198822259902954,3.5905039310455322,0.2320399284362793],[3.4068727493286133,3.4965691566467285,0.38484954833984375,0.38484954833984375,0.38484954833984375],[2.9292728900909424,3.217387855052948,2.8341554403305054,2.520018219947815,1.9560604095458984],[2.3304014205932617,2.3304014205932617,2.3304014205932617,2.3304014205932617,2.3304014205932617],[0,0,0,0,0],[0,0,0,0,0],[2.728745460510254,0.35319948196411133,0,0,0],[0.5371460914611816,0.972592830657959,0.5371460914611816,0.5371460914611816,0.5371460914611816],[6.703930139541626,0.25106334686279297,0.25106334686279297,0.25106334686279297,0.25106334686279297],[0,0,0,0,0],[6.640662908554077,4.162558078765869,2.6835508346557617,2.6835508346557617,2.6835508346557617],[2.1284704208374023,2.1284704208374023,2.1284704208374023,2.1284704208374023,2.1284704208374023],[2.2102465629577637,2.2102465629577637,2.2102465629577637,2.2102465629577637,2.2102465629577637]],"maxrewards":[5.596613883972168,5.427866458892822,9.716233253479004,6.43943452835083,5.946019172668457,4.793155193328857,6.230387210845947,6.568918704986572,7.170819282531738,4.061966896057129,6.588045597076416,13.054773330688477,7.106571674346924,7.086849212646484,4.484940052032471,8.569856643676758,9.371881484985352,7.953519344329834,8.102526664733887,8.535516738891602],"bestoptions":[4,0,4,0,4,0,2,5,1,4,2,5,0,5,4,0,5,4,4,0],"rewardorder":0}
