{"actions":[[2,4,1,1,1],[5,3,4,4,4],[0,0,0,0,0],[3,4,5,4,4],[4,2,1,1,0],[1,1,1,1,1],[0,0,0,0,0],[5,4,4,4,4],[1,2,3,2,2],[0,1,2,5,5],[0,5,5,5,5],[5,5,5,5,5],[0,3,4,5,5],[3,3,3,3,3],[2,3,4,5,5],[1,4,3,2,2],[2,3,1,4,5],[1,4,5,3,2],[1,4,2,3,2],[0,4,5,5,5],[2,0,5,3,4],[2,4,3,0,5],[0,2,1,1,1],[1,1,1,1,1],[4,4,4,4,4],[2,2,2,2,2],[2,2,2,2,2],[4,1,4,4,4],[2,3,3,3,3],[4,1,1,1,1],[5,0,0,0,0],[1,4,3,2,5],[0,0,0,0,0],[1,1,1,1,1],[3,3,3,3,3],[3,1,1,1,1],[5,1,3,2,0],[4,5,5,5,5],[5,2,1,1,1],[1,3,2,2,2],[5,0,4,1,5],[2,1,4,3,3],[4,4,4,4,4],[2,1,1,1,1],[4,4,4,4,4],[5,5,5,5,5],[1,2,3,4,5],[5,5,5,5,5],[2,1,0,5,5],[1,1,1,1,1],[5,5,5,5,5],[2,2,2,2,2],[4,4,4,4,4],[2,1,0,2,2],[1,5,3,2,0],[4,5,1,2,2],[2,2,2,2,2],[4,1,4,4,4],[0,0,0,0,0],[0,0,0,0,0]],"rewards":[[7.813688820031758,5.471279548237694,8.0383539332283,7.940405979225214,7.9128674551131],[2.3475617886974867,1.9360450552527326,10.211055584289943,10.225724129188553,10.220049502542567],[9.273675435046625,9.184484791747051,9.059762607602666,9.047924567464365,9.276555461807499],[3.86757269647461,3.3004393973306247,1.5201560376820704,3.3298114371871845,3.1884345448043687],[1.4934459700286882,2.5005059519810073,6.672391431141637,6.747562741801072,1.9494137168997898],[6.596638473258382,6.760981049139892,6.806244062846877,6.723230911507481,6.628195545689196],[7.03406313672795,7.17874243032227,7.031295796995109,7.1211022675632885,7.301939815262725],[1.079312895433464,7.159134969513635,7.080708058858566,7.09726416136889,7.0352069708657945],[1.6872687473035823,6.785592917821765,4.952786624429839,6.7512462905907595,6.714711481852973],[0.7149904850818402,1.449329788559102,2.4115354405620018,4.765998604140858,4.725281888419145],[1.4733048242307658,5.165938992905599,4.914349482967017,5.225624297487301,4.992189022947917],[4.8143111779641075,4.647430327486078,4.812592432717044,4.684650662353229,4.715056424189868],[5.106207211025272,7.530961859232664,8.812196863085212,9.602306011705846,9.857984935184254],[8.30467689080453,8.24924016632373,8.39361360506585,8.174566104182547,8.240516891933867],[1.5881443198508873,7.669695028984973,8.882451366605284,9.904072303076003,9.820571238975813],[4.131516031839973,3.791803258330729,4.695863559751165,4.902209881688441,4.833861470039097],[6.507198326588938,2.1771237618700168,2.263049548004052,7.748047787186614,2.6332114750088533],[2.346000770874739,3.752367765226096,2.744356526370208,4.734660066181398,6.519327950242323],[4.170951530416247,2.024172470033733,4.450385036717747,2.6171316692880486,4.461088847623966],[2.649858662082129,2.7244336446490696,7.850211938731621,7.464961327722484,7.438650884393843],[2.2857845697223884,2.565818049439238,0.9101956427902349,2.6273028103497893,1.8637892177967794],[2.1454444034441793,1.5540251262151519,2.580475325886371,4.077310454793868,2.0713522127639643],[2.895269386607374,3.7529954163002257,9.400727854904652,9.367716576007785,9.334764384222595],[9.288491541955342,9.203703032700746,9.273881934416035,9.203394608621457,9.317128236514838],[6.730365949496617,6.824248161846957,6.882806292880845,6.949589796116293,6.857491267702705],[10.563418212350632,10.382475059224268,10.716875063645691,10.600046649633583,10.57085490056329],[10.669252738644042,10.56556439209607,10.655861415906951,10.614364179035805,10.671002612401356],[6.469423120174149,5.375980825409965,6.325113723137516,6.416088860525582,6.426531692667409],[2.2142849808483933,7.56752877668756,7.5888470637287755,7.651827965822838,7.584043724198889],[6.434528962461858,7.154765099107704,6.94797758799313,7.04182262130736,6.857943280644601],[4.907126193299813,7.361681998475389,7.1325491372023,7.487654313259705,7.361154309920156],[1.0308930470272062,3.9855122384266237,1.6417735352456468,4.04864030713819,0.9777996395371463],[3.9312081481710264,3.9304315289652703,3.973282085986073,3.953301854057517,3.9070319330316257],[7.822666283708194,7.84079599517538,7.882089390462711,7.637150706321148,7.6920140047240855],[8.385326476991528,8.690910017709191,8.510244173374538,8.534848873771583,8.568306986360794],[5.248913541615482,8.400974622937143,8.472071897627135,8.393335726093218,8.493361533341172],[2.5628003888042468,4.3370201255758385,3.192985852234509,3.730420837416531,4.352979560466515],[3.552722051342319,7.171525573005503,7.299903899610531,7.436464656463067,7.357778868143468],[2.406783292295284,3.6576734672137947,7.450072172174302,7.46275544181916,7.377152035235014],[6.421213219276051,4.593337202967958,6.676235161871099,6.616861128965671,6.548029894674372],[4.704702660834702,0,0.4789310369516746,4.3010546535129786,4.824365559363135],[0,4.263612189763275,3.714666142593499,4.68853969057333,4.71910321848982],[6.864622458855279,6.900273894601571,6.709540134305224,6.728058293206501,6.537188650795392],[1.7816722676995171,6.627548186509451,6.634080888950328,6.484883112977102,6.646884449525697],[6.87082789091858,6.842707383226999,6.878754449796065,6.880981305402829,6.832307154180041],[6.478947563656048,6.336306017025206,6.4720453536664815,6.48191854462297,6.414540507578278],[4.654907442619076,2.2674178615181377,4.628835069617312,1.77594915048935,4.399652510092729],[6.311283412759746,6.501624051906852,6.712574588303678,6.413855321419182,6.4088947508377645],[4.285978579412163,4.402600502191675,3.8937529418640326,7.049842788013094,7.200554400594776],[6.361624341364274,6.2345434728250915,6.287084096831267,6.157089242823347,6.346383383637064],[7.090907141389468,7.195048005924639,7.065641166092309,7.096378623938326,7.04102976691563],[7.078439064983323,6.725163137134622,6.902486996316887,6.93151708090089,6.949707432121871],[6.3382030515392085,6.227385797044105,6.338309000562764,6.212960469185033,6.235340900369374],[6.307853507135357,1.2220959141060825,6.078293065831608,6.385231278320979,6.246899470977],[3.935395375481515,0.8023194877803805,3.5096195990966885,3.537327921928024,4.343210546951757],[5.948935312823113,0.17897838006644395,1.2369596705772916,5.951869895823058,5.975441930358464],[5.962637766240205,5.829664277252637,6.12703430268469,6.0002811990306695,6.013620990389655],[5.631179918396103,3.34459745149525,5.781901826524524,5.536317350543794,5.465205364005963],[8.68243738915382,8.530011836086846,8.665975190139726,8.658511048578752,8.518474071239897],[8.528928439841737,8.514592830913896,8.4950081084728,8.53375328281912,8.60034829788931]],"times":[[22235,2074,3562,1812,2625],[3457,3664,1617,705,288],[3661,506,607,1203,1757],[4513,710,1386,4463,799],[2499,1203,602,1719,398],[6171,524,333,447,384],[3714,673,396,545,616],[3588,432,318,390,385],[7321,763,1246,292,544],[2992,606,521,614,348],[3980,834,327,401,536],[4472,452,381,382,452],[5241,4349,488,273,350],[2974,490,352,445,408],[2737,361,270,292,315],[10611,965,618,330,568],[8003,468,490,489,320],[3781,448,323,389,381],[6672,382,640,327,698],[3407,1027,393,340,695],[2274,685,440,638,383],[13057,616,787,718,357],[3742,572,409,363,399],[3772,286,351,901,781],[3688,256,306,409,328],[2921,307,265,238,325],[1395,163,256,282,439],[2738,424,1624,336,618],[1903,337,286,240,457],[1502,359,319,376,551],[4190,674,728,436,738],[3710,430,751,324,1376],[3985,323,371,396,744],[5235,263,820,313,365],[3346,309,345,343,380],[1709,703,256,269,339],[5943,947,640,266,1284],[4698,290,336,347,400],[1103,1779,770,340,345],[5614,1488,303,517,465],[2519,325,671,451,1098],[2028,311,1879,508,335],[5551,426,338,409,755],[4591,345,263,337,357],[1674,247,277,323,360],[1911,120,302,336,633],[1700,352,604,386,328],[1822,296,330,332,437],[3550,475,430,1236,312],[2445,643,356,381,302],[1602,282,312,324,815],[6143,356,325,345,624],[1839,366,352,439,484],[3009,252,296,464,626],[2818,484,1107,438,97],[2597,322,842,554,335],[553,249,229,526,335],[4708,926,2236,425,700],[2820,361,402,302,363],[572,255,265,258,273]],