{"actions":[[0,2,3,5,0],[1,3,5,0,1],[2,3,4,5,0],[0,2,4,0,2],[1,2,3,4,5],[0,1,2,4,0],[0,1,2,3,4],[1,3,5,0,2],[2,3,5,0,1],[1,4,5,0,2],[0,1,2,3,4],[0,2,4,5,0],[1,3,4,5,0],[0,3,1,4,2],[2,3,4,1,5],[3,2,1,4,5],[0,2,4,1,2],[1,2,3,5,0],[0,2,4,1,2],[0,2,4,5,0]],"rewards":[[9.161233912702045,8.121590880935901,4.1156929519409235,2.2503709597449104,9.241892863888625],[5.402192474196383,6.78799334198665,8.477766346855098,1.902093276323484,5.637548709413352],[7.637482236976782,3.0054018180481115,3.2266348466050383,2.314511049543142,7.745057414281291],[5.715504139990224,5.901048997931277,8.162877496077138,5.730877756709808,5.799353067514141],[0.027841006594385598,7.509934917733254,7.023810681115511,7.31641284556139,8.191990364127905],[0,5.8825186964854055,0,5.29017961548701,0],[1.2104078077856941,9.166481188438295,1.0895251722707884,6.353895936334252,5.393844243816104],[1.7981404393737555,5.170580429574203,3.8521275466834517,8.36664999834243,8.282796060245028],[5.229504376642543,6.353319170559987,8.014358438618448,4.077563902060283,12.441753964529173],[2.8932507193335435,5.6991095137180885,6.399419158087746,8.51238508746188,9.137053577426014],[2.980982505346721,6.4606540029111414,3.2544530503160143,3.5227684652157256,4.358002302680068],[7.295571743943649,7.555090918645004,8.565777409660743,8.259511192579751,7.193087139494366],[6.296503461524337,6.454950218280882,5.765088488739101,4.269381911921937,0.6909387278117671],[0.2819322665996415,7.650151136639699,5.353830781761803,6.921121737938596,0],[1.1309783510397151,5.609274811088513,4.118372458341377,8.995067812623779,4.08513194675491],[6.092140296941973,6.0650092681015275,1.84814180992664,5.50550327961445,4.54146707744483],[1.471745308900459,1.4231954361848773,2.8479123320424793,4.257725158152707,1.3890789949095055],[0.6899940650444567,7.6290275481448155,4.243040563215855,5.6624691582646,6.773249018326949],[6.919777962613033,7.435081578795527,4.847085249221813,2.9664375658826683,7.515405674210978],[2.792691463070568,2.012754478973268,8.692435092275957,8.63191307022711,2.974389630314061]],"times":[[22235,6,2823,1754,1614],[1731,771,700,865,526],[2654,669,573,1062,962],[2479,599,443,390,388],[3075,444,422,419,550],[2626,35,426,722,1038],[1906,1121,512,696,602],[13438,1339,314,867,376],[3682,270,463,416,521],[1846,415,397,475,543],[1982,384,477,323,288],[1156,296,428,425,608],[1904,634,312,315,833],[2764,447,529,345,265],[1438,1052,344,365,459],[695,328,516,311,356],[1053,591,422,697,338],[1353,612,382,386,708],[1095,356,748,685,718],[1059,349,360,396,684]],"condition":[["evenneg"],["oddpos"],["evenneg"],["evenpos"],["evenpos"],["oddpos"],["oddneg"],["evenneg"],["oddpos"],["evenpos"],["oddpos"],["evenpos"],["oddneg"],["oddneg"],["oddneg"],["evenneg"],["oddneg"],["evenpos"],["evenneg"],["oddpos"]],"envs":["envs/changepoint/evenneg/evenneg63.json","envs/changepoint/oddpos/oddpos91.json","envs/changepoint/evenneg/evenneg88.json","envs/changepoint/evenpos/evenpos68.json","envs/changepoint/evenpos/evenpos39.json","envs/changepoint/oddpos/oddpos29.json","envs/changepoint/oddneg/oddneg78.json","envs/changepoint/evenneg/evenneg47.json","envs/changepoint/oddpos/oddpos73.json","envs/changepoint/evenpos/evenpos9.json","envs/changepoint/oddpos/oddpos20.json","envs/changepoint/evenpos/evenpos16.json","envs/changepoint/oddneg/oddneg74.json","envs/changepoint/oddneg/oddneg33.json","envs/changepoint/oddneg/oddneg66.json","envs/changepoint/evenneg/evenneg86.json","envs/changepoint/oddneg/oddneg60.json","envs/changepoint/evenpos/evenpos38.json","envs/changepoint/evenneg/evenneg80.json","envs/changepoint/oddpos/oddpos4.json"],"money":"2.99","age":40,"gender":0,"hand":0,"experiment":"noncompositional","instcounter":0,"subjectID":"5dd627d4381b675cc7eb08c4","studyID":"617b0174ce5353c47cc531c1","eval":[["oddneg"],["evenpos"],["evenneg"],["oddpos"]],"regrets":[[0,1.1644830703735352,5.0622358322143555,7.066556692123413,0],[2.954167366027832,1.6654224395751953,0,6.343587398529053,2.954167366027832],[0,4.923707485198975,4.598588705062866,5.558950662612915,0.07378864288330078],[2.952399730682373,2.8014984130859375,0.5109949111938477,2.952399730682373,2.8014984130859375],[8.125488132238388,0.7663717269897461,1.3826608657836914,1.0120391845703125,0],[6.656087338924408,0,6.093318223953247,0.5204038619995117,6.656087338924408],[7.74618399143219,0,7.906143426895142,2.6257076263427734,3.476287364959717],[6.475293159484863,3.040757656097412,4.713339328765869,0,0.006434440612792969],[7.096706390380859,5.962129592895508,4.362362384796143,8.067124366760254,0],[6.119786262512207,3.4207615852355957,2.7491445541381836,0.562495231628418,0],[3.5782082080841064,0,3.301816463470459,3.0074551105499268,1.9652199745178223],[1.2937331199645996,0.9842681884765625,0,0.47109222412109375,1.2937331199645996],[0.1982402801513672,0,0.6553549766540527,2.1595535278320312,5.649080574512482],[7.229969501495361,0,2.0882253646850586,0.765404224395752,7.70493458211422],[7.901284217834473,3.325399875640869,5.0152130126953125,0,4.896892070770264],[0.8272442817687988,0.7565817832946777,4.92515766620636,1.229736328125,2.1084470748901367],[2.8127682209014893,2.878474473953247,1.2511355876922607,0.08379650115966797,2.878474473953247],[6.78003191947937,0,3.153627872467041,1.9242749214172363,0.8225946426391602],[0.4969778060913086,0,2.9042677879333496,4.726633071899414,0],[5.801386833190918,6.688369631767273,0.1483898162841797,0,5.801386833190918]],"maxrewards":[9.239797592163086,8.463699340820312,7.885059356689453,8.602537155151367,8.33470630645752,5.782754421234131,8.994928359985352,8.383967399597168,12.334362983703613,9.136375427246094,6.530951499938965,8.573287010192871,6.4278364181518555,7.578527927398682,9.032623291015625,6.749168395996094,4.237133026123047,7.397208213806152,7.571942329406738,8.68283462524414],"bestoptions":[0,5,2,5,5,1,1,0,1,2,1,4,3,3,1,0,3,2,2,5],"rewardorder":1}
