{"actions":[[3,4,5,0,1],[0,1,1,1,1],[3,5,5,5,5],[2,2,1,5,3],[2,0,1,1,1],[0,3,4,4,5],[5,3,4,2,2],[2,0,5,3,4],[1,0,0,0,3],[3,5,4,0,2],[1,1,0,5,3],[3,2,0,3,3],[3,3,3,3,3],[3,5,3,3,3],[2,2,2,2,2],[2,0,3,3,3],[5,5,5,5,5],[2,0,2,2,2],[5,3,3,3,3],[2,2,0,0,0]],"rewards":[[3.9276492725120784,2.714159505082913,2.428369315739203,6.6303467095621365,0.6463449564090977],[2.148061354931372,7.492529871276216,7.434810933860005,7.6018599277728205,7.45077402716433],[5.811770097758855,7.3017641531036155,7.298587148718492,7.2045182341122205,7.1854230699162205],[5.963278945643754,5.7082379792557,2.687539022768946,4.488629798128497,2.150024291169244],[0.8196466673720351,1.469660762188721,8.434582885121094,8.42531376126927,8.217326587416409],[0.4156631634719111,5.622652727573221,6.573722912174619,6.560945917995558,7.133869892309827],[4.508075152913208,3.4979317359528723,3.991106695542326,7.267237639585602,7.330011576415387],[0,0.020641108532516807,2.7283380801158588,3.5096387735092476,3.3556476632711973],[1.2293592155172002,5.305579757028144,5.37999677084416,5.270233990129194,5.773906112236578],[2.7272938633938626,0.9427797287260359,1.9950086400854448,2.7545533919899845,2.0683741501489874],[4.21779704736064,4.235125679679223,1.3825392373385406,2.3730436466716416,4.190556875516014],[5.465253370893432,3.0477714768461803,4.596449156775855,5.619799977663889,5.539725182367819],[7.499751280152575,7.4308595540159015,7.2641428508708685,7.408951123657718,7.291043975059774],[5.326715278863895,4.3477522255416945,5.219955687954121,5.291947316080594,5.463137319375167],[10.90413706131272,10.981144385475524,10.854353495432498,10.951653451907964,10.802132079088285],[0.45886490617442627,0.3697050949781437,4.807082094477375,4.700817617388801,4.888297865473471],[8.530784128807124,8.384193478746642,8.411408553903689,8.387260341552011,8.333527981968121],[6.717918037174669,5.8338092085896465,6.500288023454736,6.587782696145256,6.678441386819463],[4.196442445233381,6.088694771206659,6.122180533706488,5.964208174049727,6.169525996851223],[3.010138527848184,3.0128802517943645,5.183814043136548,5.00958455721274,5.268793361941217]],"times":[[22261,1077,637,453,306],[1004,804,393,364,312],[1613,750,217,206,308],[1014,252,280,580,552],[948,459,656,115,65],[1974,728,408,400,399],[1001,393,250,694,26],[704,450,821,291,95],[942,277,252,104,1029],[748,299,265,341,384],[518,765,341,562,125],[686,635,565,101,293],[653,196,93,173,235],[1176,634,577,109,71],[679,118,75,44,69],[1805,383,368,38,30],[1248,96,7,40,62],[1369,626,378,442,99],[788,233,133,72,97],[1358,94,121,48,424]],"condition":[["evenneg"],["oddpos"],["oddpos"],["evenpos"],["oddneg"],["oddpos"],["evenpos"],["oddneg"],["evenpos"],["oddneg"],["oddneg"],["evenneg"],["evenpos"],["evenneg"],["evenneg"],["oddpos"],["oddpos"],["evenpos"],["evenneg"],["oddneg"]],"envs":["envs/changepoint/evenneg/evenneg31.json","envs/changepoint/oddpos/oddpos22.json","envs/changepoint/oddpos/oddpos9.json","envs/changepoint/evenpos/evenpos74.json","envs/changepoint/oddneg/oddneg18.json","envs/changepoint/oddpos/oddpos55.json","envs/changepoint/evenpos/evenpos4.json","envs/changepoint/oddneg/oddneg3.json","envs/changepoint/evenpos/evenpos17.json","envs/changepoint/oddneg/oddneg86.json","envs/changepoint/oddneg/oddneg60.json","envs/changepoint/evenneg/evenneg26.json","envs/changepoint/evenpos/evenpos59.json","envs/changepoint/evenneg/evenneg98.json","envs/changepoint/evenneg/evenneg56.json","envs/changepoint/oddpos/oddpos46.json","envs/changepoint/oddpos/oddpos91.json","envs/changepoint/evenpos/evenpos62.json","envs/changepoint/evenneg/evenneg57.json","envs/changepoint/oddneg/oddneg80.json"],"money":"3.01","age":20,"gender":1,"hand":0,"experiment":"noncompositional","instcounter":0,"subjectID":"5de482fda49875047f66a3b6","studyID":"617b0174ce5353c47cc531c0","eval":[["oddpos"],["evenpos"],["evenneg"],["oddneg"]],"regrets":[[2.8050317764282227,4.0414817333221436,4.26265549659729,0,5.745459794998169],[5.47225284576416,0,0,0,0],[1.5071187019348145,0,0,0,0],[0.7777085304260254,0.7777085304260254,3.989403486251831,2.3085904121398926,4.5240278244018555],[7.464564561843872,6.857620477676392,0,0,0],[6.928552567958832,1.631845474243164,0.7009539604187012,0.7009539604187012,0],[2.7062716484069824,3.716750144958496,3.2250194549560547,0,0],[3.9225045442581177,3.64972847700119,0.9524905681610107,0.12462759017944336,0.05791020393371582],[5.647819519042969,1.5626416206359863,1.5626416206359863,1.5626416206359863,1.0266475677490234],[4.726327419281006,6.455901265144348,5.385682582855225,4.713234186172485,5.101435661315918],[0.08379650115966797,0.08379650115966797,2.8127682209014893,1.744382381439209,0],[0,2.2346832752227783,0.8154234886169434,0,0],[1.4180922508239746,1.4180922508239746,1.4180922508239746,1.4180922508239746,1.4180922508239746],[0.6073594093322754,1.5469393730163574,0.6073594093322754,0.6073594093322754,0.6073594093322754],[1.8334732055664062,1.8334732055664062,1.8334732055664062,1.8334732055664062,1.8334732055664062],[5.74328088760376,5.729194611310959,1.2773809432983398,1.2773809432983398,1.2773809432983398],[0,0,0,0,0],[0,0.7761163711547852,0,0,0],[2.939669132232666,1.0623393058776855,1.0623393058776855,1.0623393058776855,1.0623393058776855],[8.029115676879883,8.029115676879883,5.967999458312988,5.967999458312988,5.967999458312988]],"maxrewards":[6.6345109939575195,7.5461835861206055,7.189223766326904,6.730180263519287,8.417062759399414,7.282399654388428,7.246630668640137,3.627657175064087,6.856290340423584,7.3937273025512695,4.237133026123047,5.502781867980957,8.812423706054688,5.954105854034424,12.67068099975586,6.115047454833984,8.463699340820312,6.674830436706543,7.239577293395996,11.032546043395996],"bestoptions":[0,1,5,0,1,5,2,1,5,1,3,3,5,0,0,5,5,2,2,1],"rewardorder":1}
