{"actions":[[0,5,0,0,0],[0,1,4,2,1],[0,2,4,4,4],[0,5,5,5,0],[1,1,4,3,1],[0,1,1,1,1],[0,0,5,0,0],[0,1,4,4,4],[0,5,1,3,3],[5,5,5,5,5],[1,1,1,1,1],[5,5,5,5,5],[1,1,1,1,1],[4,1,2,5,5],[5,1,1,1,1],[0,0,0,0,0],[5,1,0,0,4],[4,4,4,4,4],[5,5,5,0,0],[1,1,1,3,3],[1,1,5,3,1],[0,0,0,0,5],[0,1,2,4,3],[0,1,2,5,5],[0,5,5,4,4],[1,0,5,4,4],[4,4,0,0,0],[0,0,0,0,0],[0,5,0,0,1],[0,0,5,0,0],[0,5,5,5,5],[1,0,4,4,4],[2,2,2,5,5],[0,5,1,5,5],[1,0,0,0,0],[0,5,0,0,0],[0,0,5,0,0],[1,0,0,0,0],[5,0,0,0,0],[0,1,5,0,0],[0,2,1,4,5],[0,2,5,3,4],[0,1,5,5,5],[1,5,5,5,5],[1,1,1,1,1],[1,1,5,5,5],[5,5,5,5,5],[2,5,5,5,5],[1,5,5,5,5],[4,0,1,1,1],[1,5,1,1,1],[1,1,5,0,4],[1,5,4,4,4],[2,2,2,2,2],[1,5,5,5,5],[0,0,0,0,5],[1,0,5,3,5],[5,0,0,0,0],[0,1,1,4,1],[1,1,1,1,1]],"rewards":[[9.05798529724519,4.435305943531906,9.183166010809117,9.07361187662709,9.213610014186164],[0.47439675711479423,5.1883920683146,1.7689919676241097,1.3073770113009309,5.279307580010819],[0.6276390675016812,1.4011282034120864,6.068569834025602,5.980973405476268,6.0704452480042015],[4.582106786832782,7.244125743357557,7.260592256028494,7.195100218074487,4.6469943475521465],[6.202760213635767,6.11732621773373,0.9349220143748961,5.345042413714138,6.209222211619347],[0.7812797151886407,6.270357837864384,6.191453368928922,6.278751349404384,6.176700059824617],[5.932632315791362,5.75335885769305,0.9025233229352524,5.946887160823787,5.879718961400782],[3.4265039266582957,0.7623651813570994,4.37167953753028,4.463013452948971,4.231338700600438],[3.2395012330776636,0.9682717901568223,0.8130782778339429,3.070194261634015,3.349253785693811],[6.270570014159839,6.236439316850505,6.133992078573346,6.3078407155924365,6.252849142491649],[11.682753213164881,11.70166337625652,11.977858704572771,11.927883409775392,11.743893389452904],[6.201596017328633,6.017690839743536,6.2494575674852415,6.139041019431894,6.460811165396144],[6.712516127677739,6.724705932808216,6.65286206986092,6.730007690223194,6.637987203421654],[0.672205636980282,4.435096931867785,1.4659344145284583,5.13644982435236,5.255629341057808],[3.875754481307745,4.880277474265351,4.564203923073269,4.624066484457509,4.769210493241493],[8.905107793057388,8.901001732686332,8.974675516511239,8.930660328097447,8.782036613575576],[0.7969288655314296,1.1916687015937186,5.84339878346047,6.240519959708971,6.107997715910552],[6.794277297314514,6.8336286544163745,6.704333599974766,6.759755647990784,6.855547257133807],[4.430577104949799,4.573591596166891,4.664414299766033,8.177348831014864,8.218865853711069],[9.334536548582628,9.429621284222879,9.312129806953562,9.310986269552616,9.530281810765276],[9.34865628450824,9.414779657953092,4.5231311336378095,6.631259629452236,9.304404002101505],[6.472249632742359,6.292433429970409,6.299443915378819,6.338648620371433,8.248822181197209],[3.517658707017265,0,2.959449142020828,2.6801204639231733,0.16175107881411108],[3.202804948045217,0,3.015752131789024,8.089628926870681,8.108413348783678],[2.4472237326213837,5.45801088544554,5.51101339803645,5.294194684577232,5.212710152335009],[0.6029339520703964,6.625842742797814,0.9564710391001977,6.463437946667011,6.485018740037033],[5.132026458490074,5.132809293440747,6.448410396297654,6.468791209352988,6.472824719144346],[8.131482776988722,8.160222921411224,8.236066828120927,8.036124906233509,8.137306498985946],[7.962787722857297,2.5070576887641702,8.135866447932184,7.923286978414132,1.8388007361062046],[7.870079121841026,7.940108730860835,5.769485354431471,7.9992289925397975,8.059560447052517],[6.7853921516008375,8.450046368024397,8.476021976161219,8.355615708376346,8.30780613541306],[0.23549464996473582,7.47854831272202,6.751276700137864,6.834587797646169,6.843787533061863],[7.658763244975681,7.551046237404553,7.45654225567915,8.449570038646346,8.252342024058295],[3.0543559352850362,6.08813475847314,4.010835350959772,6.056554953235544,6.07874320499594],[1.3171917987735076,7.787052894086059,7.6145725912410835,7.5348623076794405,7.557024993089112],[7.718958311007255,5.828187037162884,7.793646237110849,7.563085291604945,7.712199489483646],[5.686051345107028,5.8089968196657455,2.1538515967159846,5.76636971954437,5.691670300884536],[2.485410355831381,7.488611267094324,7.427964282515022,7.356936027921492,7.713134073190488],[2.069705946821386,7.5163765646547205,7.473664268400035,7.500414027553934,7.462765233669877],[4.982044475383067,4.976130631406892,1.7062643931359844,5.206867582369753,5.155414769870627],[1.9097043673254883,1.429067606910868,5.78253912531274,1.2980818899727677,6.369538379421737],[1.8196966996850577,1.5561596736552916,1.5582402256387569,4.047549052605723,3.3781948516028075],[0.9592879554360075,1.455165678550562,6.024845411652676,5.993541511047388,5.8394265082804155],[6.382688557743093,6.44947055916806,6.485146759842791,6.686892305584849,6.677826919844363],[6.718746446566637,6.400017953955065,6.506382103317211,6.628097598996488,6.521689490782697],[4.959767381201164,5.05766372759292,8.571560255211992,8.7427783130104,8.771043298402535],[10.308958675598964,10.520809636502406,10.52624065222859,10.446020568547869,10.490447853417068],[2.7280374513458625,8.71049797676306,8.594671324117739,8.788507295748131,8.767132680082439],[3.429675500990859,6.466860111596127,6.213608461590217,6.43442177624018,6.335989000156128],[3.5273157583694608,3.508866506201171,9.311278451273793,9.249085927581836,9.216720588194525],[9.342740109834534,6.293059597746265,9.318999059194953,9.255900719154903,9.191474821643032],[4.864040967183936,5.214528888926677,2.2280392168218333,4.586638470481741,2.234573060751485],[3.201999336115808,2.5825921980284763,10.653516914656834,10.570728237012245,10.66167972944391],[10.746435213510994,10.791782072618117,10.748613719908493,10.761844350565578,10.745166610584594],[4.227245046821446,7.617720250327874,7.708233457720133,7.534513216655382,7.645014313205886],[4.1039799656076745,3.996890026454493,4.209746684101954,4.063438789346979,1.1534486047816022],[0.5174749949627684,4.263617106328312,7.723398527229224,4.455736528633655,7.6524662833725925],[5.093764533574313,7.932974208045937,7.5891217303888165,7.892390993822187,7.648693084292403],[2.7928161615185045,8.18755932847761,8.126308843208518,2.937755885848533,7.952923041825154],[8.236526790885405,7.9485241885535025,8.115274864985317,8.063242012989422,8.185456488253806]],"times":[[14944,810,110,245,349],[3359,273,929,324,404],[2623,1006,1106,264,211],[1496,536,171,25,2050],[1158,332,142,2210,105],[2297,260,308,187,119],[1042,406,719,417,95],[1758,387,101,292,626],[2208,308,341,986,308],[1411,186,12,544,476],[872,251,54,81,69],[764,189,61,8,481],[473,135,591,89,74],[2873,301,598,673,278],[763,369,186,78,354],[202,121,489,184,53],[479,240,143,349,312],[790,75,13,353,35],[304,46,461,332,162],[1021,105,48,1592,148],[1347,235,287,238,166],[926,31,29,16,378],[451,473,111,469,756],[1024,375,411,373,35],[358,106,59,258,213],[599,298,498,254,239],[486,254,24,99,25],[268,36,314,244,249],[426,175,37,81,313],[789,86,139,241,28],[778,302,17,293,367],[1615,563,662,117,435],[1342,47,54,297,86],[582,89,775,78,413],[700,89,104,497,41],[647,172,53,21,581],[341,36,242,44,4],[348,132,13,372,1053],[1554,486,85,4,346],[308,201,340,358,187],[632,39,279,249,443],[500,215,160,229,1261],[404,170,10,23,395],[767,427,232,98,74],[1112,54,84,263,172],[376,674,13,49,9],[303,244,455,112,136],[1768,209,129,58,40],[314,56,44,20,444],[228,226,32,53,423],[1185,666,57,4,31],[305,214,25,92,95],[477,307,492,91,62],[1200,142,135,43,72],[312,23,36,38,57],[236,53,50,46,434],[485,755,617,545,1],[349,262,162,50,20],[393,449,195,322,107],[732,113,587,108,57]],