{"actions":[[0,1,2,0,1],[3,4,5,3,4],[3,4,5,0,1],[0,1,2,0,1],[3,4,5,3,4],[0,1,2,3,4],[0,3,4,5,1],[0,3,4,5,4],[0,1,1,1,1],[3,1,2,2,2],[3,2,2,2,2],[1,1,1,1,1],[1,2,2,2,2],[4,4,4,4,4],[3,4,4,4,4],[5,5,5,5,5],[0,1,1,1,1],[2,2,2,2,2],[3,3,4,5,0],[0,1,0,0,0]],"rewards":[[3.0727553674052555,0,3.082306599520951,3.208981267333207,0],[4.373146881702594,5.3822674050179495,4.82349788527396,4.29709356522792,5.531102606330741],[2.503264943628716,2.66662430180562,0.6740582438428744,1.6461104642617908,5.689027559100493],[8.011640784047627,0,7.40710082806901,8.0943991075764,0],[6.946359576228264,7.204395411266459,7.479660829479015,6.907664955231429,7.4798176951603255],[0.9588438633791398,8.936755435253417,1.2786787318319663,5.810601899671737,3.9453681711117325],[0.28742493660023616,4.922502951558596,4.115846057525248,2.70255486957313,4.016324800358691],[10.292570171843453,3.880330608538544,5.17596959336135,6.688738397435253,4.932886337857553],[0.7157138429817804,4.735084261947124,4.780878625024832,4.936178322997314,4.802307044912686],[2.129336249125425,0.8267383542804742,5.162215090273221,5.391775590510452,5.349000220321002],[3.216646382701895,4.021117446613458,3.8166980941541415,3.6502690948880105,3.7257239885882543],[10.375914067130084,10.159753129476327,10.315704567475617,10.215025854829213,10.04632273369447],[0,6.274112676872526,6.147886072794074,6.163246509638278,6.236788949937102],[3.529772910774121,3.3306048747047696,3.270241352333317,3.425268820427563,3.404824863799876],[4.269967013763539,5.277341363476387,5.264873915351081,5.3537954720623215,5.186320590067434],[7.986517253549231,8.131619177929828,8.224023637837604,8.083477617648295,8.166011797047933],[0.5971715769947772,5.762771424064086,5.844199997110524,5.891631455767907,5.713742913619119],[9.685592753303697,9.623165085710692,9.619884414546695,9.526835894406151,9.657063345805796],[1.7681814387645716,1.798083421053344,0.9344989619270496,0.6845802123179133,2.1263504570783827],[6.14317487107419,1.0182946603530139,5.906961644362083,5.938953269285405,5.926599618508952]],"times":[[19021,3140,354,2459,331],[4416,406,853,459,347],[1817,296,203,927,327],[761,115,568,363,322],[1360,573,379,700,350],[1135,568,568,585,461],[929,829,477,396,1215],[776,421,598,314,215],[794,225,619,94,103],[1126,924,150,386,6],[1257,594,320,135,153],[1991,635,141,133,396],[840,20,356,145,117],[1890,200,179,16,13],[1090,420,387,141,3],[1097,129,139,149,12],[689,598,271,104,87],[984,376,147,132,3],[1017,131,727,383,714],[456,141,154,64,86]],"condition":[["evenpos"],["oddpos"],["oddneg"],["evenneg"],["oddpos"],["oddneg"],["oddneg"],["evenpos"],["oddpos"],["evenneg"],["evenneg"],["oddneg"],["evenneg"],["evenpos"],["oddpos"],["evenpos"],["oddpos"],["evenpos"],["oddneg"],["evenneg"]],"envs":["envs/changepoint/evenpos/evenpos94.json","envs/changepoint/oddpos/oddpos83.json","envs/changepoint/oddneg/oddneg4.json","envs/changepoint/evenneg/evenneg67.json","envs/changepoint/oddpos/oddpos37.json","envs/changepoint/oddneg/oddneg66.json","envs/changepoint/oddneg/oddneg53.json","envs/changepoint/evenpos/evenpos23.json","envs/changepoint/oddpos/oddpos95.json","envs/changepoint/evenneg/evenneg71.json","envs/changepoint/evenneg/evenneg61.json","envs/changepoint/oddneg/oddneg68.json","envs/changepoint/evenneg/evenneg97.json","envs/changepoint/evenpos/evenpos85.json","envs/changepoint/oddpos/oddpos63.json","envs/changepoint/evenpos/evenpos60.json","envs/changepoint/oddpos/oddpos34.json","envs/changepoint/evenpos/evenpos93.json","envs/changepoint/oddneg/oddneg10.json","envs/changepoint/evenneg/evenneg44.json"],"money":"2.94","age":40,"gender":0,"hand":0,"experiment":"noncompositional","instcounter":4,"subjectID":"5e34fca77169144cf210501c","studyID":"617b0174ce5353c47cc531c1","eval":[["oddpos"],["evenpos"],["oddneg"],["evenneg"]],"regrets":[[6.501482725143433,9.889475107192993,6.526731014251709,6.501482725143433,9.889475107192993],[0.9270105361938477,0,0.5401792526245117,0.9270105361938477,0],[3.19455885887146,3.1699132919311523,5.032677114009857,3.9667093753814697,0],[0,8.490743398666382,0.6348919868469238,0,8.490743398666382],[3.830227851867676,3.398690700531006,3.295992851257324,3.830227851867676,3.398690700531006],[8.020663976669312,0,7.901284217834473,3.325399875640869,5.0152130126953125],[4.768001034855843,0,0.7946467399597168,2.158661127090454,0.8846321105957031],[0.3923797607421875,6.626072406768799,5.43656063079834,3.9073257446289062,5.43656063079834],[5.969695091247559,1.8887763023376465,1.8887763023376465,1.8887763023376465,1.8887763023376465],[2.9352874755859375,4.468615889549255,0,0,0],[0.7413725852966309,0,0,0,0],[0,0,0,0,0],[6.372182607650757,0,0,0,0],[2.1086413860321045,2.1086413860321045,2.1086413860321045,2.1086413860321045,2.1086413860321045],[4.922947883605957,4.01801872253418,4.01801872253418,4.01801872253418,4.01801872253418],[0,0,0,0,0],[5.091314256191254,0,0,0,0],[0,0,0,0,0],[3.8146612644195557,3.8146612644195557,4.747224032878876,4.844678819179535,3.587731122970581],[0,4.904378414154053,0,0,0]],"maxrewards":[9.727662086486816,5.3179612159729,5.680726051330566,8.095904350280762,10.77060604095459,9.032623291015625,4.962287425994873,10.595619201660156,6.766855239868164,5.250376224517822,3.9588284492492676,10.234977722167969,6.246024131774902,5.531051158905029,9.302886962890625,8.151298522949219,5.782910346984863,9.612180709838867,5.622610569000244,5.980475902557373],"bestoptions":[5,4,1,0,1,1,3,2,5,2,2,1,2,0,1,5,1,2,1,0],"rewardorder":1}
