{"actions":[[0,2,4,1,5],[0,1,2,4,5],[1,3,2,4,0],[0,2,4,5,3],[1,3,5,2,4],[3,4,5,2,1],[4,2,0,1,3],[1,2,4,0,3],[2,1,0,4,5],[2,1,0,5,4],[2,4,1,3,5],[0,1,2,3,5],[0,2,4,3,5],[1,4,2,5,3],[2,0,5,3,1],[2,1,4,5,3],[0,2,4,3,5],[2,0,3,5,1],[1,3,5,2,4],[0,2,1,3,5],[3,5,1,2,0],[0,2,4,1,3],[1,3,0,2,4],[4,1,2,0,3],[0,2,4,3,5],[1,3,0,2,5],[3,5,0,2,4],[0,2,1,3,4],[0,3,1,5,2],[3,5,4,1,2],[1,3,2,5,4],[1,3,2,5,0],[3,5,1,2,4],[0,2,3,1,4],[2,4,1,5,0],[3,1,4,2,0],[0,3,1,5,4],[1,2,0,4,3],[4,3,1,2,5],[1,3,5,2,4],[1,3,2,5,0],[1,2,0,4,3],[1,3,5,2,0],[1,3,5,2,4],[1,2,3,5,0],[2,4,0,1,3],[1,3,5,2,0],[3,5,1,2,0],[1,3,2,0,4],[1,3,2,0,4],[4,1,2,0,3],[1,3,5,2,4],[1,2,4,0,5],[0,2,1,3,5],[1,2,3,0,5],[1,3,4,5,2],[3,5,1,0,2],[0,1,3,5,4],[1,3,4,2,0],[1,2,4,0,3]],"rewards":[[5.6955580995789274,4.0195130785810385,2.7288441117305493,5.708863754920122,2.732164451489704],[2.6473094154825594,0,2.2903344155939065,3.98243843354241,0.6690483390393948],[5.387272577316257,0.9085145135927751,4.07414270875316,3.9156279796199525,5.702673795726016],[3.5730725914312216,4.795651029494859,7.565427446320057,7.508017247581008,7.329170845845435],[9.237959572562177,9.895732616824182,9.790112132544245,2.4338099827879427,2.17108904468922],[10.079110285464381,2.167083968101442,9.709248215334117,4.922685168270242,3.814379581075807],[5.7634530795185945,7.055348955446359,7.796663787967231,6.695223326802214,6.006219118421934],[0.4850287196929111,6.3708392480295295,6.133450067995372,6.338059931513492,0.7935001442766254],[6.9702860182178865,6.788478101497284,7.7709756088947834,6.4794526521399085,0.5894752093312263],[6.263049938039873,5.9969269560019525,8.5583700109996,5.403040099784355,4.660360313977634],[0.9832420619563875,0.2953699134551115,4.834989113850324,5.039288002033286,4.749046881942688],[8.239988648251028,5.936086815779157,6.3062438602836375,5.090252681304112,4.860937454140117],[2.791932349341728,3.206097159855817,3.7821082601024942,4.452829810117185,4.455859575148932],[0.5507886524660119,2.023586970029983,2.7934809736188773,0,0.30421270136014344],[3.2085516775204908,2.5944287085871056,0,0.354321432422094,2.9915232448765146],[4.083617113016604,3.598072234256677,5.970292286415669,7.125815178389513,5.930381284587303],[6.684834618334515,6.452568278853712,5.753850859863371,1.213671080550652,1.1138789570552667],[4.135074947875498,3.411066102901821,1.1133770246772419,1.1270838952391955,3.425166884041411],[7.038035889391375,6.959572101017411,9.450126316381478,7.3309927131834245,7.917699004744223],[3.25349993944229,3.045641168878834,8.70808963279419,8.210557517646816,7.887046428777787],[8.181695158614158,8.016952619162028,7.088569874490912,7.46485441239735,5.9639330946286835],[8.634468819067457,7.195438043726071,4.969658466682881,7.85599385509705,6.1572560696416945],[1.3332623640345576,1.0499236212187824,5.643176563258291,4.813678070331871,6.2656522168612625],[6.219918385002454,7.913705015805265,7.151150510504431,8.365383976607033,1.1505918695579898],[6.0457865804722974,6.889544294856639,8.112419817829085,7.69856516442396,9.601928955651468],[11.480382118006041,10.988036727926245,4.848051103186132,3.9120006021835407,10.21390473405272],[10.846150742908996,10.439922158839257,6.21799519805712,6.936029184444444,4.1825034912730805],[8.908651481918561,7.8018634603355075,8.303225312600302,6.846822516762631,5.0046198643232795],[0,7.529494774455628,7.112410966956816,8.137387594149772,0],[7.436532592108177,8.155481935988643,0.4787376266411006,8.483351633629928,7.765731507950174],[5.506340759165757,3.760296638759762,3.8012645610901563,2.310491741236401,2.732042191007741],[10.856286065243578,11.240941469584019,5.146208221625591,10.479749825974961,4.000405145387206],[11.18364639077557,10.617499749295664,5.2486145494109975,3.92358503534523,4.6630101318043184],[0.38707145046667674,2.489676614511284,3.406232878573577,1.332236623009593,3.955737564768302],[3.9681564379829353,4.748530295963492,0.1649475378199348,1.0751022645135333,4.171128702254132],[1.0571452126238967,1.4512807571002397,4.944637862055674,2.4675085613955083,0.30620226757945546],[4.63902716397918,6.326684604115217,4.596820274467713,7.638052387448837,6.662417081131668],[3.9434759544164644,9.100149754931996,8.52365577342694,8.02368315213796,2.5167362561564963],[7.896646184393643,2.749327904417611,4.555400765229222,5.6840988914878245,2.1057430441750564],[5.694147659698642,7.845612737162089,10.12423218627833,6.514940040458851,9.520556000582916],[4.675294985933754,5.194792152952226,0.26069303615928635,3.385855355057948,0.5569784557189843],[5.569515500595028,6.519993563820202,5.883715654921568,0.32004808724701794,4.87929930877969],[7.804901810371737,6.179629424862917,5.935171533357294,7.442992976440547,9.15944045622513],[4.037422015713325,4.5296819331409335,3.9325699712379008,10.756420524037859,10.91289353392549],[7.589067230622068,7.522789258488862,4.4996176675487085,3.869416219308907,9.063413273616211],[6.711044988224186,5.010534123130473,9.000927979370777,7.140997056868609,4.696213432426654],[9.930993980511863,11.23822189858514,10.212996124487661,4.1046983982484715,4.188642693932619],[11.25170293762947,10.316400889838999,7.034624310813628,6.376281530776771,8.915893594511767],[8.096402648372305,6.317992635211244,7.269692062250058,8.597153299065194,6.086452170350324],[4.194815034107002,3.9347867668876435,11.39501575132084,10.993711537829647,10.789183064668746],[10.871579824537505,8.07569934615632,7.462495060657626,8.72225092921545,4.023494561316118],[5.243387028501989,7.093332999286842,7.918771639295088,6.651447482752148,8.008898484414837],[0.7713930034084774,3.2265852242106576,3.2862939103367075,4.684716653435185,0.41294927270218545],[3.7510253797826523,6.724942738638685,5.1795632302013,1.1518261877851899,0.45178542414092127],[5.0765091379449165,5.333888083535475,3.9066558063312096,6.011747389571254,2.4929161356614222],[4.400905885124061,5.7350614920272225,0.5234112622066422,5.679471702207521,0.611626678750521],[5.589124249363516,5.845183733999562,5.1109228215955005,6.181892897343567,5.232843300539485],[2.0458151677501224,2.072242746316962,4.3582919583942825,5.565019169788936,4.335152469503404],[4.6030345949461475,3.374848616955565,0.9842247212385679,1.2515171013701645,1.0985694048075436],[1.9945660362230606,3.427687263361725,0.867729896800454,2.0977025323013527,3.4525867678513356]],"times":[[15163,4744,4428,3710,2661],[7730,884,5579,2269,2953],[9830,1603,6824,2798,652],[5318,1311,1429,1740,1277],[5496,1834,1392,1988,2931],[5227,574,3392,6074,1544],[7525,1290,1460,1721,2813],[4796,4471,1145,420,3485],[5870,605,1321,3102,782],[5154,1700,895,4060,445],[3200,1128,3438,469,734],[5685,307,1262,1009,282],[8701,1617,1579,917,363],[5524,2740,2108,1373,1249],[4304,1618,4614,1267,1616],[4669,792,5508,1784,1554],[2890,1335,1359,1752,1758],[4186,245,2078,1102,713],[2999,1369,389,1235,382],[2965,669,848,941,1881],[1875,804,903,374,348],[5651,1745,1160,609,809],[1406,863,1322,825,910],[2892,2527,310,271,4880],[8341,923,875,765,432],[2813,1338,430,475,1986],[2541,350,4007,810,1032],[4016,650,1632,911,509],[9642,2174,968,633,1850],[1834,406,538,1939,439],[5549,1007,1024,2012,586],[2393,1568,1414,1947,2044],[1950,312,2583,556,1113],[2250,2387,394,561,1008],[3140,1490,2611,424,3121],[2912,1387,1488,1305,559],[5644,517,1146,1354,630],[1758,1030,1129,936,4662],[9160,984,728,914,744],[3133,1454,993,893,373],[2913,490,1687,711,1454],[6153,289,824,2101,453],[7387,1096,1008,1074,1508],[4076,890,555,831,480],[5388,1327,2304,312,831],[3556,630,317,735,1059],[2872,877,465,581,335],[2435,303,1549,497,1616],[5662,1114,1053,262,1140],[2408,371,759,416,2977],[2904,650,277,89,5401],[3040,1604,1092,416,401],[2198,986,412,271,1740],[2381,587,1511,1159,508],[1763,2450,601,503,6019],[3322,898,1157,507,601],[3112,475,590,457,253],[4138,1804,376,761,403],[1772,911,1333,1407,884],[3344,1217,2174,544,771]],