{"actions":[[0,1,2,3,4],[4,3,3,3,3],[4,4,4,4,4],[3,4,4,0,1],[4,3,5,0,0],[1,2,4,3,5],[4,3,5,2,1],[1,0,2,4,3],[3,3,3,3,3],[3,4,5,4,0],[0,2,4,4,4],[4,3,3,3,3],[3,1,1,1,1],[3,4,1,2,0],[5,3,4,1,1],[1,2,3,4,0],[0,1,4,3,2],[1,4,3,5,0],[2,1,3,4,4],[4,3,3,3,3]],"rewards":[[2.148943963668801,2.958653543624707,2.4491786219742377,2.3598279616866735,8.688779643345766],[3.8567728094398164,10.524695786369195,10.652502412700384,10.549034182928187,10.643145888823478],[9.080750128159544,8.701069684192124,8.888166063746276,8.697210751960302,8.916845331517868],[0.691250707288921,8.262319333169131,8.275008081592395,6.45880761925763,5.186097228563629],[6.882807116731637,1.6595056855468486,1.3357022160786673,4.601365280830386,4.6250204348422255],[4.970529008395739,4.884684871216321,0.172223310048292,5.017551695644875,4.653437190521289],[2.2635149197132782,5.970214941999321,6.769075074108302,6.819327393724019,8.902927955529917],[4.728712913651311,4.6513489785356565,5.058887802798662,3.921995612750136,11.960522748650328],[11.679606762698437,11.638971182212844,11.549632099702391,11.690761310557766,11.502885202273635],[0,6.335421926973218,0,6.518267638886275,8.210569023212575],[1.635830459724176,3.001720129151897,8.641090555557842,8.807985180007503,8.511733556971356],[2.8669848000970304,8.913924925251566,9.071296179754613,8.935969644991188,9.122933923842407],[3.2144985818823475,7.174809359761999,7.261543411457563,7.11635140683776,7.286980328976831],[2.3522549122005025,4.324850720825744,3.1524135451453943,5.486249949541294,4.475869774865144],[0,0.2567845962444235,4.679443655669878,6.9445721649198875,6.874740567396607],[6.619121602126541,5.515019779905079,5.022892143449185,1.1378983891204524,7.27909057437782],[3.969466443757595,4.064003738664224,2.907393164718369,5.830594260943191,3.0423489090594953],[3.0544254767266428,5.258874444061032,0.5201861017715237,0.1505224242663717,2.15422517996226],[3.485988412500998,4.581237056975139,1.3622017251591827,3.5654379659576425,3.3226479547778167],[0,7.748906974707225,7.765166033708919,7.941656916373687,7.844720674588623]],"times":[[196234,736,918,7392,126],[6041,1598,1622,937,156],[1133,890,107,253,136],[45077,176,534,570,444],[842,420,118,295,289],[291,82,173,122,116],[689,63,197,953,59],[285,1062,127,145,110],[631,21,112,133,133],[792,73,105,285,57],[643,795,29,189,132],[706,210,86,144,153],[2546,383,96,22,105],[333,60,35,81,1031],[519,163,36,39,105],[244,186,202,121,488],[219,279,193,170,483],[221,97,53,79,93],[614,157,286,100,62],[368,597,81,100,143]],"condition":[["poseven"],["negodd"],["poseven"],["negeven"],["poseven"],["posodd"],["negodd"],["posodd"],["posodd"],["negeven"],["poseven"],["posodd"],["negodd"],["negeven"],["negeven"],["negodd"],["negodd"],["poseven"],["negeven"],["posodd"]],"envs":["envs/changepoint/poseven/poseven75.json","envs/changepoint/negodd/negodd8.json","envs/changepoint/poseven/poseven40.json","envs/changepoint/negeven/negeven12.json","envs/changepoint/poseven/poseven70.json","envs/changepoint/posodd/posodd48.json","envs/changepoint/negodd/negodd21.json","envs/changepoint/posodd/posodd87.json","envs/changepoint/posodd/posodd64.json","envs/changepoint/negeven/negeven10.json","envs/changepoint/poseven/poseven95.json","envs/changepoint/posodd/posodd5.json","envs/changepoint/negodd/negodd22.json","envs/changepoint/negeven/negeven26.json","envs/changepoint/negeven/negeven38.json","envs/changepoint/negodd/negodd79.json","envs/changepoint/negodd/negodd63.json","envs/changepoint/poseven/poseven45.json","envs/changepoint/negeven/negeven46.json","envs/changepoint/posodd/posodd42.json"],"money":"3.06","age":20,"gender":1,"hand":0,"experiment":"noncompositional","instcounter":0,"subjectID":"5eacb9950c7a9532645a3dca","studyID":"617b0174ce5353c47cc531c0","eval":[["negodd"],["poseven"],["negeven"],["posodd"]],"regrets":[[6.471605062484741,5.917832612991333,6.332624912261963,6.385576248168945,0],[6.928919076919556,0,0,0,0],[0,0,0,0,0],[7.637883305549622,0,0,1.7628021240234375,2.9776992797851562],[0,5.115192413330078,5.80503523349762,2.0545578002929688,2.0545578002929688],[0,0.04782915115356445,4.86747208237648,0.031202316284179688,0.22144126892089844],[7.3644797801971436,3.6767001152038574,3.092831611633301,3.0630898475646973,0.9730901718139648],[7.311343193054199,7.493063926696777,7.024019241333008,7.966501235961914,0],[0,0,0,0,0],[8.07237927056849,1.6172380447387695,8.695763170719147,1.6172380447387695,0],[6.9062511920928955,5.388723611831665,0,0,0],[6.233851432800293,0,0,0,0],[4.142529487609863,0.12569570541381836,0.12569570541381836,0.12569570541381836,0.12569570541381836],[3.35741925239563,1.2121796607971191,2.2224369049072266,0,1.009389877319336],[7.100140571594238,6.8227695524692535,2.555302619934082,0.05587959289550781,0.05587959289550781],[0.28124332427978516,1.574531078338623,2.141585350036621,6.1074488162994385,0],[2.135402202606201,2.220349073410034,3.3881466388702393,0.4466409683227539,3.2870023250579834],[2.1748435497283936,0,4.903242886066437,5.226256728172302,3.446922540664673],[1.2365055084228516,0.16888141632080078,3.4151177406311035,1.245772123336792,1.245772123336792],[8.438669681549072,0,0,0,0]],"maxrewards":[8.754888534545898,10.630016326904297,8.888525009155273,8.2415771484375,6.811249256134033,4.982150077819824,9.808697700500488,12.026665687561035,11.561854362487793,8.102374076843262,8.594832420349121,8.979390144348145,7.3054633140563965,5.563185691833496,6.986082077026367,7.219491958618164,6.218003749847412,5.287034511566162,4.807246208190918,7.829853534698486],"bestoptions":[4,3,4,4,4,1,0,3,3,0,4,3,0,2,0,0,5,4,0,3],"rewardorder":0}
