{"actions":[[3,4,2,5,4],[1,2,3,5,5],[5,2,1,4,0],[0,5,3,1,4],[1,5,2,4,0],[2,2,4,2,2],[0,2,5,5,5],[1,2,4,4,4],[5,5,5,5,5],[2,5,0,5,5],[4,4,4,4,4],[2,0,2,2,2],[2,0,4,5,1],[5,0,2,4,1],[2,0,0,0,0],[0,5,1,0,3],[2,2,2,2,2],[2,2,2,2,2],[2,4,0,0,0],[5,0,1,0,2],[0,2,0,2,0],[0,2,5,0,0],[3,1,5,0,3],[3,4,5,4,4],[0,5,5,5,5],[3,1,3,1,1],[1,5,1,5,1],[1,5,0,4,2],[0,5,0,0,2],[0,2,0,2,0],[0,0,0,5,5],[0,1,1,1,1],[5,1,5,1,1],[0,5,2,4,0],[0,5,3,2,5],[5,4,3,2,1],[0,0,0,0,0],[5,0,3,1,5],[0,2,5,3,4],[0,5,5,5,5],[4,5,5,5,5],[5,5,5,5,5],[0,5,0,0,0],[1,1,1,1,1],[1,1,1,1,1],[0,5,5,5,5],[1,4,3,5,4],[4,4,5,5,5],[5,0,1,2,3],[0,1,2,3,4],[5,0,4,1,3],[0,0,0,0,0],[5,4,2,4,3],[0,5,3,3,3],[0,5,5,5,5],[1,3,4,2,0],[5,2,5,5,5],[5,0,5,5,5],[1,1,4,1,3],[1,1,1,1,1]],"rewards":[[4.654433293653345,6.749097409634213,4.409008697570455,6.289090176440554,6.756760736987642],[8.219447013731216,2.903145642107771,7.984605704314498,9.099555332153422,8.866839588398062],[6.626533957500893,2.9298270723509803,8.287331582340029,6.782101276424294,2.98233655385902],[5.1614558591251525,1.652660593005953,2.7420651188488705,4.045097122987923,1.9245543943223902],[1.2976938533829339,0.7754245993421265,5.859978735141498,4.152812809340496,5.25247648826546],[5.832341191709942,5.8291845708890895,1.9230697321191372,5.805607502794811,5.910126300602837],[4.393676020699107,6.5624215614616475,9.037762850817565,8.879231327275992,9.06347234040367],[2.0865413152805274,5.898290102609559,5.764521909331425,5.737315691925653,5.799023346469357],[8.867330565945737,8.911696593473216,8.933928157922955,8.733271630848169,8.918214177189101],[6.068638601129332,7.3355864189065345,3.853964520886594,7.351623206549484,7.586554252817275],[10.159584471220262,10.083419537772038,10.066146341449414,10.224990817659924,10.089841421133826],[9.77123119180378,9.6442956132003,10.075895576029305,9.769228565936059,9.877651864442432],[3.3321339712812263,4.893143120069544,2.0125702141448,1.481631312842959,4.414034753198464],[1.6084780646968764,5.927677560741013,4.9018082429360215,5.761667716792303,0.7560361113787162],[4.986572071221906,6.019756892359105,5.8960788729843605,5.909325968128374,6.039129806624134],[4.66515436897074,2.188493461304119,5.242642462650548,4.568429714152937,2.816808475465484],[10.719394136802855,10.817794053310594,10.70181895095582,10.832686387297308,10.798164684382195],[10.652442288827453,10.678340895817314,10.618025828646001,10.548320754406099,10.630790638539587],[6.845412990360396,5.47155259227547,8.092040802350798,8.060700121641949,7.871974157661693],[2.422426044037688,6.554458174479911,1.8897751630220208,6.7589526296871405,6.031261906921411],[6.7280148157009005,6.05305365732611,6.706113706304385,5.95732946044492,6.946644606056984],[7.604328472601898,5.976475062240174,3.634417034999365,7.5496062154943635,7.582527053647517],[4.395124710588444,4.601918479041357,5.148155380321663,1.2346174775099616,3.986878330198278],[5.038317825984,5.211739179977238,3.7358059112301736,5.3385105989984565,5.2947541917981145],[5.484497478688659,8.27860055487748,8.350059436265179,8.252656329108566,8.183156579051799],[8.495845298888103,8.61911442207086,8.30568513439077,8.712509061274124,8.513545079045498],[8.60677857584743,8.388620723799407,8.579371767065355,8.185040124323699,8.628079587658688],[3.944239188196902,5.889202433284967,2.834615566004205,6.193743043725138,4.568244427456335],[7.632706066145462,0.8606184906110569,7.648666914950645,7.683795089105794,7.633246938450352],[7.528417710590881,7.22259085783665,7.7043809532765115,7.56188985831908,7.4154070809219075],[3.9852530563003286,3.9664129983174305,3.9668364757027117,6.975726248939463,7.021235768607242],[3.5752866185144123,8.094763979817248,8.011759353117256,8.091029397048276,8.132929129843896],[6.970345060784492,7.937116176114974,7.023311363182551,8.280260686730971,8.055217029591253],[6.18516173293587,3.4885328516943157,5.328588905360742,4.299724268273584,6.214818809080597],[0,4.5751154281032465,3.8320322238958866,1.4055465229100195,4.508278688718077],[3.396170622870012,4.1580967849895,4.4888893012556546,1.4895255360556152,4.7998965743686535],[7.794948804828821,7.777685506793366,7.705839519952694,7.819112774691386,7.609870955477249],[6.491674398938539,1.1803046911961748,5.8689009297179515,6.369473198046591,6.612028436570956],[1.2838813352801874,0.050328136556532184,4.986141814306592,5.770255072097664,5.464910154632398],[4.975032257289775,9.82364245064904,9.88178038449653,9.961306824289293,9.939310662274046],[2.6222704057761113,9.213019152369796,8.993166897482007,9.211630721114453,9.159587705939025],[9.98405845195579,9.887924551152855,9.929282460818694,9.907267622963714,9.75410179690452],[9.027160990424925,5.618302179971796,9.002767321812588,9.099780086963769,9.00177081304396],[10.156909920515265,10.275755977900577,10.19551605484302,10.261887305231907,10.225290740616094],[10.237774729513058,10.41273259505372,10.185843423806643,10.189044823387066,10.315877128950925],[4.295438341761267,8.140949284850818,8.08753339886865,8.083840151992865,8.319147711719122],[0.32288382017081685,5.686209238791815,0,0,5.827308146203806],[7.104352547868667,7.280544597210731,8.299194334224634,8.272229462307005,8.23256334196125],[4.3923894766906555,6.80818007847244,6.653419746785066,6.537955634576831,5.979563576797121],[6.4267806150323015,0.612341371327917,6.519607019601257,1.11604304535351,6.86491212796397],[4.332784945032151,6.339071457567126,4.955392874533065,0.5131442979147212,6.035459005881823],[9.080662290455413,9.07731278565797,9.258810622684559,9.041295720552519,9.186267549955922],[4.285594953625047,1.4099594330205267,0.8827966506307161,1.4610799665180778,4.325782026215893],[1.1247114930820572,4.890394244260656,6.187877572738664,6.041760196473118,5.957176842766607],[3.043365376101106,7.190246112614354,7.247388521864497,7.1714112484999575,7.177524568479964],[2.9194981433620617,1.1705983545999363,6.55652179498463,5.9698428061631255,5.570367612507771],[7.309281355370115,5.928610425886625,7.36732206492122,7.160851914198846,7.16436509930273],[6.126539985759,2.0498436156892015,5.8996687320425965,6.083041126056098,6.045223149973678],[8.112614171756414,8.336218119351297,2.5144062881700884,8.179329687854779,6.686274714643236],[8.155080650630751,8.301095090151376,8.118379741261109,8.329996447022923,8.151761858781832]],"times":[[21085,1814,3010,3063,982],[2137,1018,2265,4063,3436],[3163,2574,1082,1078,2974],[4453,1005,4394,642,1064],[1713,1123,2703,2351,967],[4313,1632,2032,1039,407],[4407,1371,927,1023,544],[3852,2078,2703,712,571],[1547,138,59,26,122],[3944,2506,1944,553,259],[4329,1065,73,10,271],[2533,1174,732,399,431],[1531,840,1969,442,669],[2435,720,3264,2471,2632],[2802,411,627,361,268],[2175,717,761,1327,2414],[2409,659,342,279,209],[803,50,51,401,530],[1444,766,786,542,443],[2831,752,1275,423,1106],[580,3160,346,449,643],[3229,1387,395,418,353],[2781,1073,1288,1027,1650],[1892,530,363,499,385],[4744,464,457,448,323],[1553,1512,608,346,383],[875,384,376,377,640],[1377,4270,1632,817,1089],[961,1567,575,228,937],[943,378,530,381,466],[1408,4134,819,330,368],[3519,1314,523,334,359],[712,302,283,111,186],[1564,383,1746,1023,494],[2432,207,2603,1418,903],[2073,506,1459,1192,839],[7943,994,395,329,1202],[5410,302,1315,1291,305],[1415,1554,361,739,466],[959,430,390,242,695],[5857,2338,1089,642,514],[495,127,30,39,78],[4911,586,112,98,26],[544,543,337,295,361],[829,86,391,344,474],[4205,353,289,329,350],[875,629,2217,760,1088],[917,247,138,145,174],[1059,231,3590,398,506],[479,121,376,153,97],[469,192,336,145,967],[779,360,137,277,398],[904,255,810,1048,968],[669,607,641,293,294],[787,256,512,297,198],[1666,1481,518,864,951],[801,29,72,385,59],[869,358,295,246,75],[1187,687,462,264,570],[619,425,123,3,29]],