{"actions":[[0,5,5,5,5],[5,5,5,5,5],[0,5,5,5,5],[5,0,0,0,0],[5,0,0,0,0],[5,5,0,0,0],[5,0,0,0,0],[5,0,5,5,5],[5,4,5,0,5],[5,0,0,0,0],[5,0,5,5,5],[5,5,5,5,5],[5,0,0,0,0],[5,0,5,5,5],[5,0,0,0,0],[5,0,0,0,0],[0,5,0,0,0],[5,0,0,0,0],[5,0,0,0,0],[5,0,0,0,0],[5,0,0,0,0],[0,0,5,5,5],[5,0,5,5,5],[5,5,5,5,5],[5,0,5,5,5],[5,0,5,5,5],[5,5,5,5,5],[5,5,5,5,5],[5,5,5,5,0],[0,5,0,0,0],[0,5,0,0,0],[0,5,0,5,5],[5,0,0,0,0],[0,0,5,5,5],[5,0,0,0,0],[5,1,2,4,4],[5,0,0,0,0],[5,0,1,2,3],[0,0,0,0,0],[5,0,0,0,0],[0,0,0,0,0],[0,0,0,0,0],[0,0,0,0,0],[0,5,0,0,0],[0,0,0,0,0],[0,0,0,0,0],[0,5,5,5,5],[5,0,5,5,5],[5,0,0,0,0],[5,0,0,0,0],[5,0,0,0,0],[0,0,0,0,0],[0,5,5,5,5],[5,0,0,0,0],[0,5,5,5,5],[5,0,5,5,5],[5,0,0,0,0],[0,5,5,5,5],[0,5,0,0,0],[0,5,0,0,0]],"rewards":[[3.1002245325182862,7.743702238040258,7.80974630502744,7.797495304023311,7.728210871885763],[11.622534417003887,11.699039709357379,11.620597811625128,11.684933972839797,11.766453631321541],[3.0606774293791728,11.690204650742597,11.769969674472755,11.679034004596025,11.694342512698766],[4.468254994569931,7.896250749209559,8.023374325761662,7.917143989276701,7.9160351878509845],[2.3518147018639266,8.173440121351534,8.13903956633232,8.072562499714897,8.128497300597896],[2.336134648477392,2.4908437315993344,8.029990027711497,7.91537766042219,7.885774561427329],[5.1225861778920985,8.85106262391497,9.146880102625108,8.808754302721393,8.847666180634048],[5.960742405416219,0.7015550545710352,5.904274270135712,5.864076897109037,5.903201815794814],[5.9318816945523825,0.4827628888377668,5.742614130775912,9.028693988787936,6.019215185590849],[2.0700448041821717,5.325505793256332,5.218380242984189,5.1071257236651295,5.177148839244715],[5.32590318263667,0.26616595398349946,5.325152518324694,5.22476525764134,5.237010431511695],[5.2877604308676,5.3878377270788995,5.306908634068104,5.228212535321382,5.390186655980658],[4.919920570541306,9.138516589286906,9.153218551207909,9.133184671227175,9.0571342292281],[6.663154595308203,0.5556450777466772,6.687085704295699,6.586533675952068,6.553901586169538],[6.552250895426416,9.120322064457358,9.129840239802954,9.20479354487763,9.176280998257395],[5.727012059656048,6.895930270192828,6.674953137610117,7.174699614565421,6.7229408803997694],[4.897591124642556,1.5778979956215933,5.13858075067873,4.86364027128943,5.0567423388731445],[1.5364499416050248,6.910695774043697,6.848490297241608,6.794629501727391,7.058878735944539],[8.003067104211706,5.737730663515537,5.646098350059177,5.699780711014741,5.623232914222797],[0.4488136444016551,4.356649597647707,4.326877981463121,4.299505512022307,4.468352834219845],[0.556672732790063,5.645653727603234,5.710715985984541,5.85563431067636,5.911178135885756],[3.5605975718002574,3.2020680644613733,6.371240356926052,6.4030253252703355,6.409300811565376],[6.8982945984319874,1.7603779174918317,7.305304212329881,7.1062924809792225,7.178586844729137],[7.205338876418302,7.065128286386243,6.993229875734791,7.304124277412224,7.334602050726856],[4.9301803086947835,1.754303574212511,4.774856366712312,4.920263491525965,5.211290817540631],[4.238571131718561,1.4579093635255285,4.293452171607773,4.2963518005859,4.529075530990202],[4.36062366709312,4.398334491246023,4.308634114052516,4.041469264897623,4.41941193424665],[5.123855701258854,5.093512517266381,5.152226335637307,4.989281342586342,5.127186419060573],[1.120212319451039,0.9295041094920311,0.9857867070279145,1.2344793662503408,5.330688530201125],[4.148952044407636,1.0328799560439275,4.077674182309236,4.371416163011663,4.2600029252787515],[5.107587702473832,3.4574309762136366,5.243272768347566,5.321973559283873,5.1644104780999],[0.11306446005000143,2.9909169112623055,0,2.8202327495817805,2.9420658162932045],[2.9118076143880267,5.277818585950668,5.131291857395829,5.1800794595386,4.996975204490397],[2.6941551579996963,2.726934263140094,7.026256510149005,6.8619356505493,6.799251073167855],[0,3.4823104078670455,3.6380065192116606,3.559407311118226,3.572261433648024],[0,3.5835467882926384,3.9369829813734754,4.403349365448625,4.464424231918688],[1.077345164878123,6.2986919135941815,6.48762383469722,6.298902431390402,6.3805477546128975],[2.056706178778054,4.734841811018454,1.5591325280955965,3.4986139737668167,1.900591084855199],[6.357204057538784,6.590555051550842,6.407509502342021,6.510399608833957,6.461046044473317],[1.316749238847233,5.1463277533314145,4.875713405174188,5.1089954627119365,5.3061562158115585],[7.751626500430748,8.012989553168644,7.750577309633107,7.826469466864713,7.6775059797657255],[5.060861728792314,5.046072134636223,5.043853327121092,5.0249101459820675,4.893329703112586],[2.7134122122050086,2.8575779041808733,2.9194256011806843,3.0285745848941854,2.9349242129560325],[3.875774783030276,0.5126631533148507,4.068843228523018,4.031308033363222,3.967438555564481],[2.665621029208737,2.7944674469634556,2.7965146361299587,2.9540301162048164,2.8543545459906317],[3.6193403269089446,3.6530955320294956,3.7702933636829794,3.6871209341621793,3.8586546270079616],[1.5322179695062608,5.4751078744324335,5.4729441473223055,5.601202938999833,5.435492722615153],[5.555958228119477,3.667508519452105,5.474017254258017,5.58555254061504,5.768868218564117],[1.8943132646024123,4.682160509747798,4.726337839362778,4.627653635922254,4.6227268805846915],[1.3511728568787347,6.165808869180162,6.352150213861523,6.282009140816379,6.103288171875398],[1.0555126042643044,4.577609989334217,4.6481357100232055,4.67269435636638,4.7082280562456305],[7.806128981144571,7.6162921736026705,8.132425607099842,7.854577403101628,7.711467084158787],[0.44225604820729053,5.092815742097557,5.24717333814319,5.1891985528496525,4.96965681471626],[5.094350504860739,7.772729055512312,7.748016221122991,7.654604638718811,7.786864874400376],[5.675088844726382,7.807970039861927,7.733725725087667,8.013280474642421,7.960542921010887],[4.807763438483758,1.16929739086072,4.902222500520457,4.8147988007346525,4.959800952294104],[4.787080873142948,5.648595560961042,5.852227569408109,5.454770055077263,5.523368969947098],[4.177162657467824,8.51329071272281,8.603190480510762,8.321722792415185,8.592479069423282],[7.943133008972066,1.5314216625582324,8.017385780620012,8.031477495306452,8.090776597555342],[4.108800768197812,1.6405090958803548,4.314845607042563,4.05322921553406,4.383340237979563]],"times":[[51372,2255,1438,498,696],[3287,824,396,378,547],[2004,602,350,344,170],[1385,870,314,353,384],[1237,287,326,79,32],[1790,2197,177,15,2],[1264,328,57,9,117],[1457,395,496,290,129],[1704,1064,986,309,415],[1100,476,306,261,146],[857,327,315,319,8],[834,549,21,47,21],[1126,778,379,50,111],[887,318,251,129,430],[1337,515,317,17,42],[990,278,308,149,68],[153,1390,226,145,98],[3846,209,160,89,88],[4060,78,105,68,148],[1273,293,154,109,124],[1859,177,93,78,91],[847,589,386,387,65],[1427,367,282,119,146],[759,235,107,70,113],[492,280,83,122,93],[566,344,16,9,5],[1124,204,10,144,47],[722,49,111,19,43],[915,24,117,11,15],[889,464,116,127,108],[825,109,112,81,70],[618,1477,80,66,89],[951,420,104,220,68],[1011,333,891,137,109],[1087,147,250,211,32],[1188,509,979,841,375],[841,373,770,121,713],[738,67,204,139,1314],[407,236,59,54,57],[1360,532,95,31,24],[469,210,4,35,41],[421,552,28,39,63],[376,65,9,7,612],[317,406,100,68,120],[486,41,125,12,51],[400,81,62,11,82],[823,566,91,34,75],[947,21,39,27,71],[768,494,86,33,184],[959,182,206,12,57],[782,124,85,148,101],[604,229,44,86,64],[728,743,41,56,52],[887,89,425,104,21],[1059,226,127,42,71],[826,39,207,82,58],[905,47,21,31,195],[928,42,108,23,58],[1489,174,126,3,61],[1800,656,101,49,23]],