{"actions":[[1,4,5,0,2],[1,2,3,5,0],[3,1,2,5,4],[3,1,2,5,4],[1,3,2,4,0],[3,1,5,4,0],[1,2,5,4,3],[5,3,0,1,2],[1,2,5,0,3],[5,4,3,2,1],[1,3,5,0,4],[5,4,2,0,2],[5,3,0,1,2],[5,0,1,3,2],[5,0,1,2,3],[1,0,2,0,0],[5,0,4,2,3],[5,4,3,1,4],[5,0,2,3,4],[5,3,0,1,2],[4,1,0,4,5],[5,4,2,0,0],[0,2,4,0,2],[4,2,0,5,5],[1,3,0,5,4],[1,3,5,0,5],[5,3,1,4,5],[5,0,1,2,3],[0,5,2,1,3],[1,3,5,3,4],[5,0,2,3,5],[5,3,1,4,0],[5,3,1,3,4],[5,4,3,2,1],[5,3,1,4,0],[4,5,3,1,5],[5,4,3,5,3],[5,3,4,2,0],[5,4,3,2,0],[5,4,3,2,1],[0,2,4,3,4],[5,4,3,2,0],[5,4,3,0,5],[1,2,5,4,3],[5,4,2,0,1],[4,3,2,0,5],[5,4,2,0,1],[5,4,2,0,5],[4,2,0,1,4],[1,2,4,0,5],[4,2,5,0,1],[5,3,1,2,0],[5,3,4,1,0],[4,2,0,5,1],[5,3,1,2,0],[4,2,3,0,1],[5,4,3,1,0],[4,2,3,5,0],[4,5,3,1,0],[1,2,0,5,4]],"rewards":[[4.685205104287048,5.421553430311801,6.694999600166396,4.47537108521793,4.839108582173783],[10.862958934467933,4.324673042634464,12.257853842939769,10.613576387657348,4.208582486267934],[12.278404523365513,4.803445714187662,5.023586043327564,10.94099456332162,3.9691014662207214],[6.548898128299168,4.456048338772754,5.276691491927266,7.660862975330189,7.067276242984575],[1.6828975122723608,0.9956845665047693,8.442389567183515,7.952300851764951,7.7365455828472145],[0.93538648032296,4.222287089096694,1.2909157907878666,8.095725174160355,3.9273255575640205],[3.979006077105477,5.209429111188892,8.749811015750621,6.637380066861144,6.214238964166318],[0.29210183762091846,0.30706534017952847,3.7484851222933977,0.4329078517406698,3.5999539860206573],[3.990305915675668,5.293914348617973,0.4380510711268796,3.010163801206687,0.565990646417285],[8.50680799353796,7.041809407661768,7.516120302894393,6.290768462227475,5.056545558622189],[4.4788752200125215,4.172595055477218,4.377274081838052,1.5866449040489259,1.5211834279859888],[4.598631904324784,1.4783630786274715,6.397795428119402,4.3541464013294116,6.54297335821019],[2.0371250792673727,3.207680771566228,6.318518329776326,5.014295961205654,4.013545023960151],[0,7.324700713718286,0.09126430019550458,0.21692364881430892,7.760693459879815],[0,6.320088974359272,5.181026723912266,3.9923401523794766,0.265828190384776],[6.071256435329457,7.2088908547239265,5.338214252867734,7.294528046425339,7.153601632211381],[4.822312197473223,1.691277255795258,0.4513358804152586,0.8566162342642363,4.766262516719487],[4.854875446497588,0.4867762255119017,4.994946685504025,5.8777969812807465,0.3665771662278018],[0,4.733211605353604,2.5435507318095736,1.8788884148146017,1.9989435136369993],[2.497290851702722,1.4419634816455678,4.531254633099484,1.5240968647769162,4.912454161141018],[4.316978282532553,4.126198726714751,4.66580481561892,4.266070846349618,2.486145822571822],[3.4938420330400533,4.45846893399358,5.821733588779723,6.988334705745054,6.934923136524221],[4.604992377584714,4.612782560584957,4.031075767545586,4.29343861085663,4.612343828986703],[3.9617601916300353,5.727117132236347,6.916849022856858,12.076066050627103,12.22851388905324],[4.331114009179408,3.4142012381958655,5.740922578408022,3.024277799716114,3.1271681338851174],[6.222154870525928,6.369069289392616,6.047564080025514,0,6.017431176457887],[6.018216297542516,6.392127502432939,4.352565895383528,0,6.0064961036523155],[3.5617807075850876,7.8488932058661645,7.253989300100085,6.360341300392707,5.360889616604967],[0.663431196862601,5.31101846256237,0.9640050996363684,4.37388719576432,4.9082890986836905],[7.23550076108288,4.7107900914921474,5.083864597711365,5.028069250818848,0.10020454840659637],[6.716030670082677,4.1623997315905275,6.032013351066355,5.380517425800819,6.780116310377334],[4.626920032037957,4.458944494604439,4.049459827413626,1.3465486523649346,0.3245215357185095],[4.621279153474598,4.353329713466955,5.238278576074377,4.580618520818764,1.4798249579207865],[7.60456248190955,6.718192645735738,5.49773739442002,4.072232304241404,3.0599188436533655],[4.764982712708232,5.010181517224577,4.515594615880972,1.7158642556430381,1.7866886780146238],[1.475660860651363,4.447835062962819,5.079051468330193,3.310545845921742,4.276578751791643],[6.421716017587402,6.081075256661947,4.6275541640286315,6.22771563046022,4.855452292354068],[1.265320609184688,1.767494676634047,5.747768381056892,5.339555568394667,4.912211449741597],[1.1343556875203629,5.944687361016093,1.7400482809070508,4.972474304638044,2.2839237415099367],[5.641672155136061,6.192741683380022,6.416729469793209,6.932854328580625,7.370379179621969],[4.49562485480759,5.327160741894585,4.9433176631828575,0.8249658036870599,5.151632880139202],[0.4816328521650789,4.881628850499095,0.6811021177643708,7.079716716519955,7.494300928787852],[6.5207976521413755,5.218802148826662,4.656137808349847,2.7255347831621566,6.547984295846879],[4.311225410813755,8.652473924458873,3.6506537002207136,9.344188545793354,3.6051318127795904],[3.5336267090343947,9.314617375908691,3.4241341022960996,2.7161038529223465,3.7101045209922243],[4.9704874184405305,4.991314090116575,5.562687441214943,7.836279579927379,3.7576416315164383],[0.2418047136897366,5.523946776113145,6.263634773091914,6.409964684220604,0.8037247302997562],[0.36066987020646885,5.378705355052116,5.546592262102781,7.526068159763945,0.24675826528665615],[5.275727542636119,4.314130807102491,2.459442544592671,3.066669578197258,5.210524465163087],[0.41342202607804496,6.421463042395664,6.81390006850014,5.484233260923913,0.40845892591410904],[6.818509851196204,4.257818044845345,0.3624141478450915,2.459279301792404,3.1067916856947053],[3.763249369310928,5.007117972577928,7.804858912372178,6.492270475142001,8.180443667484283],[3.9263924487831208,3.4872707172856305,8.851056821037725,3.2488733117395237,9.048932524659392],[8.885433042776608,6.464595061256726,8.267881957146018,3.966853061764914,7.848642762800607],[3.1179461863845717,4.56767207233913,6.17254706148096,5.388995315949646,6.781255987942442],[0.6123836367002592,0.9397674174464891,8.002080666945814,0.8119932982566345,7.569974954207491],[7.905466820943771,0.5876463161984464,8.021497967468484,6.357340351701365,6.929052642034291],[4.0975494569757505,2.99689384612629,2.330088582139306,4.232805286395446,0.7847150710565806],[2.0584187167646704,7.387411251153673,8.055428749589591,6.98624577217045,1.6168998723148469],[1.5861560791236027,2.887797792089665,0.7739065642410383,7.512109264445195,2.4875462761336853]],"times":[[41141,2046,3077,2710,1025],[2988,1976,1910,1455,1790],[2469,1925,1790,803,692],[2971,1092,666,601,580],[783,520,1479,1559,488],[2318,1411,626,381,1352],[1528,824,1523,427,442],[2656,787,1292,351,498],[1643,2528,1035,975,947],[1402,432,291,1329,1442],[2928,644,414,544,1154],[1311,50,829,460,2221],[2082,536,769,490,369],[2590,628,403,583,783],[2839,666,601,851,761],[870,833,772,749,1097],[1055,856,440,964,756],[833,324,387,754,2055],[1798,510,1142,639,567],[704,858,454,449,202],[2936,722,1232,858,840],[1045,1242,1351,542,1156],[1079,520,484,1439,711],[1024,829,598,780,1487],[572,553,823,588,879],[1063,711,906,506,657],[1363,542,884,1544,420],[1612,413,427,433,516],[433,658,1181,411,838],[833,652,210,2174,2722],[669,772,696,441,1025],[715,826,459,827,411],[824,315,621,1496,637],[473,582,113,469,405],[614,402,340,1161,725],[622,230,191,381,812],[466,493,192,380,164],[597,448,183,450,352],[957,302,276,911,671],[476,92,553,769,504],[1746,707,991,883,612],[1464,562,522,299,394],[644,433,619,398,306],[2482,494,1015,531,458],[764,772,1035,573,972],[571,830,1052,1044,387],[1549,383,1024,538,1305],[795,562,691,407,711],[731,987,716,608,619],[2231,536,558,578,700],[626,691,441,688,730],[1207,586,1263,1152,821],[1646,675,439,408,605],[645,490,460,394,729],[1351,534,533,489,316],[469,549,714,321,702],[1122,341,268,344,461],[634,531,512,239,225],[993,300,458,382,484],[1286,339,346,373,769]],