{"actions":[[1,2,3,4,5],[0,5,5,5,5],[5,5,5,5,5],[0,5,1,3,2],[5,0,2,3,1],[0,0,0,0,0],[0,5,0,0,0],[0,5,2,2,2],[0,0,0,0,0],[0,1,5,4,0],[0,5,5,5,5],[5,4,5,5,5],[0,0,0,0,0],[0,1,2,4,5],[0,0,0,0,0],[0,0,0,0,0],[0,0,0,0,0],[5,0,0,0,0],[0,0,0,0,0],[5,5,5,5,5],[0,0,0,0,0],[0,5,0,0,0],[5,0,4,5,5],[0,5,0,0,0],[0,0,0,0,0],[0,5,5,5,5],[5,5,5,5,5],[5,0,0,0,0],[0,0,0,0,0],[0,0,0,0,0],[0,5,5,5,5],[0,5,5,5,5],[5,5,5,5,5],[5,5,5,5,5],[5,5,5,5,5],[0,5,5,5,5],[5,5,5,5,5],[5,0,0,0,0],[0,0,0,0,0],[0,0,0,0,0],[0,5,5,5,5],[5,5,5,5,5],[5,0,0,0,0],[0,5,5,5,5],[0,0,0,0,0],[0,0,0,0,0],[0,5,5,5,5],[5,5,5,5,5],[0,0,0,0,0],[0,5,5,5,5],[0,0,0,0,0],[0,0,5,5,5],[0,5,5,3,3],[0,5,5,3,3],[0,5,5,5,5],[0,5,5,5,5],[0,5,3,5,5],[5,5,5,5,5],[0,5,3,0,0],[0,5,5,2,2]],"rewards":[[4.512085377152023,5.19476301642891,5.80099157983277,6.544588185263332,7.331914478971601],[4.0505638070139005,10.124404305905426,10.067062745823195,10.218993428145533,9.973634535497355],[10.224411256931827,10.238944710285061,10.122110970976628,10.295520704624881,10.232054259735602],[4.69663631507839,3.6503798205349023,5.453792492466911,4.056570509084228,3.8126490318885122],[0.35363996005613657,4.402216267532145,4.419912285296109,1.5332001762100427,0.7705797424008335],[4.907550636208413,4.722356875616203,4.888940303412366,4.794339397810492,4.823971044539271],[7.454802632755427,3.167934058239541,7.556742558304731,7.496368140842344,7.49768401741458],[3.3743921352573687,1.668405093605777,4.123543373248608,4.041182728766254,4.132448327167212],[7.288442362222547,7.443050386962095,7.514419554356852,7.512248119103665,7.4001935871243045],[5.712553801014483,4.055781607671144,3.023169277568773,3.1724705254097336,5.572259721549395],[0,6.017958720495289,6.068197575807056,6.0816006467937544,5.8590047287728115],[5.86914483458427,0,5.835423795385486,5.873597658436955,5.984310177216065],[6.309439204703408,6.315826240543631,6.425103620365902,6.315647217666096,6.366651947270645],[4.681972300760644,1.414094271675048,3.402878846369987,3.9377593315175456,2.060864847043375],[6.262074868784982,6.353800593810544,6.425924773396195,6.586689796868612,6.39383169574309],[6.780448275139564,6.900029787945299,6.760134826541854,6.87691571879045,6.801303176583224],[7.785376763892726,7.801886361659148,7.769496782263749,7.834006729748039,7.955404719931063],[1.7057024368120073,6.777180300129534,6.735328738999118,6.933651772784082,6.631379377375563],[6.1291971635036155,6.169510888562382,6.138626563865982,6.185624601279022,6.133722196687344],[10.692440342442813,10.870465888533307,10.774369792589273,10.562261069996964,10.839701264696687],[6.27003966661691,6.255214572419775,6.215718008493833,6.24072285488855,6.39601623176653],[5.207182250877951,2.6929199168032647,5.130617644677258,5.2239429065529706,5.349650442201663],[4.132760326952007,1.4522442925595465,0.29718675467786076,4.151970850769788,4.107274150791722],[5.2241728085966015,3.941053235759523,5.219391231045333,5.304644954783145,5.259095921616522],[7.846714190209299,7.983958228917967,7.8016132760899515,7.883965353713808,7.897020218636082],[2.4681975224709154,5.503775544629083,5.660810514807807,5.541809222934414,5.660351256842619],[5.67380312115306,5.61587380252325,5.643191853908198,5.543109529877426,5.508274898878341],[2.28325515674705,5.405452121979251,5.231196958313903,5.363366867247269,5.367803301073079],[9.418260442761285,9.164625537278017,9.402525618520036,9.517873483063552,9.494890573559525],[5.235549269392969,5.239584453943489,5.283082951233545,5.27952414984327,5.23185539014718],[1.8408638047837127,5.1494576114289945,5.079953326369573,5.028983768114547,5.126061986364695],[1.5034052984250925,4.293640495210965,4.369023385378346,4.138209071042537,4.334981461613901],[4.381228841995015,4.2658391909037725,4.147014077145428,4.282576221108956,4.340962708441503],[6.847394592757823,6.911794468742453,6.9182652419096,6.909949526957724,6.896656272407736],[5.522988661252908,5.517123918524857,5.568232989729753,5.34998780957481,5.522567015236222],[3.730131660855655,5.552606684225227,5.409641798053287,5.4311652654710905,5.447859487074026],[5.134165184079459,4.992020055973227,5.105266105261793,5.078375630637601,5.201327718671328],[3.0149194827656824,6.747313498988441,6.822092669562152,6.749081999045444,6.823910544391212],[6.822816103265158,6.779445880667412,6.820076004030954,6.64197629960498,6.860863617743628],[5.901806160607435,5.828334465554913,5.6727311764915465,5.896902074983837,5.634957460332119],[0.2735828085606736,6.641028469934413,6.811342564892734,6.626344530258711,6.766278171525998],[6.756821960351474,6.669615524027457,6.738176304410695,6.74590732298947,6.743926850346561],[4.710905066588214,7.829166576752536,7.745430676615279,7.767198253202345,7.704708431500931],[1.2915670522479878,5.796186491036905,5.786469385131138,5.886761904617782,5.973665133323386],[7.844464606596618,7.839240830354242,7.664404402491294,7.838855272871756,7.519188577798939],[6.033136478919553,6.068306432956055,6.288921620276078,6.157222735023024,5.988822023639394],[0.6511691210398676,5.9108328352139985,6.039518904280591,5.950901515020655,5.74381260417541],[5.85701131600793,5.929315989963736,5.926471966361259,5.812981241636293,5.798171304583954],[6.3969804747005234,6.260879848420399,6.346488618388993,6.315040472300194,6.24002467025484],[1.027804929384019,6.851869555341297,6.772835610251512,6.680613439660516,6.736478232659621],[6.217874304965907,6.188327048938338,6.324185108280028,6.106463528906018,6.239341674110426],[3.1062022036454984,3.169630973458976,7.446001815029786,7.763739013451378,7.734430396987151],[1.7418019549802068,4.002073693442743,4.1416348932583,4.756697982776026,4.635046110944518],[3.0122686580779234,4.194431274540048,4.148050390903479,4.598691152169476,4.7111136012378685],[3.1487916066700308,8.990524393301913,8.978847377432798,9.014410340541227,8.890021498353173],[0.13410735727446238,5.381127382340304,5.420059929612565,5.546371751724961,5.368959161498775],[3.1308978457661305,5.134035677106345,4.754261097645041,5.368749624173823,5.369320905180185],[8.732503428601339,8.626194379639378,8.495419538622299,8.628357098216549,8.618387642177002],[3.8028752745608143,0.33089949364052773,0.4016404397385592,3.826305544521751,3.82396609732386],[3.053774969026093,0.43528383092124073,0.44398617678040597,5.288653420728207,5.252366707363316]],"times":[[18001,1766,941,337,199],[1236,298,270,70,54],[1066,103,11,1085,239],[1494,229,505,559,536],[907,1265,610,282,205],[1136,780,57,158,112],[3061,141,128,50,25],[985,446,471,794,34],[2674,284,40,417,38],[2136,377,460,42,410],[898,22,28,446,94],[793,476,459,114,95],[1117,134,12,477,5],[2010,382,60,536,282],[608,127,17,23,19],[1235,56,3,23,510],[1008,522,484,424,408],[835,148,33,19,4],[1109,522,12,3,474],[769,23,439,438,403],[1030,449,118,68,112],[842,618,16,177,135],[797,389,27,221,97],[1046,33,193,13,44],[1121,263,116,6,5],[1043,390,244,102,59],[691,150,112,70,31],[923,221,115,314,141],[531,152,132,169,27],[925,54,22,156,187],[633,173,162,106,114],[880,98,37,148,241],[591,640,108,266,338],[669,113,134,253,118],[721,91,150,162,178],[1234,187,46,114,119],[1030,29,40,65,14],[2166,38,50,97,94],[699,41,52,106,120],[742,73,64,44,105],[253,253,30,48,12],[706,45,12,5,5],[796,37,445,9,521],[659,466,454,249,69],[714,189,17,16,380],[539,32,23,12,11],[261,226,49,54,508],[664,8,399,78,82],[475,36,9,22,70],[202,208,12,14,12],[174,68,12,532,413],[395,156,52,4,112],[224,128,69,1017,117],[266,246,26,310,16],[317,197,72,30,264],[442,137,202,113,166],[193,132,418,374,84],[788,62,77,85,112],[1062,74,355,407,438],[228,121,6,109,55]],"condition":[["pos","odd","posodd"],["neg","even","negeven"],["neg","even","negeven"],["neg","odd","negodd"],["neg","even","negeven"],["neg","even","negeven"],["pos","odd","posodd"],["neg","odd","negodd"],["neg","odd","negodd"],["neg","even","negeven"],["pos","odd","posodd"],["pos","odd","posodd"],["neg","even","negeven"],["pos","odd","posodd"],["neg","odd","negodd"],["neg","odd","negodd"],["neg","odd","negodd"],["pos","odd","posodd"],["pos","odd","posodd"],["pos","even","poseven"]],