{"actions":[[0,3,0,1,2],[0,2,4,0,2],[0,2,4,4,4],[5,4,0,5,5],[0,5,5,5,5],[5,5,5,5,5],[0,2,5,1,3],[0,5,4,3,5],[0,2,0,0,0],[5,4,5,5,5],[0,1,2,0,0],[0,4,5,4,4],[0,2,4,0,2],[5,4,5,5,5],[0,5,5,5,5],[0,5,3,5,5],[0,1,3,5,5],[5,3,5,5,5],[0,2,0,0,0],[0,5,5,5,5],[5,5,5,5,5],[0,5,5,5,5],[0,0,0,0,0],[0,5,2,2,2],[0,2,5,0,0],[0,2,5,5,5],[0,5,5,5,5],[0,5,0,0,0],[0,5,2,1,2],[0,5,0,0,0],[0,5,0,0,0],[0,0,0,0,0],[0,5,0,0,0],[0,5,5,5,3],[0,5,5,5,5],[0,5,5,5,5],[0,5,0,2,0],[0,0,0,0,0],[0,5,0,1,0],[0,5,4,5,5],[0,5,0,0,0],[0,5,1,2,3],[0,5,5,5,5],[0,5,0,0,0],[5,0,1,2,3],[0,5,5,5,5],[0,1,2,1,1],[5,5,5,5,5],[0,5,5,5,5],[0,1,2,4,3],[3,3,5,5,3],[0,5,2,0,5],[0,1,2,4,4],[4,4,4,4,4],[0,2,0,0,0],[5,0,5,5,5],[0,0,0,0,0],[0,5,0,0,0],[5,0,0,0,0],[0,0,0,0,0]],"rewards":[[6.247594085611306,2.8800735408041023,6.235405981479628,5.033750167427355,3.9478046973190954],[7.3327219214724675,7.7564537481652085,7.845425516630576,7.32959329125149,7.618030753955784],[6.377182069771563,4.065311663411253,7.906269069172445,7.851539945121243,7.794814257283322],[5.113298933101776,4.800342389703943,2.2659615810610116,4.932829255028502,4.9789250084763195],[3.4278987371408647,10.836280210836271,10.816849450313327,10.998275631358966,11.004263726538579],[11.118999194199963,11.008862442915012,11.057129544286601,10.837624906850257,11.193943902712693],[5.918446913475918,3.385392071978157,1.2227768007723472,5.404070421745602,2.6709856256626137],[0.2518193425699303,4.271814293926906,0.29223618170318755,3.089390961830122,4.399068729983706],[6.033568329015148,3.4081991316756826,5.995537365646255,6.019787147095754,5.905133547024007],[8.707008213919561,7.059929644352225,8.369063885749062,8.526152099272572,8.594567110048574],[5.449638116659186,1.0943909223609287,4.640776419276325,5.433969162817364,5.247628909564497],[3.854609765123775,4.99781163412129,0.6233040199644402,4.876689589726058,4.902813315113643],[4.157493373141346,4.231086997386625,2.4872859673807692,4.0436665896409885,4.25779736469283],[4.595000475382784,0.5357724104697327,4.613313768285247,4.420428920072714,4.6354866302817275],[4.123780719714609,4.730534999121605,4.398095443580327,4.624712209943919,4.8171624862225055],[3.751017179185435,6.765651023757608,4.816115457341332,6.82955950595504,6.774928593927225],[1.5089053429684773,4.13049713863276,4.875630529708963,5.7210471756164525,5.744405937854156],[5.530214190577044,4.577415158745228,5.6116073801281,5.401331393891057,5.480286755817188],[6.748776713120467,5.051789918665049,6.603902956614191,6.68398513447455,6.706196697220411],[2.9343435666466515,7.37089450659096,7.482411272100931,7.374591702869455,7.153680793588776],[7.343134217093405,7.513186782882278,7.544534834723986,7.552762692622123,7.5485170161901],[3.6402618885443365,5.9366336867176095,5.747155977736002,6.099667549667862,5.8317729782548176],[8.977925630616037,9.05668544659791,9.104726431722655,8.946536058420287,8.939699947166073],[3.44653837022648,2.6681002728657925,4.152773081728477,4.1981495828662,4.111638813105223],[4.916531215525308,2.7391479095142066,0.7958434561050713,4.994202597659077,4.999431295954493],[3.3902841107270953,3.144131456732283,10.329819327296478,10.336413781024532,10.37941228491833],[5.064526967958227,10.425906398774508,10.593671443568745,10.414895441343091,10.41846928565187],[7.524862909783738,3.3229971912366385,7.381058598793484,7.407577400511535,7.445227905706304],[3.4443105599248245,1.8093293098534229,4.075748159576722,1.7932021269079792,4.019050640521968],[7.2964563662779085,1.4944825746690653,7.4923353033901785,7.547402361738597,7.427722695655973],[6.037723761194262,3.3481373916372696,6.059935833126793,6.0296629918251154,6.077645362005171],[10.736483300301103,10.728273171161288,10.796047339601063,10.923007064142489,10.904861708691755],[6.069572166619833,4.060131072097156,6.151310046324605,6.169235156551878,5.964826404033615],[4.0886901580419055,6.610452658908589,6.678798313697378,6.765179190478875,5.963981767393801],[1.9800656474552318,6.742570111933352,6.734512146699637,6.976679855880542,6.898333583778115],[4.205400515109873,6.840078705329479,7.126236069622281,6.923379807449197,6.773470320323387],[6.508773349868217,3.4631628972928787,6.813853050368704,5.239375277478993,6.831692984508529],[9.515924369702018,9.420889007049732,9.433671536807205,9.312740362971438,9.390700290218945],[6.5713265293760115,2.6462563919106756,6.761140362447347,5.6594419436962795,6.7405234789241035],[1.4096000574615868,6.431779142290879,4.579818210134371,6.593658094162476,6.621315678858454],[9.456396298037415,1.9385353991027343,9.171810184916307,9.496337141415314,9.585764189861091],[1.345416858915551,1.8799741153796583,2.8007782941256294,3.90049137217249,2.1982537217361737],[2.838455505677022,7.137132808207313,7.123334489458334,6.80865852212879,6.987429025217947],[3.618022917877681,0,3.52863742698133,3.725144501591498,3.5746154145787314],[0,2.7998959064963898,3.6924537271743776,3.8695612963723907,0.4437073743538537],[2.9867188326566243,8.941649139036619,8.993356447928177,8.98046249588874,8.940461985984822],[0.24400999498202053,5.459829536451471,0,5.511102810849487,5.430591697512786],[5.385728286224351,5.358050678912007,5.288068569356275,5.2529393440852905,5.416456196343975],[3.1464614037483867,7.663616282787369,7.452856341679098,7.6922400120275345,7.641918385389821],[1.542905597085291,4.529734246028251,1.2089839533600568,1.6951407976756605,4.771781383586992],[4.538759063209443,4.762180995848402,4.0878510326714155,4.261847470453313,4.709982514212982],[4.220582776345305,4.849387329356365,4.238036965664009,4.280301908236907,4.960144175868318],[5.13771491308072,0,4.512980066489887,5.077615675834264,5.205739143047063],[5.12978994295231,5.0417416361657965,5.102745812512616,5.077744641700131,5.002445317969461],[7.526713751115124,6.211979308973434,7.592747556942769,7.716726508670077,7.621534046633107],[5.270821504090768,0.4833742462647637,5.063232732868274,5.259242464295974,5.1984959576597385],[7.753032020972224,7.56368440469501,7.84238296307403,7.785868551645118,7.7195656148619305],[7.697687377694295,5.214618447583681,7.477028068997814,7.576631016293026,7.571674451711264],[4.280339283447683,9.888002327012423,9.861335012556319,9.718244219597485,9.904127334812904],[7.5905212161330935,7.574532612646813,7.600262536838281,7.5839442032103905,7.673293399515045]],"times":[[29725,274,7112,2547,2552],[6255,1906,1223,2333,1315],[2116,1028,1866,820,589],[2240,618,1943,1,605],[1790,301,809,385,271],[1798,222,255,965,431],[3117,563,1277,2316,1301],[2444,657,462,2127,625],[4203,1205,1408,940,90],[1386,559,259,240,226],[3723,514,862,297,540],[2326,1175,737,240,82],[3136,718,752,216,123],[2182,202,6,227,39],[1559,539,323,226,185],[1538,326,980,261,252],[3309,96,948,732,237],[856,515,434,64,114],[2427,2371,58,352,187],[2162,425,190,124,151],[1115,131,51,51,104],[1260,64,248,170,145],[931,456,65,136,224],[380,823,1230,271,133],[919,354,110,197,99],[3723,66,78,55,34],[772,290,145,57,36],[928,85,332,36,433],[666,335,704,268,298],[809,22,163,212,367],[674,97,330,68,127],[625,183,61,115,110],[467,374,254,210,267],[669,48,61,229,540],[637,343,769,76,95],[408,49,86,48,64],[609,330,586,51,1016],[441,562,119,159,35],[589,33,293,41,688],[533,336,149,63,68],[387,25,96,18,24],[724,345,410,182,265],[353,5,13,199,137],[379,324,57,140,83],[365,318,58,9,56],[464,37,174,126,75],[943,29,180,190,61],[1234,214,138,132,474],[1047,83,134,130,25],[867,147,135,53,92],[1941,35,45,415,40],[607,403,401,238,341],[510,38,613,223,310],[1549,75,52,27,45],[554,333,37,21,447],[1364,134,197,34,370],[487,455,50,577,292],[719,91,178,124,66],[436,109,15,4,20],[199,342,155,201,180]],