{"actions":[[0,4,0,5,0],[0,1,1,1,1],[1,1,1,1,1],[0,4,5,5,5],[1,3,3,3,3],[5,5,1,5,5],[0,5,5,5,5],[0,1,4,4,4],[4,2,4,4,4],[3,0,5,5,5],[5,1,0,0,0],[5,0,5,5,5],[3,2,5,5,5],[5,5,5,5,5],[1,5,5,5,5],[4,1,5,5,5],[4,4,4,4,4],[1,5,5,5,5],[5,2,0,0,0],[0,1,1,1,1],[1,1,1,1,1],[5,0,0,0,0],[0,1,1,1,1],[1,1,1,1,1],[4,0,0,0,0],[0,1,1,1,1],[1,1,1,1,1],[4,0,5,5,5],[5,4,5,5,5],[5,5,5,5,5],[5,0,0,0,0],[0,1,1,1,1],[1,1,1,1,1],[5,2,5,5,5],[5,5,5,5,5],[1,1,1,1,1],[5,2,0,0,0],[0,1,1,1,1],[3,3,3,3,3],[5,1,5,5,5],[5,4,5,5,5],[5,5,5,5,5],[5,4,5,5,5],[5,4,5,5,5],[5,5,5,5,5],[5,3,5,5,5],[5,4,4,4,4],[2,2,2,2,2],[5,0,5,5,5],[5,4,4,4,4],[2,2,2,2,2],[5,3,5,5,5],[5,4,4,4,4],[2,2,2,2,2],[5,4,0,0,0],[0,1,1,1,1],[1,3,1,1,1],[4,0,0,0,0],[0,1,0,0,0],[0,0,0,0,0]],"rewards":[[6.824129016070292,4.355723062688902,6.923796697857922,4.637965623916166,6.9272950886003235],[3.2201309266444924,9.384767119652846,9.213760825160978,9.261577514126845,9.323323305574917],[9.321098845747503,9.191860952563253,9.400333895371203,9.31280500532562,9.343358405508647],[2.506511451133337,7.277144902479625,8.412570107616954,8.438988436035743,8.384691206712327],[8.389574367916595,8.731684101865081,8.869582744784186,8.808308504865261,8.795537985173961],[8.481232095212087,8.4016336741797,8.264780657279546,8.315508623135456,8.278501094820227],[4.2904041440029745,6.20233147577099,6.171370338421914,5.889303170394274,6.237412024684797],[4.610297982251836,0.26224465427397226,4.681388422911534,4.77404390584365,4.641163469168747],[5.523087460620473,4.901427450684024,5.457724779660541,5.4139024239979525,5.403451884037356],[3.80651989749075,2.613870218146882,5.656135895145599,5.4793141417523445,5.449938140366587],[0.3154358145338192,0,4.266070902607099,4.5996020067939165,4.47751528653185],[5.488077475686413,4.264337893960826,5.91691621753996,5.460930772247866,5.573950346495925],[3.892064147049127,3.7380258241882,7.283292444567528,7.213640499785212,7.2621582340307675],[6.5730534899590936,6.409002944006056,6.5283647780491005,6.563199754242204,6.589779458325293],[6.815971776092819,6.987975480569959,7.269998075002077,7.159231914383012,7.063167899314411],[4.230132792622553,3.703345882455978,5.557084930713985,5.717562333318549,5.579494776050855],[9.977498289874518,9.935095335578579,9.989111843943096,9.89222890674885,9.904643515148997],[4.640684476765466,5.592928722520063,5.728045730781205,5.608014848450128,5.583958274487065],[5.679689522982946,7.50412408345605,9.605024435080782,9.451619009088981,9.436694682756235],[1.7454969523533241,4.95086319502149,4.734592331321883,4.6158488316905375,4.683617209829559],[4.764237126170823,4.735850375268542,4.893915976217423,4.827783353745376,4.870710371415193],[1.856605274416595,6.548793283265931,6.425693139474474,6.7000941826123,6.5877541506406345],[2.068619561127991,7.04161501276942,6.916930641109331,6.931685202611134,6.949381145273595],[6.936988105365821,6.863908473988346,7.072913624986062,6.887843335803674,6.958866926322806],[2.413324800201272,4.175274092137665,4.313553857117928,4.023870816562674,4.225486813098284],[1.7179707483938402,5.689353066093689,5.512338285172204,5.698945732121184,5.647308652385116],[5.78042132858974,5.87767995930565,5.535226849665867,5.754153411012519,5.67154740838851],[4.395654226650989,1.7825682807922678,4.223413317743715,4.086643235236976,4.379539729930384],[7.32410986236947,2.6327417606361525,7.3392384257656476,7.459301672796382,7.600168661351823],[4.099975060813185,4.2225641980990964,4.147951261481724,4.2874128259351965,4.273883941858914],[1.0597898539823012,5.912307918290102,5.910659125362217,5.982711688786849,5.803483259722652],[2.6981049308997704,7.3182445435390076,7.282010068281871,7.398949312433754,7.411158866710575],[7.237460818572732,7.268430945238271,7.286638264570488,7.46495141808639,7.522467824567013],[6.24853062543058,3.5882848207965425,6.122956846213194,6.350514644792967,6.401152039711928],[8.221307262635689,8.031843920596625,8.337991548512948,8.139356235751412,8.26564785942698],[9.263496258240803,9.297393647985166,9.261866143212712,9.189890830506888,9.276599187026052],[4.461040122110753,6.337917534802252,6.870051413717539,6.999491468293696,6.961976366876689],[0.20101804933760165,4.718048552807117,4.447864496847808,4.58720106752925,4.5973144639132375],[5.750363039727763,5.734768779521554,5.901846457877579,5.8195341948023955,5.786447698293178],[5.566186157561491,2.6558811038326353,5.638416423050816,5.599437835276734,5.633366278787441],[4.740274359191296,1.8559391569608903,4.677348082037469,4.694830601646435,4.708574093751448],[5.466654073206515,5.669477259566955,5.649959410851325,5.733281823432701,5.615940824569193],[7.151751288976322,6.456726004624987,7.2029470262923,7.341381388148337,7.028245183807098],[6.618804515178845,1.1534981349033067,6.5125826506341,6.610328668902773,6.431309505342186],[7.451827330782475,7.189999323376629,7.316033413699196,7.344771333050973,7.268012118938732],[6.737738286085118,3.8877842192744585,6.75768009928127,6.71662361335212,6.679306381237702],[2.7097690665691196,10.509885287419356,10.609290829853187,10.660810789644506,10.510914903366153],[10.634649856812262,10.531470396205682,10.593794165329504,10.55986168852105,10.501382011676565],[4.821444953002128,1.5753501045256846,4.64203888389726,4.798456234979949,4.644550387304947],[1.168361350488474,7.914987072387927,7.790269747673959,7.826455271196521,7.823929283506864],[8.228316204742573,8.070245924984864,8.04349728581439,8.207087440654337,8.02373779091086],[5.488431907864117,3.4462711706869245,5.534144643577074,5.588453304729117,5.2775252402419515],[1.6127122568262784,7.846729380156737,7.914045850760526,7.819145457940948,7.950294791539061],[8.30525871653298,8.067908926364888,8.285450123899432,8.026006586547364,8.1498649292894],[4.133716586496181,5.822588240968415,8.907980590767693,8.93388743205889,8.924823507169682],[0.9387967236822512,6.303899785233506,6.250564988886473,6.249556826127893,6.065894781926445],[6.273265072507405,6.343325097228398,6.162795654191489,6.179219049884295,6.223568163970132],[2.8262810264764724,7.710437260442091,7.883771218103604,7.804320356392442,7.800641115753255],[7.115674038884839,2.1470358432717567,7.30718360173717,7.275849274221098,7.203057461318108],[7.178929442657319,7.042960289478572,7.206235711491079,7.200831430748267,7.173197473707395]],"times":[[27691,2724,8133,6442,774],[6019,3786,1745,1866,420],[6731,758,640,398,284],[3744,7672,1364,663,641],[12658,6317,457,405,493],[4248,1267,4691,484,560],[5229,1146,1406,265,836],[1714,1135,4223,415,303],[11511,292,274,325,248],[7304,1871,1663,289,104],[8076,9160,2923,492,273],[3880,1153,157,314,211],[8704,3675,1738,362,331],[7059,5719,276,76,327],[4984,1543,261,142,285],[3769,1015,1153,130,4],[13391,1724,227,178,308],[3604,1397,403,197,359],[2386,3446,1290,271,200],[2269,1989,345,217,393],[4609,1889,343,144,380],[1695,1281,323,433,267],[1947,573,482,170,261],[2745,152,270,266,311],[2847,1166,356,226,295],[2315,320,138,362,412],[2464,252,181,161,201],[2393,1348,674,20,208],[4375,1720,382,667,273],[2986,5242,115,401,609],[1380,1304,516,464,288],[4160,578,321,214,306],[9743,182,181,222,264],[1576,2007,211,985,315],[4773,2696,50,450,60],[1658,305,1058,278,304],[1213,2892,1232,530,1443],[4011,533,430,238,310],[5749,272,291,238,244],[1738,2377,367,843,69],[3173,522,253,462,284],[1111,106,463,184,5],[1184,842,1936,684,326],[4395,1055,1174,455,727],[1115,26,54,93,95],[1461,2773,220,327,404],[2608,269,1711,205,1102],[2216,56,193,155,233],[3503,1434,303,952,246],[1279,278,169,82,320],[1780,277,244,108,252],[1508,1905,311,235,277],[2682,384,333,513,277],[4642,264,162,171,741],[3906,1567,981,5184,1411],[4605,760,661,346,458],[4851,152,450,407,315],[4196,1120,1158,308,136],[2239,1031,39,202,603],[2715,292,300,361,260]],