{"actions":[[0,3,0,4,5],[0,1,2,3,4],[2,4,5,2,4],[2,4,0,5,5],[2,5,4,1,3],[2,4,5,5,4],[0,2,4,5,3],[2,3,4,5,0],[3,4,5,2,1],[0,0,0,0,0],[0,1,2,3,4],[3,4,0,2,5],[0,2,5,4,5],[3,3,3,4,3],[0,2,4,5,5],[0,1,2,1,4],[3,0,1,2,4],[0,2,3,4,1],[0,1,2,3,4],[0,2,3,4,3],[3,4,5,0,2],[0,2,4,1,4],[2,3,4,5,4],[0,0,2,3,5],[0,1,2,3,4],[4,3,3,2,3],[3,0,4,2,1],[4,4,4,4,4],[0,5,1,4,3],[4,2,4,4,4],[4,0,0,0,0],[4,0,5,2,1],[4,3,2,2,5],[1,2,3,4,5],[3,4,2,5,0],[3,4,5,4,4],[0,2,4,2,2],[3,4,4,5,4],[3,4,0,1,0],[3,3,4,5,5],[0,3,4,3,2],[4,5,4,5,5],[3,4,5,5,5],[0,3,4,3,3],[3,4,5,2,5],[3,4,5,5,5],[3,0,1,0,2],[0,2,4,5,5],[3,4,5,2,1],[4,3,2,3,3],[4,3,5,2,1],[1,2,3,4,5],[3,4,2,1,0],[3,4,5,0,1],[4,3,2,1,1],[3,0,1,0,0],[0,1,2,4,3],[4,3,2,0,0],[0,1,0,2,4],[0,2,4,0,0]],"rewards":[[3.263204793672354,6.633053906548631,3.243417743807658,7.050010469067429,8.076852702491507],[7.256598490565645,2.34556624273883,8.047404039015069,2.4855443679445637,7.667492619803656],[7.9593485052640585,7.2579285532167095,7.950391146291092,8.241927494831561,7.239342576253486],[4.5287040218090135,7.388001477982758,2.1397079120426357,7.71330480000731,8.102034439223035],[6.524054937170334,0.01571346299922197,5.858887576542206,0,0.06488543023338697],[6.634782901552814,7.4851794788331025,8.05769159633168,7.7362086134750525,7.324990790839185],[2.8228969577386103,3.7197793615107764,5.16366270242534,5.95664123778763,4.871823958001718],[0.7619390240720594,4.175999929346547,0,4.273177140419293,0.6490049726515976],[4.885433181864064,5.12204306705623,5.911222287715125,0.603299190149629,3.0855219497036868],[8.970811027125592,8.86513562137079,8.672931698725197,8.704425645407028,8.80761055431287],[3.382590177897598,1.3044093184659615,4.192710918180457,1.3211080089779526,3.2851921119992578],[6.214908251527576,5.322974528660066,3.508518810920461,3.8973315984828005,5.901039309426373],[6.165753135696975,6.593518536134028,5.547249814357229,4.917471978627512,5.441328020821686],[9.055169840491528,9.01859239990767,8.921527257835194,1.5536694669269626,9.102862812324835],[1.1678843386612296,1.8943874450353329,4.875789854864387,5.382774577656373,5.26224338296476],[6.915473699348962,7.066873022728932,5.9048218829546135,7.154167635267251,4.741787834605992],[0,7.3923801804192175,1.564321590001678,7.339176393108742,8.30644983152305],[7.279168254452962,6.992905944342728,5.055117445483386,4.849057755229849,1.4275682608182256],[6.805558432402514,7.186719743199332,5.725246730610536,5.768639847303784,4.181030732679632],[0.9978680244044013,1.0739902055371064,8.110911384693736,0.9407136891819265,7.963298018901481],[5.789611442206208,4.113293991814364,4.106745211855317,1.0776194006585327,1.0934135771029911],[5.91604761366091,4.448164627817855,2.574964863569924,5.300708977658018,2.5891293895463225],[6.542587130084868,0.6223062714187466,7.021231356145707,1.3310190414157548,7.170716065235849],[6.555244287419102,6.688652348488294,6.338305734032003,3.9515406968050875,2.4208502873454876],[4.200428821398354,4.276960462838683,3.7223830862180924,3.185199113991016,2.6533247066403454],[3.529152759462826,7.89163512502066,7.934707905609637,3.699160928938533,7.765109297572764],[3.397511156387519,2.798258083701654,2.7992585489999287,3.8578215389555433,7.5875700252852125],[8.154962481673047,8.170383656584187,7.842052801366183,7.958260105583691,8.038461957331164],[3.0558898663695433,0.2752187614332951,1.2190626917245146,2.993190332615174,0.7765565825925411],[8.088694974514393,4.145208999287997,8.065189535351326,7.961269214735965,8.024391021785037],[5.040834013318191,9.479860566764486,9.415295875942709,9.76561451611027,9.665747014093293],[0,1.405766348052866,3.5532715599473037,0.41763113226853316,4.0450777291892415],[5.001656367352021,5.795510387332021,0.5383344264496094,0.5902792300352295,5.019146821140214],[2.2064454334027497,3.5567233194454717,3.83462614677771,5.717657185072235,5.411613316108534],[4.198139784472685,0.05843887857811704,0.4365075966483247,3.5394597149371663,0],[3.5632817810538198,5.680612911874812,5.381235081723443,5.813570286038483,5.8282619778021525],[8.253133333384636,6.29372908024226,4.020257029602617,6.238605143613835,6.319573639346043],[2.3347551541275124,8.63003363113519,8.447223220314477,2.7298074033524293,8.440380234471597],[4.804788580423301,4.251490895619674,7.200344461172448,1.7870431686017265,7.060105878781966],[7.787190769199137,7.697464704971636,8.08640361205908,8.28514092342789,8.612278113629822],[2.47716608125346,7.193500256332086,2.3839004424817145,7.110354681682719,1.9755668357383933],[8.054875039093142,8.3871054750885,8.297385151682857,8.309410372213977,8.407315881128772],[5.550232582922978,5.969740550448839,6.393182228004916,6.355397887615377,6.360234732348152],[0.24309625144543257,7.452921819308444,0.4697343007380186,7.507438540850083,7.7737669649288375],[5.606311967135401,6.1778083390860425,6.4261399543748325,0.25922036852994507,6.384143998330329],[6.938808086625091,7.333503720255674,8.219478266268336,8.255403001765377,8.226667422400087],[0.9409971025380002,5.788566881224708,1.066067922972579,5.890211907227303,5.528069341591215],[5.885388640121914,5.534576508567789,7.128340156907462,8.260118777599732,8.275234163534373],[4.951208255113561,5.479130205898606,3.406103032136836,5.700012701059619,6.5411252480485285],[4.226496424595102,10.342936852178235,2.8883794864277754,10.469312078777929,10.406476600395685],[5.533768224879348,4.954652166625502,3.3955175014645187,3.0564483185388163,10.91991269764862],[2.595508182323733,2.6878095100959696,2.6927574811844326,3.4607308170717834,3.836934852275818],[3.7913982563919193,1.1367789742127234,0.013801340389258773,4.475819411041548,2.52246075121654],[2.6206163149124224,3.7402211295350107,3.7356328544238226,2.755817094819301,4.467229049910583],[4.45856958117925,3.0880453418942597,3.467625941553116,2.5371411943618436,2.549320242921028],[0.2501060554593383,7.507809925452135,1.4844626633291507,7.583894986605165,7.475343075499644],[7.3504261526476675,1.3195797576050525,8.03206113883151,4.176215232065611,3.0799535427184694],[3.65830621474315,4.2203462155057325,5.408858159402425,6.060258265639045,6.100528245043764],[9.186453733582708,1.361262073869268,9.263447907846743,8.234302536366908,8.60126416685926],[9.376724112620419,8.147740864279447,3.6277990113541962,9.28543759704024,9.230612568986993]],"times":[[16227,506,309,261,274],[5619,3896,2124,8536,1262],[11827,2475,3792,3816,774],[6193,1119,2217,2264,2013],[7742,2427,710,2650,1805],[3610,636,1511,824,1887],[11366,667,474,679,649],[5386,570,251,2889,2577],[10574,5,2188,1573,728],[16179,1312,2133,2944,3389],[3770,1565,895,840,536],[2321,498,1078,830,973],[4423,1555,604,516,568],[2862,741,749,827,474],[2889,1560,614,530,480],[5253,1194,365,2462,1078],[4092,381,968,671,2825],[3664,362,2802,580,3024],[4513,1063,548,1284,329],[3903,2440,142,62,152],[2435,472,645,765,356],[3164,435,2755,2057,849],[6183,399,391,867,347],[3613,46,1415,1370,458],[2432,1079,393,1167,299],[4100,448,516,1972,605],[3399,755,319,942,1026],[2111,1422,1239,1323,734],[6339,1947,579,474,644],[2132,2791,161,12,1572],[20352,649,542,607,1427],[2035,302,1422,669,715],[2876,1605,1540,44,1522],[2822,1307,301,263,698],[2921,199,677,827,863],[1825,117,618,1461,307],[2359,1768,730,405,1908],[2523,130,269,351,141],[5962,191,573,915,61],[1980,820,375,549,1039],[2748,995,159,479,1233],[3353,463,1051,323,49],[2615,241,356,334,406],[2155,834,131,273,515],[2028,176,114,863,113],[1520,101,38,76,24],[2598,548,100,99,1077],[4149,398,405,578,1434],[2792,26,7,2870,1259],[2925,126,942,424,357],[4329,936,1034,1002,722],[2212,279,281,95,307],[2028,1006,687,1220,458],[2227,619,349,543,210],[5714,391,649,511,127],[8167,2567,540,287,93],[1481,1150,541,2432,306],[3274,346,447,963,402],[1853,774,443,1460,687],[5102,90,85,278,168]],