{"actions":[[2,0,4,5,3],[3,5,4,1,1],[1,2,0,0,0],[4,5,5,5,5],[4,1,0,2,3],[1,2,0,4,0],[4,5,0,2,4],[1,4,2,5,5],[4,5,0,2,0],[1,0,2,4,5],[5,3,1,4,0],[2,0,1,4,5],[5,3,4,1,0],[1,0,4,4,4],[4,5,0,2,0],[1,2,4,5,3],[4,5,3,2,0],[1,2,5,3,4],[5,4,0,2,2],[4,4,4,4,4]],"rewards":[[7.437161219334436,8.72163075316175,10.84652711925867,4.466367150740005,4.078841038182285],[0.46792133586735524,0.48440208193490963,3.2558858912292634,4.437489374735185,4.633990457154826],[7.909799267098167,6.347622817933757,8.232728448497902,8.213357669660668,8.279718837437605],[2.3062371103982433,9.421701022444028,9.417744653567894,9.209388985270664,9.395805480476255],[5.871234938365831,5.546143797873977,3.6628465616633332,5.400893818777265,1.5342162370073282],[4.077047975366206,4.079038776051671,5.738169198875862,0.09802325247537613,5.844359556995395],[7.8898185765362845,2.309620768258114,4.485203135501584,5.601753395580847,7.8508947467457375],[3.7556633835331357,2.2176543780390134,4.71819471048258,9.682790444662299,9.777266121594751],[1.6708138308959948,6.127592094629226,7.818166196661459,7.612660783204868,7.905763953297233],[2.484259634282806,3.151548130807284,2.3890251303171146,3.9750704070294907,10.539321806867335],[0.509918818806992,0,6.1783673520770135,5.352273992256195,5.917081000666402],[3.4046368302989825,2.029272809589723,2.4078643397392647,1.0645952608227327,5.2692172225329275],[1.4412203093053821,0.424073286187007,6.848338192249417,5.764775721318095,7.488823734906846],[8.815326004883127,8.570795371498244,8.449105390201337,8.601589914581881,8.45916998457414],[0.42640975246188106,4.885087707984216,7.043387683520237,5.179188927934947,7.1270835042750305],[3.735310566223782,3.4870734811783466,2.167077945741066,5.253236027244536,5.090707982468988],[0,5.730730695823643,4.741154598404275,3.379680265978374,4.80491150464978],[2.0370137660957846,2.6862794099234923,4.455185061725701,3.0903853670556445,0.2978205519188234],[1.0589294145523418,4.96357432494386,5.236222164291942,6.610149736339468,6.7806473699964505],[6.999684894886732,6.626585543859783,6.866262603951177,6.886382783663984,6.9948397079305735]],"times":[[21867,6280,8065,2707,3923],[8967,7042,561,6768,2],[6031,1344,1121,5459,336],[4377,944,1362,278,217],[3912,1095,366,928,1827],[1013,260,1018,643,734],[1068,512,1504,2075,313],[1342,1177,621,879,329],[1664,587,1080,2893,1358],[1820,213,2395,1908,148],[759,324,1327,412,1175],[695,241,658,2894,115],[716,275,243,4584,1216],[1109,6856,4981,755,1933],[908,5971,1868,550,710],[1006,5070,2601,245,574],[4194,1612,2237,1289,257],[5882,1965,1179,287,677],[780,828,1138,392,252],[1191,451,806,661,31]],"condition":[["negeven"],["poseven"],["negeven"],["posodd"],["poseven"],["negodd"],["poseven"],["posodd"],["negodd"],["posodd"],["poseven"],["posodd"],["negeven"],["negeven"],["negodd"],["negodd"],["negodd"],["posodd"],["poseven"],["negeven"]],"envs":["envs/changepoint/negeven/negeven15.json","envs/changepoint/poseven/poseven49.json","envs/changepoint/negeven/negeven55.json","envs/changepoint/posodd/posodd4.json","envs/changepoint/poseven/poseven28.json","envs/changepoint/negodd/negodd30.json","envs/changepoint/poseven/poseven59.json","envs/changepoint/posodd/posodd88.json","envs/changepoint/negodd/negodd25.json","envs/changepoint/posodd/posodd46.json","envs/changepoint/poseven/poseven67.json","envs/changepoint/posodd/posodd34.json","envs/changepoint/negeven/negeven66.json","envs/changepoint/negeven/negeven20.json","envs/changepoint/negodd/negodd69.json","envs/changepoint/negodd/negodd33.json","envs/changepoint/negodd/negodd75.json","envs/changepoint/posodd/posodd29.json","envs/changepoint/poseven/poseven89.json","envs/changepoint/negeven/negeven76.json"],"money":"2.96","age":20,"gender":0,"hand":1,"experiment":"noncompositional","instcounter":0,"subjectID":"5f3d63755c7fba10077cc9a7","studyID":"617b0174ce5353c47cc531c1","eval":[["negodd"],["posodd"],["poseven"],["negeven"]],"regrets":[[3.375185966491699,2.0250606536865234,0,6.217352867126465,6.701432228088379],[5.1224395632743835,4.956348478794098,2.383011817932129,0.9953031539916992,0.9953031539916992],[0.974125862121582,2.4384570121765137,0.5334873199462891,0.5334873199462891,0.5334873199462891],[7.00862193107605,0,0,0,0],[0,0.4673137664794922,2.2306439876556396,0.5632667541503906,4.351303339004517],[2.136378765106201,2.2557573318481445,0.611147403717041,6.392506793141365,0.611147403717041],[0,5.7161335945129395,3.1896047592163086,2.0241141319274902,0],[5.927877902984619,7.631164789199829,5.001349925994873,0.009575843811035156,0.009575843811035156],[6.248043417930603,1.931610107421875,0,0.3164224624633789,0],[8.1376633644104,7.385380268096924,8.066006660461426,6.504443407058716,0],[6.5292447209358215,7.684754192829132,0.9003562927246094,1.8456053733825684,1.3302192687988281],[1.8863892555236816,3.373119831085205,3.0576374530792236,4.397630333900452,0.21039056777954102],[6.142678380012512,7.042205512523651,0.49057912826538086,1.778557300567627,0],[0,0.04912567138671875,0.24217605590820312,0.24217605590820312,0.24217605590820312],[6.660284638404846,2.2048792839050293,0,1.8774762153625488,0],[1.5107972621917725,1.7882626056671143,3.070070505142212,0,0.09662199020385742],[5.80802720785141,0,1.0141425132751465,2.411025047302246,0.9018592834472656],[2.435436487197876,2.042849540710449,0,1.5034644603729248,4.236844927072525],[5.503497242927551,1.6503143310546875,1.1658711433410645,0,0],[0,0,0,0,0]],"maxrewards":[10.744829177856445,5.584796905517578,8.828396797180176,9.391582489013672,5.946019172668457,6.337131023406982,7.8630828857421875,9.797971725463867,7.934969902038574,10.502801895141602,7.062108516693115,5.4809699058532715,7.48165225982666,8.711390495300293,7.106571674346924,5.275741100311279,5.783290386199951,4.582310199737549,6.627060413360596,6.838475227355957],"bestoptions":[4,2,4,5,4,3,4,3,0,5,2,3,0,1,0,5,5,5,2,4],"rewardorder":0}
