{"actions":[[2,4,0,3,4],[1,2,3,0,5],[2,4,5,0,1],[1,4,2,0,1],[0,2,4,3,3],[3,0,4,0,3],[0,4,1,0,3],[4,0,2,4,3],[3,0,3,0,1],[0,1,3,4,1],[3,1,2,2,2],[2,1,0,4,4],[1,0,3,4,4],[0,1,2,4,3],[4,4,4,4,1],[0,1,2,2,3],[3,4,5,2,4],[4,4,1,0,2],[3,1,0,1,2],[0,1,2,3,4],[4,5,4,1,1],[1,0,2,1,0],[0,0,3,4,5],[4,4,0,0,4],[0,4,3,1,2],[3,4,5,4,1],[4,0,4,4,4],[0,1,2,0,3],[0,3,4,5,4],[0,0,0,0,0],[0,2,1,4,5],[0,3,4,5,3],[5,0,0,0,0],[0,1,2,0,3],[3,4,5,4,4],[4,0,1,2,0],[0,1,2,3,4],[3,4,5,3,3],[3,3,3,3,3],[0,1,2,1,1],[3,4,5,4,4],[4,4,4,4,4],[0,1,2,0,1],[3,4,5,3,3],[0,0,1,0,0],[3,0,1,2,0],[3,4,5,4,4],[0,1,2,2,4],[0,1,2,0,0],[3,4,5,5,5],[5,0,5,5,5],[0,1,2,3,3],[3,4,5,4,4],[0,1,2,4,4],[0,1,2,3,4],[3,4,5,4,4],[4,4,4,4,4],[0,1,1,2,2],[3,4,5,3,3],[2,2,2,2,2]],"rewards":[[3.4363807014884036,4.15841663485656,2.1217615987157465,3.569697544568964,4.035839099953224],[0.008246272252445445,6.017930269682037,0.8963133762507216,5.555667626703887,1.768416720735007],[3.364421308048796,6.308931517750056,1.6064160557844178,2.120952393033094,2.5502399340045376],[7.67044935756241,6.186789441225891,7.1944929512259606,8.457615817540912,7.919514587623088],[2.808766553094176,2.329969214375227,2.5885011779093774,6.572138283187905,6.529662302876387],[6.864866342934008,8.663666236055732,2.483358971913294,8.578188283097434,6.606326304895436],[7.269154786443351,2.440091022631629,5.913193504073655,7.180486283477489,3.610920971167662],[0.5568186313692116,1.5502783358863728,1.0249276421207463,0.6082544836254657,4.691710946631757],[4.971116933531617,7.092520590525383,4.732196235319087,7.112223857761936,5.894784661747812],[2.0858384659222287,3.005498417225598,4.770659895883494,5.503190054026119,3.1911574941788765],[5.266933468175058,5.176755320849656,11.68725404979147,11.895427350667521,11.90723616986507],[3.416227161224814,2.8964200420911794,2.146546786058417,11.676613325600991,11.918296575111007],[4.06216329487644,3.2093870031443896,5.619309128198235,6.335008346352192,6.282237754058842],[6.9005921613864345,1.0852381966370672,7.36684930924649,7.98310642802173,1.1838875813001049],[7.704822880124785,7.960669442523157,8.079960078551906,7.959945986582809,4.1761996537496175],[4.473683647930964,5.079616159527371,5.867144365563689,5.858702112778716,6.10725733707097],[2.2813949870444796,7.810423530948312,2.53077670286804,7.225739097650403,7.577886170367303],[7.812783432583956,7.954560171113542,5.181367341800507,4.4626617305769685,5.880950658884333],[5.626723318617167,7.04212780806504,7.103195547819119,6.951493051370812,5.328544150946454],[4.832577771511359,0,4.742268887194763,0.0885483242040859,4.398603562994663],[4.5211867432898325,0,4.466108483427788,6.980218350327173,7.120201934701003],[6.305013803938704,7.423860396632399,6.029883619339086,6.389465103481247,7.6109802333789185],[7.152843686825222,7.09696392008067,2.7880336052098253,7.6270332239198515,2.5090025687059567],[7.657043503862518,7.616748545753856,7.443405804950323,7.701309695290363,7.588026316075304],[6.0606932870730725,4.562691898330125,4.531173779740257,5.657932971665577,5.948666071662528],[3.4957517558819315,9.444435152997452,3.043572465201067,9.37374948210358,2.988206330271675],[9.460839588900402,6.1334371158085315,9.439941722432003,9.54425109980069,9.411594298248827],[7.1865167134283,6.797277538622529,5.472816396859564,6.970781398238175,5.064990627522111],[5.527011212976022,0.0027442370164198447,5.18913482895446,0.21471616146446304,5.287563837547035],[6.998660307145817,7.175514662332366,7.161621244454972,7.152428475946032,6.926491398490102],[7.911302868859114,6.509866456760276,7.157361675931993,4.603969939713295,4.5926697220474715],[2.695707215850286,5.753261424589609,2.4405984142728343,5.762123490619853,5.653646981727889],[5.507184992437613,7.810381190249486,7.894874965257472,7.867509202608137,7.832540331419639],[5.077324692697845,4.553063535916917,4.671865371222873,5.273028919173824,4.050472487699521],[1.3821880897972858,5.865872810400862,0.9437298711182954,5.8647694684843374,5.941640956573391],[5.847201224713284,4.848854171377585,4.469563346681931,4.5928661050598665,5.136290473923407],[5.604932162739731,5.676379654934524,5.9786439029061755,4.878922836355001,4.549517164427248],[10.43835848949233,3.72703935514667,9.969459291254346,10.458345641093723,10.489228802535182],[10.330868388601658,10.349856378057773,10.363184506532106,10.353805848845585,10.480083883888852],[8.309074034383539,8.541921989875311,7.0595783130974175,8.489092556498019,8.45983448828389],[5.006970256808607,10.919603457546673,4.472264674681649,10.67333711870522,10.78039888386422],[10.845290933258518,10.887594522288769,10.831409039285218,10.79656796437396,10.87877058701518],[6.226629238845532,4.270508786613413,3.657584753841274,6.274485972117407,4.150864414839379],[4.894195695250335,1.8462701663490875,5.045370353637276,4.969272155008635,4.842363863156211],[6.317477698360811,6.27253510826168,4.155235940345483,6.30259300681335,6.240769490411582],[6.570405599491469,4.614131001471117,5.373023063819345,5.951721614537666,4.791794689053015],[1.4398485310955187,6.666182049022222,1.0139602983860467,6.856571598761415,6.819508057257777],[4.78545502805336,5.479410890073117,5.984781162697559,6.063042516155198,6.829732584056475],[8.742885591738725,8.476706196811781,6.756511431126926,8.689862252418504,8.49647038448112],[8.470522101024626,3.100157813769861,8.875126388212937,9.11114618548763,9.110067859083006],[9.022312751545075,8.666805934475935,9.157994163032718,9.05888618722,9.238783586355801],[2.461771941737774,4.154997976053214,5.416634896649144,7.1421988887074175,7.150100679642598],[2.8983224926132314,9.590410820526502,2.0907287149454126,9.34085584921928,9.549129948935594],[2.591585172526009,4.190117495684697,5.3518034326769035,9.53205397728897,9.385986972464483],[0.06661370310522045,2.3804571693853145,2.579587693990914,2.733043188742201,3.6738874743772745],[0,6.252468367847448,0.3002752016024251,6.248643305391981,6.071583186213152],[6.307735426206855,5.88445865527548,6.161611236021225,6.148289765324594,6.118757758480157],[5.613919438723898,6.9129334977573995,6.848796272855249,7.161440629068329,7.043250683610018],[5.729541698274258,0.7276574789408536,4.711065205612393,5.857075309559296,5.787179682077233],[7.069597535914375,7.1215253163236305,6.835721726363836,7.202437841316154,6.989595654825545]],"times":[[19287,4932,1200,2183,2201],[4783,995,1333,2644,4502],[3816,2096,1078,1457,2108],[3703,1674,2973,2292,605],[3172,1116,645,436,1133],[561,1282,1849,799,325],[1812,1145,928,688,249],[2095,348,504,497,258],[519,738,567,820,285],[752,436,591,499,361],[841,559,505,577,608],[887,355,371,681,469],[980,344,1019,207,487],[707,642,264,765,505],[467,487,762,1459,721],[709,443,376,603,402],[1460,304,305,2660,3016],[1065,478,186,209,7],[1031,493,236,66,68],[491,356,266,591,1783],[501,305,326,586,265],[884,117,136,360,69],[534,328,1155,283,600],[318,294,299,338,4],[715,378,671,123,449],[557,244,179,248,632],[291,333,797,298,240],[1104,250,320,95,765],[483,902,307,278,572],[391,211,196,227,82],[2835,360,191,584,409],[382,548,265,577,747],[318,108,238,317,453],[825,159,31,375,821],[927,206,257,555,266],[848,364,310,368,91],[571,321,471,1106,60],[1050,680,472,720,637],[1162,255,339,278,225],[2351,376,260,353,271],[598,230,433,142,233],[1170,272,308,261,289],[2050,229,264,113,257],[392,138,607,476,384],[941,356,345,113,339],[1021,392,379,335,894],[534,157,217,642,155],[765,95,558,660,931],[2607,511,256,362,372],[625,1329,199,768,464],[362,141,253,68,231],[1831,780,369,1018,429],[1135,197,220,30,145],[1291,367,336,305,200],[1207,137,16,189,130],[1023,334,438,299,333],[420,245,385,210,230],[2099,412,554,336,272],[2099,229,361,332,305],[371,199,218,467,311]],