{"actions":[[2,3,5,5,0],[0,1,2,4,5],[2,3,0,5,5],[1,2,0,0,0],[2,3,5,5,5],[2,3,0,2,4],[2,3,2,3,5],[2,3,0,5,5],[5,5,5,5,5],[5,0,0,0,0],[0,5,1,1,1],[0,2,3,4,4],[2,3,0,5,5],[0,1,2,0,0],[0,1,2,3,4],[0,1,2,3,0],[0,1,2,3,5],[0,0,0,0,0],[0,5,1,4,4],[0,0,0,0,0]],"rewards":[[5.326861418966801,7.906117876619837,8.081497379900261,8.145928057397235,6.072626652919179],[5.128185546194141,6.25111457958122,6.195089080734523,5.02624787294992,1.4205729103413345],[3.4502492763123396,3.5087991036527306,2.772252064812224,3.5472488055873215,3.92036291014763],[5.807813712901052,5.2533744789686025,6.8573926561985346,6.684458824311715,6.6559597225304366],[4.364958366982227,6.082231291371013,6.867539590246628,6.713227352648997,6.894156835205292],[6.400484032209419,5.562706761064548,6.271921023308883,6.308880077306217,1.351210890635645],[5.417227946065412,5.445619461941437,5.33280827339437,5.671356421947344,5.148870805562258],[3.503286448669471,3.3324850787028506,2.027768520626254,4.21874378184315,4.334207885541403],[6.999824609244788,6.983758109270727,7.029619479711415,7.136970317302408,7.268978013335776],[4.099045599686736,9.076902867094041,9.035807625337325,9.129281836604827,9.214095711100374],[7.161203456540319,1.187701414597891,7.438181505411727,7.338710024717335,7.336861550662125],[2.7998860079334826,3.88825398652382,2.0066754039753762,6.013699174811357,6.036342291794713],[2.7570605734137428,2.2259145987980276,1.3937648052230869,2.997234838258682,2.916619680491045],[6.166992304873759,5.5447941765765165,4.688993155196471,6.022639088876335,6.087609133335529],[5.692049205787535,5.280243309072704,6.036434220600109,6.350908832411559,1.024671631857972],[5.10751906075254,5.2143562549704985,4.5193700959963925,4.003950977272217,5.288347629119186],[3.3952103554083255,3.4356697568943098,3.786172977050978,6.813105690251541,7.108031931244795],[8.317120476651043,8.275428969317689,8.483143667959697,8.154511037790316,8.422977395864645],[2.7302742917768437,1.3693985796327435,4.01134248583368,5.403241161906087,5.708417578159708],[8.370893508935326,8.640005671100074,8.744477217645084,8.73154749037154,8.683443363724047]],"times":[[46505,3954,1816,1114,1625],[3010,1271,663,830,415],[2610,1221,1713,279,1165],[2749,594,807,357,1678],[1520,557,2596,141,208],[1887,591,1341,1409,928],[1238,1625,741,474,456],[786,1366,402,104,67],[784,354,65,208,451],[762,140,180,32,91],[731,518,590,2196,390],[1528,1527,1325,865,477],[788,310,2928,274,313],[1826,356,174,203,580],[2088,337,156,159,86],[509,63,75,33,128],[466,97,35,158,228],[645,544,13,28,173],[1030,91,615,2669,69],[661,305,63,52,313]],"condition":[["negodd"],["poseven"],["poseven"],["negeven"],["negodd"],["negodd"],["posodd"],["posodd"],["posodd"],["negeven"],["negeven"],["poseven"],["poseven"],["negeven"],["posodd"],["negodd"],["posodd"],["negodd"],["poseven"],["negeven"]],"envs":["envs/changepoint/negodd/negodd18.json","envs/changepoint/poseven/poseven34.json","envs/changepoint/poseven/poseven52.json","envs/changepoint/negeven/negeven68.json","envs/changepoint/negodd/negodd42.json","envs/changepoint/negodd/negodd29.json","envs/changepoint/posodd/posodd51.json","envs/changepoint/posodd/posodd23.json","envs/changepoint/posodd/posodd86.json","envs/changepoint/negeven/negeven80.json","envs/changepoint/negeven/negeven41.json","envs/changepoint/poseven/poseven39.json","envs/changepoint/poseven/poseven35.json","envs/changepoint/negeven/negeven62.json","envs/changepoint/posodd/posodd9.json","envs/changepoint/negodd/negodd94.json","envs/changepoint/posodd/posodd61.json","envs/changepoint/negodd/negodd3.json","envs/changepoint/poseven/poseven84.json","envs/changepoint/negeven/negeven20.json"],"money":"3.02","age":30,"gender":1,"hand":0,"experiment":"noncompositional","instcounter":0,"subjectID":"5f9a25f467c68d13eaa9cc5c","studyID":"617b0174ce5353c47cc531c0","eval":[["posodd"],["negodd"],["poseven"],["negeven"]],"regrets":[[2.7345008850097656,0.20517253875732422,0,0,2.1118087768554688],[1.0177760124206543,0.033921241760253906,0,1.1831774711608887,4.745754957199097],[5.846109867095947,5.779382705688477,6.487573623657227,5.557184219360352,5.557184219360352],[0.9973430633544922,1.3781452178955078,0,0,0],[2.5374960899353027,0.678886890411377,0,0,0],[0.3848714828491211,1.2766919136047363,0.37102794647216797,0.3848714828491211,5.213230490684509],[0.13237857818603516,0,0.13237857818603516,0,0.19278907775878906],[0.9906890392303467,0.9430341720581055,2.2417945861816406,0,0],[0.9074721336364746,0.9074721336364746,0.9074721336364746,0.9074721336364746,0.9074721336364746],[6.92192268371582,1.702622413635254,1.702622413635254,1.702622413635254,1.702622413635254],[0.3486795425415039,6.188164234161377,0,0,0],[3.1577467918395996,2.264711618423462,3.903881072998047,0,0],[4.735814571380615,5.120110511779785,5.883180379867554,4.289854526519775,4.289854526519775],[5.445816516876221,6.020072937011719,6.8564348220825195,5.445816516876221,5.445816516876221],[1.0921597480773926,1.2048425674438477,0.7872662544250488,0.2760124206542969,5.721479535102844],[0,0.11653470993041992,0.8024682998657227,1.34513521194458,0],[3.7636663913726807,3.886993646621704,3.3530378341674805,0.3386721611022949,0],[0,0,0,0,0],[2.769500732421875,3.9961053133010864,1.522043228149414,0,0],[0.04912567138671875,0.04912567138671875,0.04912567138671875,0.04912567138671875,0.04912567138671875]],"maxrewards":[8.125837326049805,6.230387210845947,9.293654441833496,6.709027290344238,6.845093250274658,6.676376819610596,5.5009260177612305,4.326706886291504,7.998495101928711,10.886820793151855,7.437780380249023,5.984905242919922,7.310098171234131,11.524038314819336,6.611281871795654,5.284399509429932,7.173186779022217,8.29025650024414,5.497739315032959,8.711390495300293],"bestoptions":[5,2,4,0,5,5,3,5,3,4,1,4,4,4,5,0,5,0,4,1],"rewardorder":0}
