{"actions":[[0,1,2,3,4],[4,5,5,5,5],[5,5,5,5,5],[4,5,5,5,5],[5,5,5,5,5],[5,5,0,5,5],[5,5,5,5,5],[5,5,5,5,5],[5,5,5,5,5],[5,5,5,5,5],[5,5,5,5,5],[3,5,5,5,5],[5,5,5,5,5],[5,5,5,5,5],[5,5,5,5,5],[5,1,1,1,1],[3,4,5,0,1],[4,5,3,3,3],[1,2,4,1,0],[5,5,5,5,5],[1,1,5,1,1],[1,0,2,5,0],[5,0,1,0,0],[0,1,0,5,0],[2,2,1,0,0],[0,5,2,1,3],[0,1,3,4,3],[3,3,4,5,3],[3,2,1,0,0],[4,3,2,3,3],[3,5,0,0,1],[0,5,5,5,5],[0,5,1,1,1],[5,0,4,4,1],[5,4,4,4,4],[4,1,0,0,0],[5,4,3,3,0],[0,5,5,5,5],[5,0,5,5,4],[5,0,4,1,4],[5,0,0,0,0],[0,0,0,0,0],[0,0,0,0,0],[0,5,1,0,0],[0,5,5,5,5],[5,5,5,5,5],[5,0,0,0,0],[0,0,0,0,0],[5,0,0,0,0],[0,0,0,0,0],[0,0,0,0,0],[0,5,1,4,0],[5,5,5,5,5],[0,5,4,3,2],[0,5,5,5,5],[0,0,0,0,0],[5,5,5,5,5],[5,0,5,4,5],[5,0,5,5,5],[0,5,5,4,5]],"rewards":[[2.5187886336947902,4.344993678952878,4.247398784366053,4.535462279695169,6.887816961445956],[6.610110583490211,7.655039890689445,7.774343346845542,7.4488678167714575,7.670000636069633],[7.563810704844431,7.624585108256511,7.456615731216288,7.6546582298163015,7.622065378165329],[6.71432343497846,7.6107412526629625,7.478617187116563,7.7238504075615895,7.636740372548037],[7.5305974992484686,7.71007368637993,7.529968712881758,7.565893844537439,7.6195869978209645],[7.687616828878707,7.544336172160484,2.583016474889731,7.586181683630006,7.613416081666191],[7.696581085655509,7.74894689122131,7.661872964179133,7.819206096674463,7.6142634074536435],[7.666725608098012,7.716570418364346,7.618580641511073,7.613990455961719,7.5983446243699415],[7.682325438326174,7.65126678485105,7.498119120612242,7.619290613697249,7.714033461893287],[7.623851564315017,7.72095578757738,7.816117255654294,7.748214044136084,7.659508864464026],[7.537452894784744,7.619916239067618,7.507780482696061,7.467342907114539,7.401163990373686],[4.224222350931075,7.567495733326877,7.513338630147029,7.72214250207519,7.673171810120756],[7.872230413649225,7.693645853654518,7.581249132086948,7.653717252200878,7.4727458987639706],[7.500900503451272,7.623713387499063,7.517087360457473,7.648195627734885,7.717852786255386],[7.618689743580033,7.461767993669913,7.597786404843259,7.580993197115664,7.559329165673553],[4.257889233976572,8.373214572852312,8.578624433219762,8.360422634304847,8.457563575490681],[4.369314950200551,1.5503787588243712,4.879619182004156,0.5225723672913609,5.278376938611745],[6.0900781282667245,4.238131747033407,6.848786847916479,6.825873566939231,6.673997684128099],[6.725990786915892,5.011569866942542,3.560862632986658,6.465747350450352,6.5600975676233055],[7.998745996811484,7.937075601398136,7.969676008440061,8.063235309501447,8.014020021497913],[8.193859658479495,8.138861113746156,3.5678999231486657,8.25930434451711,8.152881336050855],[4.714280178692469,4.778158243650432,3.3006398080447785,0.5296487434108064,4.751390637574419],[1.1763795327787472,5.455923560168983,0,5.239700118111063,5.283492298747659],[5.387323995904245,0,5.358727998339019,0.6367850950394236,5.419952994924344],[7.406168535246355,7.520339978977751,7.818466977882569,8.559381764660392,8.723494131193647],[3.6883729974567547,0,3.422776723587316,0.2728138053916612,0.6749457297089724],[3.5624196908907932,0.2467947315827972,6.284426727508008,5.082536158806036,6.400081564275683],[7.001683867595338,6.758472354581291,6.389223493120982,4.418139712931687,6.899192533530893],[0.7759562934948391,4.400739789041339,0,4.277734942873565,4.516393697560939],[6.535590794565036,7.025159983116073,4.329052747621189,6.859550605916799,6.811263817630382],[4.081810421143911,3.007071125558614,6.866353847770515,6.77754341802256,6.91002367161175],[0.7457009949610994,4.815465778005864,4.96404217048635,4.716347138017728,4.9326100354756734],[0.9845270877626632,2.8986530616130173,4.038798253685821,4.113542094172473,4.023863750319857],[4.20991994018516,0.019223761950671395,3.8103627062322505,3.824876015607572,1.025353909298723],[1.4095415954970174,8.573238010407936,8.775057865476148,8.600343916068944,8.67334791148998],[3.8551374411876047,1.560557237857228,8.303881793891588,8.174333953138728,8.361229966869178],[2.8420331836433514,2.6201162024244935,4.638911576540339,4.527750569389885,7.115987468070811],[0.16494136535773266,6.00383694895499,5.808606601312755,5.9164791077481516,5.7416548075401606],[3.0308130093703776,0.40466787589093955,2.975482468961459,2.8737023342454506,2.687664858662444],[4.228956136146724,2.187979526677452,3.8169162947310467,2.079223412273328,3.747697425950603],[0.05221849634155967,7.593058664779587,7.522651417666875,7.644251469406662,7.626106358012928],[7.466594838558316,7.675846709274732,7.419982955315558,7.4786461756957765,7.66335916322072],[6.317464832001132,6.232944160417119,6.3156791267975025,6.501925176443581,6.491276127209607],[3.3261272618185918,1.1866244137896036,0,3.648088775194514,3.536566294144593],[3.4327189163938465,8.087773582094647,8.002445422390524,8.147263978078593,8.047522853659775],[7.781560825984425,7.800959705630853,7.793283989070244,7.756170527586129,7.583748199455787],[2.0065444959195076,9.713985389968402,9.666399361514042,9.796634365718273,9.48237845166186],[9.730424438560924,9.587867680474492,9.73427371175827,9.780477371664478,9.594327875743579],[5.072486871216386,7.4720822622707335,7.454809812203013,7.50796425215392,7.562163800016434],[11.307744980560049,11.244408733741748,11.365511875645593,11.149486064712162,11.293037152201869],[11.220739094591263,11.327033346381699,11.312007536557935,11.252534453033025,11.388855123986684],[5.433856805403322,2.5326639967427034,4.891282587567809,2.9842507300564263,5.278816116988547],[4.74337140121633,4.6809079450774265,4.9233485076043655,4.872324978702508,4.85708106571185],[0.7987719867917069,2.3070542457376866,2.99297188327145,4.359423117173391,0.5375960006281163],[3.4392813474799326,7.897999649525693,7.996978084136656,8.082902856859176,8.095517983740434],[7.241102873100149,7.152631380090656,7.454206632654159,7.107614728209713,7.394319487431944],[8.027041243455741,7.9288241161413735,8.058970148222022,7.991854421974801,8.081199171886537],[6.626971525336922,5.00132038400939,6.679202223380277,6.399206723743898,6.596330482255495],[5.584573330166862,1.8988122623710484,5.663177363989301,5.753213342140015,5.776954569119744],[1.7957915073180628,6.615699335288079,6.472997227025592,6.440136659823307,6.393839077597232]],"times":[[24424,1032,1041,1205,1373],[21944,577,722,718,516],[3474,656,538,477,1103],[1651,404,401,339,369],[1130,403,489,414,263],[1101,315,324,145,267],[1124,334,274,302,276],[1101,297,236,263,269],[1255,233,284,232,277],[1154,227,261,266,271],[1485,337,229,264,312],[2016,227,56,159,2985],[908,295,305,233,129],[1256,56,414,271,240],[845,232,240,243,109],[2867,3988,688,396,374],[4708,133,64,426,614],[3991,1810,74,266,1878],[2339,441,1035,600,135],[3041,378,306,618,381],[1288,401,1168,179,233],[1521,97,692,850,184],[2032,79,437,124,455],[878,786,205,173,314],[4617,543,35,513,124],[1233,505,637,377,956],[383,547,1029,749,313],[1666,420,152,95,498],[1305,92,94,26,755],[1778,339,837,355,321],[9737,499,2436,132,28],[1159,600,338,301,347],[1478,72,695,266,101],[1192,279,604,549,527],[1548,579,303,307,401],[763,558,385,222,202],[1839,281,270,519,498],[1156,535,482,341,375],[1256,882,387,88,21],[2790,488,544,1393,185],[1039,275,233,201,312],[427,84,101,100,97],[1641,308,56,69,69],[988,389,1125,63,147],[430,1083,61,113,63],[1065,550,281,85,297],[997,146,285,132,352],[1142,136,133,141,314],[1131,199,167,20,26],[1295,53,248,359,593],[1577,133,424,24,69],[1310,255,490,854,139],[1103,61,284,75,429],[963,278,592,684,833],[1777,423,52,0,9],[1553,65,217,2,195],[1004,46,158,419,57],[1199,144,5,201,263],[920,78,147,16,47],[897,16,29,31,111]],