{"actions":[[3,3,3,5,3],[0,0,0,0,0],[3,3,3,3,3],[3,0,0,0,0],[3,3,3,3,3],[0,3,3,3,3],[0,0,3,3,3],[3,0,0,0,0],[3,0,3,3,3],[0,3,3,3,3],[2,5,5,5,5],[0,3,5,2,3],[0,0,0,0,0],[3,0,0,0,0],[0,3,5,2,3],[0,2,3,0,0],[0,1,1,1,1],[3,0,0,0,0],[0,1,1,1,1],[3,5,4,2,1]],"rewards":[[5.348246241164733,5.36130287342672,5.257514705299895,6.1980128897991476,5.323953066065184],[2.4750766757893388,2.51342555341927,2.5601043283341545,2.5412175204092744,2.4828050286128183],[6.424271852787781,6.3660992441091615,6.364617217645681,6.257854507146599,6.397365825578265],[3.7411460667526018,5.019526127586324,4.881136194674822,5.080476131974317,5.030600527279061],[6.18010929562654,6.130367197085064,6.169958089772522,6.136850985137764,6.235650285434024],[2.9184708097964696,5.858134206339898,5.848261620534241,5.949466235673376,5.976426439612009],[2.5117685714953786,2.3940794253930373,7.652963942572907,7.809170167751331,7.893128274935964],[1.4973547762407038,6.681612281361532,6.367542658704404,6.509438021652785,6.499573125530121],[5.5649647189118,1.1852239729298502,5.527164189269489,5.438179790254691,5.373597804578451],[6.023021004488845,7.155437262951867,7.200153638551091,7.065788124989016,7.348428493304636],[1.7931525777432367,9.402966282764226,9.659435985263665,9.619494279324396,9.642882253071969],[2.744169026712954,6.884755293910417,4.635860295386656,2.958886646730461,6.8146838633509015],[7.423679863933811,7.487979600057113,7.4716085529406335,7.630002160724692,7.592841876711302],[5.038114279906117,7.297284155025036,7.374537879847231,7.354009983963387,7.373474383006687],[5.0608494731001255,4.822335910844544,3.366332701138693,3.059391505495808,4.931514246421862],[6.087416511532246,5.926949270192715,3.6093902628508077,5.987935557110303,6.00232156311465],[0.9392991315257294,6.12208907976126,6.322787379579072,6.218459472985196,6.498388074924849],[2.9987182987148864,6.094362755298825,6.280369227899342,6.038613186025866,6.20728795608476],[3.577871917915698,9.518576429927919,9.447281448225546,9.38789280381019,9.347757258600694],[4.051258303737139,4.246254037262244,3.785268344882643,4.657030807598457,0.9425620690326403]],"times":[[34364,4461,1580,37,437],[2929,984,967,2364,998],[5457,1660,1233,1061,600],[1444,1207,690,624,636],[1665,1699,1068,643,653],[1785,1165,792,635,686],[1981,765,791,627,637],[1459,673,621,537,355],[1489,579,641,607,546],[1727,778,590,626,559],[1704,928,748,674,609],[1194,863,789,734,1401],[2228,950,528,334,188],[1291,495,871,567,462],[1183,678,767,700,811],[1226,86,1124,814,934],[818,51,636,241,133],[1188,2532,709,206,200],[1021,157,296,124,121],[1225,407,189,163,50]],"condition":[["evenpos"],["oddpos"],["evenpos"],["oddpos"],["oddneg"],["evenneg"],["oddpos"],["evenneg"],["oddneg"],["evenpos"],["oddpos"],["oddneg"],["evenpos"],["evenneg"],["oddneg"],["evenneg"],["oddpos"],["evenneg"],["oddneg"],["evenpos"]],"envs":["envs/changepoint/evenpos/evenpos45.json","envs/changepoint/oddpos/oddpos90.json","envs/changepoint/evenpos/evenpos36.json","envs/changepoint/oddpos/oddpos96.json","envs/changepoint/oddneg/oddneg71.json","envs/changepoint/evenneg/evenneg95.json","envs/changepoint/oddpos/oddpos18.json","envs/changepoint/evenneg/evenneg7.json","envs/changepoint/oddneg/oddneg98.json","envs/changepoint/evenpos/evenpos12.json","envs/changepoint/oddpos/oddpos14.json","envs/changepoint/oddneg/oddneg34.json","envs/changepoint/evenpos/evenpos5.json","envs/changepoint/evenneg/evenneg48.json","envs/changepoint/oddneg/oddneg80.json","envs/changepoint/evenneg/evenneg75.json","envs/changepoint/oddpos/oddpos39.json","envs/changepoint/evenneg/evenneg13.json","envs/changepoint/oddneg/oddneg52.json","envs/changepoint/evenpos/evenpos86.json"],"money":"3.09","age":40,"gender":0,"hand":0,"experiment":"noncompositional","instcounter":1,"subjectID":"5fa8ba689bcc7679b6e4a8d7","studyID":"617b0174ce5353c47cc531c1","eval":[["oddpos"],["evenneg"],["oddneg"],["evenpos"]],"regrets":[[2.2465858459472656,2.2465858459472656,2.2465858459472656,1.5282773971557617,2.2465858459472656],[5.654717206954956,5.654717206954956,5.654717206954956,5.654717206954956,5.654717206954956],[1.6243853569030762,1.6243853569030762,1.6243853569030762,1.6243853569030762,1.6243853569030762],[8.512904167175293,7.236164093017578,7.236164093017578,7.236164093017578,7.236164093017578],[1.45814847946167,1.45814847946167,1.45814847946167,1.45814847946167,1.45814847946167],[2.962786912918091,0,0,0,0],[5.948419570922852,5.948419570922852,0.634587287902832,0.634587287902832,0.634587287902832],[5.002576589584351,0,0,0,0],[3.2391977310180664,7.472859144210815,3.2391977310180664,3.2391977310180664,3.2391977310180664],[2.924853801727295,1.6328439712524414,1.6328439712524414,1.6328439712524414,1.6328439712524414],[7.882128953933716,0,0,0,0],[3.9890003204345703,0,2.0617799758911133,3.7881410121917725,0],[0.2878570556640625,0.2878570556640625,0.2878570556640625,0.2878570556640625,0.2878570556640625],[2.2443017959594727,0,0,0,0],[5.967999458312988,6.166774749755859,7.615184783935547,8.029115676879883,6.166774749755859],[0,0.03656721115112305,2.405245304107666,0,0],[6.167843818664551,0.8762426376342773,0.8762426376342773,0.8762426376342773,0.8762426376342773],[3.403270959854126,0.05727052688598633,0.05727052688598633,0.05727052688598633,0.05727052688598633],[5.794144153594971,0,0,0,0],[1.3599562644958496,1.0422124862670898,1.5306577682495117,0.7890625,4.491395592689514]],"maxrewards":[7.5813798904418945,8.145139694213867,8.002312660217285,12.277868270874023,7.685547828674316,5.893767356872559,8.371925354003906,6.505382537841797,8.667318344116211,8.858583450317383,9.563997268676758,6.788527965545654,7.807040691375732,7.334072589874268,11.032546043395996,6.028214931488037,7.104092597961426,6.3086934089660645,9.37812328338623,5.360550403594971],"bestoptions":[0,5,5,1,1,3,5,0,1,5,5,3,2,0,1,0,5,2,1,0],"rewardorder":1}
