{"actions":[[4,0,0,0,0],[5,0,2,1,1],[3,1,1,0,5],[2,0,5,2,2],[4,0,5,5,5],[0,5,2,1,1],[4,4,4,4,4],[0,5,2,1,1],[4,0,1,5,4],[2,2,2,2,2],[0,5,5,5,5],[0,5,5,5,5],[2,4,0,5,2],[0,5,1,1,1],[1,0,2,5,5],[3,5,5,5,5],[3,5,1,3,3],[0,1,1,1,1],[2,5,5,5,5],[3,0,2,1,3]],"rewards":[[4.896125879160334,11.020953689239304,11.370965286175812,11.33220019220375,11.108866142648566],[1.075521702170489,3.741963396051249,2.9829897789401234,7.5215866576844315,7.433967437531885],[6.714777423819553,8.846127999156439,8.791200409346287,1.59754302238497,8.469773429105661],[4.016056854245434,3.4227732113677636,0.9129022486914258,3.9917796528256146,4.006796888347542],[4.559370378366234,0.30726633741490245,6.087778102154396,6.208029901940341,6.017695194696017],[0.02993975115829603,2.4130955406358696,0,4.061637658898998,4.041320153426211],[5.352611633797878,5.4431116662540955,5.534285517423358,5.45343618637842,5.542825312434133],[2.1873916229265276,5.042028677279297,1.3997333877434732,6.361747000498192,6.340152000594833],[5.027110579099719,4.896258021938396,0.544533355567601,5.17446789411304,4.858712074600786],[7.645376137367002,7.709736313760681,7.910193924504888,7.719233539778614,7.671003489249549],[3.2561108650271575,9.522168403583903,9.63290584610682,9.750717873349977,9.708179771758491],[6.453521773465972,6.637235336391217,6.585143253078083,6.514315493840026,6.506198676851061],[2.934757069369591,3.163021801857902,2.4931462075003674,2.7349528811672625,2.9289353094684136],[3.2742390820382106,3.950376885599077,10.205732771161266,10.16201520863797,10.426242221047891],[4.154689423362801,1.3674231515392448,0.9516167671726395,9.55305894504439,9.639274496390824],[4.818784611388488,7.050148665784985,7.008396158312363,6.969717780930479,6.975598339853226],[5.539800129659482,4.478970161212488,0.35348752402066225,5.474053419656955,5.500758559446694],[3.866923934758752,9.8471833908129,10.236732728146716,10.108503639564722,10.120700138442082],[4.211461624362863,7.1724078812324015,7.144969454868236,7.1954366741184295,7.265825915867356],[4.386730709863139,3.132419604622864,4.017712670528379,0.557563356848763,4.2938558678222085]],"times":[[22845,1401,974,694,242],[1539,253,536,130,262],[1822,681,794,55,222],[1343,276,139,871,169],[979,303,101,154,139],[773,322,577,25,231],[735,334,569,100,19],[775,93,600,484,111],[855,295,497,189,785],[1019,292,135,169,182],[2372,106,111,213,80],[766,293,1619,131,39],[2800,619,291,302,37],[1452,108,969,253,126],[2808,73,49,34,130],[2581,557,30,1,87],[1111,265,566,614,101],[1357,922,205,14,63],[2689,618,188,27,25],[1254,433,362,309,4]],"condition":[["evenpos"],["oddneg"],["oddpos"],["evenneg"],["oddpos"],["oddneg"],["oddneg"],["oddpos"],["evenneg"],["evenneg"],["evenpos"],["evenpos"],["evenneg"],["oddneg"],["oddpos"],["evenpos"],["evenneg"],["oddneg"],["oddpos"],["evenpos"]],"envs":["envs/changepoint/evenpos/evenpos27.json","envs/changepoint/oddneg/oddneg11.json","envs/changepoint/oddpos/oddpos36.json","envs/changepoint/evenneg/evenneg61.json","envs/changepoint/oddpos/oddpos46.json","envs/changepoint/oddneg/oddneg37.json","envs/changepoint/oddneg/oddneg54.json","envs/changepoint/oddpos/oddpos52.json","envs/changepoint/evenneg/evenneg68.json","envs/changepoint/evenneg/evenneg82.json","envs/changepoint/evenpos/evenpos94.json","envs/changepoint/evenpos/evenpos66.json","envs/changepoint/evenneg/evenneg5.json","envs/changepoint/oddneg/oddneg55.json","envs/changepoint/oddpos/oddpos38.json","envs/changepoint/evenpos/evenpos51.json","envs/changepoint/evenneg/evenneg69.json","envs/changepoint/oddneg/oddneg87.json","envs/changepoint/oddpos/oddpos84.json","envs/changepoint/evenpos/evenpos18.json"],"money":"3.10","age":20,"gender":0,"hand":0,"experiment":"noncompositional","instcounter":1,"subjectID":"60108aec80f7d93e97a38612","studyID":"617b0174ce5353c47cc531c1","eval":[["evenneg"],["oddneg"],["oddpos"],["evenpos"]],"regrets":[[6.831689834594727,0.5957050323486328,0.5957050323486328,0.5957050323486328,0.5957050323486328],[6.512670397758484,3.8831489086151123,4.63995885848999,0,0],[1.9713659286499023,0,0,7.095459938049316,0.38516712188720703],[0,0.5823240280151367,2.9285054206848145,0,0],[1.522010326385498,5.729194611310959,0,0,0],[4.4512307196855545,2.5415756702423096,4.759830743074417,0.5858821868896484,0.5858821868896484],[1.711796760559082,1.711796760559082,1.711796760559082,1.711796760559082,1.711796760559082],[4.105485916137695,1.2658729553222656,4.809374928474426,0,0],[0.7811617851257324,0.8444948196411133,5.378329634666443,0.5444412231445312,0.7811617851257324],[0.5106754302978516,0.5106754302978516,0.5106754302978516,0.5106754302978516,0.5106754302978516],[6.501482725143433,0,0,0,0],[0.17075014114379883,0.05135202407836914,0.05135202407836914,0.05135202407836914,0.05135202407836914],[0.8763957023620605,0.5516948699951172,1.0757787227630615,0.9615921974182129,0.8763957023620605],[7.025649309158325,6.243651866912842,0,0,0],[5.380424976348877,8.129908561706543,8.554837584495544,0,0],[2.105041027069092,0,0,0,0],[0,1.12384033203125,5.23812797665596,0,0],[6.156030178070068,0,0,0,0],[7.102288246154785,4.032576084136963,4.032576084136963,4.032576084136963,4.032576084136963],[0.8208279609680176,1.9826710224151611,1.2283787727355957,4.472797155380249,0.8208279609680176]],"maxrewards":[11.835404396057129,7.534444808959961,8.775108337402344,3.9588284492492676,6.115047454833984,4.665726661682129,7.160659313201904,6.324032306671143,5.7381696701049805,8.16006088256836,9.727662086486816,6.627340316772461,3.8338866233825684,10.2887601852417,9.488717079162598,6.996988773345947,5.543464183807373,10.042080879211426,11.203508377075195,5.154534816741943],"bestoptions":[2,1,1,2,5,3,3,1,3,0,5,2,3,1,5,5,3,1,1,5],"rewardorder":1}
