{"actions":[[1,1,5,3,1],[1,0,0,0,0],[0,1,2,3,4],[0,2,3,4,5],[0,1,1,1,1],[0,1,2,3,3],[2,3,5,5,5],[5,4,3,0,1],[2,3,4,5,5],[5,4,3,2,1],[5,0,0,0,0],[0,1,2,3,4],[2,2,2,2,2],[4,5,5,5,5],[5,5,5,5,5],[0,5,1,2,3],[5,4,3,2,1],[2,3,4,5,0],[5,4,0,1,3],[4,5,1,2,0],[2,3,4,5,5],[1,2,3,3,3],[4,3,3,3,3],[3,3,3,3,3],[3,4,4,4,4],[2,1,2,2,2],[0,5,4,4,4],[2,2,2,2,2],[3,4,4,4,4],[3,2,2,2,2],[2,0,1,3,3],[5,5,5,4,4],[5,0,1,2,3],[1,1,1,1,1],[3,4,5,4,4],[2,2,2,2,2],[1,1,1,1,1],[4,4,4,4,4],[2,2,2,2,2],[1,2,3,4,5],[0,5,1,2,2],[0,0,1,0,0],[1,1,1,1,1],[3,3,3,3,4],[4,2,2,2,2],[1,1,1,1,1],[2,1,1,1,1],[1,1,1,1,1],[1,1,1,1,1],[1,1,1,2,2],[1,2,1,1,1],[1,2,3,4,5],[5,5,5,5,5],[5,5,5,5,5],[1,2,3,4,5],[5,4,0,0,0],[0,5,2,3,1],[5,1,1,1,1],[1,5,0,4,1],[1,1,1,1,1]],"rewards":[[6.444393562869636,6.39029426615974,4.83560819847174,4.370392202939836,6.232083887039453],[2.3711684736376473,8.180679142273286,8.175614847778203,8.199502169145397,8.061947591496427],[5.959252335098394,6.401855952450589,5.373146751071649,3.384700850983017,8.06185606786209],[4.075411923191035,6.143841452491335,6.921626708974512,6.274933386381189,7.8973608345174835],[3.5508650917905666,9.258255913363701,8.950567124411204,8.764404370183525,9.042637097072408],[3.948404546216454,5.377863158393191,6.150577238291283,8.444264265673644,8.320099447396203],[5.898661137193889,7.106064358704484,7.922568684233432,7.712718538877745,7.924431333451248],[6.463749287929586,0.8059088603090757,6.273342490270392,1.2748350540993134,7.134713952542232],[5.756275051892189,6.493523277383393,1.0266331820187409,6.686133095677507,6.77622799197589],[5.894011452625703,4.401247127953602,3.2851404628431418,3.048376090262972,1.1368686722464625],[4.642575493289748,12.087757863694433,12.129445312330363,12.133637341228367,12.126401518170015],[0.6865052452803562,0.9876049906523379,3.238857559501895,5.432548146200623,13.076644750926654],[6.9378088944437515,7.057101461920782,7.077659633190139,6.964944169994103,7.011881377829153],[3.267947048356197,9.709286896481718,9.655518083087664,9.404246066958484,9.657028474590057],[9.63902391763339,9.622027458404913,9.584857447041388,9.708537921236166,9.58973954220164],[2.6173051566912693,4.4364997203312715,2.6028361401090674,3.356801283521392,3.610306720534985],[2.399000243060162,5.908423050385224,2.6635693168855545,5.82513636519669,1.8214205366024143],[3.1735027866994012,2.8403919664671684,5.71927311598315,2.323162855599181,2.481052225321902],[5.708315324040422,4.476367549388798,2.198500402583305,2.0241603131391854,4.4298485214731445],[1.0148349980806857,4.39561503417597,4.6445251292607415,1.2004491406262265,1.1064364923626984],[3.4125700080545682,3.395535154244447,1.0331762200728427,4.46697640726676,4.493835810880627],[1.6187124995323028,2.846496015528784,4.475687169209646,4.491144602234931,4.295096647204961],[0.6545905150160838,5.704679688820843,5.651780373899357,5.885898505636643,5.868633220841917],[5.663003980692163,5.873846896502095,5.821210822343206,5.7290211851657,5.890977765939003],[3.8047542534797203,5.681901541359836,5.858204366496272,5.728868560033514,5.623126447993783],[4.934578875599442,2.1727573811377976,4.932304937265544,5.069465096311885,5.015709273206916],[2.15201592848814,1.503087918051487,4.5451587937957605,4.790880018754042,4.598642211764122],[7.658971758506648,7.5740600123731285,7.5508968840160575,7.78228735344673,7.6944899493372505],[1.484745166542298,6.814444261384184,6.702676714394772,6.9716093969633235,6.807568589946178],[1.259575578824986,7.777065260392092,7.573326695404739,7.722099954430593,7.6314201433790325],[2.240992420016324,2.2825472051992204,2.934793171826559,3.9347947849274747,4.071782470116996],[1.3091895994795337,1.2575339349547603,1.3248564856547793,8.746569957182482,8.839232248281395],[1.2703106239816748,2.411912588920419,2.67186111370397,2.4113582927078565,2.5371815713385337],[7.775262050456559,7.909628939713771,7.87076693615149,7.737307065125618,7.779497763782957],[0,5.935376926692834,0.6831343526252568,5.692723478706192,5.728754070052318],[6.900790630373269,7.1172126766816115,6.985805146490794,7.103272501841534,7.0064562276750895],[8.010799779686753,8.16168000312029,8.082459188518518,8.240882990585456,8.043557492287967],[4.195939759919698,4.217229684015098,4.065016876474339,4.143873888107953,4.0679744678383924],[7.411977666234531,7.500056173396927,7.663174134574349,7.580856188828774,7.331380891280777],[4.027249058865277,3.626606136277026,2.041128037194544,1.7084158927207709,0.8295580264779693],[3.8809980266089417,0.3699223351294309,1.3633320310864898,4.508196002621182,4.6542873100413145],[5.2337699726633415,5.379268489119452,4.133438841464806,5.274910775824734,5.336935814160194],[8.040641143759984,8.088651542261186,7.792004274832489,8.152867098404325,8.04670990044059],[5.808010813738869,5.633141398405784,5.835471663933477,5.671119224746768,0.5608411517126086],[0.3863608129787276,6.478490833424355,6.602977916558604,6.753109768419192,6.419978530125385],[7.680955874555803,7.51954540188001,7.407767389129779,7.302573685762909,7.357707001879727],[3.230882665882618,8.669418349357128,8.698233134739814,8.79035259974397,8.845257441415756],[7.547401369369344,7.589315535203105,7.623741084149151,7.546861240037601,7.300776983581486],[4.808920884428228,4.8603353885991964,4.680473485243142,4.735923718871974,4.946086585036248],[0.6501976102146042,0.9932059688320356,0.8786220935177186,6.54271412197384,6.62704153187737],[4.9592407532277,3.919987885847152,4.736105147218664,4.89539694777175,4.814462645584991],[2.358051698812998,2.5076044257912686,4.098666205174767,5.231988786196122,5.568551984545438],[10.475672076933382,10.502704641436265,10.35864440399562,10.266064769629722,10.607623074564067],[10.340150645563627,10.42240729364721,10.540019855212662,10.338044509501817,10.532712977028192],[3.6511908611845754,4.052535897977564,5.705285136266108,5.961084918878177,6.687286178578455],[0.695329497127495,5.305776758678934,6.379184155688144,6.488985462362033,6.50799598529067],[3.709998810098195,0.5950959947694789,3.814830600411396,0.8304886358959668,3.6997800769456988],[4.441086466551863,6.720592418959435,7.121824994831076,6.875998772032107,6.830079065798871],[4.9483367533125024,4.263044139849772,0.05828111296482608,0.6553136191476456,5.05397919126979],[6.904539383376841,6.890874704105987,6.8702692017915705,6.85241640291787,6.895099513711994]],"times":[[9207,2532,4890,2536,862],[2077,2295,813,438,453],[4249,841,1271,1093,40],[5910,986,851,582,410],[1506,559,652,250,498],[1839,848,22,1015,459],[6898,855,760,231,482],[2981,781,616,1383,1394],[1916,83,430,419,795],[3321,185,560,860,357],[1298,783,678,95,57],[1561,2160,718,899,547],[3078,2117,206,696,239],[2924,264,129,284,71],[2114,95,46,432,111],[2241,462,1100,306,648],[756,814,1031,1819,33],[936,543,101,243,522],[1433,791,1192,57,443],[1225,172,589,88,560],[1192,968,374,108,62],[2031,609,851,1033,37],[1343,198,136,503,157],[635,71,34,44,426],[1953,297,69,6,94],[1276,1073,687,190,178],[1775,556,515,116,361],[1090,719,167,169,163],[866,277,110,453,181],[1731,945,201,43,385],[2211,476,941,1094,102],[2871,343,47,54,4],[2565,1146,296,78,770],[1606,205,301,463,71],[1711,862,1326,235,94],[1905,58,110,107,164],[1243,215,21,401,130],[1359,215,88,68,49],[1478,30,27,4,5843],[439,578,892,355,93],[877,2289,1293,40,233],[1543,185,283,227,97],[2094,73,240,151,56],[1572,340,58,443,325],[2344,1008,205,46,56],[760,89,323,48,379],[2667,742,139,226,281],[310,85,173,263,225],[468,65,33,203,278],[305,9,55,139,385],[651,57,20,232,411],[1230,276,1324,371,327],[1244,404,94,414,358],[506,6,186,51,240],[946,1425,929,776,541],[183,731,1711,89,14],[493,987,622,961,1937],[2092,506,255,18,17],[234,844,992,614,379],[419,239,153,172,339]],