{"actions":[[0,3,2,5,0],[0,1,3,5,0],[0,2,3,5,3],[0,1,3,5,5],[0,1,3,5,3],[5,5,5,5,5],[0,1,3,0,0],[0,2,3,0,0],[0,0,0,0,0],[0,2,3,0,0],[0,3,5,5,5],[0,5,0,0,0],[0,3,5,5,5],[0,1,5,4,0],[0,2,3,3,3],[0,5,0,0,0],[0,1,4,4,4],[0,0,0,0,0],[0,1,3,5,0],[0,1,3,5,3],[0,0,0,0,0],[0,5,0,0,0],[0,1,0,3,0],[0,0,0,0,0],[0,1,0,0,0],[0,2,5,5,5],[5,5,5,5,5],[0,1,5,5,5],[0,2,5,5,5],[5,5,5,5,5],[0,1,0,0,0],[0,0,0,0,3],[4,4,4,4,4],[0,5,5,5,5],[3,5,3,3,3],[0,3,3,3,3],[0,1,5,5,5],[0,2,3,5,5],[5,5,5,5,5],[0,2,0,0,0],[3,5,4,4,4],[0,4,4,4,4],[0,2,2,2,2],[3,4,4,4,4],[2,2,2,2,2],[0,2,0,0,0],[3,4,5,3,3],[3,3,3,3,3],[0,1,2,0,0],[3,5,3,3,3],[3,3,3,3,3],[0,1,0,0,0],[3,5,4,3,3],[0,0,0,0,0],[0,1,5,0,0],[0,3,5,5,5],[0,0,0,0,0],[0,1,5,5,5],[3,4,3,4,4],[2,2,2,2,2]],"rewards":[[6.624137288709589,6.273780162664254,4.452397430108194,4.361928526467633,6.368112349903081],[0.21047605196452807,5.237565362746468,6.566491375465738,5.152115895638894,0.318531230312293],[6.616985158232235,4.535625837222678,6.5455016162481705,5.036885146303768,6.46268606034876],[3.9331527967726427,2.9995549000838353,3.1747122921485236,5.3426629672154995,5.329270176665736],[3.938670979882278,9.833764707189237,9.56707891428441,9.35363260542694,9.357009460791765],[9.428393684098037,9.300015371332542,9.380719062453853,9.449108114258786,9.43270446715431],[8.45835916281071,7.78778961257325,5.716716475749123,8.48218049942807,8.327731073411623],[5.791916050752814,5.795468122731824,0.7367049463596645,5.923055030019066,5.739093934334163],[8.612021662175835,8.65069359071965,8.45364600422172,8.751715834663022,8.407531975572375],[7.1885289752601125,5.681922747276946,5.885224156033393,7.222786583174259,7.299507127449636],[1.6558739449863393,4.987782363956648,7.055763752229678,6.9361994566174054,6.897046294767672],[7.1888382086300915,6.922470936581856,7.234206308758391,7.225051354287525,7.442036081630345],[0.9192630199138806,3.526419641665855,3.6975674316736042,3.7055933990970376,3.4800580117962627],[1.7184127440973493,5.116898324959135,4.646205356909806,1.1073415946080865,1.6379378767774824],[1.0585433958384496,1.5234223049502351,5.278789103023481,5.269625901218465,5.265072450086069],[8.991815530347784,4.4519213359056495,9.120895829029255,9.159293853831302,9.021363138692521],[3.616550815122656,0.8801829239361572,4.000460171388828,4.157615208095518,3.968820083006464],[8.878325159748291,9.187491871749543,8.9182550907103,9.009248981208062,9.116859339788924],[5.105822748463513,4.423878097505258,2.8625099031715644,2.0013973050378793,5.052014782098353],[1.1056231599481288,4.715220668049549,4.597901938868412,3.927810612223462,4.641042802922109],[4.8738731271982925,4.905308752271797,4.829240838948334,4.916872674690091,4.946805526734553],[7.2964268948066175,5.609282241351542,7.265359337374351,7.629647970672659,7.4570239459574905],[4.506625636000375,0.5933254293918773,4.76969475060142,0.7181783240878974,4.484226967004741],[7.307322360063558,7.545419269298257,7.517944786323271,7.290179386132144,7.3028905709436644],[5.657519948245449,5.139362965588684,5.735089302993443,5.452193662394038,5.442211398999058],[2.357722292690714,2.3387487091046064,9.041263040858816,9.109694697124302,9.121217389715607],[9.109735624911146,9.227958706755706,9.011106377380862,9.040041841287515,9.449665807019636],[5.285014662293073,5.61077144025094,9.482997406209726,9.69335964460395,9.643547602779767],[3.481139137287124,2.283068894405723,8.258378026265595,8.28246184819787,8.259849130401433],[8.191414218869568,8.21005785412382,8.425609494302998,8.197066062058568,8.144001592815934],[6.2042073418950805,5.553120574981084,6.0124614291702265,6.279189296456919,6.0409191731084055],[11.434463290161217,11.523697074127389,11.672923778486359,11.445003346559199,4.7404901329183655],[11.206533560490081,11.220785871860189,11.309334217171115,11.150852275966676,11.145353886952153],[3.503582088695954,7.912103057869113,7.718995036379683,7.637220455277462,7.746110256737542],[5.780600239924536,5.856061941045852,5.934397789586145,5.702448781387363,5.770390517097456],[3.5242654766001387,5.6628787285700595,5.681540208913044,5.832280428579729,5.707435550844365],[1.932471581151272,3.4896076359659087,7.017590771789596,6.98616489104393,6.975076727627166],[3.8490338599141434,3.2672571199504823,9.563867038247025,9.440393464753189,9.31390093846511],[9.322520231176625,9.543858640863457,9.293424369523288,9.28447169238021,9.278862979455512],[4.792183380763789,4.37925270876292,4.859792497849355,4.807738485000714,4.472009607372319],[1.5773485859702554,1.200282090231146,5.2023376510276025,5.08206820480585,5.376299168154083],[4.911134533316058,5.329673628006165,5.2806939662637875,5.452361069229574,5.234298378466148],[4.686873273495117,5.616528008338462,5.693716111849925,5.62093124434014,5.494303117634644],[2.2506375357540684,4.48599133193864,4.475090004215645,4.393814168572835,4.487207601546038],[5.408689894181647,5.694206579038077,5.536086638271757,5.574793343622608,5.5934573777719505],[2.1923288837534276,1.8836715320704123,2.168112356313143,2.1295202358320067,2.094300079020156],[6.04099256189259,0.48023535077726537,5.359704264866887,5.948467240203769,6.026392591508275],[5.937414490399645,6.097540249197541,5.979316876553464,6.0525114739245245,5.842766134473724],[5.813581240179505,5.284118461270996,3.902026587765632,5.817790654121008,5.981220345282842],[11.348615333355784,10.615210690735596,11.391137922369253,11.387152885592974,11.369632069454525],[11.317084090099659,11.292301268480525,11.338211383552668,11.306549679343915,11.446013722356296],[8.424089653420253,6.2043752289055965,8.511077858359682,8.591351015845937,8.510485943672938],[4.984282493580347,4.57304663082792,0.36239759411758415,5.121407470827505,5.082007583686136],[8.440143293900823,8.31587907158681,8.400620177799142,8.265361213139578,8.211291111991317],[7.767650065231083,7.066574873735455,3.7179895827922635,7.682880186357764,7.832019381818092],[0.6367957763900944,4.679225744178091,5.061276012759557,5.097444339191615,5.0869849626504235],[7.70718381641721,7.7180093588344745,7.8193272411095025,7.9067109613461675,7.856418146765356],[3.821616823708859,5.518276977751334,7.47496275002238,7.536374465070231,7.61451861973318],[1.564126432582387,5.942885144776656,1.4675708014294013,6.1135947190784234,5.851122815786761],[5.378355313377132,5.1750188114319,5.525481872593859,5.3292911745909315,5.2995298386777545]],"times":[[31544,6797,8852,1003,6157],[8037,1577,7176,2366,2520],[11810,939,1557,610,440],[4944,4545,4764,1558,1010],[8613,413,3356,2108,1843],[8106,785,3180,353,1318],[2842,5885,10258,583,336],[1712,4249,1653,391,303],[3609,554,457,439,353],[6079,3629,2143,248,267],[2463,1005,1910,351,449],[1436,393,340,308,370],[4682,1184,587,597,523],[3814,4163,7531,4025,42],[5006,966,2601,246,268],[7125,4003,258,241,264],[2743,2273,7954,1475,395],[4118,284,235,299,393],[3977,2733,2227,1968,156],[6390,1774,3273,2045,392],[4333,5150,613,298,336],[3473,8020,242,209,171],[1874,3525,572,454,196],[2981,260,300,349,360],[7814,1778,515,977,261],[2962,404,1056,278,269],[1255,202,140,220,424],[3590,3771,1345,253,196],[1803,2471,269,226,313],[1814,263,314,493,343],[3429,1743,440,5230,222],[3212,619,2399,400,4317],[3177,253,307,246,260],[3992,2127,193,157,123],[3972,2509,3645,1389,297],[2584,33,4,280,109],[3657,2303,757,492,1216],[2346,1958,2264,2522,471],[449,83,516,276,346],[5484,3751,2731,1000,400],[3722,365,3554,250,263],[3304,194,184,189,185],[3339,777,1177,282,408],[1758,627,1295,354,281],[1073,272,253,254,215],[3692,860,293,172,207],[1349,3080,695,92,257],[410,241,245,259,274],[4440,2513,606,219,198],[11274,1451,169,62,287],[4966,120,87,143,45],[3282,566,276,234,185],[1457,2135,2518,8,468],[277,124,131,160,277],[6126,7618,1364,528,219],[2475,450,1359,220,321],[646,180,116,152,375],[4584,1498,1772,321,343],[2653,1112,1461,94,71],[864,284,267,254,255]],