{"actions":[[0,5,2,0,0],[0,5,5,5,5],[5,1,2,5,5],[2,2,2,2,2],[0,0,0,0,5],[0,0,0,0,0],[5,5,0,5,5],[2,5,0,4,1],[5,0,4,1,2],[5,0,0,0,0],[2,4,3,5,0],[0,0,0,0,5],[0,2,4,4,4],[5,0,0,0,0],[0,2,4,4,4],[5,5,4,5,5],[5,5,5,5,5],[5,5,5,5,5],[5,0,4,1,3],[2,5,5,5,5],[5,5,5,5,5],[5,0,2,1,4],[0,5,1,0,2],[2,3,5,0,0],[4,5,5,5,5],[0,5,5,5,5],[5,5,5,5,5],[5,0,1,4,3],[5,4,3,1,1],[5,5,3,4,1],[5,5,0,5,4],[4,3,1,2,0],[5,4,3,2,0],[5,5,5,5,5],[1,4,4,4,4],[4,4,4,4,4],[5,0,4,3,2],[5,0,4,3,2],[4,3,5,3,0],[5,5,4,5,5],[5,4,4,4,2],[2,4,4,4,4],[5,0,0,0,0],[0,2,1,1,1],[1,1,1,1,1],[1,5,0,0,0],[1,4,5,0,3],[1,4,2,3,5],[0,5,4,3,1],[0,5,5,5,5],[5,5,5,5,5],[5,0,0,2,1],[5,5,5,5,4],[5,5,5,5,5],[4,0,2,1,4],[2,0,4,1,5],[0,5,4,1,3],[5,0,1,0,2],[5,0,1,2,2],[2,2,2,2,2]],"rewards":[[4.899583703070429,1.0259635378767853,3.2123980102743035,4.915407372371001,4.926246259530575],[0.48719758260412716,5.7251307518525705,5.799183135176295,5.762682521422179,5.797248731123918],[5.694523286097289,5.309244266295412,3.3730264919931146,5.698214033386574,5.780704368010036],[6.809487673141089,6.744826015438107,6.6012032934650975,6.763918125049586,6.729884960481467],[9.306274085742677,9.352721769416448,9.311553046016007,9.455516002047595,2.399675086832566],[9.504357444065587,9.638764567745861,9.473139218977764,9.483192069133414,9.302664142862847],[9.003873040203857,8.904732091962051,4.312431324218152,8.531404143284352,8.816055026621353],[0.5090159698103355,5.392726874303998,1.3059652476495973,1.365739254086886,5.023734715544592],[5.2876325840848395,4.197940534022937,1.3319231489556242,4.9205466057534615,6.448864712124481],[4.1734039404392345,8.718243136857126,8.619684382875908,8.990064013420202,8.644675415638055],[6.3137914494576055,5.726408489655035,0,0.7715052653862196,5.136704764929927],[8.542528293499638,8.644366302685484,8.746815488055363,8.775345345582407,0.6336205999471674],[4.847965957186481,5.457879004272625,8.341256823539204,8.32944787934258,8.269413991896405],[3.377368724569628,9.169271384756405,9.096662454938558,9.041689557515307,9.173188078599583],[4.6871892353592814,5.416455897927401,8.834838468721765,8.895634177962204,8.753120154969888],[7.206983746447246,7.222830725664845,6.544239210175393,7.163669437504984,7.285116846313022],[9.59969576658839,9.567639674390316,9.66698397270053,9.263117179039568,9.745040596603175],[9.390622103788134,9.645585012545055,9.691047238962646,9.507099556037227,9.689571251117847],[0.5749338693991448,5.52886632437675,2.222297352420797,5.17057506588837,2.7072422908432094],[2.456039176734305,9.010602933342003,9.055148510593295,9.099804229881832,9.034784795222992],[9.042276127946309,9.069576102564506,9.26447404020136,9.118596424775477,9.216582280434318],[2.7990106043296907,5.6792512125445995,5.0421268722547214,5.721768556524189,4.509480575520723],[5.02021615199688,1.3518584610187567,0.8983149196492589,4.926334920997294,5.256333604496667],[5.027016896465332,0.9737057008159656,1.1283889155440494,5.456564598516427,5.634920928983533],[7.337297070738371,7.974438519751937,7.9308595921491065,7.907782515900179,7.889523798477384],[0.010225676185759772,6.930973920998436,6.754978888591135,6.67162387016835,6.577113521325369],[6.653729509496519,6.8379484229065,6.736115598751935,6.574262737156713,6.66172655439409],[2.0565329590755557,5.046493520753905,4.116489952465236,3.797490953894154,3.66771825873388],[6.939740659318477,1.9741480813110037,6.1908409393029205,7.492315039701663,7.295308115205272],[6.712484715002134,6.847739125219169,6.028974738037962,1.9951918669347317,4.162489598261998],[6.235838792094629,6.229352097584534,2.3841824074095506,6.298244125567448,5.666717856983042],[3.2472542843803094,0,0,2.1391005135991454,3.9169174607884605],[0.9755385826987797,3.6048161148320537,0,3.9344480985086325,2.326057301205997],[8.726204203013324,8.735887724849924,8.739145226065313,8.878385258460279,8.663607685313456],[2.7728283982793154,9.669050273434783,9.412966856013517,9.589660726341878,9.546478840469414],[9.50353195018232,9.649015357440481,9.45976443176317,9.82559587262588,9.5398710267227],[5.39196808368026,2.054944986520389,4.183250385427065,4.160679857778284,1.9556322270663216],[5.436041329370096,0.7301566735740102,0.3902001188187427,5.960430968093581,0.904051792042741],[0.3109342034635708,6.088461133336607,5.312814502252367,6.0826959277775545,2.14945911830374],[6.923263036415966,6.921493241608153,6.229785424894203,7.354653702274025,7.031120163531167],[1.5331103961085943,7.882063050871459,7.942152589227832,8.097710106247938,7.288411643489275],[4.129532780332824,7.986935271126388,7.819885383076243,7.964268583884983,8.019087147245228],[4.863650062577032,9.394600677337928,9.465117172852047,9.486791224436987,9.64170987152525],[4.748851577358103,4.2968480792247075,12.008468554941459,11.909806989325702,11.896677003463408],[8.086826423249038,7.95561222491999,8.219833988011256,8.229219025506442,7.958295198227508],[5.787648193074489,2.2992391110558947,6.700727892828354,6.523602231493879,6.6612032375777765],[0.6554354928241715,5.682181912051323,0.3788203604040431,5.045041026415621,1.3078357927231856],[5.743108219344285,5.478531745122055,5.471865357502071,0.9758577639255717,0.6635355920635134],[0.5690078150320983,4.2725669791873635,3.7858968997368074,3.6478950756911623,1.7323897795639194],[2.6122375012729626,9.563836956495647,9.758606663447262,9.399677173411165,9.682313409471131],[9.483750150020008,9.615745891877946,9.472811391574309,9.50272685430097,9.651930603343281],[4.774820905685127,8.723683190276775,8.834938246523407,6.969008893779173,8.306965497523867],[9.05681664783447,9.04698282412145,8.999310415763894,9.065583516352369,3.1452937675160397],[8.772792741601284,9.17865975977133,9.218487017457532,9.14505542391383,9.091716452114419],[4.978569125350058,1.4869605646294966,2.7901279441588827,2.1675088207143625,4.793645898083341],[5.014224192286652,4.135942425463037,4.190915335099564,0.6289951291620365,0.7441535996396633],[1.6564273846755357,0.5643123995234315,3.9131061399832534,2.0095212815191776,0],[2.2386194344440606,4.574554295723995,3.335262022786653,4.506234934602865,5.510674872930845],[1.276309013314859,4.578333677961094,1.6806194401174588,5.048387072847413,5.089552058651243],[5.42805670393866,5.644079850672356,5.596474562599889,5.520858753779961,5.725848498154472]],"times":[[29473,2666,1966,296,246],[3068,384,78,59,13],[2128,2443,880,286,50],[5815,165,166,304,188],[3686,564,38,73,950],[1912,86,26,90,355],[2237,185,442,246,96],[2740,296,533,241,152],[1742,410,921,606,668],[2264,255,338,79,231],[2378,1234,488,389,289],[2036,283,46,348,367],[841,1946,950,167,141],[1793,337,127,69,45],[770,2122,424,65,64],[2507,221,1063,19,74],[1555,78,91,15,428],[1578,179,28,149,1],[1582,519,485,302,221],[503,1634,60,33,128],[1543,109,82,75,83],[2631,253,1558,219,104],[2576,246,576,432,369],[1849,2095,1191,533,234],[1968,39,484,19,8],[1600,96,100,125,96],[1595,117,113,69,65],[2270,136,2143,751,859],[1253,934,920,1137,254],[2347,463,715,228,265],[1394,182,376,116,116],[2566,800,1194,574,193],[1137,494,73,204,272],[7153,94,41,6,5],[3141,659,138,168,98],[1064,104,94,130,1],[1412,515,877,153,90],[1225,369,380,302,680],[1653,332,395,615,1360],[1108,189,140,323,285],[1178,540,142,154,158],[1668,266,3,76,79],[1086,766,179,159,30],[1898,660,2315,85,145],[2216,24,339,111,127],[1490,332,375,103,102],[1286,1162,258,1179,544],[1734,946,2074,221,838],[1182,122,74,21,306],[1349,153,235,89,127],[1596,54,54,116,91],[1326,854,941,1058,770],[1103,245,84,299,691],[1560,161,81,62,117],[1552,434,479,97,25],[1081,152,702,181,50],[371,3446,287,111,443],[1135,263,774,305,645],[2114,180,1179,714,571],[1798,132,192,171,186]],