{"actions":[[0,5,1,0,0],[1,0,2,4,4],[2,2,2,2,2],[5,4,0,5,4],[2,0,4,2,2],[2,5,2,2,2],[0,5,4,5,5],[0,1,3,5,3],[1,5,1,1,1],[5,0,5,5,5],[4,5,2,0,4],[4,4,4,4,4],[0,5,5,5,5],[5,4,2,0,0],[0,3,3,3,3],[5,0,0,0,0],[0,1,2,4,0],[3,3,3,3,3],[5,0,0,0,0],[0,0,0,0,0],[0,0,0,0,0],[5,0,0,0,0],[0,1,2,4,2],[2,3,3,3,3],[5,0,0,0,0],[2,2,2,2,2],[0,0,0,0,0],[0,5,5,5,5],[5,4,2,0,2],[0,0,0,0,0],[5,0,0,0,0],[0,1,2,4,4],[2,3,2,2,2],[0,5,5,5,5],[5,4,2,0,2],[3,3,4,5,5],[0,5,5,5,5],[0,1,3,4,5],[1,1,1,1,1],[0,5,5,5,5],[0,1,3,5,1],[1,1,1,1,1],[5,0,5,5,5],[4,3,1,3,3],[1,1,1,1,1],[5,0,5,5,5],[5,1,0,0,0],[2,3,0,0,0],[0,5,5,5,5],[2,1,1,1,1],[1,1,1,1,1],[0,5,5,5,5],[5,5,5,5,5],[1,1,1,1,1],[0,0,0,0,0],[0,1,2,2,2],[2,2,2,2,2],[5,5,5,5,5],[5,4,1,3,5],[3,3,3,3,3]],"rewards":[[4.8079883537522035,0.13761142965144676,3.615279969994826,4.883823909340933,4.893481244618199],[2.4437455006124567,8.064690925145305,8.499362268189138,9.066549261823925,8.911691387747858],[8.319300440671086,8.431622910106729,8.471391022589762,8.193473886326855,8.415017395579294],[5.989744676279882,6.592031871233493,2.2891668387702424,5.752229560635981,6.3802615721691325],[9.842903168585561,8.500776685973287,8.938325845039513,10.007488722231129,9.886811672351525],[10.041880119886573,5.797648913848088,9.778752596089072,9.840704176093432,9.887454892569506],[2.5032449901418206,7.528680536123135,6.26280348935461,7.410141762972744,7.548989190541074],[3.220492769431506,9.51721604951284,9.364550754096726,8.627323072447659,9.280085671502517],[9.662453440610097,7.307129362301635,9.60068234115072,9.692609220163694,9.652258646182732],[5.183957787815799,3.264040421129143,5.214278481263287,5.0230514746455555,5.137621249643541],[3.5392042754198845,0.6943252098414316,3.823510818206038,3.2260603925050404,3.6187097767189056],[4.929098897629107,5.000218090958667,4.892478852399063,4.706982990186011,4.922612660134783],[4.513565471288567,7.649891412244556,7.792662065093431,7.7592061857976296,7.7687698586466905],[1.1908526613352166,4.649779700421876,4.731382349194039,5.616127371293512,5.7531408213830835],[5.690071948016997,5.801703625133207,5.9279003730947855,5.782852655826724,5.874084773775771],[4.455660229499045,9.475715232459967,9.56571517926424,9.48541317760966,9.411162128191627],[4.51176728921637,0,4.498537764795929,4.448583398509732,4.448853905206103],[7.017991327056325,6.905873776712361,6.955238959542966,6.9045047463863956,6.977683461462177],[4.425366398405128,8.266543652656049,8.123634149111423,8.279383131171635,8.38542441917585],[12.732977969628942,12.750577118623328,12.528799479510532,12.569864872734122,12.69565990880178],[12.698180592913811,12.525730162977872,12.520528264494292,12.64878821277274,12.648441856581737],[3.4150610030871764,9.26138290990811,9.17267062738855,9.182363182011217,9.236882177413653],[5.251373397403345,1.6834164954161732,6.2008816588932225,6.184066295631289,6.35979451999632],[6.277851523219643,6.903724985160086,7.0238927012389185,6.862697360327589,7.00077860512623],[5.075330181531758,7.4989355544997744,7.608753366997136,7.490617415615317,7.3993077028933465],[10.915512258387688,10.815715609268047,10.591006263970936,10.546385105353306,10.724083790383263],[11.156495702844465,11.208032953452992,11.299492824184927,11.107669905359339,11.438564006848283],[1.1792334001704106,4.239645229495142,4.415299850840503,4.32931761168869,4.205157595557483],[3.204938929918567,9.495900034941343,10.37542164113782,10.16837232222526,10.113555312107973],[10.241374206075445,10.182626286033049,10.16153758424751,10.111891214896257,10.13532653807666],[0,5.682695571476602,5.77521739362248,5.589688999355774,5.850641046906729],[5.625605664475649,1.2353764664526354,5.707062976839259,5.984989553637977,6.231385271874728],[5.54777111392383,3.0946910825836906,5.607060306958519,5.511218979489367,5.48452623890057],[2.082076908465891,5.564980002925475,5.528661122161668,5.537297844873031,5.4695527553548136],[1.4791418640544993,4.126729338226999,5.051959795400296,4.426518004651633,5.006818563986752],[4.475206556532195,4.419530613078624,5.927866520358907,5.604966495624643,5.457428608346141],[3.6480229220606186,6.284736467375231,6.33897193865935,6.23815018668075,6.220143972508888],[3.629927479973318,9.274386901529585,9.85409816584659,3.0995606230759094,9.337433561286591],[9.13269775843792,9.252309633843977,9.163269291367435,9.079895363717425,9.01791251291986],[4.640097116982674,5.625549403798109,5.944507011410963,5.898974855869545,5.8194392790699565],[1.9076193686209937,8.530039077141582,7.5350217974284925,6.6619671666701405,8.623624434792308],[8.468196967821507,8.487898765198798,8.261295225550349,8.320485888169785,8.42497212764073],[6.564683355298118,3.7922823864467903,6.511565267738813,6.673802151183684,6.58507243379918],[2.82581172640191,10.736719031903483,10.131761589340606,10.600220925234668,10.849090080085148],[10.215667881968495,10.243415881891806,10.154319804623341,10.362407292894924,10.101759572035256],[4.348141440362575,1.9481805611458716,4.269691275183737,4.2350278731701945,4.286150354863713],[0.09976034205540085,0.7870533447070465,7.736489267824724,7.578197402840695,7.511197654262001],[6.290274351682254,2.524742322514166,7.6768004341156555,7.553783996987162,7.5055433864223025],[5.2548964165624055,8.717727971600405,8.59415873112083,8.673911912088071,8.859571595985821],[3.4859301366948867,9.419685146312974,9.57609800876124,9.396306330519947,9.094250898761462],[9.36094811658219,9.431927897698593,9.194355354106483,9.58823758073977,9.303464760663973],[4.740047353760411,7.872625761666421,8.036177756595466,7.900889401355595,7.997886490838455],[11.11312812993974,11.105633947196722,10.928490170222853,10.850721008809828,10.881364188699195],[12.205114035252736,12.207526351267157,12.486803373255675,12.29427292305203,12.350907405747437],[8.95987537192952,9.002562621193508,9.019327522601017,9.259693111425014,8.99987013155508],[5.21169917870026,1.9412403370815388,6.173276011706374,6.139598127349813,6.303752367512888],[6.0318146703079405,6.040552825484333,6.016051515739187,6.181225155808307,6.062662848227985],[5.962923942147879,5.912427824468286,5.9101610830337385,6.004996372185076,5.886672231950407],[3.731780837386184,1.935007399634232,3.857678503844932,4.259742612468647,3.6349728342534893],[7.2612291195116185,7.413939850036062,7.337419547410357,7.351166582965613,7.349707777784501]],"times":[[26753,1698,7010,5894,1163],[5971,1311,1739,999,972],[5877,3568,619,469,1794],[11084,5098,1006,3451,4431],[4818,781,1403,732,574],[1578,1652,310,260,315],[5389,1310,862,328,576],[2034,590,801,558,349],[4302,1417,387,353,426],[3501,761,1395,181,367],[6814,475,1447,679,407],[5935,250,139,652,219],[3426,2953,390,138,154],[2887,855,1162,710,159],[1814,404,308,165,16],[1768,453,109,19,75],[7602,1160,1770,344,345],[1124,157,47,35,37],[3449,462,404,79,28],[1563,407,26,148,83],[844,69,13,54,74],[1335,641,91,36,10],[1356,556,867,811,280],[2385,855,866,143,79],[1706,476,145,30,39],[6488,328,176,533,187],[1720,136,72,66,55],[5162,252,589,90,92],[4938,1071,977,463,493],[3270,240,97,67,13],[4654,662,129,38,92],[3536,987,1237,668,121],[3155,701,270,100,201],[1672,330,18,126,190],[1646,848,873,364,239],[2341,350,691,253,7],[2518,594,581,186,196],[2734,465,806,354,92],[2360,319,195,69,56],[1572,1562,506,129,181],[3685,922,1873,912,389],[994,57,61,54,39],[1534,1980,34,56,35],[1988,878,2619,1101,115],[1500,138,74,88,59],[1499,1195,647,92,88],[3215,2092,1850,346,150],[1691,2345,91,34,84],[1901,657,328,113,96],[2894,794,303,107,71],[2211,29,49,33,181],[2853,1325,170,103,94],[1621,334,135,156,124],[5719,47,17,120,29],[2349,324,58,58,75],[4295,2207,2307,36,59],[8873,155,64,32,68],[1595,315,57,61,97],[2873,514,4492,463,553],[2289,19,65,78,38]],