{"actions":[[0,2,3,5,2],[0,1,3,5,4],[0,1,2,3,4],[0,1,0,2,4],[0,1,0,0,0],[0,0,0,0,0],[0,0,0,0,0],[0,2,3,5,4],[0,3,3,3,3],[0,0,0,0,0],[0,3,3,3,3],[0,3,3,3,3],[5,4,0,0,0],[3,3,3,3,3],[0,3,3,3,5],[0,3,5,3,3],[0,0,0,0,0],[0,3,3,3,3],[0,3,3,3,3],[0,3,3,3,3]],"rewards":[[1.938018706227881,1.136135695743655,4.1274294815476695,1.9047251050690361,1.3891050111782732],[0,5.545904421567049,6.731312665991225,8.09041132641881,7.170435869781602],[0.9586316511784567,4.811951214143894,1.3907050869857778,4.868175965717306,6.201674274996755],[4.726704517001169,1.732733589711672,4.734753227734459,5.584442491044316,4.307797072271431],[6.681175964280945,2.352956993307729,6.772637002193591,6.775390668928783,6.759631701212329],[8.187530434434349,8.10732488206012,8.17370458089717,8.41044439995182,8.234340212386288],[6.805972842548887,6.820911840570917,6.750986710753016,6.762600477007316,6.581807245927599],[2.7119997291459947,2.91424887293025,2.5848820455047616,1.0341256297600334,1.4468893940376821],[5.3028437922905045,6.309293169544758,6.231288952751402,6.290761060881836,6.259895052064412],[8.847958339096051,8.648655011860805,8.720015833810665,8.812254302457129,8.880472191144802],[2.8230033134228463,5.258728437620329,5.325513210294042,5.287886703846681,5.117353279565556],[3.355953087027553,6.606262140431847,6.39365025711418,6.307285537784471,6.413950923765147],[1.2864535740709153,2.0305528476108154,7.5305752255055145,7.64984796830647,7.438667614832336],[7.164450433164298,7.278834608294617,7.2835351594071716,7.272285167954306,7.177421731451944],[3.172613151191825,5.042322003973791,4.688235282012539,4.839141836025676,7.897944502910474],[3.4229718336242576,5.495071960650647,5.092617699658168,5.263509692768388,5.495422574207076],[9.256879730255159,9.179911445645821,9.088143916101783,9.075659025521498,8.929710397752634],[5.656125013502946,6.5980833894469395,6.575424940227723,6.458319844282923,6.8036082277197885],[0.4744745292985088,7.612893687558282,7.770032903847317,7.652705639883104,7.645692069905956],[1.6102950493824464,6.616538605566913,6.860182637222681,6.883169799750709,6.835741078254928]],"times":[[34087,1704,2073,938,1451],[3609,1071,715,1126,770],[2435,1668,905,938,344],[2194,782,991,2159,1024],[2001,2681,1314,1047,1099],[2480,848,878,945,789],[1304,2042,1392,1009,890],[2245,1513,1016,562,585],[1644,858,417,371,303],[1638,913,546,601,626],[1659,465,299,263,214],[1413,298,195,106,66],[1466,209,1074,595,223],[954,234,112,65,66],[1472,177,97,69,45],[1329,208,327,622,139],[1024,745,390,492,401],[1649,190,91,328,162],[1003,282,183,8,42],[1207,272,113,42,328]],"condition":[["oddneg"],["oddpos"],["oddpos"],["evenpos"],["evenneg"],["evenpos"],["evenneg"],["oddneg"],["evenneg"],["evenpos"],["oddpos"],["oddneg"],["evenneg"],["evenpos"],["oddpos"],["oddneg"],["evenneg"],["evenpos"],["oddneg"],["oddpos"]],"envs":["envs/changepoint/oddneg/oddneg41.json","envs/changepoint/oddpos/oddpos16.json","envs/changepoint/oddpos/oddpos95.json","envs/changepoint/evenpos/evenpos34.json","envs/changepoint/evenneg/evenneg2.json","envs/changepoint/evenpos/evenpos99.json","envs/changepoint/evenneg/evenneg86.json","envs/changepoint/oddneg/oddneg49.json","envs/changepoint/evenneg/evenneg1.json","envs/changepoint/evenpos/evenpos43.json","envs/changepoint/oddpos/oddpos66.json","envs/changepoint/oddneg/oddneg55.json","envs/changepoint/evenneg/evenneg72.json","envs/changepoint/evenpos/evenpos69.json","envs/changepoint/oddpos/oddpos45.json","envs/changepoint/oddneg/oddneg67.json","envs/changepoint/evenneg/evenneg20.json","envs/changepoint/evenpos/evenpos60.json","envs/changepoint/oddneg/oddneg33.json","envs/changepoint/oddpos/oddpos36.json"],"money":"3.08","age":30,"gender":1,"hand":0,"experiment":"noncompositional","instcounter":2,"subjectID":"60ba83b1c51339f4138e0077","studyID":"617b0174ce5353c47cc531c0","eval":[["evenneg"],["evenpos"],["oddneg"],["oddpos"]],"regrets":[[3.9288954734802246,4.377570033073425,1.7298145294189453,4.107388496398926,4.377570033073425],[8.49632477760315,2.4123587608337402,1.2908673286437988,0,0.8834285736083984],[5.969695091247559,1.8887763023376465,5.297729015350342,2.0106821060180664,0.6674661636352539],[0.7894086837768555,3.8713502883911133,0.7894086837768555,0,1.3781442642211914],[0,4.401304721832275,0,0,0],[1.495314598083496,1.495314598083496,1.495314598083496,1.495314598083496,1.495314598083496],[0,0,0,0,0],[7.976945877075195,7.789449214935303,8.211902141571045,9.625988841056824,9.214563131332397],[1.0954508781433105,0,0,0,0],[0,0,0,0,0],[5.017214298248291,2.7464685440063477,2.7464685440063477,2.7464685440063477,2.7464685440063477],[7.025649309158325,3.7627320289611816,3.7627320289611816,3.7627320289611816,3.7627320289611816],[6.36237633228302,5.738812446594238,0,0,0],[1.6589775085449219,1.6589775085449219,1.6589775085449219,1.6589775085449219,1.6589775085449219],[6.328575611114502,4.572516918182373,4.572516918182373,4.572516918182373,1.5628113746643066],[5.907756567001343,3.9321985244750977,4.25353479385376,3.9321985244750977,3.9321985244750977],[0,0,0,0,0],[2.5286178588867188,1.5639581680297852,1.5639581680297852,1.5639581680297852,1.5639581680297852],[7.229969501495361,0,0,0,0],[7.095459938049316,1.9713659286499023,1.9713659286499023,1.9713659286499023,1.9713659286499023]],"maxrewards":[5.81072473526001,8.126660346984863,6.766855239868164,5.52114725112915,6.829450607299805,9.786069869995117,6.749168395996094,10.707640647888184,6.3192925453186035,8.868560791015625,7.92950439453125,10.2887601852417,7.56002950668335,8.878067016601562,9.526249885559082,9.354890823364258,9.132706642150879,8.151298522949219,7.578527927398682,8.775108337402344],"bestoptions":[1,5,5,2,0,2,0,1,3,0,1,1,0,4,1,1,0,5,3,1],"rewardorder":1}
