{"actions":[[2,2,3,0,2],[0,1,2,3,4],[0,1,2,3,5],[0,1,2,3,4],[0,2,4,1,3],[0,1,2,3,5],[0,1,2,3,4],[0,1,2,4,5],[0,1,2,3,4],[0,1,2,3,4],[0,2,4,1,3],[0,1,2,3,5],[0,1,2,3,4],[0,2,4,1,3],[0,1,2,3,5],[0,1,2,3,4],[0,2,4,1,3],[0,1,2,3,5],[0,1,2,3,4],[0,2,4,1,3],[0,1,2,3,5],[0,1,2,3,4],[0,1,2,3,4],[0,1,2,3,5],[0,1,2,3,4],[0,2,4,1,3],[0,1,2,3,5],[0,1,2,3,4],[0,2,4,1,3],[0,2,3,4,5],[0,1,2,3,4],[0,2,4,1,3],[0,2,3,4,5],[0,2,4,1,3],[0,2,4,1,3],[0,1,2,3,5],[0,1,2,3,4],[0,1,2,3,5],[0,1,2,3,4],[0,1,2,3,4],[0,2,4,1,3],[0,1,2,3,5],[0,1,3,4,5],[0,2,4,1,3],[0,2,3,4,5],[0,1,2,3,4],[0,1,2,3,4],[0,1,2,3,5],[0,2,4,1,3],[0,2,4,1,3],[0,2,3,4,5],[0,2,4,1,3],[0,1,2,3,4],[0,2,3,4,5],[0,2,4,1,3],[0,1,2,3,4],[0,1,2,3,5],[0,2,4,1,3],[0,2,4,1,3],[0,2,3,4,5]],"rewards":[[3.615941262953066,3.609608515326967,4.779888010575878,3.003143355278941,3.72484514397629],[3.906702826654356,0.25808995776994265,4.255475810761179,0.8075563922466604,4.117191527602434],[3.7614680389375277,0.3665704074120012,4.348097684991577,4.717413332286088,7.3461911948792755],[8.369916469499,7.6369897176436305,6.557344335191413,5.259984252135704,3.687425755744278],[2.486485382856602,1.986899002699911,2.2936279422396835,3.9722139013278395,3.5283554628872507],[2.515307175137485,4.046497157469294,1.8783682672547273,5.163656242327156,2.2675859828347553],[3.73538927633518,5.108611139676658,4.69432231662062,5.834157897534972,5.956833575878002],[7.629950782562922,0.4662817783696273,8.196007635296683,7.6098097683094075,1.9336302514338854],[7.557332512711387,0.5465946027115445,8.395957923563227,5.719951080003646,6.275308822469896],[6.447562332667875,5.963576590472036,7.275327198492245,6.874029110069147,8.410197865918047],[2.478385451837159,2.33564334985886,1.831358183835878,4.399452226399175,4.202689435886993],[2.448967434419452,4.449593845439105,2.3866823697138204,7.189246179646223,10.042334250243277],[4.856475461769862,5.377282911996054,6.828364433258555,6.975148498191447,7.388142301979753],[9.651298741153358,10.464397315775583,9.468516914571895,3.1657004092976475,3.5879987506527344],[9.66275472373474,3.1713046953149227,10.65142128780883,6.967434141173334,7.802673932788613],[5.28261264526767,4.849817113982715,3.8167976746517884,4.383747211199392,2.7947822438691037],[0.8985711504972277,0.5966802588223873,1.4643583812709366,5.089957711491505,5.330984797369974],[0.7069574285836047,4.896407929644914,0.45430453404313526,4.452197756367832,2.4027280285578385],[3.7339448951529506,5.122478369821914,6.151505612096425,5.708497994113161,6.678590838458887],[9.368885885476343,9.89496374321235,10.082190099121805,2.737328658417928,2.031211718428886],[9.598557835969759,2.5208602756349405,10.01750176649819,5.6222541211652075,7.226875911281433],[5.471664315656564,4.381051845098356,2.8403310171460707,3.000098347902233,1.9664506604095846],[1.348254028973686,5.446330359487792,2.635911261173944,5.766954364769466,1.922957144353256],[1.417566122571859,5.302957017180868,2.6140172816753937,2.9014575933947873,1.2416390163892934],[7.863992445446766,7.034119885985701,7.248497592021841,5.686737218269662,5.2326075732058515],[1.20629846976225,0,0.7748868462267923,6.499063939526203,5.802971059132404],[1.199554284590908,6.647300397727507,0.006532638628852247,5.910242194971393,4.7664921319671905],[5.651766470354153,6.786704019192518,6.973473132083943,6.8300301653350575,8.167560374974524],[5.7002121210080166,5.8204464312055455,5.42387186332875,1.248192758343213,1.1284640009537295],[5.623296385903665,5.711381384123364,6.66210380420399,8.08727225171642,8.4652650670888],[7.344988138367621,6.6043512903672,5.346632069174736,4.617298552723803,2.749920711813659],[0.3513026710611604,0,0.04069406640460721,6.5037610141312365,5.89642460864659],[0.4816734310465374,0,4.549346813061003,2.833413686931374,3.0060646061526453],[5.946961208028884,6.550557195500411,8.188383932195565,6.815737797119089,7.561085095699255],[2.5635066607403307,3.136552918891611,3.089615869928874,7.62328509740646,8.040781656462064],[2.4628805461883307,7.430922054441798,3.2028577521640464,7.640869661897357,8.218694539889807],[2.4158768896979326,2.9340510007879073,4.3250474936187775,4.932664475990797,4.9853063973666405],[1.9622034066910459,8.837934781000842,2.089118140508759,8.850455665784255,8.29481269837683],[1.8489555596932175,8.84719794326996,1.8897845225371634,4.70627372132469,5.099979819771886],[6.24714688001653,5.541351088826161,5.553826973847951,3.283714547643825,3.100185311686958],[1.6197825980214133,0.49614259333016825,0.5158107953149712,7.082757430922333,7.590293679502732],[1.516314152896238,7.23938916504169,0.4158077944947737,3.357869155829954,2.834950144827491],[3.3171128862025503,5.220586083009835,6.339525082726875,7.617682340003676,7.9021835503577735],[1.0517734266231584,0.6551619764279306,0.8009343351430596,4.993456127465203,4.962371482294866],[1.2296148856087021,0.637464854322245,6.383668420267767,7.509563335217015,8.11977862413879],[1.9867786028539713,1.847161440017494,3.1701900853903884,3.5174499905422776,3.7729282174654357],[0,4.031423357186784,0,3.5291989128234365,0.6082715260825714],[0,4.213226199989056,0,3.43649986356023,5.5802774676223335],[5.813466710921346,7.530991624136464,8.249285401112544,5.822049695952159,7.125698007760935],[5.9907566130047085,6.091796636834658,6.467361274907975,0.6089688348371155,0],[6.003582307245675,5.981958666608141,7.303394695776979,8.15853477283009,8.810764164985878],[3.9321071707512565,5.079535270297847,6.2593893742698725,4.763038988184658,5.210195374855701],[1.6726932810402304,7.853789691841088,2.0277740472512478,6.71695842222611,0.8830503476717357],[1.2316148715841977,1.9109468165872208,5.209230924203229,6.228036854214839,6.891467292505619],[6.709694889290521,7.559262023664904,8.04170561274393,6.956182049336834,7.269310864050203],[7.516201581232874,2.011126625520893,6.864987572779413,2.502107196440729,7.052619322936885],[7.205154579034531,1.879432082952387,6.827804071766151,7.368162783303092,9.2902937127651],[9.052580147783631,7.126868389924915,6.471046961817201,7.919839861723454,6.160646532517951],[7.0580085514603965,7.21229615915342,7.4537902932789,2.8589187988170273,2.435681945925339],[7.067744446169744,7.349166072747036,6.202387704829695,6.467115784747586,4.237126172149437]],"times":[[19224,993,6,26613,571],[3441,152,1978,1932,328],[6713,31,71,4920,62],[7220,148,71,77,653],[3131,2149,318,1001,278],[4986,106,171,1950,900],[2079,2891,297,293,282],[3442,421,1782,1980,2308],[3426,284,349,1559,428],[2678,333,306,344,213],[2620,370,513,233,588],[2421,306,354,388,457],[1371,427,372,358,259],[1500,523,281,340,308],[994,51,11,68,293],[1717,760,264,388,322],[1330,108,274,261,53],[1220,39,25,30,285],[949,53,749,326,128],[1547,214,140,91,638],[1631,47,96,252,372],[1057,93,197,187,311],[937,109,54,264,1333],[2329,56,11,321,371],[1295,31,114,79,244],[1090,750,239,328,216],[908,71,211,740,160],[1379,89,65,173,91],[2619,153,280,206,183],[1150,252,275,254,332],[2418,697,357,333,325],[1123,250,225,318,294],[2376,34,383,144,347],[3117,1611,38,126,125],[2147,51,165,280,274],[902,38,1668,671,305],[1401,123,71,835,258],[1219,386,147,1403,428],[910,179,68,203,116],[1434,197,301,493,254],[8701,1105,156,92,1295],[4901,61,178,555,331],[845,16,1141,208,332],[1189,878,221,303,520],[857,756,368,308,1897],[1668,1174,363,283,546],[4491,325,431,455,337],[1200,1837,190,363,415],[1128,2299,1299,380,360],[1627,2653,160,518,374],[1569,170,315,161,1148],[1211,362,293,294,305],[805,1414,358,318,337],[1725,2453,285,322,870],[4188,1150,314,336,278],[2134,189,70,125,241],[1197,142,160,751,291],[1495,66,130,288,262],[4996,169,303,307,333],[1036,880,1063,297,515]],