{"actions":[[2,0,1,5,4],[1,0,2,4,3],[0,3,0,3,0],[3,0,1,0,0],[3,0,3,3,3],[3,0,3,0,0],[3,3,3,3,3],[0,3,3,3,3],[3,3,0,0,0],[0,3,3,3,1],[0,3,0,0,0],[3,0,1,5,1],[3,0,3,3,3],[3,0,2,3,4],[3,0,3,2,3],[2,3,3,3,2],[3,3,3,3,3],[2,3,3,3,2],[3,2,0,2,2],[2,3,0,2,0],[2,3,0,2,2],[2,3,0,2,0],[3,2,0,2,0],[2,3,0,2,0],[2,3,0,1,0],[2,3,0,2,2],[2,3,0,2,2],[2,2,2,2,3],[2,3,3,0,3],[3,2,2,2,3],[2,3,3,3,3],[3,3,3,3,3],[3,3,3,3,3],[3,2,3,3,2],[3,2,0,2,2],[2,3,2,2,2],[3,3,3,2,3],[3,2,3,3,3],[3,2,3,3,3],[3,2,0,0,0],[2,3,2,2,2],[2,3,2,0,0],[2,3,2,2,2],[2,2,2,2,2],[2,3,2,0,2],[2,3,2,2,2],[2,3,2,2,2],[2,2,2,2,2],[2,3,2,2,2],[2,3,0,1,1],[3,2,2,2,2],[2,3,1,0,4],[2,3,1,0,0],[2,3,4,5,4],[3,3,3,3,3],[4,4,4,4,4],[4,4,4,4,4],[4,2,4,4,4],[4,2,3,0,1],[5,4,5,5,5]],"rewards":[[3.266138947062037,5.085645442837619,4.229839010898496,2.1393553285782207,1.8913924910817381],[4.77973242661,1.0735353907381104,1.4835750323345422,1.2336026235263364,4.696037074715719],[4.960376834589891,4.701264322153119,5.123149098767261,4.8292912460863375,4.915936328034392],[3.172596237736129,5.410580834715552,4.52369198957699,5.422486882438733,5.399991390021152],[5.0388712535140066,0.6991337183422672,5.1802504609637205,4.967933431281561,5.146467388271726],[5.072853306029772,5.326579472639441,4.871907311938123,5.20340601945544,5.21973423253776],[6.743697882075857,6.610863177664207,6.691766700519429,6.543043106900154,6.7024633718250195],[3.374243393305329,7.844021361029716,7.8744225903371925,7.734562031535066,7.781415738148968],[7.6594874830352895,7.7072546229987315,9.77291436376126,9.824660381046069,9.834821519277979],[3.5186431004624605,5.352521614477324,5.497373671178619,5.436023694680477,4.67269102133482],[5.662028606758593,1.3216196927389774,5.8074663471810215,5.787379816890797,5.652788199308176],[1.2918868792622606,3.3831215503791072,4.712390460780673,0.4216504766107591,4.872588150262665],[6.736655386959431,3.0881099833143235,6.84308656923312,6.712931221797511,6.875580004946608],[4.729841356999299,1.6929190166244945,1.1510410134379008,4.776345487432664,1.6980072145469953],[4.687720991658764,3.190651908453599,4.782333432698617,5.048578601668036,4.752548964166492],[5.089688931954278,5.9221156445592085,6.034042399842708,6.047158157049373,5.023180586755439],[12.142068238196323,12.072702862764276,12.15879702967053,11.995957179274889,11.937426339841732],[5.115834317965084,12.152236611902762,12.024882451963295,11.929103945103979,4.883314699809505],[6.833211931316461,6.000016383830704,4.95802435280123,5.992035008116231,5.9728371710335475],[6.385737523740379,2.1660886014329503,6.47107080281162,6.355047153113819,6.466275672316762],[6.025448443703685,2.345680273601825,4.708846742424923,6.039149279772905,6.229903884186471],[4.255160899730346,3.19302011711382,4.771476801147537,4.058553164848522,4.827834810598032],[0.6120750526436942,6.449022305846759,6.4198852459854,6.355880883778134,6.515693341011459],[4.335928571551177,0.7396039414926984,4.777291784385406,4.289360204445564,4.690224380481557],[3.649589845634186,3.4486371000542135,3.8634254565041988,3.366195729534546,3.8642004781196153],[4.622830615659112,0.9762240700637296,4.007578352409129,4.803125522010904,4.82331178630357],[3.7656435198697236,1.2015744201239333,3.9499396156098223,3.9698672478439305,3.808831240123831],[7.651858150734727,7.4507110492771,7.441683389926009,7.375191638267516,6.443638576421796],[0.44216292445113464,6.389234790541937,6.513647527389033,0.11053823932622223,6.537208943004211],[6.358108301820527,7.767088499035248,7.4136212198940745,7.509962619088904,6.489721967639349],[7.067014942129223,7.5409520456831345,7.499445812042141,7.306755249833832,7.570760293777223],[11.377307840914844,11.562951117974025,11.499645286201272,11.536322019630306,11.482785975011028],[11.490056104354297,11.428214096114614,11.40599299557611,11.456648334471287,11.409368269260893],[5.925086520640593,5.389012590679485,6.04352070915981,5.790776067930134,5.312530911202615],[1.2775911535651894,5.324937072809568,4.93650777703609,5.004171535179363,5.281092954604229],[5.141556821744102,1.0264329863107482,5.287248125181982,5.259007932953679,5.215657776191209],[7.224741903830336,7.111470889633131,7.3050682165280865,6.011539720347172,7.120842567941668],[6.477965033068802,0.43811474924241445,6.335484697822636,6.307528193135809,6.186278652462145],[6.27416002281637,5.63198364039151,6.309178918741195,6.316936915095965,6.278740397530661],[2.806132382416721,4.1400226558588225,6.502073510321696,6.254137185941431,6.3439318386426615],[7.622134794001082,0.09703348812880469,7.703386755633372,7.581893140787692,7.666653905343963],[4.057508861946354,0.18717898065660024,3.9738901189981997,6.289081697701043,6.395201477172972],[5.586831444503229,5.128557734792453,5.527691834044927,5.416389835996596,5.530571054608856],[9.798207772582197,9.698905160919155,9.87586122240686,9.860360995635926,9.608199980923523],[5.469322874199754,3.1866465189868163,5.623309204427637,2.7319163881488158,5.546951565723571],[6.065157306298386,3.6136504198435304,5.927153929596412,6.100961393133865,6.129520742765997],[7.0665165052356915,0.33792618024009574,7.036666533955961,7.089729506235414,7.024356412260362],[6.054887835874236,5.9926388606501675,6.064758718380526,5.948547539458286,5.883552484345214],[6.303191999409228,5.644547760035279,6.414769311632348,6.2841271939221315,6.426474351113319],[0.7853962988794565,3.808351469208161,0,5.052135927288187,5.176824018388294],[3.794463719875853,6.291309650591982,6.357842573956921,6.344377873400036,6.409722652575167],[2.24143869512879,3.50390918005533,1.3073642870944964,0.34830784786512076,3.92499830987375],[3.913351307880369,1.0673072054479844,0.2171685846547296,4.04213854638278,3.8659142118987058],[2.4380192162009213,1.088622529604411,4.917226922368733,0.7486248845595785,4.95442028771783],[6.75678606067679,6.527510839224338,6.440596523415445,6.751778093027929,6.435536507927147],[9.680837406304992,9.522465283290167,9.754861170258955,9.548726193158815,9.684373575997835],[9.52210166887942,9.668474435109342,9.550037314395276,9.601263451508688,9.643810377889567],[6.707390911538454,4.776452666946343,6.669594275913093,6.742778718362974,6.786387655158002],[0.3330091110210749,0,5.623830207697466,0,5.073623497868343],[5.723968260747557,0.5119825200646471,5.872571206103611,5.581658725043795,5.694515575767653]],"times":[[19142,907,1255,953,550],[2197,511,413,1670,351],[2636,939,935,422,348],[3534,1042,630,286,389],[1769,285,274,304,930],[1336,633,309,192,473],[1601,1210,290,273,285],[1081,221,211,147,101],[1313,284,204,317,820],[990,579,811,1604,289],[1080,63,287,906,329],[1090,37,378,770,475],[1306,320,373,269,303],[1096,61,1184,141,868],[896,296,169,454,471],[790,209,404,210,283],[758,449,270,271,382],[1127,224,218,291,422],[950,222,500,183,303],[1776,37,190,371,23],[993,115,23,34,157],[608,197,134,332,203],[1038,282,241,227,85],[1332,28,14,93,51],[1371,207,395,1096,167],[1896,206,950,1186,285],[1318,387,355,262,238],[810,442,187,166,386],[650,18,324,132,327],[899,307,262,496,16],[903,50,157,317,220],[2217,598,274,265,273],[1179,125,42,84,70],[646,56,26,8,194],[496,18,495,416,154],[756,355,26,23,418],[701,46,438,46,376],[575,424,303,72,564],[1037,141,321,51,362],[766,65,129,184,41],[815,127,226,329,40],[1077,137,96,454,240],[962,339,77,2,295],[679,38,277,127,306],[739,33,313,149,95],[625,140,154,89,272],[444,3,266,320,60],[593,204,347,300,121],[660,266,252,31,450],[643,25,824,801,936],[1219,849,245,250,96],[1790,83,298,582,478],[1619,105,423,251,633],[1057,332,212,257,448],[1415,237,258,84,146],[1132,167,328,152,43],[745,83,195,58,38],[1079,881,191,28,115],[789,490,557,494,151],[1093,197,454,355,187]],