{"actions":[[0,2,5,0,5],[0,5,0,5,0],[0,2,3,0,2],[0,2,4,0,2],[0,2,4,0,2],[0,5,0,5,0],[0,5,0,5,0],[0,5,0,5,0],[0,5,0,5,0],[0,5,0,5,0],[0,5,0,5,0],[0,2,4,0,5],[0,5,3,0,0],[0,5,3,0,5],[0,5,4,0,5],[0,5,3,0,5],[0,2,5,0,5],[0,5,3,0,2],[0,5,0,5,3],[0,5,0,5,0]],"rewards":[[1.910081988455771,2.648387872152643,7.380197485903401,2.116517106834228,7.415641139848377],[3.8052925073213286,4.657273583483275,3.6911098331970322,4.673286725787754,3.7160195433405936],[8.089403805536888,7.455515506906339,0,7.995481459289651,7.606773733469589],[8.246247593606153,7.069133034120199,1.7033161243770696,8.356621241338011,7.1230976728274635],[8.65275277139925,7.168712986007648,6.533923867324219,8.605753362701634,7.228031369240373],[9.310748902255499,4.197022111803181,9.264294622586508,3.9206316332790005,9.195727015227012],[7.328903771393551,10.500427133847932,7.2954013534669855,10.37881279745188,7.176955576854041],[2.317199837104569,1.2910229542184928,2.127717121762159,1.5165153249007184,2.382008591865164],[6.827343158731521,0.14061933099673818,6.998893538077569,0.10882443922548127,7.1860621285826385],[1.3774140435164413,3.0519565272166096,1.4681127347778171,3.2584215515813537,1.544097021709763],[5.9544265659107865,4.2000362522049395,5.926774007940145,4.450525546784717,5.9470724425866015],[0.9475025867058546,2.654219425069652,8.444311842195678,0.8520912868329059,2.7403828685923517],[6.564013037158731,7.762189277727977,8.030544236031774,6.6841987822599975,6.553981404570282],[2.7171771419036714,10.117328544113867,11.567429481686279,2.7937790100926763,10.02338512544556],[4.157716361187234,6.859585361514849,1.9556353774838053,4.122282983195988,6.887316623064003],[4.0568046475901465,3.590958765227735,3.4896183456577083,2.21890810164606,3.3760723313501635],[6.048591459217161,4.727005101560212,5.1701762137994285,6.221033449827677,5.250638583379324],[6.1725197280754855,3.3068133416274943,4.30367999758106,0.4792941191117498,1.466390345250308],[1.5381747584294283,1.3627003511668314,1.5306009510859027,1.2953141878181842,0.4972315271086471],[3.9794576293984227,0.8034209460342511,3.7825603062372637,0.7598614722003226,3.8526442245573103]],"times":[[44886,400,1855,1240,808],[2970,377,456,430,592],[2736,96,135,247,25],[1767,28,217,904,95],[1648,32,9,160,41],[1434,209,688,207,593],[1848,113,199,160,281],[1888,160,480,120,281],[1226,39,312,176,345],[1529,160,559,224,464],[1304,80,392,321,879],[568,11,250,178,259],[2288,344,57,8,799],[695,270,16,439,280],[632,391,97,798,265],[432,191,183,340,192],[856,192,503,832,407],[503,224,152,90,913],[553,240,808,255,128],[463,298,1128,401,1313]],"condition":[["posodd"],["posodd"],["negeven"],["negodd"],["negeven"],["negeven"],["negodd"],["poseven"],["negeven"],["poseven"],["negodd"],["poseven"],["negodd"],["posodd"],["posodd"],["poseven"],["negodd"],["posodd"],["poseven"],["negeven"]],"envs":["envs/changepoint/posodd/posodd8.json","envs/changepoint/posodd/posodd48.json","envs/changepoint/negeven/negeven10.json","envs/changepoint/negodd/negodd54.json","envs/changepoint/negeven/negeven50.json","envs/changepoint/negeven/negeven80.json","envs/changepoint/negodd/negodd74.json","envs/changepoint/poseven/poseven75.json","envs/changepoint/negeven/negeven79.json","envs/changepoint/poseven/poseven35.json","envs/changepoint/negodd/negodd34.json","envs/changepoint/poseven/poseven92.json","envs/changepoint/negodd/negodd1.json","envs/changepoint/posodd/posodd67.json","envs/changepoint/posodd/posodd55.json","envs/changepoint/poseven/poseven3.json","envs/changepoint/negodd/negodd73.json","envs/changepoint/posodd/posodd94.json","envs/changepoint/poseven/poseven13.json","envs/changepoint/negeven/negeven28.json"],"money":"2.94","age":30,"gender":1,"hand":0,"experiment":"noncompositional","instcounter":1,"subjectID":"60ef1cf5306a0e4561b5ba44","studyID":"617b0174ce5353c47cc531c0","eval":[["negodd"],["posodd"],["poseven"],["negeven"]],"regrets":[[5.925347328186035,5.310768127441406,0.7262687683105469,5.925347328186035,0.7262687683105469],[1.2484056949615479,0.22144126892089844,1.2484056949615479,0.22144126892089844,1.2484056949615479],[0,0.4707679748535156,8.07237927056849,0,0.4707679748535156],[0,1.2397866249084473,6.5582275390625,0,1.2397866249084473],[0,1.327115535736084,2.0600571632385254,0,1.327115535736084],[1.702622413635254,6.92192268371582,1.702622413635254,6.92192268371582,1.702622413635254],[3.7033915519714355,0.6187629699707031,3.7033915519714355,0.6187629699707031,3.7033915519714355],[6.471605062484741,7.438567280769348,6.471605062484741,7.438567280769348,6.471605062484741],[0,6.978624790906906,0,6.978624790906906,0],[5.883180379867554,4.289854526519775,5.883180379867554,4.289854526519775,5.883180379867554],[0.3417930603027344,1.9980769157409668,0.3417930603027344,1.9980769157409668,0.3417930603027344],[7.537704348564148,5.793149709701538,0,7.537704348564148,5.7108683586120605],[1.4822087287902832,0.04693126678466797,0,1.4822087287902832,1.4822087287902832],[8.704020500183105,1.4668140411376953,0,8.704020500183105,1.4668140411376953],[2.837820053100586,0.1687479019165039,5.107720375061035,2.837820053100586,0.1687479019165039],[2.837820053100586,5.379960536956787,5.252866268157959,6.732038736343384,5.379960536956787],[0,1.5419831275939941,0.8842887878417969,0,0.8842887878417969],[0,0.9994421005249023,0,3.775921106338501,2.6288721561431885],[3.0400463342666626,3.2915436029434204,3.0400463342666626,3.2915436029434204,4.1022467613220215],[1.0722744464874268,4.1458903551101685,1.0722744464874268,4.1458903551101685,1.0722744464874268]],"maxrewards":[8.00334644317627,4.982150077819824,8.102374076843262,8.223474502563477,8.456544876098633,10.886820793151855,11.047669410705566,8.754888534545898,7.047964572906494,7.310098171234131,6.306362152099609,8.41671085357666,8.050220489501953,11.503316879272461,7.0339837074279785,8.817551612854004,6.122854232788086,4.191378593444824,4.5610785484313965,4.918735027313232],"bestoptions":[3,1,0,0,0,4,3,4,0,4,2,4,3,3,3,4,0,3,4,4],"rewardorder":0}
