{"actions":[[1,2,3,4,5],[0,1,2,3,4],[4,3,0,1,2],[2,1,0,4,3],[0,1,2,4,5],[0,2,3,4,1],[0,1,2,3,4],[0,2,4,1,4],[0,0,3,0,0],[0,5,5,5,5],[0,0,0,2,0],[0,3,4,4,4],[0,0,0,0,0],[0,2,0,0,4],[0,3,0,0,4],[0,5,5,5,5],[0,2,5,4,1],[0,2,4,2,2],[0,5,5,5,5],[0,1,3,1,1],[0,2,3,3,5],[5,4,3,0,0],[0,2,4,5,0],[3,0,0,0,0],[0,5,5,5,5],[0,5,3,3,3],[0,3,5,0,2],[0,0,0,0,0],[0,2,5,5,5],[5,5,5,5,5],[5,0,4,1,1],[0,5,4,1,1],[1,1,1,1,1],[0,5,5,5,5],[5,0,4,1,5],[5,0,2,2,2],[0,0,0,0,0],[2,5,5,0,5],[0,0,5,0,0],[0,0,0,0,0],[5,3,4,2,1],[4,5,3,0,0],[0,0,0,0,0],[0,5,5,5,5],[5,5,5,5,5],[5,0,5,5,5],[5,0,3,3,5],[5,0,2,5,5],[2,2,2,2,5],[0,5,0,0,0],[0,0,0,0,0],[0,5,5,5,5],[5,5,5,5,5],[5,5,5,5,5],[0,5,0,0,0],[5,0,5,0,0],[0,5,0,0,0],[0,0,0,0,0],[0,2,4,4,4],[0,0,0,0,0]],"rewards":[[5.096850636154997,3.9199505307957025,4.673041789156602,5.4508621844674146,5.434394831529808],[5.252977965059456,2.2402905790831102,4.645768130165008,1.701472330429905,5.221018039924633],[5.230157909258615,1.5508169532260023,4.010180804086895,5.2433708077612335,4.129760325308681],[2.292536968578593,1.9855285216328553,0.8649674188776384,3.1875727472380393,3.4855438961532212],[5.888364554971915,2.2553119220636946,3.7652113416860153,4.25596323213963,1.979390317482667],[0.7393481943314836,2.269334118097032,1.5766588425217782,4.3286869240933665,2.2214765039421698],[7.549095526554504,6.446778860662456,6.039686055861133,4.952043349126296,3.7540219558066594],[7.125475070778057,7.644046052848678,7.556765462010989,3.3273216992845183,7.824563386760291],[7.685861746087476,7.655914550101884,2.9690931824615463,7.578698695177299,7.801349543926627],[2.5681944621596626,8.649722562176299,8.736967161240976,8.697531548973256,8.578835942973638],[9.815004998842559,9.545559079034815,9.704219286146637,10.144052057319655,9.613583963673623],[2.48819183126991,2.779792609454322,9.52979359194651,9.333538744872877,9.385871547220527],[9.373355674435963,9.44921137462148,9.749773091643869,9.352174004510594,9.49598474160532],[6.063908810832574,5.722186629807878,5.9904196056274,5.9244458550166845,5.313297732657632],[9.454652446584669,0.6161747761998363,9.447721096583269,9.485307595432806,5.349615380747186],[3.5750090357552193,7.861237822251658,7.974524811722529,7.877056960426957,8.015977636896066],[4.4527397002448135,3.156896166565993,0.33031041923632887,3.1385744527649964,0.681507936896511],[3.4943547104190045,6.72984145924777,3.3103491803217717,6.633640133423598,6.6658004230350585],[1.4658577793797603,5.475712848425952,5.609193845005709,5.692155951589511,5.598612038591409],[0.567882279692568,4.225171316586616,3.3922393074082584,4.319053048897681,4.31957964583991],[1.4191635816341794,3.0808662835371488,3.254460386106898,3.471343875392646,4.1670316235309866],[2.492247688996094,4.466970376055599,4.5669830128949975,8.14959491440195,8.220684139404408],[4.552273533196084,4.35933287672203,4.227478251980229,0,4.791766355282267],[0.58039054789614,8.189879230024454,8.00777925349124,8.052904367263144,8.262830291059185],[4.54640449358278,7.098017539019014,6.764234464178716,6.906680728751891,6.8220858230345875],[0.9769186804143414,5.324907602564165,5.501167562628444,5.499647069202719,5.607427320991275],[4.58304131779659,5.517545770781343,5.24413622352805,4.426017997204753,5.310739904368902],[6.022336704306959,6.0859916064142405,5.971704888665512,5.915435111867303,6.032596470027369],[1.32054062461613,1.5077490308079091,8.045772174613385,8.16643645335584,8.125722245084871],[8.172189040646355,8.165965206406874,8.14611618392331,8.128171931889947,8.22317881586293],[4.31224765894135,5.951705141880387,4.27622706928749,5.45916652782259,5.424140163461391],[1.4857233868315511,4.204179466959315,2.0244347539470837,4.608709642056751,4.564124836308208],[5.4935821041330435,5.545399277940526,5.424779488445709,5.420551163031197,5.600766885917624],[3.477266192834927,8.514920804354526,8.605629839461661,8.587180045278533,8.790836213200004],[4.122305087350643,1.8618339882600603,1.2836448858395815,4.323370458332896,4.105814145116661],[4.113733824740643,3.4734488151992786,5.281845852003351,5.218253404392897,5.1693948878043186],[7.638477467396584,7.685542665148387,7.651039318902879,7.696427161735116,7.740279145422574],[0.561169157713911,5.302118637877244,5.235814048388016,0.4952239403445935,5.153113451239678],[7.750409990067206,7.85483376900251,5.306210924590699,7.876907464835021,7.786163302256849],[6.835303103020206,6.857233029927375,7.000766262909647,6.978583256214901,7.029292651859988],[1.1391373393631565,1.1714838947674269,3.6958730371637496,3.6826992906089266,0.1936119538295259],[3.7793952950313248,0.929254458738994,1.1229264998351864,6.850490880849735,6.914679616681084],[8.985745670670708,9.087671893688055,9.086712511057064,9.121913139460673,9.015244480993514],[2.7021224628852005,7.8241787257481015,7.68445455431387,7.701348933695403,7.724887260375711],[7.824875239906712,7.7694519484713425,7.902617955299002,7.814722732951806,7.854394587039811],[5.394219856783832,2.2236871173828274,5.550551174599597,5.654635275765459,5.65950277744988],[4.305216179607,1.040825022357289,3.3536744908021077,3.4887498505992647,4.249329864059491],[4.350399269213201,2.1011697640472895,3.3714364583644665,4.437215409139055,4.481954186024462],[7.282484790719944,7.124026573129481,7.153324533124462,7.093417121414615,5.077766766361421],[6.268926848273162,0.5117007232716284,6.243294360872107,6.186537962839672,6.44757139666071],[7.893414530406438,7.5488316646901366,7.649528183921629,7.695734776273975,7.75976864649512],[3.7722104159783867,9.50839587262014,9.665919541547728,9.640823813545792,9.627107727161743],[10.42483673046524,10.386278626466822,10.477626815159434,10.360412878373587,10.318167877651046],[10.420791228699583,10.583988031898294,10.538045488080527,10.48706305339066,10.693389743185088],[4.301961220216588,4.966364399171359,4.353046261770784,4.306530035862524,4.366368082177759],[0.9594568441977332,5.220631800796168,0.8222447900412502,5.294574784979678,5.265131433285158],[4.398692149461888,0.8117413260865086,4.246160422909697,4.247187838394715,4.239976639773056],[8.285801071184826,8.265939220662514,8.215697168691385,8.224300567920928,8.415068812651494],[2.5838371737543837,2.5373382911015416,2.8740283559038953,3.0122643831625875,2.8852278807378764],[8.345304334450212,8.175252964928863,8.166825499138357,8.159987856059159,8.33331823368474]],"times":[[16235,1405,1276,1754,684],[1693,564,786,612,453],[1731,410,601,1003,409],[948,520,383,570,1150],[1390,651,441,2002,1305],[2179,930,1356,826,1332],[3729,1077,595,583,1067],[1052,980,647,4942,1054],[2807,2847,4463,810,332],[1427,920,486,345,376],[955,404,375,1421,730],[944,1262,442,349,350],[982,630,406,1470,328],[1258,877,337,512,1348],[1178,798,217,93,509],[577,2058,342,426,452],[777,551,484,156,416],[757,859,1452,233,105],[432,1528,287,159,287],[527,657,2172,321,244],[1370,483,533,461,798],[805,545,574,747,378],[788,1642,734,250,312],[860,255,240,101,110],[480,2115,136,265,453],[682,377,1629,601,303],[476,1042,555,371,473],[405,524,228,29,302],[689,377,306,211,308],[773,41,171,148,205],[608,327,449,800,269],[678,185,123,195,310],[574,282,285,84,193],[799,140,136,50,6],[1033,27,239,630,349],[374,460,465,607,360],[479,336,194,201,206],[427,244,362,151,518],[1399,231,828,509,509],[457,252,18,179,66],[955,251,495,385,259],[613,375,484,468,283],[629,341,358,141,336],[1009,386,347,170,340],[1443,229,222,195,128],[725,337,209,43,117],[1084,407,2023,132,240],[533,1384,212,450,72],[2853,545,116,208,54],[584,466,629,232,324],[368,241,299,98,228],[771,123,144,177,192],[755,229,96,6,30],[644,215,14,62,39],[2409,240,84,303,424],[1383,52,781,326,1],[468,170,72,240,78],[950,379,347,214,271],[526,2531,964,138,87],[700,166,216,397,567]],