{"actions":[[0,5,3,1,4],[0,5,5,5,5],[5,5,5,5,5],[0,5,4,3,2],[0,1,5,0,0],[3,4,5,4,4],[5,0,0,0,0],[5,0,0,0,0],[0,3,5,4,4],[0,5,5,5,5],[0,5,4,3,3],[2,1,0,3,4],[0,5,4,3,2],[5,0,4,3,1],[3,4,3,3,3],[0,0,0,0,0],[5,0,0,0,0],[3,5,4,4,4],[0,0,0,0,0],[5,5,5,5,5],[5,5,5,5,5],[0,0,0,0,0],[5,0,0,0,0],[3,5,0,0,0],[0,0,0,0,0],[5,5,5,5,5],[0,0,0,0,0],[5,5,5,5,5],[0,5,0,1,0],[3,5,0,2,1],[0,5,0,0,0],[5,0,1,2,4],[0,0,0,0,0],[0,5,5,5,5],[0,5,5,5,5],[2,0,5,5,5],[0,5,4,4,5],[0,5,4,3,1],[2,0,1,5,3],[0,0,0,0,0],[5,5,5,5,5],[5,5,5,5,5],[0,5,2,4,4],[0,5,0,0,0],[3,5,4,4,4],[0,5,0,0,0],[5,0,1,2,3],[2,0,0,0,0],[0,5,5,5,5],[5,0,5,4,3],[2,2,2,2,2],[5,0,0,0,0],[5,5,5,5,5],[5,5,5,5,5],[0,5,5,5,5],[5,0,0,0,0],[3,5,4,4,4],[0,0,0,0,0],[1,5,3,0,4],[2,2,2,2,2]],"rewards":[[4.097150448145593,5.306491178102137,3.2240392456145903,3.0632459176323463,4.263871304764781],[4.006542606372193,9.373364172628493,9.312953139232624,9.384092392603868,9.426282293284071],[9.28681746291823,9.263498372831613,9.289184075042314,9.39313134996787,9.335704156837838],[1.6969476715995493,4.799255345882134,4.886454539202931,3.4528062724507222,2.7258489966564627],[7.2758126478986345,2.334117376197477,2.2458866784797333,7.347870889655532,7.291781654308489],[3.3129955361674446,7.093115177335253,2.1844961320960015,7.089560405458529,7.119662854108274],[3.506057034897864,6.085308403148313,6.0314764193526935,5.9890993291342625,6.106095508311574],[4.129661936994323,10.812343555744004,10.78459064681319,10.82807119537437,10.814924661072979],[6.084560533010117,4.424535559991538,3.9987022401427104,11.538326024205341,11.53391957568451],[3.281769623155656,7.193904457053505,7.194934913058096,7.239286396472637,7.170800063390455],[0.47349075123623036,4.097682441610963,2.020526800998402,4.083862518236623,3.9974549577218017],[5.0581494836906495,3.2925927826337187,3.2317311162785036,4.13429607006677,2.1339855759809283],[2.17967442811794,4.201059171557994,3.6339599966366114,3.4351541549498723,3.8244041744144948],[5.398295141120663,0.9774022755498628,1.2970340635752766,4.604471746915133,5.25430375739317],[4.636868489861199,1.4068525002045145,4.672031348029098,4.78142598781771,4.884475882217542],[7.123636882038829,7.052831027139183,7.013757274748935,7.091114391338571,7.024673963738438],[1.7513152123944917,6.83321739056406,6.911106742558697,7.053867302196117,6.906984163438698],[1.4568187981283156,1.5657981432946857,6.712079968452423,6.627853595497806,6.634509340986035],[6.554891805724547,6.375687670075987,6.40715588480392,6.4673946959749635,6.36256870976032],[6.541956619313487,6.439439675535748,6.33242702006063,6.510988822788353,6.479781048055652],[6.5369031955655945,6.422154272094766,6.41494358564044,6.588501421029959,6.428908614086422],[6.300864736967337,6.165992347687884,6.161607021627922,6.121135171316993,6.225346213013654],[0.30408427130938065,6.7182967317519315,6.727226419961767,6.862745132723599,6.54392683202477],[0.8178811228559806,0.37584623983461707,6.287262509260049,6.225362274281914,6.292616145914712],[9.624199393269416,9.797380662343576,9.44905721795654,9.777435611919612,9.53955314864666],[6.3228443714335905,6.329124758953705,6.271748908711255,6.458238338714595,6.296547596279833],[9.830107839357243,9.645884977672978,9.499154298113409,9.589546188017,9.699840645027187],[8.025414100299994,8.152199612948658,7.9366751669021465,7.99758614326,7.963422359083752],[5.281411277032882,1.1349404932213334,5.187377187038882,1.1769492759801774,5.2932199211047335],[0.959565790512521,0.9155907380279397,3.3056228205901697,4.916021130111647,3.925046509413555],[6.192028782739604,2.081520842315298,6.149148086571599,6.125037155593313,6.063209415777754],[3.139324941936544,0,2.449118729129829,0.044581546336668554,0.28388688751355856],[6.105488029283799,6.143456283384247,6.206843695010412,5.9961129271815485,6.129281850085882],[1.1556791803240813,5.324287062390098,5.348302185025824,5.240433567602656,5.1927270394489335],[2.653688409545205,9.354674347910622,9.477404953017885,9.478762720688424,9.407019759709463],[3.1261235955773796,1.0679418077218221,9.252991188441985,9.521586085517862,9.266631335119996],[0.3628772040160007,4.768596591443796,4.071753589731864,3.9503978462551324,4.925124367999534],[3.883859910171934,0.7680017892788081,4.705797337941523,1.0493129989925079,0.15550932335521012],[2.50181179987306,0.4334257479426234,1.32251055770074,0.859955763644473,1.0572132238728142],[9.345297458540168,9.37594280739571,9.679222765031632,9.462490648553496,9.459708626017397],[11.133391982202841,11.102290409502743,11.239436599919475,11.129394769340445,11.059072048599461],[11.057974250371835,11.266275803774398,11.229408678325198,11.40633898616532,11.126760979166246],[0.6510340154105284,4.361815043933884,2.2451084486944324,4.620723874467206,4.585434811914076],[7.66171401734173,0.9932111860068036,7.498424009748704,7.596209222266458,7.453004116188943],[0.7092426431010308,0.772573926878424,7.2292055524177545,7.376836478856333,7.199367491903651],[5.911487240626114,2.5916856640416386,5.79266149081663,5.704383519913501,5.740639636326966],[0.6588402509333657,2.642228348062886,0,2.333802270134204,0.8097489075735904],[4.265657372831384,5.809020459234004,5.697349836450944,5.66493417389356,5.756628357862967],[5.734837921281456,8.515630603480384,8.563126783886561,8.776718267608542,8.683567434140244],[4.488523729315946,0.6119356644674457,4.481956012228152,0.8345708356962519,5.504852162188774],[6.9041363520417125,6.9937185207757295,6.96944184002939,6.9548871533302945,7.094738245819494],[5.2439324491145864,7.161548329862443,7.116254965706826,7.2665127187802,7.3320208836551455],[6.865589363701421,6.858232939781232,6.905668550818849,6.925597215173416,6.814171163618301],[6.912311029578541,6.9228574166548364,6.933521734059106,6.814500636947974,6.883170207954184],[4.747044563633152,7.079841837505856,7.178074703770418,7.001998801418639,6.942708913447847],[1.1680258729062765,6.9355564193667565,6.860088640673771,7.039926982303178,7.000651697299303],[1.7659448648172786,0.9739139984363896,6.8662779209112434,6.605893180574543,6.86946367157716],[8.403749724893865,8.252948531058747,8.553161519189953,8.333290436801079,8.576518006096892],[0.5398163505286091,0.9799214283062738,0,3.9383785536637235,3.2136489453200046],[6.256586204647092,6.197467972350617,6.353156704268355,6.105893128194515,6.24817271383657]],"times":[[25177,3184,7738,6924,2115],[4552,714,2622,1004,992],[2193,585,387,405,377],[6020,1174,1286,1188,4150],[1278,1143,892,467,807],[2648,834,2385,291,337],[3776,1336,780,450,405],[1070,892,366,239,292],[1814,2087,343,428,365],[2694,947,819,345,320],[5065,463,840,321,2342],[5229,354,283,802,466],[2151,194,671,320,1328],[1228,1018,973,1593,1447],[2269,983,649,360,302],[3253,593,305,286,308],[3969,1210,388,291,334],[2059,794,171,124,1173],[1542,550,260,306,339],[1723,316,248,322,654],[1055,293,241,272,262],[1605,424,276,312,344],[1048,663,238,280,307],[1955,530,658,303,314],[1901,327,248,293,354],[1486,566,321,285,316],[1222,185,176,181,272],[1503,304,287,315,283],[3267,373,296,352,212],[2431,361,875,789,476],[1790,757,455,178,377],[1106,685,1242,53,1290],[1580,357,126,265,308],[1385,359,408,168,262],[2549,590,283,121,160],[5010,154,237,181,276],[9112,305,471,387,715],[902,859,426,703,1083],[1170,966,232,1300,147],[1532,293,290,271,271],[3373,302,259,265,224],[1080,64,34,46,389],[3657,574,8844,836,315],[941,831,42,379,115],[1533,738,31,207,181],[2027,749,239,663,246],[971,429,1294,634,1599],[2181,531,345,282,307],[1319,551,277,287,282],[1338,463,913,832,939],[1611,286,319,278,263],[1032,710,247,241,240],[5657,287,287,302,281],[1247,201,210,165,265],[1594,971,357,216,251],[2338,564,218,259,238],[1176,523,1,88,129],[1115,298,234,225,280],[1080,1467,766,828,1962],[3008,314,272,258,250]],