{"actions":[[3,3,2,0,1],[1,2,3,4,5],[4,4,2,4,4],[1,2,3,4,5],[1,2,3,4,5],[5,5,5,5,5],[1,2,3,0,5],[1,3,2,4,5],[0,0,0,0,0],[1,2,3,4,5],[0,1,3,5,1],[4,5,5,5,5],[1,2,3,4,0],[0,1,2,4,0],[0,4,4,4,4],[0,5,5,5,5],[0,1,3,5,5],[5,3,5,5,5],[0,5,3,5,5],[0,1,2,4,0],[4,4,4,4,4],[0,5,5,5,5],[0,1,1,1,1],[5,5,5,5,5],[0,5,0,0,0],[0,1,2,4,0],[0,2,4,4,4],[0,5,0,0,0],[0,1,3,5,3],[0,0,0,0,0],[0,5,0,0,0],[0,1,2,4,0],[0,4,0,4,0],[0,5,0,0,0],[0,1,3,5,1],[0,5,5,5,5],[0,5,0,0,0],[0,1,3,5,3],[3,3,3,0,0],[0,5,5,5,5],[0,1,2,4,2],[2,5,4,0,4],[0,5,4,5,5],[0,1,2,4,0],[4,4,4,4,4],[0,5,0,0,0],[0,1,2,4,0],[4,0,4,4,4],[0,5,5,5,5],[0,1,2,4,0],[0,4,4,4,4],[0,5,0,0,0],[0,1,3,5,5],[0,0,0,0,0],[0,5,0,0,1],[0,1,2,4,0],[4,4,1,4,4],[0,5,5,5,5],[0,1,3,5,1],[4,3,3,3,3]],"rewards":[[3.2211665631283313,3.266552013797299,3.769385732109228,1.3420466276067413,2.8913221278736336],[2.3317253575626813,9.35583248637288,2.2091181746292294,8.924411387389096,1.8497589753696029],[9.107501747413929,9.155257975080868,3.9180450887247,9.021136244543886,8.942814198400885],[3.0107882598507927,3.589583736567298,5.204216815826791,6.301751228087123,6.531816434141888],[9.708084134545366,3.6250772223178287,9.845405697074666,3.5434100700899065,10.38185877695916],[10.120166235270329,10.116176482368493,10.035006983394421,10.204928138848208,10.342627408449163],[4.5890176026661,3.334462149294322,2.5678659591970225,5.064288292768174,1.9479141162619165],[4.681537739615506,4.82521763232108,1.7294535327566927,1.18202448629839,3.9741993096033994],[5.067083560761691,4.994730903591462,4.865285828730874,4.965968819313071,4.87270776927378],[5.135922496071135,5.817696324950845,7.406241822196959,8.47556374335087,8.92128247009241],[0.20234241531092595,5.30336016733586,4.718969642622319,5.214080858179761,5.242068640860786],[1.2144933975289591,5.306034244990463,5.364832104476004,5.3055320153453165,5.3409044709205205],[3.123432379650988,4.496296999474362,2.8390607811474973,2.9039007188521517,4.721341343502742],[6.397929668627812,1.6103794168927874,5.819167566295364,5.345341659168834,6.213031342970612],[4.6192914338383275,5.1218210407098645,5.173678833908755,5.098681603707964,5.241685528536366],[4.631368200861504,8.365109560605,8.547426200445976,8.446983020211578,8.311289192674499],[1.6017150630323083,4.463338458840324,4.1366468769527565,4.455849985313936,4.653277933075907],[4.31502583552769,4.20707885971964,4.5703408156520124,4.450244723614268,4.507350010481841],[1.6423530108097042,4.22905198559164,3.1518111311678223,3.9437154218596833,4.039007413844339],[8.090299605480794,1.5145896074294722,7.6337814502108445,8.70713700146774,8.011496019780015],[8.689853690051297,8.497180067577014,8.64629429178232,8.744551169450014,8.619764947413236],[3.7651250014991784,7.933039676220929,8.085801277080687,7.943648190922105,8.057899083751467],[2.331711706397422,9.62501887685603,9.520148067764609,9.680401499171287,9.579294249410356],[9.407262098484356,9.519011220377324,9.461755543129991,9.467895807510528,9.62474943141205],[5.053110323084293,2.879205272143579,5.060859333357105,5.2423937785417944,5.193822801880462],[6.0490903109891905,1.463318438736524,5.534387776281717,5.799575757712075,6.097721795622726],[5.281121844407677,4.552647301213381,5.656742352644475,6.0595474003144485,5.932652928629588],[6.242193596952579,1.5333677500102456,6.36611481792122,6.254379422857757,6.2524684504154475],[1.3764350413326947,4.812717420277987,5.039172327141401,5.005659268165402,5.011361668111311],[6.197045643939986,6.329512310562246,6.460996697286605,6.0851830361938966,6.346037673927919],[7.475825930428846,3.02093986146906,7.516591033817987,7.690727446477879,7.51163437950035],[6.869745521919163,3.4342106258326175,7.963800338723157,7.719800614053348,6.939653340739099],[7.646672858209653,7.5149756376470265,7.335610435391692,7.716324686954419,7.613705683043311],[7.069646021650632,3.2130229102872803,6.858924595936721,6.9314598501545275,6.882317705603641],[0.9006012634025742,7.549733191231128,7.772811156002154,8.026044548054747,7.677882742110189],[6.799346402301234,7.9285031993970385,8.086798940292374,7.796822542217163,8.131974870408262],[7.933040836125062,6.139042881002272,8.131178774268514,8.027263355897293,7.934688965265081],[1.981010598113411,6.676860667988258,7.40379435284027,6.118514151912608,7.401431708342209],[7.344305012229703,7.518674856773717,7.420886866270129,8.031620377971775,8.024269034675207],[3.757374737749218,7.788038109847554,7.646008305792196,7.571389354636986,7.675447713451784],[7.818018497827948,1.7090497775960918,8.317694627574415,8.032374083230183,8.4763757209427],[5.214318708428355,1.3788852570212302,7.995368252244073,3.835170610187796,7.882782435495136],[2.8069305945084264,5.667716640823199,5.566630753949858,5.4883229208451825,5.729067537102276],[5.201610694576113,2.3703439088224454,4.5988104170751045,5.84968100942902,4.932423642147478],[6.0810295961256635,5.952143442618842,5.976543045094578,5.875346124804253,5.990606975523215],[4.998445369150209,2.432799075725823,4.924675213637602,4.680210095782556,4.560221133134041],[6.493148102415492,0,6.715109193697552,6.622287406373645,6.461634651981819],[6.64931821075582,5.047903794082992,6.586260901929346,6.901117797260201,6.78486488148488],[2.4635353330125804,7.127777549445596,7.15766242365571,7.318470228136387,7.121924420700299],[5.772744047509175,0.5483349460515243,5.445472134867301,5.023399641771983,5.576574912643764],[2.604265010636594,5.13676196652954,5.052835058372363,5.079810351798763,5.033365453811689],[7.405255446309036,3.321202163100187,7.241937514744897,7.4512306856903505,7.05040343261481],[1.6724065071637417,3.94128710062814,3.131501514380793,4.343074908788057,4.1899434035994725],[7.485988591464979,7.465326098039072,7.364497757072509,7.275799724647315,7.348367151672977],[2.9471040724433917,0.908905475073297,2.8806879708011026,2.8640534699929816,3.169432260656598],[5.365912902154084,0.1459113622046394,4.146767760563869,5.075070964498268,5.203400875945955],[4.874074265077011,5.093439232218865,3.1863292209098133,4.795731998000705,4.890452056905105],[5.989421681991626,9.71640982443666,9.702695322006141,9.588756280531575,9.70935055387754],[4.888915639413875,11.474438545933426,10.829282146421471,10.384779644002483,11.497914498023205],[4.2591361036195,10.966393892640466,10.921011193979181,10.969807507935984,10.937264565332379]],"times":[[25464,3672,5684,3631,6293],[10550,492,1359,743,1351],[4306,83,3214,611,831],[6431,966,924,538,1277],[3421,1458,1524,2437,834],[680,585,535,372,525],[5886,1213,1928,1110,1304],[2230,1156,1957,1265,401],[1306,308,277,465,226],[2182,1146,564,529,600],[3002,563,1948,1974,1182],[6068,527,473,626,333],[1864,996,885,512,1284],[2151,583,526,1984,1119],[4472,573,370,302,602],[2480,1124,1094,107,832],[3890,302,963,986,339],[4588,981,592,334,249],[6349,625,1302,412,322],[2322,336,1524,1784,1694],[5228,337,367,410,542],[2439,439,386,47,275],[1734,220,493,448,467],[10104,457,367,598,475],[1839,345,275,339,428],[2696,334,3812,299,1758],[2755,1724,1255,532,390],[2389,613,275,253,236],[4059,264,1246,1013,717],[1195,348,322,291,323],[1182,294,320,157,127],[1488,274,1841,327,303],[717,1303,722,1136,375],[1204,77,64,160,140],[1828,160,2483,804,1424],[1405,244,239,118,900],[1595,84,993,320,407],[1103,466,1125,573,1073],[881,946,391,489,1026],[1004,497,385,307,317],[2121,380,1723,872,351],[1730,528,1448,1055,323],[1832,471,1117,408,753],[1306,70,2160,415,1046],[1537,474,338,289,381],[839,478,328,322,414],[875,322,2691,971,1619],[3423,281,462,259,130],[1009,166,324,422,257],[1477,293,837,440,968],[1104,3329,2445,278,736],[789,433,400,196,304],[985,200,1871,1124,695],[723,217,167,150,330],[2327,289,891,314,710],[900,251,828,353,380],[1477,1020,901,362,458],[1084,568,428,283,319],[1486,62,3079,1966,1475],[2622,1343,380,656,397]],