{"actions":[[2,4,0,3,2],[2,5,4,3,1],[3,0,3,3,3],[2,5,0,0,0],[1,2,2,2,2],[0,0,0,0,0],[5,0,4,0,0],[2,1,1,1,1],[0,3,0,3,3],[5,5,5,5,5],[3,4,2,0,4],[4,4,4,4,4],[5,0,0,0,0],[2,3,2,0,0],[0,0,0,0,0],[0,0,0,0,0],[2,2,2,2,2],[0,0,0,0,0],[0,5,4,3,2],[4,5,3,3,3],[3,3,3,3,3],[2,3,0,0,0],[1,0,0,0,0],[0,0,0,0,0],[5,0,0,0,0],[1,1,1,1,1],[1,1,1,1,0],[0,5,5,5,5],[4,5,3,2,1],[3,3,3,3,3],[0,0,0,0,0],[3,3,3,3,3],[0,0,0,0,0],[0,5,5,5,5],[2,1,1,1,1],[5,5,5,5,1],[5,5,5,5,5],[2,2,2,2,2],[5,2,2,2,2],[2,5,5,5,5],[2,2,2,2,2],[5,2,4,4,4],[5,5,5,5,5],[2,3,0,0,0],[4,4,4,4,4],[5,5,0,0,0],[1,2,1,1,1],[0,0,0,0,0],[0,5,5,5,5],[3,3,3,3,3],[3,3,3,3,3],[3,3,3,5,5],[3,4,4,4,4],[4,4,4,4,4],[5,0,0,0,0],[4,3,3,3,3],[0,0,0,0,0],[0,5,0,0,0],[1,2,0,4,4],[0,4,4,4,4]],"rewards":[[3.8107563940382865,3.742613923378845,2.091810336242564,3.3203209458194753,3.8092105754769277],[1.4134620302985181,5.309723675303357,1.6420833510316326,4.621414983209106,5.141249291355846],[4.866071027534019,1.9611388841350696,4.79269767474859,4.740327912183348,4.817591616394597],[4.994422255533585,2.864191274701705,6.8432403925286795,6.545938987793139,6.7052527845591685],[0,6.391073958796653,6.106703743619158,6.272467809131095,6.400960610818802],[6.89028280531681,6.673611589032853,6.663593282399684,6.7363346612611,6.618166610428895],[1.9764202500098589,5.520909326041633,2.590743683716229,5.674185574217649,5.555126395800086],[2.048660241954084,6.597857411453448,6.582822925306398,6.788500904887952,6.680618635697478],[5.585358504589265,5.780110070765141,5.618003798532699,5.919197662879541,5.7527989892817954],[8.549877823814287,8.65564080190956,8.727684365403901,8.797245703927112,8.705331349284398],[0.33425257589246676,4.64837321661033,3.5820266982276276,3.8620294644532662,4.643450899882172],[4.3438512900252455,4.487558082380067,4.50080524406673,4.45037243805172,4.624003213559805],[5.379365247209972,6.784928236446992,6.830933705973841,6.902204640420958,6.711671817584333],[4.761015841384649,1.2524159407949305,4.876341318988228,5.05029758583659,4.706978812136993],[6.999229481587887,6.900335973323274,6.999816528369372,6.706287674006837,6.664500816529115],[8.38141294511534,8.402563510703656,8.42959330058668,8.348245550728558,8.428435644953728],[4.993469015861684,5.018094450335424,5.0894427287081765,4.965674332021306,5.047998852030151],[8.61694035641006,8.459965043026783,8.383921058639574,8.375132003691293,8.47955388460661],[1.030012115446967,3.6620112096308928,3.010238875849134,3.3927261990226167,1.484178815120147],[1.057914452222905,4.528148027921646,5.239144740199138,5.383078622476406,5.245208188514094],[5.33184584390681,5.090541062846102,5.286183432883286,5.439101707830551,5.401863812004426],[3.2900728570675195,3.026036849570128,6.506499160241156,6.479346988576752,6.39719125521991],[3.00971997412729,9.70197598697583,9.78358095352355,9.714200103617959,9.844660890686606],[6.412915492995971,6.441176288716917,6.307638093717841,6.488424545323055,6.477984523910763],[3.1326572518075344,5.903177026259654,5.83586186428614,6.0498508182594914,5.865778998018166],[7.401943870341642,7.763402771927466,7.7879206921645165,7.505919826421151,7.617772808837325],[5.5256916323800365,5.565292201263748,5.777329863407133,5.735601775371365,5.885753006643027],[1.3138900006457523,4.537829670260524,4.574710701686002,4.497549593316347,4.590781614549014],[0.5828826513036305,4.262931215964487,4.621249410655024,0.12381033341614908,4.837752394019318],[4.756794222197767,4.698188281193538,4.643187436898814,4.647962279154139,4.600500519696335],[9.689343985461267,9.678819091145444,9.831856856016856,9.75091734716759,9.772646175635735],[7.801187114710447,7.570685832822625,7.805108322882231,7.758402920023975,7.74407676044045],[9.792132860883875,9.878566977970857,9.914686244574982,10.015507751866023,9.722744709660578],[4.403997390428916,8.92915868704309,8.852598047028525,8.766761863195857,8.908533496101004],[0.41267359817468025,5.292475904415932,5.0965557654837506,5.200388732058594,5.129637946552305],[5.514791270301069,4.99035009793941,5.221133843907866,5.14266819344207,4.741733522149532],[7.469058152841713,7.706172356996741,7.669527672043681,7.5033740156953845,7.625325765568909],[5.6011685108214495,5.479532261244013,5.569730261761707,5.494966976531368,5.462217322732006],[0.39400655908081395,4.276773325852376,4.325436223099661,4.196292111763619,4.410041838266702],[4.003836172891229,6.663575444443771,6.539389928336847,6.545868718484708,6.456367925413058],[9.498423874409529,9.437669789360823,9.462084875538894,9.377617050985268,9.279098728231356],[1.987101329398467,3.970625900937446,9.001156699281406,9.04329700612744,9.178080217593372],[5.484753301144349,5.568261240076138,5.455289308121326,5.463213932116779,5.255473085732872],[3.3013108306268646,0.6067291422992979,2.702456245850358,2.546793137316142,2.6594232442366996],[2.5967046201664745,2.5311842697250806,2.696801608848137,2.5391118767922705,2.4232741803527307],[4.4049771983770825,4.354062001344371,8.511023607716702,8.644029086491855,8.485819767936313],[4.081058898529758,1.1897005311679565,4.2294407913492496,3.9968990364925663,4.069669897409359],[8.651966407742377,8.61414730236205,8.551289238639542,8.597141955954937,8.442779444325337],[2.5684337230802154,6.455297729825193,6.692499800131806,6.46567525877882,6.531145200954256],[9.675381675089023,9.750418351382583,9.762297731666926,9.845286426767347,9.771619238061668],[9.891151304580605,9.781512236542424,9.835019699099972,9.839846126344392,9.78918966110839],[7.095018550610016,7.027135339481374,6.959060056804493,8.688639861163395,8.564993191133563],[2.8569762040827023,9.471228469514084,9.43577825732879,9.444570598282827,9.47353670930653],[9.515509819575485,9.549020352549624,9.53256371085651,9.478265885210414,9.329086330407975],[2.2014499770085862,7.142103541386397,7.082683600563062,7.223522638684561,7.030885392574156],[0.5163083900737955,4.8857967102237385,4.877802345463551,4.979837117883827,4.868794541494593],[7.171183498467,7.294990029887488,7.098153201795678,7.135076095258209,7.045515591467137],[3.6893675987169403,1.324044651538924,3.4636472089300625,3.5861253554298247,3.6849485162455187],[0.6615524629469736,3.198437112448058,3.1373671006269293,4.253279201064701,4.01089310082534],[3.7146269645768166,4.0947019565279925,4.074615661816676,4.113979972249747,4.107504425301548]],"times":[[15271,23155,6698,9301,2293],[2484,2390,1582,1116,1519],[8492,2407,720,739,1220],[4203,2684,673,838,334],[3611,1006,1058,396,569],[2839,793,318,341,391],[5302,816,1043,324,600],[3413,373,485,334,311],[2176,2381,683,322,352],[1508,351,281,214,536],[1823,409,646,1443,261],[2667,339,269,192,287],[3989,1679,407,152,90],[1879,1487,624,324,343],[521,267,138,234,364],[1381,324,165,145,260],[1034,826,270,102,134],[400,157,137,94,122],[1157,377,2751,1149,1078],[3167,316,677,388,328],[2909,1895,110,57,241],[2156,1664,455,205,199],[1562,1701,260,157,133],[580,190,58,6,320],[2236,273,292,323,533],[1267,294,131,151,153],[421,101,439,62,326],[2598,641,1087,245,257],[1172,1362,271,510,529],[1760,301,160,264,346],[1289,275,137,158,167],[4653,258,133,90,138],[1046,143,107,58,106],[1589,980,235,70,142],[1588,171,117,63,55],[1119,51,240,227,1420],[1221,252,85,554,195],[1397,105,528,222,159],[1013,1977,170,22,95],[626,1571,272,110,132],[1985,245,107,123,84],[1029,2826,2995,204,135],[1719,347,117,142,166],[1570,1143,1560,228,163],[3059,80,123,115,182],[1216,1152,234,160,71],[1537,1794,293,193,286],[1101,97,70,57,47],[1141,298,166,93,213],[901,152,25,67,18],[983,562,356,169,991],[784,308,568,668,187],[1807,195,157,111,173],[827,24,603,135,19],[1286,251,63,1185,179],[2276,490,369,153,217],[997,55,148,90,64],[1743,1525,369,254,109],[548,375,255,605,265],[1157,129,664,152,152]],