{"actions":[[3,4,1,0,5],[1,3,5,2,4],[0,1,3,4,5],[0,1,3,4,5],[0,2,3,5,1],[4,2,1,1,4],[1,2,3,4,5],[1,0,2,4,5],[1,2,0,4,3],[1,2,4,5,3],[1,2,4,0,5],[0,2,4,5,3],[1,2,5,4,3],[0,1,3,5,4],[1,4,3,2,5],[0,2,3,4,1],[0,1,2,4,3],[4,3,1,2,0],[1,2,4,5,3],[4,5,3,2,1],[1,3,4,5,2],[1,3,5,4,2],[2,3,5,0,4],[0,1,3,4,5],[0,1,5,4,3],[4,1,0,2,5],[1,4,3,2,5],[4,1,0,2,3],[1,4,3,2,5],[4,1,0,2,5],[1,3,5,4,2],[5,3,1,0,2],[0,1,2,3,4],[0,1,2,3,4],[4,1,3,2,0],[1,4,3,2,0],[0,1,2,3,4],[1,2,0,4,5],[4,3,5,2,1],[0,1,2,3,4],[0,1,2,4,3],[1,4,2,0,3],[4,1,3,5,2],[4,1,3,5,2],[1,2,4,0,1],[1,4,3,5,2],[1,4,3,2,0],[4,1,2,0,3],[4,1,3,5,0],[4,1,0,2,3],[4,1,2,3,5],[4,1,2,0,3],[4,1,2,0,5],[1,4,3,2,0],[1,4,2,0,5],[4,1,0,3,5],[4,1,2,3,5],[4,1,2,3,5],[4,1,3,5,0],[4,1,3,5,2]],"rewards":[[5.28195093708447,7.177890777366872,4.124275183448077,2.4834788695647574,7.567571286693078],[7.774382357667338,8.915806949472625,8.475266359816846,2.1759318994049948,3.376176926447385],[2.6745850294253795,7.98043634636904,5.152933666404781,6.975860987554985,7.512266911481584],[2.512472323708524,2.845919874867104,5.590340738264059,5.760362654653308,6.34923359209275],[6.055592954460495,4.937840734801243,2.274809053895804,1.4100623659439633,1.919827250035659],[5.875610981045641,4.8681916459180075,2.0104859906340575,2.011367427092614,5.9645620116259375],[7.409285613392126,6.065807050621256,6.612054489357713,5.8268118693479565,4.7254326484797415],[1.4881257431831836,7.936924851518444,7.3274274743056695,8.04356976902846,1.2038169627787834],[1.2673685387304041,7.107166400468112,7.9049254891367005,5.733277239725279,6.497709375889406],[3.8124407024735176,4.791059368557141,7.750952402937469,8.035958658636895,5.885284362726708],[1.931899317262819,5.8257189550783846,6.021661243352983,6.113555890882588,2.983965732756759],[5.986774808448842,5.961513412179643,7.742020029960403,7.9858866689740715,5.816224642189957],[2.5070494563473624,3.8554199792484436,4.698740250258813,5.41853455829779,4.2248187301309095],[1.842906564843788,4.824904076398729,4.812227830186839,4.385943380301478,1.682138196793653],[4.813684094224083,5.2728561188987335,4.4007505335200285,1.630868996209246,4.686190729315833],[2.6646462248753,3.596389072833903,5.18279704978478,4.938443987888028,3.735408705316942],[4.3630452195300675,1.0047781314618751,4.1375365405839,3.76498291378379,0.4315492696982518],[5.066790595299339,5.094354350276503,1.1115916675164126,3.935330690473316,4.574152938021635],[2.9765195251931664,4.6457326246973185,5.368080914448824,5.252848227322028,4.636510008764388],[0.06589695185486355,5.371438598334641,5.578127682200755,0,5.851178434919237],[5.976955848800394,4.687893811291872,5.324233340312062,5.345480551422535,0],[5.492993806935888,7.414696370597396,8.291070903036896,7.091835670548222,6.508724743562902],[2.36918412181531,6.613209082976754,7.415313790408926,2.6485700789298914,3.205094610776754],[2.8114052215717718,7.1679454421777375,7.3499517664528975,6.8954287572075,8.395696436372775],[1.2878046921968043,1.955801218498981,4.637578906966757,4.5225922863199814,3.9517640471045437],[2.0363779251586296,5.9207473742941295,0.6386720510692216,0.6702611550107427,5.497434573054192],[5.677181583625828,4.522550160663753,3.86815017784334,0.6285441227799916,4.6393753687594845],[2.9925430461297293,5.583477231411137,6.595256328485071,4.223241169383635,4.597129396660585],[0.7547533615528441,7.168692997642333,1.9331780277361879,6.101906591805098,2.6073785416586963],[3.244286845438062,0.8515577249003821,6.0565167993062206,5.881635957355521,1.2209089518870127],[3.797650328238435,4.389794276403165,5.60192805630697,5.352188559132554,4.15000678441291],[3.2729143983955185,3.816154930393079,3.3520487389586573,7.869367713722875,7.760311388953287],[7.9653951024656156,3.3273201097367324,7.891435566310305,4.53927104608376,5.378926826336762],[5.567219536971625,5.088084062202124,3.3405095952454755,2.7515307990531483,1.9799269501082242],[5.1821153015100645,2.3480936831325834,2.3733184677046126,5.450039817455427,6.433484740219842],[2.409583664290077,1.6243357454539067,2.8691709266973713,5.357114068153416,6.4775896626075085],[6.873227598745668,6.6008783064206025,6.032176135296734,5.212411691819025,4.491406475194589],[1.775793985902253,5.671554606079681,6.3333845012721355,5.539224809845929,2.565340761624966],[4.167338162844742,5.18502647212456,4.217199406135813,5.908262488310391,1.8609071001078386],[9.134746847899965,7.6332577385598634,6.542444996083059,6.37007396266681,5.443542318424156],[6.028581640174009,1.35772579888122,6.418079581586958,6.422101063236901,1.2074959959177336],[1.5463034695579496,5.375656090219843,6.48761517322225,6.133527212456256,6.33788433854955],[8.267017307085242,5.86753593800249,7.222746796999599,8.983787433306011,7.65868482051769],[6.459290049206174,0.5050140680501429,0,0.8372478054944669,5.988668739665779],[0.3269641928872923,5.982801564405211,8.131345096426934,5.723641224200252,0.6070757911557099],[6.695802750013154,8.551046382125108,7.759660537035722,8.11096194263961,7.3362654833705365],[3.5390932162653317,6.998052632270606,2.1610224554051953,7.539641794378711,7.248222142217178],[8.596251771190039,3.345232141706431,7.556308972472786,7.285100211002056,7.5308261873219235],[4.949828758045365,2.9583462101193705,4.782119314941062,6.100921466535905,2.4300859116433062],[2.261625588264955,8.958129994583409,1.8797133764884044,2.0672816723864385,8.568153756669043],[5.24836112581976,8.9274481145314,1.9525674817637888,4.661143198035513,6.169138363229683],[4.3324693960761165,7.103843570487149,5.607812165748954,8.097261462690236,5.325749538842621],[7.829470611095064,2.846012985861816,7.396522636935374,7.5738001850826056,2.713626659141504],[2.7566267898589056,4.517384920900248,5.390079962562883,7.36436446783949,7.730526930446389],[4.388960285197254,6.725926188094879,5.4783847464756406,3.783490946404299,7.2332158016905606],[0.9329673031882688,5.326344762138062,1.555551618938521,4.436823617183972,4.753376680008242],[6.562262217667486,5.005342904497259,1.3216260448223764,6.23153309824627,7.1867664861201614],[5.57722207689167,7.793077113166957,6.7409090423212525,5.715565032160874,4.139029557870581],[2.41142144570499,8.527675200770545,8.492239334847088,8.93725464351995,2.3953809846142113],[5.692182889873788,8.543161474097056,5.808532731859073,4.291767267247406,2.7315951693640734]],"times":[[222222,1016,1436,5145,1858],[5434,772,889,3328,1453],[8272,1096,1767,949,783],[114943,1000,2253,525,1031],[7908,757,2446,984,768],[1890,1099,780,53745,2551],[2434,937,1744,786,1216],[2845,777,935,900,1237],[4506,573,852,791,722],[2925,694,1263,224,712],[51190,536,2748,1127,1249],[22871,502,2699,503,654],[17505,606,2065,59,365],[1105,512,931,1318,305],[1153,988,874,466,1126],[19906,537,1984,686,1135],[6723,414,553,1002,512],[1097,354,839,381,234],[1357,1661,1120,479,156],[2911,416,668,1092,323],[1198,1356,295,305,514],[1576,952,177,69,1000],[1087,2055,1066,1146,1206],[1418,346,853,52,842],[43782,282,1164,784,616],[1706,1367,1023,1893,1391],[1383,1133,1467,1150,584],[2812,1338,300,222,2174],[3095,1048,549,1972,615],[1229,916,1143,644,1151],[1567,1361,875,575,1424],[1299,970,1028,111,1318],[3430,1249,905,1822,539],[1866,423,564,963,340],[1451,1384,860,1037,761],[2001,765,1874,920,1302],[1393,493,155,379,567],[1524,1300,1938,1593,1302],[1851,892,855,774,554],[1411,583,359,1677,291],[2215,363,932,964,743],[1908,218,4185,1667,1808],[2711,1080,573,242,750],[1017,50,1885,855,971],[4072,1078,1870,1278,10206],[5307,142,1290,219,285],[1756,404,914,2353,996],[3607,971,2360,1260,1345],[1919,2250,1450,1047,1468],[1521,322,926,360,870],[1496,1060,1057,986,294],[1704,534,632,861,979],[807,453,1576,678,1186],[3267,183,1471,506,665],[1454,355,2642,642,792],[2678,799,471,2397,307],[1461,901,2683,1344,1183],[1052,1232,2481,2726,811],[1455,653,3408,1144,1284],[1684,586,1832,242,625]],