{"actions":[[0,5,4,5,5],[1,3,5,5,5],[2,4,5,5,5],[0,5,5,5,5],[1,0,2,4,2],[0,2,4,4,4],[0,1,0,0,0],[4,3,5,1,3],[3,0,3,3,3],[0,1,5,5,5],[1,0,3,5,3],[3,2,3,2,2],[0,5,0,0,0],[1,0,2,4,2],[2,3,4,2,2],[5,0,0,0,0],[1,2,4,0,0],[0,3,0,0,0],[5,0,5,5,5],[1,2,3,5,5],[0,2,4,3,3],[5,0,0,0,0],[1,2,4,0,0],[0,4,4,4,4],[5,0,0,0,0],[1,3,5,3,3],[3,3,3,3,3],[5,0,0,0,0],[1,2,4,0,4],[4,0,4,4,4],[0,5,5,5,5],[1,2,3,5,3],[5,3,2,2,2],[0,5,0,0,0],[1,2,3,5,3],[3,0,0,0,0],[0,5,0,0,0],[3,4,5,1,1],[0,2,3,5,5],[0,5,5,5,5],[1,2,4,0,2],[4,2,0,4,4],[0,5,5,5,5],[1,2,4,0,4],[4,0,2,4,4],[0,5,5,5,5],[1,2,4,0,4],[4,4,4,4,4],[0,5,0,0,0],[1,2,4,0,2],[4,4,4,4,4],[5,0,0,0,0],[1,3,4,5,3],[2,3,0,0,0],[0,5,5,5,5],[1,2,4,0,4],[4,4,4,4,4],[0,5,5,5,5],[1,3,5,3,3],[3,5,4,3,1]],"rewards":[[1.988436104936878,7.0455469508488155,5.976324911584583,6.917509837056662,7.141093249664918],[8.982781307566245,9.299806623566187,9.448443646305009,9.414020227226919,9.460529802624281],[3.842830661448312,2.5873620757221305,9.448379491710236,9.389657873549334,9.47823634530181],[3.2524060571502784,6.179650982250854,6.160060704374489,6.19862342377,6.264394058480395],[0.6516294236066712,3.608365411958391,4.094694411017591,3.930078171496718,4.080088606180841],[3.3991318317476957,3.826546014643931,4.03277970343685,3.9183770712618977,3.9861669931613313],[7.075497283210724,6.427888661148206,6.8329296837966185,7.002034335012769,6.788535233955553],[0.8243846589906004,8.028858870176158,7.724787474087448,7.4835737534557385,7.884768301633928],[8.028855415037269,6.889198349620366,8.001514572408889,8.112438283942277,7.872914057069711],[5.864297817914108,6.780141528065685,8.763558495121053,8.6403877605988,8.640207114256162],[4.3004836788953185,0.7450253174131475,5.8165033512649345,4.17548433492378,5.857551817571883],[5.810561180738654,7.020297895304823,5.819327240279876,6.955719937392421,7.009860282082707],[8.496517166351556,5.52517822107663,8.273199941933974,8.450831472128153,8.40370699110043],[0.26825941622553573,3.161798126619989,3.789836296774536,3.3254735290165427,3.5394806927445623],[7.188911087721312,0.32760700598201203,3.255255742816136,7.332871683614932,7.334406944349944],[4.479451578967272,7.968076424034596,7.987260325786772,8.040382109934606,7.898406185803531],[1.9470345173312575,7.908022085087243,7.929541864848841,8.047373693984342,7.9435994107867085],[7.994445424064469,2.469923657838194,7.960130427304664,7.8092666767053505,7.88902539578601],[7.985317912278356,3.7043120905697524,7.996532151066084,8.022452682893142,7.794089373349609],[6.891819549086018,1.1658268565810173,6.5146929008069705,7.24671981309705,7.22254939157579],[3.5332476302948854,5.281057593378465,0.28983293285493666,6.516966871004851,6.39465728585527],[3.376424435699124,6.449713827279673,6.793753048035148,6.764566099121305,6.7212760206577675],[2.4452273371060946,8.37454382350793,9.206150897708651,9.4515910450418,9.349568576755834],[6.798762938691738,9.23341769595745,9.119148749291162,9.156726424926903,9.36506522449628],[4.433316843312909,8.907295341447398,8.715164511260847,8.821940524942997,9.065853226980963],[10.63580063071558,10.617436330343192,10.282753150910054,10.559953606731936,10.504164816072075],[10.585854615623978,10.3959670434943,10.376712390696055,10.60611328800569,10.460238090363424],[3.4872108538413773,9.133769775559768,8.856872481584059,8.983596368321823,9.072306928618918],[3.0155897675758014,10.217235241180708,10.293481419128886,9.560363779228604,10.26077451475429],[10.284542998626367,9.099941731360762,10.176142427212204,10.266269718800157,10.261828307457616],[4.148586925642098,8.841706127586301,8.696688588421896,8.927106621177247,8.777596810340883],[5.2481138955809215,0.42262707670388094,5.721970976357337,5.266994791236131,5.736458655115815],[5.126920511720318,5.6831082466734495,6.80441824618779,6.677732008035133,6.646295572742949],[8.712661163987457,5.279734598093857,8.571486475934904,8.531005247862295,8.72720479961355],[5.740573824612387,2.2770380117781936,6.371379855581316,6.356255336151552,6.475795402656696],[6.615511309402442,8.449687529796826,8.550885948679685,8.483995608450895,8.48112306276536],[5.775180197457193,2.0575575262474803,5.618378703788381,5.784420325774753,5.634314693874429],[5.758630072391727,2.0368561420743463,6.392623015573789,6.578026666409888,6.51033080726818],[5.632973595038142,4.009400213933131,5.755425734444386,6.658177903014728,6.646628910592539],[6.751034832406525,7.696661791517414,7.799469879743383,7.705565958421371,7.878130943607407],[3.413031370194909,10.257956685553356,10.11243869572294,10.34640531630253,10.473428579041517],[10.090059711229463,7.00978915750922,6.764994598662848,9.980233426686096,10.128462746352529],[1.8015671877791688,4.009744547804013,4.014105825092573,4.224386909790148,4.237832281644131],[1.411863682464512,7.6167263577744,8.604438791948638,8.000451078466314,8.644155312113762],[8.55661160357049,1.8362270519661652,3.406714755494928,8.543142744403767,8.775370942931525],[2.008192473654036,6.9440471635208585,6.997331100396996,6.932216674222842,7.019542250461789],[5.23893307494184,11.800600220781677,11.750689708883778,11.241774069365333,11.802859295095528],[11.856614992351453,11.571390301651554,11.809612977281125,11.53811020156212,11.621508232534094],[8.102925538520353,5.27071031609917,7.888627886398179,8.100675200301156,8.023700300602785],[4.674744764829591,12.55534500960779,11.29422321178615,11.68118990863936,12.402344564875118],[11.278990535004283,11.350217022891531,11.324029011969007,11.29698078556547,11.294983799457553],[1.9857528243047033,7.038994616866817,7.138467178441555,7.268118374002284,7.166838556668077],[6.180891702296207,4.926896565283658,0.5651248467494827,4.874130165594435,4.684359066357359],[5.178130516982843,4.844807409440736,7.028602708632635,7.073652515850136,7.079125449739901],[0.712141954767153,5.967497109042872,5.819763051712404,5.81794043604479,6.013397760375078],[5.170806966919313,12.432696625267365,13.163359555323039,12.064337491283474,12.66269083930802],[13.143188884090158,13.023063784576133,12.907498330899491,12.988378961860034,13.053303407054837],[2.391647003017192,5.013715783447564,5.138097374178188,4.87106557110437,4.822481534856578],[7.351301731359499,7.838532248685206,7.073170828722869,7.859607931442432,8.067648576476188],[7.950754719805724,7.328043216353368,2.5221528026879985,7.891677223248706,1.987474789364537]],"times":[[22232,3042,3625,690,1156],[4785,1787,698,600,474],[7011,413,273,251,309],[5090,195,222,405,318],[6960,466,1512,142,532],[6259,690,251,907,1149],[4699,2488,257,158,74],[5230,1123,2099,656,386],[7438,210,471,64,1],[1684,1894,585,313,561],[1232,161,2275,11,242],[2209,2384,1213,73,819],[2139,253,34,254,423],[1330,734,456,69,448],[4650,730,559,1453,173],[2825,389,126,118,394],[1071,443,362,673,218],[1039,2535,266,156,221],[1598,1658,10,243,372],[1402,577,38,489,159],[4024,2141,1891,326,929],[4404,244,220,195,178],[1383,293,1324,252,604],[1508,2340,133,14,62],[1647,46,39,403,10],[1491,4724,418,1420,222],[1196,180,608,58,137],[1812,28,191,435,103],[2640,662,3266,646,899],[1238,211,199,14,890],[5009,132,425,113,115],[1712,156,673,371,556],[18738,399,2222,939,357],[1427,31,343,296,768],[1606,369,104,200,281],[1447,227,109,46,32],[2631,258,493,23,14],[16287,1292,1328,115,321],[5222,582,430,613,291],[2917,209,294,278,346],[3526,1010,475,869,380],[1430,1298,397,138,105],[1661,476,46,48,48],[2361,45,248,317,275],[2146,2074,809,457,190],[2664,421,150,351,421],[1957,1119,704,954,839],[2075,66,33,561,137],[3872,157,181,129,26],[2619,216,556,391,151],[3315,821,176,103,87],[1965,68,32,880,367],[1337,431,761,259,473],[3506,1075,561,149,143],[5890,487,159,69,191],[1862,93,305,611,158],[1932,53,184,306,224],[1482,57,231,202,327],[1655,1246,309,180,369],[6321,642,447,458,863]],