{"actions":[[0,5,1,0,3],[0,5,5,5,5],[1,1,1,0,1],[5,5,4,0,2],[1,5,0,2,0],[0,5,3,0,1],[0,0,0,0,0],[5,5,5,5,5],[1,1,1,4,1],[0,5,3,4,1],[0,5,1,4,3],[1,4,5,0,2],[0,5,1,0,0],[2,0,3,5,5],[1,4,2,1,1],[0,0,0,0,0],[0,5,1,3,4],[0,2,5,4,3],[0,0,0,0,0],[0,1,0,3,4],[5,0,3,3,3],[0,0,0,0,0],[0,5,5,5,5],[1,1,1,1,1],[2,5,5,5,5],[5,4,4,4,2],[0,5,5,5,5],[0,5,5,5,5],[0,0,0,0,0],[0,0,0,0,0],[0,0,0,0,0],[0,0,0,0,0],[0,0,0,0,0],[0,2,4,5,1],[1,2,2,2,0],[0,0,0,0,0],[0,5,4,1,2],[5,0,4,1,4],[0,5,1,2,2],[2,0,0,0,0],[0,5,5,5,5],[0,5,4,1,1],[1,0,1,0,0],[0,5,1,4,0],[0,2,4,1,4],[0,5,4,1,5],[0,0,0,0,0],[0,0,0,0,0],[0,5,0,0,0],[0,5,4,3,3],[0,5,1,1,1],[0,5,5,5,5],[0,5,1,4,3],[0,2,2,4,4],[0,5,1,2,0],[0,5,5,5,5],[0,5,1,2,1],[0,5,5,5,5],[5,0,1,3,3],[0,2,1,4,1]],"rewards":[[6.726316566526155,4.079459436918227,7.058075105874782,6.711910969938992,5.747822686572932],[0.9118415974065612,8.213869888056639,8.113870947261557,8.110837103028574,8.073028773873672],[9.141605209906647,8.96365153459876,9.005977644616658,1.0054469355804416,9.01875206125311],[5.5211161591105595,5.392845674456434,4.5388808341213185,6.802978499291808,5.648411116101584],[1.5090599136718716,0.38144945414181114,7.392996940310017,7.146885538340172,7.1942122737166585],[7.357469033694471,5.567466182779892,5.206831002827888,7.307281238422576,1.6060451161506915],[8.89637681129967,8.709866674140772,8.633310965864895,8.655996476193478,8.753753652790838],[8.492766428442199,8.489388220277151,8.177248726713607,8.379663829087843,8.060086362602133],[7.954229202945125,7.778865779758678,7.850231917112393,4.648418471699169,7.883430682557819],[1.7278500701332329,4.6923183904915495,2.1263882123661038,3.4208563069086737,1.6450147298572562],[5.546928354855175,2.4686044727647896,2.0612175459411115,4.863922553631453,1.7944361888665912],[2.2779711741571123,3.443590408043378,4.614081614602521,5.653267104888853,4.863422838341812],[6.774417573951245,4.059594916806835,6.625203061480945,7.003919345426546,6.843175911638506],[0.9606880387464066,1.5868145540488277,5.6353382373595915,6.11291067729219,6.308066547446974],[6.090094465673913,4.710711848892952,0.9391846501284317,6.183580013162534,5.991102639427445],[9.446574952837798,9.434210355472151,9.477835325277619,9.32624929600617,9.63359476187976],[4.014794206816803,0.794890311442723,0.872420536700743,0.22639691045357774,4.723485737224498],[3.9862733885144803,3.37862435250685,4.60311705256447,4.690846030118073,6.432530928335471],[9.280109022314125,9.584554230107136,9.37801607879649,9.347336236168807,9.374081263927753],[4.459304754737528,0,4.341367892260535,0.6381933472757487,4.4514440294324595],[4.49957157324559,4.357150973698917,6.978398429562924,7.057261204263402,7.019977481138992],[7.860828798006106,7.836421572838609,7.777016575825954,7.676116469760605,7.853554064515292],[1.2617070327903999,6.35435346087168,6.548651423979446,6.467549585409104,6.434060160021388],[6.513768404829773,6.427188406505855,6.528518002273992,6.453385257707545,6.599965147460756],[5.81149726251224,7.2428648414902215,7.114372347228165,7.102042684843548,6.834170166699685],[1.0069394242220577,6.564881457556442,6.646180101634694,6.54956121824691,6.3039795683311395],[6.0102522481641625,7.085995747075577,7.160204533553732,7.138823300446065,7.1402905517542035],[5.179732332538952,7.068529062501753,6.887010687630785,7.088245985852189,6.920870044786736],[7.43201191210469,7.554559414588369,7.579748630338966,7.472372616722566,7.413917112004731],[7.483437490616525,7.569186944377093,7.562732227145897,7.603374967348625,7.622414603875738],[8.965703286501762,8.896247940374776,8.984699008587402,9.078827281654148,9.044045617671722],[9.199978941100426,9.314820137746125,8.890241032419645,9.245043361243008,9.184735460442614],[9.361562079269248,9.187258149889761,9.03635742116075,9.037965648556842,9.046353183373524],[4.524872474356297,3.938674056229527,2.5048662563014243,1.430136178499038,5.04419285207076],[0.007138319575500089,6.608753877416451,6.726396223515971,6.698945811402831,7.293262969844884],[7.1268432689816335,7.274872027411881,7.22098096617046,7.059325395267553,7.004850512473179],[0.604967407555798,4.57430975476409,4.147650388501159,1.7318074049295846,2.2809989796616676],[1.5242597748898212,4.769133589015207,5.090944960446826,1.6910211946333933,4.926327738658675],[4.733496392289775,4.5246353096462215,1.779661514281451,5.416490384910807,5.452141605430571],[6.703776343763993,7.60963247637426,7.636043395741081,7.591760105047348,7.565660025238474],[1.2761285555863122,7.387359756923241,7.56404078789266,7.593941148746167,7.524601900415108],[1.3008792429102574,4.784056499059163,5.531755834293182,8.86508423968884,9.06923527051496],[8.5957940990074,8.715749784520055,8.50517264431524,8.926455205248768,8.66935078859293],[3.3917368205543617,1.4544573508160834,1.3184269525076429,2.9227544996962562,3.3770936217021084],[3.2291360228270096,4.183020079779282,5.358746131187476,1.2578769774124123,5.3191365860057855],[2.4633716292322623,5.576811926814023,4.250326707338479,3.3338754239381143,5.61239927496167],[10.524146459500743,10.586948066770459,10.44939632843761,10.538876714270694,10.615773660683484],[10.403613418030742,10.460126249028482,10.436220117254004,10.317315351259506,10.376760233354522],[7.335493179778493,4.68451173003566,7.396670726522148,7.165081691255375,7.547324185814826],[2.5183887124673996,6.517346096012147,0.7584764888978263,7.009685880268495,7.011985446146191],[2.3062651277616633,4.655901313904312,7.591049642607101,7.50153500169382,7.706663467437198],[4.384918087780248,8.896292445335163,8.836672530727023,8.995716801065711,8.756357968053083],[5.210153644017934,3.0944065049094256,2.075729432112828,5.643879849279982,2.8110301741297303],[5.332786771612134,5.960820783567453,5.826940228517122,8.480801713390228,8.435420192617906],[5.805051274532562,1.0043344441895363,4.662585398831446,3.4558072416061507,5.959247471468198],[0.4475963164796144,6.517863593916992,6.394067711102474,6.617590988474883,6.4183383809995735],[0.2951282620333201,0.9244315106553904,6.216857742968638,1.0467623586378003,6.011158023068589],[1.5942781068797987,6.154872696537562,6.025790956473689,6.268228067487178,6.2551760153248805],[5.395088713503748,0.39508368042621417,5.152111241004485,5.918341567382809,5.773101047791306],[0.6257662384195112,0.30880530524735683,5.085980490959863,4.538361158423342,5.199892408847449]],"times":[[17126,1905,1799,1162,1049],[1877,364,881,565,652],[1953,2199,294,974,409],[1815,1045,1569,332,1058],[1474,268,278,1170,299],[3253,941,263,258,405],[667,549,257,317,433],[1027,316,128,184,167],[1594,550,633,282,215],[558,126,679,1027,343],[1184,336,209,693,616],[1139,206,187,429,345],[792,426,336,216,198],[645,762,281,581,508],[873,746,383,159,90],[749,315,115,261,433],[443,220,332,956,319],[839,399,422,28,172],[820,326,347,300,345],[436,706,612,1291,71],[1003,143,192,297,261],[773,314,309,315,317],[496,382,253,188,130],[768,276,87,427,54],[513,271,890,245,213],[670,684,354,263,424],[930,443,308,315,429],[570,323,150,213,424],[420,234,298,285,408],[530,105,131,473,281],[487,409,364,421,408],[543,424,442,672,412],[524,315,339,368,393],[471,128,157,148,267],[351,300,475,370,202],[816,343,517,552,571],[383,167,189,373,289],[952,154,176,83,65],[1592,132,104,49,218],[376,311,310,384,393],[911,80,244,175,258],[1202,90,139,610,271],[428,227,403,96,104],[525,548,40,801,387],[871,108,100,430,86],[581,486,355,783,474],[562,209,299,375,374],[565,476,406,577,438],[544,470,204,339,258],[480,216,455,687,320],[394,143,66,268,303],[468,418,365,245,346],[482,175,283,479,666],[572,1299,261,299,448],[541,429,262,265,9],[851,166,285,250,339],[1591,69,66,6,990],[544,451,576,327,472],[727,76,520,489,301],[703,34,937,1251,606]],