{"actions":[[0,2,1,3,0],[1,3,5,1,1],[0,4,5,0,5],[0,2,4,0,0],[1,0,2,4,0],[0,4,0,4,0],[0,1,3,4,5],[0,1,3,5,3],[3,3,3,3,3],[0,2,3,4,0],[0,1,3,5,1],[0,0,0,0,0],[0,2,1,3,4],[0,1,2,1,1],[1,4,3,3,3],[0,1,2,3,4],[0,1,5,4,0],[0,1,2,0,5],[0,1,2,3,4],[0,1,2,2,1],[1,2,0,4,5],[0,2,4,0,0],[5,3,4,4,4],[0,4,0,4,4],[0,1,3,4,5],[0,1,1,1,1],[5,1,5,5,5],[0,1,2,3,4],[0,1,1,1,1],[1,0,2,4,5],[0,1,2,4,4],[4,5,0,1,3],[3,3,3,1,3],[0,2,4,0,0],[0,2,1,4,4],[0,2,1,1,1],[0,2,3,4,0],[0,2,1,1,1],[0,5,5,5,5],[0,5,2,0,0],[0,0,0,0,0],[0,0,1,0,0],[0,1,0,3,4],[0,3,3,3,3],[3,3,3,3,3],[0,2,1,3,4],[0,1,3,1,0],[0,1,2,0,0],[0,2,1,4,0],[0,4,1,5,5],[5,5,5,5,5],[0,5,0,3,1],[0,1,1,1,1],[1,0,5,5,5],[5,0,0,0,0],[5,3,1,0,2],[0,0,0,0,0],[0,2,1,4,5],[0,2,5,1,0],[5,0,1,2,2]],"rewards":[[5.582432426059226,4.121276356975016,3.883700557476722,2.8751389049593676,5.584807668042349],[6.576498539325801,5.72371767126343,6.419782619522311,6.665600105268925,6.6134932344586455],[5.84599046681619,2.0717920708152433,6.620842688212404,5.5781162286544195,6.173982084253322],[8.417127164661942,7.468897808845437,6.090630652459492,8.766585047920147,8.675916598752519],[0.8583998422629657,5.155568845338909,5.817161786707172,4.930439696774536,4.9151651730672405],[8.562189876162911,4.947139683962587,8.486274929256252,4.846612113512803,8.504292068572683],[0.9590086695650377,1.630368760820793,2.413728291560775,4.265431004609208,4.126331630943483],[1.6938846528671756,6.820002658906333,8.316477862032254,7.675249083302071,8.172437500436224],[8.2603029946569,8.186059449635904,8.253163272688232,8.331767647023291,8.310890617043691],[7.798646543737543,6.515428882266214,5.175743539131206,4.639872934746953,7.724485331193678],[0.8410949983804213,4.315679748383926,4.784621718325705,5.177940708481763,4.100365348037344],[7.868265235515885,7.834441973835974,7.8047614187661205,7.865558223945692,7.8053977014262195],[5.2730695575244075,6.4715492373716925,5.513581491153777,7.71873914659568,8.05238538996014],[3.21746885778063,8.044858502499595,2.243822102291807,8.148311141268472,8.159781878679308],[5.693857565788672,3.395338868998903,8.170545654725588,8.269275892249297,8.153155777339709],[6.464572565558088,5.5893416114178605,3.6980936774036333,2.845096051921073,2.4514010538622415],[4.716251218101967,1.5003552882232027,2.0821694261498553,4.049373493566985,4.70474137063162],[6.335405524865412,5.634376032567526,3.4470163133165537,6.562289855209541,2.074120652928387],[2.698559456554121,3.325491417456403,4.236353724455075,5.169356068969021,6.6813158589658626],[1.752003821844354,4.485594999918835,1.4772617338262994,1.4309546479039008,4.710925002696374],[3.361392879721426,4.04122707166187,2.835423339726875,1.3360685709826832,4.4848028180506425],[6.082708602229963,5.327091609657012,4.871258988405481,5.958521841969221,5.96230811261119],[2.351731563760403,3.17886459045988,8.001737769752777,7.963320211558319,8.129876740651527],[6.033257803000383,8.054689514420888,6.146582390595049,8.108552047373488,8.027728056942726],[3.2053908353647302,2.01928017839036,3.688598050628102,4.673823158111561,5.538587220712483],[4.403148263693668,8.818316328690997,8.670515568868238,8.7820238492563,8.55309914309111],[7.899075490284229,2.2141987410516695,7.96132753975726,8.115761228425054,8.040270028800714],[2.7061323749853003,3.1955437734380663,5.1693495842261425,4.544065439939286,5.994221414718262],[4.046805853907218,10.669082840481261,10.62710682002559,10.730196439136806,10.60870700686992],[3.2485699734769558,2.6662484854515673,5.103307611746429,4.491187733756922,10.119273566016842],[4.451192564186364,4.528626315679036,5.16333943013761,6.529179311630591,6.335645779450148],[1.4229719641582437,5.395997475990849,0.9883192360868852,6.508530657058141,5.578738163835963],[5.323247657467953,5.419928396524061,5.376414503118817,4.470561192214769,5.521333117686067],[6.824307412934272,5.303591919454585,4.545902748998718,6.611892674677191,6.632364973573399],[5.2237761286870095,4.75843155777762,0.661182478313927,5.692210259921908,5.433467099005085],[6.667582613606195,5.356367143381816,5.8269746749283335,5.795733803832345,5.72715932804365],[7.281419139199921,6.888261803492001,6.549277918884358,6.223804514766907,7.399854825046489],[3.8348632964777223,3.213573122012169,10.42280589295389,10.442839758282679,10.43059605058439],[7.564256248932619,10.522044277598653,10.268048303847902,10.313716538567865,10.512538985916873],[8.339665738570048,3.985237057097252,7.265290505684528,8.277432196462058,8.415722893181202],[10.5555150618346,10.637180906605936,10.469743302631036,10.37705362729627,10.273440588864732],[8.555059943758941,8.402894696643479,7.203593199675825,8.356586777490596,8.287129811959133],[8.878753636910158,7.583312338117416,8.938952539950815,5.348859560373161,5.134544128479817],[4.275624132917833,10.528386665494008,10.498874488175524,10.525816649583465,10.40301161593394],[10.544728047722888,10.648175536047807,10.355398716267853,10.457428041944667,10.576236152103455],[6.159045274178585,4.135074755255734,4.902374857863574,3.257072803265995,2.5281598113653696],[3.8271563810476836,0,1.049170280108508,0,3.666929672984618],[6.222407426662892,4.849369594946612,4.340963670654094,6.149749899135372,6.245247108436375],[6.629588651244386,5.175541119763544,5.790053817132961,4.484145754063021,6.8112060334978635],[2.9399784254652466,3.4984620666741675,6.397336421423501,7.443320935496213,7.62169951117449],[7.484356488098525,7.735726090703945,7.392949287155373,7.595588055505585,7.40620392956816],[6.739792374356023,4.3981367358083965,6.707223202570913,5.227149718817486,5.658593836396014],[3.0911680065174285,8.830715824246946,8.904761353655116,9.052651587088773,8.95756462342142],[5.394430803738645,6.60326656207724,9.495465258943764,9.712590878549102,9.715213001250875],[3.632945085986929,8.35267248878101,8.391148777167665,8.431314462686625,8.500298446809559],[3.4816716407179795,3.7195115405201418,4.708131621586669,0.7228933246636774,0.20821556317326897],[8.371045777741053,8.438406218168502,8.549520700948472,8.279569444711354,8.250991630096525],[2.571068971070837,4.363555484360149,2.899480490841469,5.136343658103907,6.101332225599704],[4.490545260823065,3.948617319344841,0,0.45222730819797535,4.382281076519245],[0,2.7383683163143995,2.9084635810828168,4.432801253899836,4.349016294471956]],"times":[[19703,5030,1054,691,1650],[1791,1031,768,2243,608],[2378,2084,798,1084,909],[3383,1606,1775,619,290],[1339,516,1161,870,707],[1180,1574,408,469,671],[1940,439,1303,629,713],[998,1033,800,1665,461],[800,139,232,400,315],[1222,1208,642,1018,296],[1130,682,1084,645,930],[807,316,161,399,414],[1544,912,298,775,618],[1633,477,874,848,332],[878,560,2023,604,594],[1600,392,312,513,154],[954,357,457,879,681],[759,955,300,352,1327],[805,746,291,624,67],[791,377,1127,3404,1161],[491,1658,725,1868,1217],[2899,1459,502,344,410],[1453,904,202,776,383],[1171,405,312,141,50],[970,829,797,402,327],[883,335,567,289,327],[559,277,1172,269,196],[1545,190,1173,254,682],[1162,410,690,226,268],[899,467,504,827,368],[3171,496,590,1191,615],[1469,220,824,438,1350],[2115,462,751,1462,607],[2382,1141,718,798,973],[757,618,436,1131,605],[1012,727,538,979,358],[2944,475,902,222,287],[915,363,204,404,673],[1185,2348,379,329,772],[1438,866,876,286,351],[730,412,276,364,572],[868,518,1004,210,75],[831,848,250,910,95],[536,996,312,299,579],[492,97,89,33,146],[3808,1021,117,505,131],[713,975,788,933,295],[1589,166,760,596,875],[2677,610,742,1439,788],[975,323,811,822,413],[691,199,204,104,807],[2277,2466,605,1044,813],[5599,780,293,336,283],[2558,578,661,363,325],[1326,789,667,485,317],[831,1237,628,559,633],[1187,322,173,128,383],[778,323,324,378,600],[729,237,131,160,172],[583,784,242,211,232]],