{"actions":[[3,4,5,1,2],[0,1,2,5,4],[1,0,2,4,3],[5,4,0,1,3],[0,1,3,4,5],[3,4,5,0,2],[3,5,4,2,0],[3,4,5,2,1],[3,4,1,2,0],[1,3,4,5,2],[2,1,3,4,5],[2,1,3,4,5],[3,4,5,1,2],[3,4,5,2,0],[3,4,5,2,1],[3,4,5,1,2],[3,4,1,2,0],[3,4,5,2,1],[3,3,4,5,1],[3,4,5,2,1]],"rewards":[[3.531721488972326,4.874762696580619,5.05896787392249,6.0947153381898,1.5650752029526862],[9.35504327681465,3.5018171499725197,8.904479557725523,6.31993825742184,5.998409709415078],[2.4363570381608093,7.203916649196478,6.648213975273308,4.760276430045242,5.474771789011988],[5.307164542508728,5.111216137221259,1.201043188997913,8.690554254551103,5.486336731800729],[1.3588360942857853,3.5702090960201645,3.8866877907205986,5.33868585506038,5.118796370891808],[3.2421035406768737,1.67569831542707,2.13013628497798,7.468731708131972,7.107038559897515],[3.1876287989689285,4.78021922619037,4.374652656843572,8.038788396859925,7.3026661758715585],[6.730871183054727,6.239799706217636,4.73828763756066,2.8311048073155467,5.715697439710969],[6.447747273205022,5.741434313861934,0.8977130951329518,6.535591350456709,6.305851877758519],[10.182282493916645,6.7774755294979645,6.686170208520358,5.431100216198856,3.0400713522079412],[1.56761324337469,8.699900391332935,7.391533030438789,8.7510665162627,8.12155942107197],[2.6914438634872004,9.44610348656692,6.66473728346655,5.673629912914894,4.634884422362179],[3.986013547573101,3.181723897231699,1.4513750526078066,1.9162507107060032,6.45379902003747],[3.8694326147584874,4.385973242328173,5.707037393935376,10.936223786942996,10.557546541302688],[7.865471789781983,8.603719118544761,9.859512290959886,4.986302450518538,1.89926248083046],[6.9505428373711045,7.430315407363943,7.421731242810978,10.686990398384133,4.931914792164422],[7.007048981475423,6.688083231199695,0.02465031045226957,4.5203622804916,4.430138823196389],[6.877237466231975,5.890916853966367,4.249475113699489,1.373592291204945,5.1557656712926665],[3.4954720680306837,3.6191601367728428,5.185799930521301,5.130440653601953,4.387662188148357],[5.153800545685788,5.996331982285733,7.068619130877127,2.9522513866305355,8.11579563952415]],"times":[[15592,974,593,4729,3224],[3048,1730,1318,4767,884],[5838,1679,389,2237,694],[6561,598,3498,1136,1161],[3457,700,4216,528,580],[30078,492,1878,2297,1110],[4488,751,1489,2913,1113],[4465,454,1257,2748,930],[2399,266,1759,506,262],[1439,1279,175,295,531],[2666,494,817,244,246],[975,394,346,241,244],[1562,405,259,2387,338],[1111,403,549,886,761],[3721,149,270,2618,920],[1240,651,260,1463,1141],[769,351,2169,931,130],[1319,488,385,1053,434],[6113,282,5956,328,1106],[913,417,476,1379,691]],"condition":[["oddpos"],["evenpos"],["evenneg"],["oddneg"],["oddpos"],["evenneg"],["evenpos"],["oddneg"],["evenneg"],["oddneg"],["oddpos"],["oddneg"],["evenneg"],["evenpos"],["evenpos"],["oddpos"],["evenneg"],["oddneg"],["evenpos"],["oddpos"]],"envs":["envs/changepoint/oddpos/oddpos52.json","envs/changepoint/evenpos/evenpos82.json","envs/changepoint/evenneg/evenneg50.json","envs/changepoint/oddneg/oddneg98.json","envs/changepoint/oddpos/oddpos80.json","envs/changepoint/evenneg/evenneg43.json","envs/changepoint/evenpos/evenpos21.json","envs/changepoint/oddneg/oddneg34.json","envs/changepoint/evenneg/evenneg18.json","envs/changepoint/oddneg/oddneg68.json","envs/changepoint/oddpos/oddpos88.json","envs/changepoint/oddneg/oddneg91.json","envs/changepoint/evenneg/evenneg54.json","envs/changepoint/evenpos/evenpos61.json","envs/changepoint/evenpos/evenpos47.json","envs/changepoint/oddpos/oddpos37.json","envs/changepoint/evenneg/evenneg10.json","envs/changepoint/oddneg/oddneg89.json","envs/changepoint/evenpos/evenpos27.json","envs/changepoint/oddpos/oddpos66.json"],"money":"3.03","age":20,"gender":0,"hand":0,"experiment":"noncompositional","instcounter":1,"subjectID":"60ff0201788cef38c8695833","studyID":"617b0174ce5353c47cc531c1","eval":[["evenneg"],["oddneg"],["evenpos"],["oddpos"]],"regrets":[[2.620946168899536,1.5620932579040527,1.2658729553222656,0,4.809374928474426],[0,6.087300539016724,0.3344125747680664,3.1472458839416504,3.389293670654297],[4.8793675899505615,0,0.6324677467346191,2.4031143188476562,1.816878318786621],[3.2521791458129883,3.693586826324463,7.472859144210815,0,3.2391977310180664],[3.9534436464309692,1.7371056079864502,1.5799322128295898,0,0.20243120193481445],[4.349362134933472,5.884174346923828,5.410172700881958,0,0.4170694351196289],[4.99578595161438,3.339339256286621,3.824528217315674,0,0.6866250038146973],[0,0.5601201057434082,2.0617799758911133,3.7881410121917725,1.3333115577697754],[0.2686429023742676,0.7650775909423828,5.709881007671356,0,0.2521700859069824],[0,3.3091025352478027,3.6697025299072266,4.68540096282959,7.174773216247559],[7.321621894836426,0.23743057250976562,1.5582523345947266,0,0.6557579040527344],[6.4655656814575195,0,2.4083666801452637,3.615593910217285,4.735490798950195],[3.6652350425720215,4.317984580993652,6.190129041671753,5.734978795051575,1.0110621452331543],[6.902597427368164,6.38145637512207,5.180925369262695,0,0.3533802032470703],[1.9466547966003418,1.1843891143798828,0,4.785964488983154,7.857579469680786],[3.830227851867676,3.398690700531006,3.295992851257324,0,5.800997257232666],[0,0.42075061798095703,6.9542319774627686,2.347283363342285,2.5071377754211426],[0,0.6988263130187988,2.5378689765930176,5.370479345321655,1.5575675964355469],[8.086698055267334,8.086698055267334,6.831689834594727,6.730675220489502,7.534793376922607],[2.7464685440063477,1.9830589294433594,0.9042196273803711,4.889485597610474,0]],"maxrewards":[6.324032306671143,9.33876895904541,7.234265327453613,8.667318344116211,5.277757167816162,7.514641761779785,8.1079740524292,6.788527965545654,6.676593780517578,10.234977722167969,8.861603736877441,9.31926155090332,7.572843551635742,10.749968528747559,9.694533348083496,10.77060604095459,6.94425630569458,6.779336929321289,11.835404396057129,7.92950439453125],"bestoptions":[1,0,0,1,4,0,2,3,2,1,4,1,0,2,5,1,3,3,2,1],"rewardorder":1}
