{"actions":[[5,0,4,5,3],[0,1,2,3,5],[5,5,5,5,5],[5,4,0,1,0],[0,0,0,4,4],[4,4,0,0,0],[0,1,5,4,5],[0,5,4,1,2],[1,0,0,5,5],[5,0,5,1,5],[4,4,4,4,4],[3,5,5,5,5],[5,0,4,0,0],[4,5,3,0,0],[5,3,0,0,0],[5,0,0,0,0],[4,4,4,4,4],[2,2,2,2,2],[5,0,5,5,5],[4,3,2,0,4],[5,5,5,5,5],[5,0,0,0,0],[4,5,4,2,2],[2,2,2,2,2],[5,5,0,5,5],[4,4,4,4,4],[5,5,5,5,5],[5,0,0,0,0],[1,0,0,0,0],[0,0,0,0,0],[5,0,5,5,5],[4,4,4,4,4],[5,5,5,5,5],[5,5,5,5,5],[4,5,3,1,5],[5,5,5,5,5],[5,0,0,0,0],[4,5,4,4,2],[5,2,2,2,2],[5,5,5,5,5],[4,5,5,5,5],[1,1,1,1,1],[5,5,5,5,5],[4,5,5,5,5],[5,5,5,5,5],[5,5,5,0,5],[5,4,5,5,5],[5,5,5,5,5],[5,5,5,5,5],[5,4,4,4,4],[5,5,5,5,5],[5,0,5,5,5],[4,5,4,4,2],[5,5,5,5,5],[5,5,5,5,5],[5,4,5,5,5],[5,5,5,5,5],[5,0,0,0,0],[5,5,5,5,5],[1,1,1,1,1]],"rewards":[[7.239131616836091,3.76465324480355,7.445988004676339,7.327096305466358,6.24428010030506],[0.7091061766505586,5.947929153826859,1.1901275280992694,6.049732459787086,6.605760741990746],[7.52723989650448,7.493480892188246,7.289701569433723,7.345429146699931,7.2667844811992675],[0.4196676817439785,2.0066858026347973,4.858050380651137,3.6381046241622688,4.860319181072341],[7.97922669453291,7.937163850457103,7.978957149655703,8.792630359301866,8.974837747087948],[2.0996507520468364,1.8868009661348333,7.995844817009433,7.8163328129966585,7.979960191504425],[4.546137262128609,4.669401480631826,6.093493028722163,5.478807712591951,6.091893727322888],[4.558687952780793,0.908762643607276,4.632875775910948,0.32440851398429876,4.937099508177813],[0.33777166080943105,4.4297911328083295,4.618782781305471,5.979890878906523,5.899008564720255],[7.310326763517187,2.4545383901868725,7.475923124897873,3.5616203691516044,7.342630891304614],[7.997568288112023,7.821250998496501,7.83598171699682,8.049505240510427,7.7331972911254745],[5.890219229737759,7.4661403183434585,7.362339111665848,7.32197219765338,7.601494987307983],[2.95059624891202,4.478322966608862,3.213706211557599,4.561946970090762,4.574018986789445],[3.237107875002739,0.45778410308786377,0.9424889151828489,2.799453728253122,2.7544092941465976],[2.9074612514844627,3.741209797485896,2.8092947517296976,2.825328394084609,2.823674097266359],[3.545767993065419,6.70988555555066,6.60065903171677,6.498281028627013,6.492871153256447],[8.933096198436838,8.932511970135362,8.749506613306465,8.825356964453427,8.973587000876266],[8.077244146106056,8.336063647866105,8.330924894133434,8.386936890998548,8.300915730810809],[6.769549031532673,4.610367014699656,6.956001846689853,6.811891182696857,6.859184755316884],[5.5162892460222395,1.2973344143577812,5.307223179905114,5.284239370455753,5.501695015429967],[6.6859153781827345,6.837443122569829,6.800665118289097,6.84963623264308,6.898950917498338],[1.4834762149331424,6.305187262471803,6.231124111127226,6.3950566029613976,6.085565083984706],[5.145348397973244,0.41864723051355085,5.195579827217626,5.424573317995577,5.446745894576122],[5.54402167614983,5.524033009984861,5.499895692747641,5.6536486005609685,5.490433464270663],[7.529923597551377,7.414768369801794,4.317692591893666,7.499495858882751,7.548880474883909],[8.231805054090266,7.98512916417526,8.161850597987332,8.067541917665794,7.87045152831449],[7.420430225043622,7.53182273142483,7.6040125020751015,7.425331363859628,7.549195383708907],[2.5888179390122255,5.957378554357372,6.15571327867725,6.056091900860056,6.132848931479493],[0.7742213900654022,6.4934299614696025,6.7159976688459295,6.65949719085906,6.558045331927019],[6.6419692654686004,6.5720337452523845,6.514870752614137,6.6542293857094075,6.681076015411182],[7.675578967541926,2.521821201499699,7.57929606762633,7.488583007894417,7.6497632933499045],[7.0859948179243,7.02172207477632,6.9600403149608425,7.175725583836824,3.044592518470476],[7.611445842962911,7.484592992891739,7.740623944204922,7.656349252362914,7.705578201189201],[7.087990291727108,7.2717671763394165,7.118357386369086,7.253536129560676,7.267516004435583],[0.9023322531228146,5.799393714069618,5.529323974089667,5.855385199066048,5.913595655967544],[7.044395115456502,7.104777830715863,7.176377220916069,7.176672811225734,7.28809865309561],[1.0144083421460792,6.393715008428832,6.532605574228673,6.379958912464401,6.36624992170587],[4.717222667353623,1.0476497374578528,4.750098081735446,4.546187001146756,5.046332108323365],[1.0372634301464339,4.842156994782276,4.96394452502136,5.022883919883742,4.649627602836915],[6.6427739877541745,6.8027034274357145,6.7566014309568745,6.685054802077591,6.850335984178983],[1.102751157865758,8.227681982617405,8.001263539923267,8.196921657079177,8.044921721275005],[7.346970207552951,7.140074748760868,7.16978856757677,7.230728733709504,6.973447388952709],[9.813979731665507,9.88625511089943,9.952657445102497,9.92599404301517,9.940893287060993],[2.5167751689979374,9.022568619458387,8.986281797064308,9.103069752694509,9.065633547404516],[9.905134796367765,9.901519128357673,9.85361365791933,9.788876277037883,9.82145744342104],[6.8086481946841495,6.901648850956314,6.964283343718303,3.7189045345193983,6.931346753578014],[5.442324895300775,0.059832327244911034,5.261114800757068,5.59145982095691,5.523091044548453],[7.0704170575672896,6.86821243362108,6.788511545608804,7.12542532972673,7.067784110205014],[7.581684426840561,7.585142990424604,7.372998485840659,7.447726893673175,7.492479668419062],[0.9446278482733725,6.550289402678367,6.654057409298515,6.599958705919278,6.59521928809586],[1.2052719580051208,7.298775571912099,7.327562204531964,7.318725453028239,7.404702707110497],[5.383489772856226,0.406994380152913,5.216343803795116,5.1447321781192095,5.310635271606208],[4.405116015361001,1.0959959965371115,4.115490763665226,4.287125686045121,4.634664172483968],[5.323649382798758,5.427754599079369,5.437117036232353,5.4541734725757145,5.341477108912628],[6.841081195584595,6.834853997318666,6.810455283730426,6.9392620796118445,6.913635433201658],[2.8499611608353126,1.1309586468243782,3.0417501332397423,2.9716567049155405,2.8039427239835635],[6.945236687256101,6.9996887801713426,6.9731948045564955,7.094128673263371,6.909687302384966],[3.9024991744312585,7.758166682691129,7.450246416696595,7.576317370179082,7.446382539882056],[8.997744857869655,9.116245432758852,9.082140376492593,9.124091113735911,9.112874843431428],[8.404796328134074,8.469920067121967,8.415580861808863,8.341428387075778,8.309560955418402]],"times":[[10875,2389,1967,1034,2422],[3156,652,1221,2846,1196],[3764,927,272,315,643],[2568,1423,507,944,572],[1649,1610,1295,1432,611],[1443,471,3011,459,332],[1853,661,1280,739,823],[4606,709,808,720,645],[1764,253,410,331,308],[2060,729,441,501,351],[3768,473,282,259,471],[4648,596,287,342,325],[1685,336,1111,587,310],[1399,309,588,3636,1197],[2191,1629,1141,583,373],[2781,561,378,378,353],[1628,468,253,290,418],[6920,318,134,164,516],[993,593,430,57,708],[1037,783,1488,525,782],[3406,333,293,359,440],[1597,374,187,148,113],[831,352,152,788,369],[2542,242,132,93,584],[1820,899,295,142,285],[1073,406,202,166,157],[1267,580,106,187,117],[999,254,184,166,171],[1136,327,354,184,200],[1898,112,184,94,205],[799,690,177,319,257],[1155,420,143,78,137],[766,19,70,362,23],[997,327,269,197,229],[729,172,624,1292,261],[1824,401,137,61,106],[1006,246,137,107,140],[1318,260,147,798,896],[2916,179,61,8,194],[654,316,46,552,123],[1063,63,42,248,340],[3125,182,134,71,187],[653,335,281,180,280],[743,45,197,123,240],[911,51,82,87,93],[1047,794,453,490,243],[583,127,36,341,11],[977,1,26,739,383],[1013,250,125,129,127],[590,47,65,401,80],[928,738,266,242,219],[523,540,179,594,53],[3531,283,86,120,463],[1944,246,57,126,234],[634,327,185,72,193],[1861,120,140,120,29],[4100,14,13,661,322],[975,211,264,78,856],[1803,380,283,168,98],[2662,158,83,145,227]],