{"actions":[[1,3,5,2,4],[5,0,1,2,4],[2,3,5,4,2],[0,2,4,3,5],[1,3,4,5,5],[3,4,5,5,5],[0,5,4,3,5],[1,0,2,4,4],[0,2,5,2,5],[5,4,0,2,1],[1,4,5,0,2],[4,3,5,2,2],[5,4,3,2,5],[1,0,2,4,0],[0,5,0,5,4],[0,2,4,5,5],[0,1,3,4,5],[1,5,4,3,5],[0,2,4,1,2],[1,0,2,4,4],[3,2,4,2,2],[0,1,2,0,0],[0,2,4,0,4],[0,2,0,2,2],[0,2,1,0,0],[0,2,4,2,2],[0,3,0,0,0],[0,1,5,5,5],[1,3,5,1,3],[5,5,5,5,5],[0,1,5,5,5],[0,1,2,4,4],[5,2,2,2,2],[0,5,1,5,5],[1,3,5,1,1],[1,1,1,1,1],[0,5,5,5,5],[1,1,1,1,1],[1,1,1,1,1],[1,5,5,5,5],[1,3,5,0,1],[5,5,5,5,5],[0,5,5,5,5],[1,5,0,2,4],[2,2,2,2,2],[5,0,1,5,5],[1,0,2,4,2],[5,5,5,5,5],[5,0,2,4,0],[0,2,4,0,0],[0,0,0,0,0],[0,0,0,0,0],[0,2,4,5,4],[0,0,0,0,0],[0,1,0,0,0],[0,1,2,4,4],[2,0,0,0,0],[0,1,2,0,0],[0,1,3,5,5],[5,1,1,1,1]],"rewards":[[7.164217041298032,7.3075676387478,5.986394060609791,6.197969505147527,5.894124446670701],[2.793925820917662,7.75792228264169,1.6287731360366675,6.936039337643738,8.122308597122984],[7.094137813000304,7.065750818650578,5.849469777577451,5.7480073689487865,7.034051253220514],[4.319769810537723,6.54704337631543,8.660194855223434,7.938231991138869,9.278306628231675],[9.489332460614632,10.270778839620712,4.9029235828461815,10.38102892100438,10.386974839993844],[8.072023357191952,8.600425504975426,9.411624068059282,9.254445704858188,9.364059113260698],[5.801010397865897,8.0959727409092,7.589944187787988,7.418375874259832,8.145657735257483],[2.814890602602413,8.896667265383062,9.552320885651348,9.80966098975095,9.916908753590107],[9.074699063962203,9.699822783979105,8.001221683247174,9.73482860372337,8.166179291205637],[3.735717861437147,3.4510771057970206,0.42925517100700245,2.3358759182688122,1.860545830747015],[2.9580170355789446,8.628601111554513,3.3806976651904708,9.323031354340205,9.549047478109951],[3.547673346458104,2.5487343109442775,3.646980759213086,9.549711418255688,9.616131915604337],[8.298966808014464,7.365641985065928,7.097264321210094,7.600182099816662,8.443417497115414],[0.25291836613416113,7.491896094558831,7.468400086801605,7.02827586124957,7.471446832042451],[7.366475159710971,8.284495869067804,7.504882278280869,8.35257002395016,7.109149974647157],[1.5341236868021828,3.3245806790480867,4.497860346431463,6.223601330523722,6.019571687364179],[0.5402790943208597,5.307474405236905,5.923609092840833,0.6516124532450662,5.521318754831297],[4.998000778788405,6.102332355983455,4.545605427212305,4.755095607607615,6.0099408425626395],[5.8987685082508206,4.599049587478114,2.388738613535353,5.227378402181726,4.416067916571752],[0.8325610651967261,6.596881075338747,6.456169548124283,7.030392100410951,7.065526526148621],[3.8638316963045716,6.2859026883783224,2.515771264016044,6.581155432118746,6.68992563214285],[4.908482432483151,4.059219658931524,2.724014425162177,5.011197893591739,5.021801286105159],[7.799531880264676,8.208309763670117,8.49448917820934,7.613496794361936,8.676047177154999],[7.715277631169334,8.176102049255793,7.5970898448098945,8.10491890990771,8.116662351949865],[8.965811794260611,7.049618580418455,7.804837779817868,8.976647883945926,9.052202617634013],[6.993607934440816,7.28258880154771,7.223439725027645,7.253197837131512,7.270578299521425],[7.15183428662295,6.221954438518395,7.100868076482647,7.153805257252824,7.088770545589679],[4.56483435005203,4.708982449135909,8.341522442237162,8.560466772121845,8.459553341843787],[5.528724512775318,6.008782980700155,5.258096638132641,5.594700828669241,5.9892273218002865],[8.502727805134146,8.5673520097059,8.527460854107883,8.591354412172581,8.40054135245172],[4.342380566341972,4.123948828943698,7.625162930418276,7.350085283829545,7.557393081439621],[7.797126764473716,2.640085485878697,7.89280357882711,8.17257674395302,8.19768282974134],[7.532324343197407,7.844823375529884,7.875088480198548,8.00244996661059,7.996161946926903],[1.7480172748456397,5.128168287903184,1.9644021475016338,4.978187684412787,5.1021237629014475],[8.803516828679358,7.759699417012326,8.341823640859854,8.911765501251718,8.788674001043054],[8.843040234741839,8.818921739678569,8.832904256609863,8.99619762952341,8.823745721119362],[2.605831015761758,7.4034040973078215,7.4116733306140095,7.266500067804979,7.362856560280073],[9.732229799435402,9.601647565172318,9.744196849386991,9.814719606589293,9.710183614023192],[9.738852039472441,9.677375841872104,9.696021182930936,9.819948624219316,9.754668399972564],[4.409087544566088,7.239078436225608,7.146036155765221,7.326108143454496,7.2409773442726495],[5.2072602247262605,4.61952889257724,4.5364191671605365,1.528379307809122,5.393541452458327],[7.320325889322043,7.3844423969449355,7.482471021387552,7.212406654165827,7.289148852377834],[2.5719835413307166,7.383732951197928,7.308481735142581,7.2955206292624295,7.637317569034088],[0.3552079431721295,0.311415784036928,7.945492213340123,8.658401481366226,7.782513549857286],[8.80914617062015,8.81964966784535,8.78950882158634,8.830474066205692,8.851339331345665],[5.948028496004402,1.8639184428359146,4.213978109716037,5.516059545177656,5.5007970897009155],[0.2856996108851273,4.2757740901916845,5.209079777431184,4.1062752777032205,5.050315864829771],[5.6037492345591495,5.505993423372028,5.57929791843909,5.525999319759397,5.552417325493179],[2.1391880263292564,5.688730789240503,4.567246668075259,1.4097966370909518,5.641788759338314],[7.494455573824165,7.035828390674604,6.532448007481902,7.542529622059755,7.51130674152954],[7.548854322721469,7.5413775637347085,7.448551632366054,7.520733246941362,7.555252888767414],[9.195816782083758,9.263446123538966,9.186158387980223,9.380474477023075,9.412919403991642],[4.7898820303305545,3.3052520887085857,5.157581538815084,0.5673986192386414,5.163361392653731],[4.575391972078869,4.604103044504241,4.482495455240465,4.741299490781435,4.618312118168981],[7.308457218756461,6.127975889392407,7.196976678226381,7.126260117424919,7.3139958374193785],[12.773204619616516,5.5197294572898175,11.583982972222401,12.467590938337214,12.50496753721689],[11.48829799199018,12.747303856536432,12.657156286415633,12.767475938433902,12.579495222152556],[4.068955112509652,4.3663380216461265,3.636442002978879,4.367476805219319,4.345304930237265],[0.995290500877431,5.151339129588184,5.440436933592945,6.007985596179577,5.840131576529839],[2.4474080151045197,5.285395360126498,5.519998471601779,5.332417712486999,5.255888617700917]],"times":[[24096,5881,7507,13149,8546],[16603,2401,1130,2785,1334],[4616,3072,445,1151,2623],[26151,861,2568,1734,1374],[4859,4651,2437,413,1586],[6006,444,90,431,470],[8677,822,778,831,3707],[11253,1303,672,1092,3406],[2408,1189,2472,3621,1188],[8322,2381,1690,2625,1555],[11295,1633,1482,2814,397],[4027,618,467,1825,412],[6801,601,585,809,1996],[4078,1179,2990,546,1464],[2610,961,715,146,149],[7019,778,549,394,1869],[5782,1154,1246,783,4252],[5017,664,1067,1730,325],[4364,1322,2645,1415,568],[11886,2187,664,366,695],[6553,346,1969,367,257],[4629,1311,6968,1771,1140],[3559,720,537,1116,856],[5802,674,328,256,1394],[1554,1990,2046,4773,299],[9215,1349,726,819,622],[5662,1147,295,261,277],[1749,2724,3425,871,69],[3192,1779,824,1636,1470],[3708,367,574,361,317],[2236,3895,564,542,394],[6306,1213,817,385,429],[4595,408,334,124,631],[7561,1502,4503,679,337],[5376,1549,1166,896,954],[1973,759,323,302,368],[2449,546,1662,353,513],[4649,3416,442,424,498],[1657,293,238,290,369],[1549,301,541,374,261],[2759,1568,1636,988,1242],[1348,1487,272,248,226],[4523,276,307,322,318],[1356,1583,1284,1762,670],[2307,274,266,270,332],[5480,1577,9698,741,332],[5847,1762,929,519,427],[2991,320,223,438,277],[8707,5327,1160,916,351],[6224,1103,309,575,411],[2448,282,207,238,254],[4943,516,287,316,363],[5286,701,870,2168,467],[9218,2806,269,77,107],[1652,2470,2547,127,222],[4937,686,1690,1212,546],[1468,1605,303,321,269],[3396,1724,497,1384,195],[2477,1040,1373,665,339],[2089,1841,256,267,312]],