{"actions":[[1,2,0,0,0],[2,3,5,1,3],[3,3,3,3,3],[3,4,5,5,5],[5,5,5,0,4],[5,5,5,5,5],[4,3,0,0,0],[0,5,3,5,1],[0,0,0,0,0],[0,5,0,0,0],[2,1,2,2,2],[4,4,4,4,4],[0,5,0,0,0],[3,4,1,0,2],[0,5,0,0,0],[5,0,0,0,0],[4,2,0,4,4],[0,0,0,0,0],[5,0,5,5,5],[2,5,0,0,0],[4,4,4,4,4],[2,0,5,0,0],[4,5,1,2,0],[0,0,0,0,0],[5,0,5,5,5],[1,0,2,0,0],[5,0,1,1,1],[0,5,0,0,0],[4,5,5,5,5],[5,5,5,5,5],[0,5,5,5,5],[1,0,2,2,2],[0,2,5,4,2],[0,5,5,5,5],[1,3,3,3,3],[5,5,5,5,5],[0,5,5,5,5],[0,1,5,4,4],[0,4,4,4,4],[5,0,5,5,5],[1,2,1,1,4],[5,5,0,0,0],[5,0,5,5,5],[4,5,0,1,1],[4,5,2,2,2],[0,5,0,0,0],[4,3,5,5,5],[0,0,0,0,0],[5,0,5,5,2],[5,4,0,0,0],[5,4,4,4,4],[5,0,0,0,0],[4,3,5,1,3],[0,0,0,0,0],[5,5,0,5,5],[4,5,1,1,1],[5,5,5,5,5],[5,0,0,0,0],[3,4,2,0,0],[0,2,0,1,0]],"rewards":[[6.413650151192026,4.760114647695396,6.762608048231302,6.537869084613582,6.856443439464272],[0.4534483966431415,6.515663564542026,4.907212758664962,5.228198623277752,6.405976924029705],[6.526579746866723,6.321343309954858,6.449988874205247,6.33330234239113,6.506048137847666],[6.198781332386834,6.781308674361228,8.27198216742679,8.338224340772676,8.279518180655193],[7.000525394842753,7.101344126837303,7.070915719049948,1.4855567234260905,1.20814635178598],[7.149733640070019,7.211401416431393,6.996894916411175,6.998281183436684,7.035796056948981],[4.965629712567249,6.963894336540704,9.576274583824404,9.731309819707246,9.618598979155392],[2.7639541121541957,6.330533606705014,5.3673173799421425,6.1541418577777804,5.7751648607036135],[9.672223654534276,9.858591722436804,9.612266733057615,9.651376880234839,9.67307164118209],[2.8093769638629427,1.015897081441412,3.0453462517582977,2.996689368727127,2.9996608154160493],[4.286463470754798,0.16455681708957204,4.1256840629998965,4.212076115005575,4.336250012104747],[5.008297693714049,4.936054629316488,5.062266785024524,5.0324080644817775,5.003958538579248],[6.999093121968536,3.6431927935947392,6.917346978975112,6.840950599478665,7.029109460305664],[0,4.996353132243426,0,5.171565909415983,5.95370384046944],[6.750556281028034,0.4932684317995509,6.740436691065294,6.760778217117206,7.031045638406008],[2.850629005873698,6.937107720063162,7.06980867327764,7.181146506059087,7.032178392938754],[5.468646311088635,3.8062339537374124,5.766157801003651,5.507292635917676,5.357673957074867],[7.033062991197151,7.008423374054677,7.005455796068865,7.232837596760329,7.08301939945739],[8.129054679993796,4.41928790677248,8.050596240537665,8.050564430129056,8.117902588277065],[11.112940659431924,4.636559369030653,11.702490373077001,11.713476245775396,11.686316190621877],[10.99758366231569,10.729231696987028,10.915593742289937,10.919066072497433,10.922153570995617],[6.899004903070447,8.712519000535456,3.993760889678463,8.721676779717056,8.791432454852888],[5.7181995555553184,0.6436617097490379,0.8934559749980552,6.264882178396047,5.178419855195547],[8.86272630413661,8.815070536488502,8.644019221675364,8.745820711952808,8.810030276917184],[8.581738325220533,3.692624239829172,8.472061779816949,8.519116491799887,8.347705546687283],[1.0088913720664507,5.38100539364169,4.390550580106206,5.393305022196911,5.289983085077082],[0.48069652239154137,3.853186995892417,6.063962030970304,5.9130642275513665,5.90463114040252],[7.145414435261357,3.6239799982964147,6.858442074025199,6.744049002771425,6.852898292812053],[3.9452932825357063,12.219274294191278,12.166252911849869,11.846906825933509,12.03828311067984],[12.03323559591141,11.971692456695845,12.223972024855609,12.036016060150999,12.075738816441154],[3.4911752358941217,7.064336911961963,6.936121628081384,6.951617022711893,6.99499596207715],[1.041313338025475,4.077972794861299,4.574050275910054,4.381352949836434,4.52274565107805],[3.4190868695195533,4.884046617838796,1.7120092142075316,4.585372456431786,4.689143875649096],[2.6449295350099016,6.567465278869169,6.735691268688199,6.522439654061068,6.809619646857989],[9.779961253967945,9.891744913806365,9.912298229983486,9.942949820680967,10.015344259551492],[10.239155140906458,10.278042576827795,10.114467627528505,10.185206605480728,10.070144537792354],[3.9136477384391473,8.542047947789829,8.366255375851992,8.634896496600335,8.465504330350981],[3.9772225395572973,0.17619484653623102,0,4.615580731885807,4.69478485886181],[4.115328846123856,4.57326003250714,4.613924179326069,4.738527152387317,4.643572608877426],[8.697016947680957,5.704448184300616,8.763172073495582,8.633909268822173,8.636259712119552],[4.63014716702249,1.983799895092669,4.532729465734424,4.666528484202453,0.7085665965606702],[4.549322865032396,4.56298955327692,5.653426249080773,5.71227016566205,5.816336130801332],[6.7728097196987695,4.294562437595896,6.545394273658676,6.711814675068697,6.774929298605199],[1.5286246389866982,4.563001777716781,0.4779424774704375,4.333202687496581,4.2192383079886095],[1.457077038068144,4.358247291644826,5.8418126181307475,6.098549568828838,6.049494841080131],[7.285719390749598,3.6530428241773913,7.2400686483941294,7.379226573854782,7.358792936088128],[0.8539777910939409,3.0919221915537194,4.311128696565075,4.471452047212226,4.348329595714446],[7.339010810034633,7.407117408306459,7.316113751200876,7.448598828462228,7.271210129518126],[4.849262982467125,2.1158847570055577,4.454363636222193,4.722327372941052,3.791612265370997],[2.2564786562703194,6.0007897611047705,6.282704626048145,6.131250493727929,6.121524533945808],[2.4785717242557608,5.894594905245389,5.680632402755963,5.689089727125359,5.907766976152884],[2.0256448086229506,4.907229195221924,4.893659432989052,4.792872391842885,5.034813745496718],[1.1648067732327658,4.68253145462955,4.056287092059284,4.573466690512989,4.672950743567291],[4.941102615279483,5.0211846576676855,4.725212113460081,5.032709552682396,5.020313376617249],[9.543105893832083,9.616133292172353,6.178526243249485,9.670174049015168,9.814377632437546],[4.182187682161869,10.3439557121201,11.428173813617022,11.466876065684705,11.636898329057876],[10.400645716925464,10.402925916054153,10.397655752252888,10.316140724222677,10.445457947746744],[4.856998850953485,7.0054806084054775,7.002809015083534,7.110318961759581,7.2979003370089135],[0.9603434983518082,4.373649524913994,3.41318793393363,3.4993255814564947,3.7107511513781235],[7.091637700152636,6.273227251057916,7.114629404074054,7.437531279008909,7.142597899847968]],"times":[[20698,822,2176,1104,1380],[2418,1357,1211,3128,1048],[1803,263,301,919,431],[2671,702,278,926,4121],[1462,1123,479,1682,1316],[1076,676,258,320,289],[2654,559,2674,327,454],[1255,3359,1660,1113,444],[348,49,133,201,187],[2273,667,1147,307,368],[380,513,766,320,956],[1164,276,266,243,455],[2863,514,509,207,383],[1110,364,2298,513,1318],[407,958,328,103,270],[1485,448,283,256,479],[1145,1478,1184,528,304],[415,72,83,70,142],[1682,775,661,182,291],[274,1688,507,905,228],[1501,209,236,204,324],[4413,1125,179,222,283],[3977,523,1775,399,1100],[810,48,56,64,66],[1227,354,399,94,235],[331,682,311,359,568],[1109,1704,237,1365,148],[816,524,338,151,243],[1172,886,799,105,1449],[1256,47,115,137,138],[1756,622,249,76,150],[405,573,343,1054,331],[785,1376,320,138,261],[800,498,231,208,470],[425,2334,454,653,1286],[1687,99,191,196,199],[6024,243,206,120,515],[802,387,2468,1277,1521],[1068,1190,220,165,235],[1646,300,194,122,237],[374,114,654,105,1082],[1029,729,1196,221,183],[2875,308,366,165,157],[934,1003,2689,248,700],[3166,153,520,119,165],[1126,821,332,291,447],[1119,648,985,485,189],[948,150,96,114,156],[4880,253,263,133,482],[2113,426,1808,242,998],[1642,158,99,129,288],[2113,205,152,164,294],[1068,584,1774,2236,664],[461,111,223,293,66],[3169,805,153,252,260],[1075,490,3220,97,105],[1166,129,81,88,79],[1431,818,454,460,197],[2258,273,1185,898,287],[618,415,1773,409,427]],