{"actions":[[5,4,3,2,1],[0,1,2,3,4],[4,1,5,0,2],[0,1,2,3,4],[5,4,3,1,0],[0,5,1,3,2],[0,1,2,3,4],[0,5,4,3,1],[5,3,1,2,1],[0,5,1,2,2],[0,1,2,4,5],[0,4,4,4,4],[0,1,2,3,4],[0,5,4,3,5],[0,1,2,0,0],[0,1,2,3,4],[5,4,2,0,4],[4,0,1,2,4],[0,1,2,5,4],[0,1,5,2,4],[0,1,2,5,4],[0,1,2,3,4],[5,3,0,4,1],[4,5,5,0,0],[0,1,2,3,4],[5,4,3,2,2],[0,2,0,0,0],[0,1,2,3,1],[5,4,4,4,4],[4,4,4,4,4],[0,1,2,5,4],[5,0,0,0,0],[0,0,5,4,4],[0,5,4,1,1],[4,3,2,5,0],[1,1,1,1,1],[5,4,3,2,1],[0,1,4,4,4],[4,4,4,4,4],[5,0,4,1,2],[0,2,1,4,3],[4,4,4,4,4],[0,2,1,5,4],[0,1,2,3,4],[3,4,4,1,0],[5,4,1,0,0],[5,4,4,4,4],[4,0,0,0,0],[0,1,2,4,5],[0,3,1,0,0],[3,5,0,2,1],[5,4,0,0,0],[5,0,0,0,0],[0,0,0,0,0],[5,0,0,0,0],[5,4,4,4,4],[4,0,4,4,4],[5,0,0,0,0],[0,4,1,2,3],[3,2,3,0,3]],"rewards":[[2.4418064388748006,3.3571805644347226,3.2371438189423607,4.065480310444454,3.6163640913754986],[6.770184003311561,2.119212005959793,7.144934899389665,2.9253135703923725,7.298799752005743],[7.2838484678017315,3.7905955816244514,2.6426517879270954,3.5718446389711294,3.9715009016371057],[8.48668952914774,8.621784708281698,6.979036153388138,6.908169633154228,5.682511591839068],[9.098092633502675,3.2925165648613612,8.682740691376623,9.23829433178967,3.7411107149065574],[8.725589177915467,9.017752499230111,8.499271102380746,8.598459308479454,6.97183580489715],[7.452555459667969,8.04331975835769,6.909536182757195,6.654812173644002,6.388785530096552],[3.774832247097109,10.38775707553165,3.9671959698578165,11.028081949777821,10.429131930588344],[10.571039094530718,11.186066751621562,7.955722090060055,6.785772788128718,8.061899195168198],[4.764952216431222,1.0575239451323708,4.729720561821682,2.97753542208809,3.019460300087428],[7.2378840822932045,1.8979212926656603,7.2979809483238895,7.229459177653333,2.2159595067955586],[5.048779883819758,7.295169933870698,7.451366963377075,7.164379195946989,7.097441045971847],[9.415488305126631,8.355657563084444,7.717513066854972,6.05748597922949,6.015809626065713],[0.06493069154892168,6.456417027238622,1.2251238535043507,7.153773361155879,6.5606767111858355],[9.446660315076885,8.388199751471141,7.79967970654471,9.356964671108797,9.4378093215763],[6.734849771034808,6.774495820734734,6.945334334910935,7.918020723838753,8.046984025120386],[3.825376879874635,9.993413155848637,10.24909372354233,10.413813308919341,9.980662264976372],[10.169988298117108,6.803923088781753,7.018332457936407,7.016262446528097,10.222200196276408],[1.7509498435884272,3.1742265436927553,2.769907052681234,5.316867563543747,4.250942468085524],[4.308442358016142,0,0,4.672640682699858,5.232344542209577],[1.8665932276056592,3.1265049746543294,2.800833084776613,0,5.3588783979471675],[5.459721828691219,4.705914926217111,3.5469284521548112,3.4513483524725084,2.3059934778827373],[3.5300928931162234,3.2982118911081866,0,0.9452942273174492,3.123519268574855],[0.9503348789234216,3.451732801487931,3.372345379183654,5.978923723437964,5.787117747548875],[7.85632711656177,6.768222172889026,6.450083734400947,5.703839354301758,4.855597256384735],[4.042068333542434,0.7564020373823594,3.8123592750265134,0.9549170584908805,0.8534145632065115],[7.817263911158618,6.258814830286581,7.789354668371532,7.882996003162537,7.84215181911003],[7.779809477984311,8.038735073038303,7.500761275995418,5.95240530705565,7.754620863949557],[4.244392511602835,10.332549339888995,10.19274254582948,10.373006293538882,10.238730005823482],[10.396376127508816,10.351643131551963,10.169786115477882,10.18092003045729,10.292608863552836],[1.2766311441105431,2.7426157849751522,3.853745784732166,6.5402540148397375,4.644134702305906],[1.7758016441355218,9.474488484683725,9.63118685949627,9.35390097582581,9.411271394338964],[1.2973630774389937,1.298397827404468,2.002656186447012,9.028217685300863,8.9373495311529],[1.3212579814011267,2.557296971408701,2.590030548784388,5.10941142905386,4.972023793557918],[0.625268077414809,5.653851183577617,0.4693060463901026,4.647372070228296,1.1114097176248943],[4.833544729139008,5.224304147399563,5.054215142382133,4.874883625929511,4.983946564778827],[5.907124782909413,6.167601429388829,4.513736614489095,4.181802702639407,3.9268676912433094],[8.678461685432891,3.130396488191396,9.202648262515105,9.354420128838527,9.330922041490775],[9.28981244540996,9.541585790679397,9.38053092802952,9.440512085722931,9.296643460064285],[0,4.604516567717131,1.967254450026617,4.15733810580309,2.7172493592442946],[4.555466495190467,4.834843024408025,1.2225976826930154,4.23755552194796,1.3183496500118757],[4.225775809837534,4.18542810737328,4.3773072311600405,4.25879586834251,4.265199037301159],[0.8821435228711888,2.4197388467824297,1.8332573152136953,4.036844211165601,3.3469607746684726],[5.732363373083815,2.4018177597000516,3.7395459617858995,1.8210847703546902,4.425286026376353],[1.857465814237501,4.273938413611418,4.2394787990857665,1.8537915927660524,0.7790755168412868],[3.345512537227023,5.085291569763771,7.954835498111346,8.435441171969305,8.517600024152548],[3.2291059043178816,5.134221921891738,6.439323210810993,6.391178944321859,6.293464661993975],[6.414407979219378,8.43845636908463,8.504388206703958,8.560935187979997,8.408389604598808],[2.2847577558910563,2.4637781389645363,3.34284279412572,4.2402251953970795,5.200388793873788],[5.673038751999489,0.888083153665922,0,5.338931900932604,5.668946998175023],[0.8912688523570763,1.6119996486121388,2.2200070851706903,3.2972368737421593,2.4796639666700138],[4.368448719423572,3.919500872822416,8.027450729400012,7.878604648689779,7.8979500075125655],[2.503999725737739,7.947705064222887,8.105369725532201,8.14450659658878,8.03942728039803],[7.927766116668326,8.006846096215407,7.792081679932293,7.998051157065355,7.807154822336436],[4.785400661761165,7.3273742847233745,7.567199919633643,7.311750904066891,7.306536478179559],[2.9304197910947183,8.463318591314305,8.588865663208244,8.335513629464934,8.444821392358401],[8.361529557157588,7.615773290930975,8.411000729334654,8.5114951224038,8.40299595017809],[3.1178627184335634,7.550626582906806,1.7567669160647608,1.6521139193766112,1.621992591693478],[2.8175107031924065,2.1434943283052452,6.329617696792564,2.56320114290607,5.334933167458225],[5.452427819016393,2.1210844340801387,5.384621615598163,1.9286687517928203,5.364521202485112]],"times":[[49100,1558,1840,693,814],[3786,864,1003,1097,1117],[5547,2524,3214,772,497],[16353,6895,3147,4452,2898],[3867,5187,3981,5825,4618],[4756,3233,5360,4884,4290],[10060,6546,2391,11341,7472],[5928,4821,4656,5523,7289],[8278,1374,5659,8326,4308],[12585,4301,7674,12163,2069],[2085,3621,4832,6979,4935],[6867,1692,3653,6895,559],[9084,1109,714,2532,913],[1565,1218,352,856,997],[1103,154,150,174,204],[1823,241,229,430,342],[807,264,2240,565,825],[1636,1261,1281,249,571],[2368,333,311,520,719],[938,312,425,1243,921],[440,314,191,127,154],[473,240,398,1186,549],[573,329,970,1471,397],[846,480,549,92,385],[984,663,531,747,519],[1049,358,384,1484,35],[546,1362,344,441,249],[1153,69,93,21,338],[749,185,858,73,492],[401,391,315,290,396],[1718,239,205,912,426],[1141,224,436,26,402],[362,596,110,807,389],[1587,684,546,374,1128],[1323,284,968,809,1300],[1045,200,102,131,174],[1234,46,40,560,93],[3046,1079,577,350,325],[1090,191,134,73,82],[1008,288,706,193,980],[1102,416,369,367,171],[1215,247,173,78,77],[1740,699,324,869,726],[1791,461,238,777,131],[1991,113,322,250,172],[1684,256,693,113,351],[1201,90,448,300,300],[750,377,128,90,481],[737,462,167,88,473],[1127,450,151,470,107],[828,626,467,933,382],[1160,549,159,465,102],[903,540,330,231,297],[383,361,299,264,263],[789,336,320,22,12],[643,187,479,209,206],[638,247,222,217,157],[1068,179,268,121,155],[1107,143,339,207,963],[698,283,216,39,84]],