{"actions":[[1,3,5,0,1],[0,2,4,1,2],[0,2,3,4,5],[0,1,2,3,4],[0,2,4,0,2],[0,2,3,4,5],[0,2,4,0,2],[0,1,3,5,1],[0,1,3,5,4],[0,2,4,1,2],[0,1,3,5,1],[1,3,4,5,1],[0,1,2,3,4],[0,1,3,5,1],[0,1,3,4,5],[0,1,2,3,4],[0,1,3,5,1],[1,3,4,5,1],[0,1,2,3,4],[0,2,4,0,2],[0,2,3,4,5],[1,2,4,5,0],[0,2,4,0,2],[0,2,3,4,5],[0,1,3,4,5],[1,2,4,0,2],[0,2,3,4,5],[0,1,5,4,3],[0,2,4,0,2],[0,2,3,4,5],[0,2,4,0,2],[0,1,2,4,0],[0,2,3,4,5],[0,2,4,0,2],[0,1,3,5,1],[1,3,4,5,1],[0,1,3,5,1],[0,1,3,5,1],[1,3,4,5,1],[1,3,5,1,4],[0,1,3,5,1],[1,3,4,5,1],[1,3,5,1,3],[1,2,3,5,0],[1,3,4,5,0],[0,2,4,0,2],[0,1,3,5,1],[0,1,3,5,1],[0,2,4,0,2],[1,2,4,0,2],[0,2,3,4,5],[0,1,2,3,4],[0,2,4,0,2],[0,2,3,4,0],[0,2,4,0,2],[0,1,2,4,0],[0,2,3,4,5],[0,2,4,2,4],[1,3,5,0,1],[1,3,5,1,3]],"rewards":[[8.05431439610567,4.998508353954239,4.055160943463148,8.958633108241221,7.88092399473352],[7.824281075425559,8.585672173765314,7.872698451440164,1.7103094172656788,8.86151190521367],[8.03007617946054,8.768220006782242,5.109525193660606,5.3120498817042785,4.030576643884731],[10.363576213448042,8.352885888451933,8.039391427241306,6.6955850962056545,6.455895501105035],[8.054505384042816,7.254814481316286,8.114041933412725,8.089022195853705,7.4512577620567395],[8.046606657844928,7.347181048194387,6.720284613777776,6.20239773821982,5.353895058487936],[7.179774177871646,5.702907025784501,4.719373364981495,6.978415748456295,5.5612813318133645],[1.632401397207882,5.817680426959131,5.5486573601477875,6.330205642694924,6.104430038808296],[1.5293343403002713,6.1321855154600975,6.04064168230021,4.113701411665468,4.6354824342877015],[5.968071305853284,4.637574208664009,2.801846904658398,5.851844502110328,4.5320575809594015],[2.9129603788411442,6.204075893350369,6.359911899664602,5.945017272238101,6.36487177137776],[6.330223589578655,3.66295909362917,2.687314498935073,1.6437894262331139,6.284748891860065],[6.989805810522231,5.765647484919495,6.013723473086336,4.385749260959868,3.9417954585215558],[1.099367675440047,3.840819013839512,4.363915529869151,4.348564385514095,3.763436117579657],[1.2976611072820277,4.043270518259876,4.423997065548256,3.9428886422902543,2.477929423845854],[5.627542185332739,4.055707016730648,4.455972423382051,3.2049173103547766,2.0122399628026],[0.7755179531975328,6.01634393862168,6.057047586233217,6.5580456121705275,6.025855112174697],[5.763911547799719,3.341306308391921,2.213612731994104,1.2205715844282374,5.921785159422209],[7.10910670677575,6.463562918769949,5.931454109823611,5.291051345136443,4.169421903014084],[6.059800208964566,5.717686088753975,5.534197335368439,6.1256084680933185,5.828216884575347],[6.278167848568322,5.6555211917668435,5.439185582762865,4.147769116459917,4.067238120351125],[1.1503629151098966,1.6618226974628454,3.749841903537887,4.158631812108539,0.005394366096585446],[8.010843083713524,7.537008240435994,8.563936450692486,8.145074341865737,7.563749611067676],[8.296091898867877,7.664988022494558,3.559385544169491,3.910120376945432,4.20934076002195],[0.3956762726066984,1.2314527797448394,3.3884292786977643,3.527825143112698,5.3887546663072365],[0.816383097382697,4.651728468819888,4.329900605703964,4.627898814853276,4.675931572642443],[4.371797061226793,4.675408393373067,3.72188742352674,3.5804083427863254,5.36619113023369],[0.5394009530930115,1.66673662218921,4.554463230278539,4.005510398143779,4.361652814697916],[4.432047236527418,5.575264136334544,4.948423073187469,4.733430522828083,5.499649777462338],[4.712336293916313,5.582406500384448,4.205121394330981,4.19219905485856,4.401744219218052],[6.320259787295663,4.162742271008412,2.574817070265211,6.181557717416664,4.346434807738861],[8.124803989826312,0,7.534669166356529,7.740061602933732,8.007937886046033],[8.002518023282157,7.358354363238007,3.2730128333895503,2.4881417075228436,1.6885943740870728],[6.30045228499298,4.600856828785908,3.017766394660041,6.516603114016697,4.476417996015624],[1.3682851098120923,4.174713265796321,3.961120705311394,5.373858171528071,4.050844071207457],[4.195004457254608,4.194978644152337,0.9439428488461584,5.202533856688384,4.1817794144883225],[1.4002838942088898,4.166884803267793,4.239626327853786,2.51940436485937,4.280677097774449],[1.2200552672135805,4.107244067924675,4.365899883995682,2.4714693673802315,4.0456696881400545],[4.262928319701149,4.285812443780709,3.02773183991023,2.4112382638006262,4.270747203561759],[4.165690079593646,4.049098776169291,2.457674695783704,4.069158066391106,2.946898730521113],[1.4540070907258316,4.152028461189036,4.17076632951494,2.677336165260472,3.9774302094014935],[4.133836031852853,4.0969118552509665,3.1872145085244017,2.496846805489348,4.07005864681625],[4.192645683657306,4.169259370423955,2.517392072753033,4.147258024689525,4.276704020159419],[4.278661774693871,1.449622680370932,4.274916795513195,2.3732122291273,1.3570314470219613],[0.14343963915601826,4.6257418002906086,2.458462136100772,1.454639849800437,7.064368217115429],[8.851010920124958,7.745171323075802,6.3775456045712255,8.802065149098999,7.73557252143415],[1.7012958740946775,3.7007600333877164,4.3293075697146115,3.5645781822928675,4.157932471326528],[1.5630142672429446,3.959915516724493,7.325905767146472,6.020495346170313,3.910103536773985],[4.539979747519224,5.93482846668713,6.714153451215848,4.692621182996221,5.986072111729409],[1.0820072315912692,5.218589274592064,5.490332041281355,5.3209027888997085,5.199576943926181],[5.2154543562426205,5.104650887754909,5.731350738159656,7.112714025060111,6.748963879745122],[2.27644365970402,2.1040572619454068,3.154028162262049,2.5770176887140597,3.5478756990480256],[7.33787319736378,6.280765878114037,7.42181686626163,7.789695128855308,6.319786538408384],[7.515750920054905,6.275024180145536,2.5291535750614424,3.579692575585387,7.6072088866533845],[8.225252007684364,7.248562373638253,5.46053795239329,8.326507414048098,7.182710972208892],[2.8966739205422196,0,3.4101916739765312,3.9509055904897434,2.7192937323657174],[2.9531326501949184,3.44266079574472,0,3.9833918001951223,0.02913264974911385],[2.7967437092601544,3.6846127771964183,5.062493824734973,3.687392092876528,5.2326084477561015],[3.1434226084244274,4.108815955518049,4.4573577681068315,0.5556738950161413,3.236988016916106],[3.128906640079641,4.69995972802352,5.8578651085523195,3.027130550511325,4.899940381966152]],"times":[[35442,3952,1691,4228,4257],[6873,1216,2212,1669,1790],[3885,886,1303,858,487],[4549,2391,916,1155,774],[3241,570,1215,1104,1219],[1923,514,820,493,789],[2871,658,1057,1626,979],[2263,1221,2583,485,952],[4181,572,745,821,1723],[4384,413,750,1556,993],[1937,778,705,637,1063],[2996,1660,410,738,754],[3171,1038,1055,1091,907],[3235,418,1079,570,1166],[3980,494,1184,354,425],[4041,1739,834,939,844],[3281,892,1097,348,516],[4078,1192,327,266,723],[3466,697,725,756,421],[2376,590,662,768,1089],[2432,405,859,216,1031],[2336,861,548,559,1083],[2946,676,750,483,879],[1549,382,464,218,186],[3327,501,1773,232,166],[4951,939,905,900,1251],[1553,324,747,443,258],[2718,787,2389,303,437],[3112,761,611,952,422],[2627,1562,438,234,250],[3026,328,666,1139,385],[4895,128,625,389,589],[1515,68,1255,178,493],[2162,375,353,547,333],[3159,275,1414,661,599],[1834,709,333,426,546],[2401,452,726,704,928],[1522,413,301,419,715],[1439,586,153,109,889],[3047,718,274,480,352],[2689,114,452,619,511],[1244,617,207,26,169],[3269,329,709,203,288],[1956,317,464,353,341],[3532,301,450,84,364],[3682,307,357,339,381],[2140,717,566,357,921],[2956,763,328,528,970],[2029,433,694,884,278],[1709,1358,689,630,686],[1883,487,414,145,154],[3852,860,668,743,519],[1624,357,643,420,187],[578,352,445,260,759],[3054,236,274,482,200],[2285,29,539,218,150],[2486,170,430,176,148],[1015,1411,1124,2565,262],[2819,561,527,598,731],[1967,447,626,992,194]],