{"actions":[[1,4,5,5,5],[0,5,0,0,0],[0,5,1,0,0],[0,5,0,0,0],[0,3,5,5,5],[0,3,5,5,5],[0,3,5,5,5],[2,3,0,0,2],[2,3,0,2,2],[2,3,0,1,2],[2,3,5,3,3],[2,0,2,5,5],[1,2,3,4,5],[2,5,5,5,5],[1,2,4,3,2],[1,2,3,4,3],[2,0,5,5,5],[3,4,2,3,3],[2,3,4,5,0],[2,4,0,5,5],[2,3,4,0,3],[2,0,0,0,0],[5,0,5,5,5],[3,5,5,5,5],[2,0,0,0,0],[5,0,0,0,0],[2,0,0,0,0],[5,0,0,0,0],[0,5,4,5,5],[2,0,3,5,0],[0,5,0,0,0],[0,5,5,5,5],[2,0,5,5,5],[0,5,5,5,5],[5,0,0,0,0],[2,0,5,2,2],[0,2,5,0,0],[5,0,0,0,0],[2,5,0,0,0],[3,5,0,0,0],[5,0,0,0,0],[3,2,0,0,0],[0,5,5,5,5],[3,0,0,0,0],[2,0,5,5,5],[0,5,0,0,0],[5,0,0,0,0],[2,0,0,0,0],[5,0,0,0,0],[0,5,5,5,5],[2,0,0,0,0],[0,5,5,5,5],[0,5,0,0,0],[0,2,2,2,2],[5,0,0,0,0],[0,5,0,0,0],[2,0,0,0,0],[5,0,5,5,5],[0,5,5,5,5],[2,0,5,5,5]],"rewards":[[3.573971874091342,6.089968610371949,7.269366277846031,7.172559637679015,7.044086714451399],[6.6566697055292225,1.1592341649797087,6.589321487689213,6.588276693615363,6.6143926833580045],[3.7359006795552627,1.0252213087140538,3.2804306968220125,3.5578114139548798,3.6196333427249523],[9.537664107418152,4.962501824182355,9.538071114267856,9.41281787410527,9.472468437850797],[4.802847907887973,11.817104197394483,10.982743033035657,11.05213052153799,11.245973957233137],[9.445234223317422,11.640081124079147,11.184291229024849,11.079153310610836,11.27615809955973],[2.572385660785407,7.084830742687648,8.75528430391027,8.597952283200533,8.754710736626937],[10.277672406529959,2.7629281811950053,9.792200811213071,9.567275495524365,10.353482732920547],[5.525489471655419,2.9155775589743493,2.561952643815296,5.268600300271262,5.30811624923929],[7.451543463073927,6.720121048353809,5.862970652700182,6.9944986236324596,7.576231922271795],[2.894968182845787,7.959780667921149,7.746023393386666,8.360462696992533,8.231308611953027],[7.691887648706954,5.847175847844507,7.573436418559211,7.989836585556349,7.782579013047979],[5.750226303778848,6.4963937013359825,7.876702311310229,8.062395273728852,9.48932256243741],[2.31665854848116,8.367065206861557,8.302183243720892,8.255374311851893,8.213316217407492],[5.566515692152764,6.621700291997569,3.2393327353436967,8.247559343794366,6.6829314387552525],[5.995543716851865,6.601672571438024,8.177380560241842,7.230446989834764,8.137271221514164],[0.38576944059447094,0.1648338380231903,6.565706534653076,6.702741842230462,6.659990372619103],[7.1226490955027435,1.0518978385313642,6.453348995078064,7.150457533737128,7.1744740111924195],[2.6678356179852765,3.567302519711433,3.7089826750225514,4.317044671416592,1.2320635452713158],[0.13736601694011286,0.518905939803458,0.4644071976351626,4.260501599790311,4.28893300360522],[2.8989911227828666,4.840792423491522,0.39784176404512583,1.3481601156377718,4.708323648540742],[6.895267003858723,9.268954585391617,8.947548227640693,9.24163218876898,9.094348365406884],[6.6242391643292,0.5051361478123464,6.643560050338152,6.522699640436586,6.6153113087278514],[6.025408471653283,6.554037811536032,6.51069100605425,6.616571475172053,6.516977469677182],[4.539131316390961,6.390923482735679,6.5036266354328,6.171045550061367,6.248942757759304],[5.031002275108748,11.10560556940364,11.23832737273686,11.115252037594807,11.203284528417123],[4.492087487836115,6.394574257222993,6.308114525231075,6.610373204418591,6.422423704450507],[3.3097177363383543,5.031576963393237,5.07908010064471,5.135632308502287,5.072999012793282],[0,2.893910022012689,0.41083312184417325,2.7651355854785007,2.864296128479185],[4.180904186317018,5.159275738087606,2.8876387255842166,2.8893850058848236,5.186970000034911],[4.098772402556483,1.173769468569449,4.019098645162526,4.066074732272054,4.059499360969969],[1.7606694659544753,5.2377453984852,5.323423526759197,5.202188023609003,5.318104289277919],[3.4949243594133588,3.980450252436083,5.209813856017289,5.255945405937113,5.223712399117983],[4.208799397823132,8.460188079302323,8.483630103329967,8.359810848519336,8.51628876206863],[1.565457117100113,7.863288070662614,7.953893734666541,7.963752892395057,8.073970069324758],[6.379502883367437,4.280382363049192,1.794363806964165,5.974961534561771,6.096686027850068],[5.783566843737319,4.080762993681133,2.8575322988698537,5.758738762266491,5.817960612071346],[0.544650423691807,2.8759822409854423,2.7798546109920794,2.775410899841807,2.8073007090602573],[4.126317460217983,0.5116983577803333,5.696580848832838,5.642398101254643,5.589027716163728],[4.933487225355959,3.003057947563353,6.813284028164482,6.884916512406271,7.047772746284577],[4.478320256198396,9.566816924657585,9.624647961753453,9.675628353375624,9.716463275450174],[2.512936859677553,5.584771108894259,6.7965889875413525,6.939726021029811,6.950632573462954],[0.9775815881977987,4.4927649661367886,4.54831494103326,4.452602860957611,4.771135198924833],[2.350970971120579,4.049632103083508,3.9424971121030588,4.046686349276352,4.000719239655158],[1.8319212693765645,1.185075366615402,2.708583876330947,2.548290306565134,2.360567962351004],[6.9191302764224885,1.9676650600243666,7.009832037516053,7.006304374736191,6.925651536686885],[3.7433430725685928,8.766077653820018,8.581088327406686,8.805808181488992,8.681832971473943],[4.225432580993115,6.596163322877987,6.980319874603507,6.9583307004867985,6.957904156730262],[3.050018034953295,6.665690647823996,6.749793231775409,6.681973270932288,6.47085655086824],[2.742618672096412,9.9759563434824,10.006371680418875,10.010508757664775,10.221640894192733],[5.143601170807226,6.784401436713975,6.590145265808353,6.614278837301089,6.506953119522363],[2.683878109157423,5.71817685646754,6.004221209619913,5.874145286032389,5.836193534750764],[5.892965471473903,1.691389492452849,5.7522963334705395,5.868854209082362,5.813702676988184],[2.446262807155857,4.471710219424474,4.626877097429038,4.646507453448923,4.357982654844604],[2.276148848568617,6.147419882895908,6.301141283634665,6.083056510316418,6.124403794418219],[11.59382129073327,3.9888860503230132,11.760010742236734,11.49441578633653,11.651723633659104],[4.93060241089911,6.005398618575676,6.117835633875669,6.156704329120012,6.165384552128683],[9.627239027444316,6.087092955392537,9.600211630678544,9.579916844219728,9.560258771574125],[5.026065345614283,10.373338468352257,10.326592455981565,10.24560343153638,10.096756249730463],[6.897547601976865,5.966768337728707,10.342712347395866,10.422581518796045,10.307793660069194]],"times":[[16010,2482,2189,1195,1455],[7132,547,421,605,381],[1398,299,1546,539,329],[1676,502,357,299,332],[3190,597,617,326,307],[4825,306,180,232,288],[6976,91,609,191,251],[4020,722,29,518,428],[3695,290,912,539,1320],[5411,132,409,819,358],[632,529,287,626,53],[4867,546,984,916,329],[7443,237,1517,1803,375],[1483,280,290,302,336],[1882,349,403,1138,544],[1163,628,632,468,16],[2057,541,773,404,278],[1219,375,2301,182,204],[735,179,268,154,447],[663,878,640,352,303],[1730,242,363,1264,179],[709,716,284,286,295],[474,350,204,188,932],[990,258,387,267,292],[474,92,1483,237,319],[2395,463,248,205,321],[1555,348,882,514,779],[1838,8,843,221,284],[879,263,1087,122,252],[1488,310,1132,292,158],[1221,502,133,194,219],[475,274,253,295,300],[1479,337,1043,217,235],[786,573,137,128,282],[621,45,48,83,84],[1044,386,984,393,98],[853,345,473,17,483],[506,165,180,169,213],[642,549,1025,251,242],[775,586,327,142,183],[2160,150,49,209,146],[1427,980,433,186,162],[545,184,13,576,351],[524,75,64,33,20],[896,1521,221,138,105],[897,1625,311,40,518],[884,375,466,290,227],[905,153,60,21,693],[1019,1199,52,73,166],[1074,470,426,32,173],[982,1106,279,174,250],[854,1941,501,3,479],[4514,74,75,331,370],[2535,400,600,315,199],[962,14,467,79,19],[1865,96,288,228,192],[2925,37,190,262,260],[1238,201,324,18,174],[705,391,198,25,32],[1584,282,1061,135,4]],