{"actions":[[1,4,3,5,2],[0,5,2,3,1],[5,2,3,5,2],[0,5,3,1,5],[0,5,2,1,0],[3,5,4,2,5],[0,5,4,3,5],[0,5,5,5,5],[5,2,5,5,5],[0,5,3,1,5],[0,5,1,2,0],[3,4,0,1,2],[0,5,3,2,1],[0,5,2,4,0],[4,2,1,4,2],[0,5,3,4,2],[0,5,1,2,4],[4,2,0,4,4],[0,5,2,4,1],[0,5,3,1,2],[3,1,1,1,1],[0,5,3,2,1],[0,5,4,3,5],[5,5,5,5,5],[1,3,2,0,1],[5,3,4,1,2],[1,4,3,1,3],[0,1,2,3,4],[0,1,2,3,4],[4,5,2,1,2],[0,5,3,4,2],[0,5,3,4,2],[0,4,5,5,5],[0,5,1,3,2],[0,5,3,2,1],[5,3,4,2,0],[0,1,2,4,5],[5,4,1,2,3],[2,3,5,4,1],[0,1,2,3,4],[0,1,2,4,3],[3,5,2,3,3],[0,1,2,4,5],[0,1,2,3,5],[4,4,4,4,4],[0,5,0,0,0],[0,1,3,5,5],[3,5,2,3,3],[0,5,3,2,2],[0,1,2,3,2],[4,2,4,2,2],[0,5,4,3,5],[0,1,0,0,0],[4,4,0,2,4],[0,5,0,1,2],[0,1,3,5,5],[2,5,5,5,5],[0,1,2,3,4],[0,5,3,2,4],[3,0,0,0,0]],"rewards":[[4.326904650163218,5.7231791909575636,3.605343218383096,6.103058592694089,4.462041909284344],[0.768276882339006,5.889849357838784,0.07285616274454089,6.931098149826255,7.272594693592995],[5.9833163365405975,4.561875171008698,6.782148114201164,6.045036767588817,4.322773929452141],[4.481378069076849,8.255279719785502,7.2159707255196075,5.191381559279183,8.114617943695254],[7.577068507024233,2.727052204537816,8.455050477599794,2.6325213629215223,7.410035267574989],[2.2479907144301645,2.583960879150966,7.800602452257075,6.6872196948167275,2.6172364905666665],[5.295906500379979,8.33784911901495,8.222007014273359,7.625438928416981,8.3596126289313],[3.0828507969567327,11.6763018986984,11.836594319029306,11.82907072691875,11.58379565943253],[11.72124528038672,6.235121670399023,11.799852144281697,11.694241170844268,11.738332914609947],[5.202401107984293,11.827472647166866,11.751102445239574,6.074210796231708,3.8253643185619715],[11.146938527279767,4.077041368034875,4.2957077226251945,10.685329806102695,11.290611406631248],[4.453698337672609,11.1518480750994,1.177565536461686,1.8117637905119968,2.8292973189022175],[1.5829688804798714,3.884201168276898,4.479708560103433,2.9898038946487735,6.9936793438352245],[7.352126779202702,1.3119285431791312,7.737336141448168,8.316890954098266,7.488772351772006],[8.156854761337483,7.049632374244714,7.06926587139472,8.125853401247067,6.936315461509405],[3.6081984829180453,7.062379825517957,5.873180482227595,5.892859556854538,4.086474314008156],[6.5918673284025315,1.1390192801452674,1.5503226293814727,6.504059334037054,5.670934363887359],[5.856458628573363,4.182075622634157,3.659402430010232,5.706547668443557,5.718778693952933],[8.445134926071065,4.713251280467206,7.006759070272944,6.425296664509016,9.209613954709868],[1.7935510312400424,4.470248612532646,5.14129162449751,4.856144579378491,1.6681969012678899],[5.527630930643487,9.151642140112077,9.216896125655879,9.02543652193583,9.12114844215324],[7.131567550587106,3.4710168962590857,5.707442148995867,5.834601362286322,6.324667036584898],[4.635616128938315,12.055075213035279,3.81592478858342,11.539924770331783,12.032300145920672],[12.108811321959108,12.042932851166633,12.08593888194895,12.062428671105865,12.22314260753079],[8.522739123028817,5.356319247713672,5.777722845986503,8.629381940566107,8.408101913499356],[5.0126951767011505,6.1296102222343265,1.7330517613873742,5.67360978740696,1.544207785167606],[8.497759427586656,1.6698565142594544,6.277889857191662,8.367434138504963,6.149778451337714],[3.372767173216725,4.871372956510517,4.549299168227042,5.35145316796184,6.705081856498184],[5.771543610108362,0,5.452533091066583,1.296255500282911,5.605499809859003],[5.578460771448671,0.3752805275563448,4.3629171933932875,4.72817255396461,4.557863088720564],[1.5664285379216463,5.5842551694197216,4.2875748565290674,4.382713478694548,2.7412726489025134],[3.1081149894214333,9.312934090869494,8.333229678293876,3.2009140121082797,3.1007952158880836],[1.5762344572914602,3.3282616839975976,9.262358484055978,9.176119644559648,9.180901565800019],[7.756868829652334,4.239232121966843,6.765377326055609,5.658093536779947,6.728328803856503],[6.443240048952537,1.388867301293779,0.5222168944330553,5.985232779646537,0.5512247105279483],[1.355917913572447,0.4197156417251893,6.237492799861889,6.707156023167112,7.944911244191294],[5.026814678710511,4.476486183607771,3.0600714596149636,2.9474095152612003,1.2207723500035363],[2.448930929557751,7.314399151522776,1.7953066929089094,7.060076551786167,1.7821186377322253],[3.074729807193549,1.9625905926584064,2.3738009345557107,7.139207558468351,4.61911396293496],[2.5507111092139363,3.35273803426272,3.893295004084818,5.283231634294912,6.388408439960876],[1.7620561109764308,4.6750746537438665,1.420639010057429,1.3503710023645725,5.155473110483685],[5.070535971499649,4.499087062348839,4.077881766540124,5.055487412267602,5.017420149569103],[6.337420874076521,5.157677062640729,4.41579430619449,2.8605366791699964,1.630371731580969],[11.090324269053912,4.784540678390794,11.830119373288971,3.974888852636524,5.085731655069649],[11.132215857259013,11.320015901027027,11.18629110213142,11.31611658419204,11.194128860271903],[8.238551178394603,5.010043335784875,8.47146598619432,8.34255661876903,8.363981105255245],[3.114676778276218,6.64871422089276,6.631387601145959,6.63276997459095,6.410793523861145],[6.621067881698732,6.481485497467333,6.511844252389893,6.558358191255694,6.501287497324275],[6.931431797064569,4.907367351480022,5.48659923324948,6.233313249483748,6.045619815475069],[3.481106304227246,1.2896328225744778,3.138147717269533,0.8849353029060016,3.23446062307709],[4.069035355428459,6.195183996225615,4.196699500062055,6.049578322353291,6.1921384424989485],[1.7206152765974785,4.525005874520043,3.6321759751355653,2.537298890243835,4.4644574892541256],[8.406160470995607,3.245752277582779,8.5959334507855,8.461094616429012,8.730183979473814],[8.620192040941676,8.608667739279845,1.76180391127729,2.895159416569174,8.43293652307905],[1.4834372224008496,4.069023679273263,1.6870359741719072,1.905049110213337,2.854629313284827],[0.5827055684352981,6.451310034682954,6.955143073029832,6.405782089797343,6.252773252349438],[2.886020391758618,6.373610516866261,6.334581082319243,6.377528292893054,6.2349753836231585],[8.704981321627969,8.026973584429099,6.7460208444254235,6.436324314337359,6.275989391611284],[0.9055989174210783,3.569130640338548,4.076105492783411,1.52910059791268,1.8247982318714624],[4.172530940429968,8.82184161843891,8.509238791141195,8.750854205570722,8.677730385702263]],"times":[[32409,2237,2733,6607,5529],[4952,2294,2022,2902,5702],[3696,2904,1799,6649,4327],[6150,817,993,931,1148],[2374,594,1882,789,575],[4048,1510,407,2343,1844],[6706,519,2814,970,1555],[1943,372,1393,609,597],[3419,23960,371,230,668],[1461,441,3003,1482,1051],[3181,507,918,728,620],[9399,714,1096,423,139],[2128,444,698,369,523],[4625,486,672,1376,1073],[2782,2428,844,2305,1919],[3152,366,564,384,1952],[2248,342,1269,586,561],[1672,1860,833,680,396],[1217,299,1459,350,1020],[4617,437,476,420,248],[1091,1486,688,764,353],[1141,2584,567,445,298],[3209,713,568,534,354],[1492,484,622,294,616],[2048,1531,867,1475,1764],[1989,932,259,1057,923],[843,397,688,394,327],[6907,626,1480,367,342],[1246,310,648,337,284],[1290,997,548,331,1757],[4015,754,1148,626,639],[1318,305,327,508,372],[649,373,97,411,197],[1716,265,1715,1932,628],[6108,629,514,409,1074],[2652,533,410,661,1415],[1207,424,357,1036,316],[1873,425,1412,711,731],[2799,319,358,227,333],[2676,260,117,304,192],[3654,288,314,766,553],[1728,747,1123,365,560],[2703,1155,385,2160,214],[2868,508,519,586,770],[2584,375,379,384,317],[6899,381,796,325,357],[2891,299,1359,946,400],[2817,293,1942,419,255],[5096,297,1383,1163,498],[1516,549,1256,1067,1554],[2520,1740,405,212,278],[1545,286,1662,237,198],[1813,636,336,175,341],[4540,406,2661,645,144],[1767,271,1308,229,543],[1564,237,1626,652,331],[1391,203,193,313,306],[875,743,1163,966,399],[2487,258,487,2018,654],[844,301,332,252,328]],