{"actions":[[3,3,2,0,3],[3,5,5,0,1],[3,0,2,5,3],[0,5,1,3,2],[4,5,5,5,2],[5,0,3,2,4],[5,3,4,1,5],[5,0,4,3,1],[2,5,5,5,5],[5,4,3,0,5],[5,0,2,4,3],[5,5,5,5,5],[5,0,4,3,5],[5,0,1,2,2],[5,2,5,2,5],[5,0,2,4,0],[0,5,4,3,5],[5,3,2,0,5],[5,4,2,4,4],[0,1,2,0,2],[0,2,4,0,2],[0,5,2,0,5],[4,5,0,2,1],[0,5,4,5,4],[5,4,3,2,5],[5,0,2,1,3],[5,5,5,5,5],[5,4,0,1,2],[0,5,4,2,5],[5,2,0,1,1],[0,0,0,0,0],[5,5,5,5,5],[0,5,1,1,1],[0,0,1,0,0],[5,4,1,0,3],[0,5,5,1,5],[5,5,0,5,5],[2,3,3,3,3],[4,4,4,5,5],[4,4,5,5,5],[0,1,1,1,1],[1,5,4,4,5],[1,5,3,0,0],[0,5,5,5,5],[0,5,4,1,3],[5,0,3,4,2],[5,0,1,2,0],[0,2,5,0,5],[0,0,5,4,3],[5,0,1,3,1],[5,5,5,5,5],[5,0,3,5,5],[0,5,5,5,5],[5,5,5,5,5],[4,5,1,0,5],[5,0,1,2,2],[2,2,5,2,5],[2,3,0,0,0],[0,0,5,0,0],[0,0,0,0,0]],"rewards":[[6.05529654277892,5.8984993012337394,5.875799022891629,4.670626892014026,6.05271589142679],[3.323476163249964,3.125191934714615,3.067690889557683,6.35512423743536,3.007422062465221],[5.953372842333295,6.49940365303013,6.571045490561838,7.106082474490559,5.912445259639258],[4.707089045875239,0.3194171056044315,4.1093039715707365,1.5686183618045444,2.2897777719877577],[4.599274072642768,11.57055013374186,11.496485195257085,11.438074017058007,4.503675192955606],[0.3032537540530405,4.415999228719031,1.9285552228156542,4.2594955620103185,1.4143237064657306],[7.151705952950535,5.373038022395828,5.732118826703277,4.107411794175064,6.892427673922283],[5.5550852177759396,0.11102418796413671,0.2795721469120839,5.284882794310214,5.16365653281521],[0,7.086822837504991,6.891553235509209,7.1565556926756955,6.899256923243769],[6.670222781447103,5.269611732982644,5.648341750165991,4.851301217532944,6.420197426882683],[4.319051473176867,2.1390483800327624,2.0648098038963902,1.6920352942214736,4.88179573744466],[6.485679786716181,6.613417611983443,6.346343958830432,6.302741294218336,6.402559984998488],[8.081523751187653,4.275989321738603,7.9232245089916,6.568243636039308,8.18029560198798],[2.769760691987046,5.653446712131747,2.6912683208184935,7.0300166642591275,6.9121043280842045],[8.013946224631033,6.981668752599515,8.115314925074482,7.027354874746757,8.20427462057099],[3.1607233702696766,5.580217836898107,5.3800679043128525,4.1069438746026385,5.815974533574307],[0,8.298351417824536,0.3126304539698605,7.805876434109791,8.222538948763532],[3.2604127249952057,4.4943528368541195,0.3410787020483365,0,3.183353018756643],[5.99570082392752,6.245612622099151,4.489432689571606,6.228668201120405,6.1524689798248415],[7.623001103565585,1.2258844644257834,7.42394250910329,7.670696698954603,7.6215409482558005],[7.7135871048135165,7.625914855136735,6.273877449364085,7.691575138626021,7.570881233914908],[4.964354185186336,5.293471048376709,3.9220171312585954,4.977997677537432,5.349551093467367],[1.1012215374553664,3.7310212413142283,1.0390363887130492,1.459403598961654,3.842741825786881],[1.0476312526265106,5.605559385481678,5.472532280928102,5.193603477452569,5.42806028473128],[8.325022187539194,7.3365696495847175,5.725496886579561,6.483649812664477,8.125492252459857],[0,4.930896324560515,5.8614540607142676,0.37846313332262976,0],[8.19791237842597,8.142987295720697,8.026626831235307,8.258544470114513,8.16911130369319],[2.685618518864645,2.166008141015721,5.850208673439502,4.657874060897915,4.164783771048181],[0.6578238209517214,6.996901128732011,1.0876555789701663,0.8290220406098352,7.0393575467313525],[2.729390810637869,0.6600967421236446,0.46497293381774485,7.40730389522923,7.537753869325793],[8.966018946814954,9.11991467512309,9.072460909141055,8.845444806352972,8.871195503887574],[7.020502768425467,7.036079731871022,6.945908109682639,7.053840953935593,7.072730526328991],[0.767438057199834,4.337454716101671,6.177729153343617,6.417303135195621,6.184966831237736],[8.656083549980682,8.792941011851962,7.473234346566115,8.685743106773806,8.635203256175505],[3.9090029026409643,1.7495861317379515,4.042886406501564,1.5853774627545187,4.489002281693207],[1.7259145999391678,6.095774197534557,5.937522795607038,3.991579149095385,6.157716889730106],[7.345826755361694,7.101547207436364,3.499995925596156,7.205609969335363,7.380243241582118],[1.4520104596814736,7.453616568795372,7.427456854823159,7.337413764166425,7.457400825503226],[6.136222447197665,5.992907825786345,6.140570922071459,7.201007773062547,7.282167712353639],[7.206354228509937,7.236860217780756,8.19983236080778,8.336841611668246,8.457291607508832],[3.222065767917032,8.122766199918942,7.958918457186175,8.183617865185456,8.20867522228443],[8.214817245132672,8.35300601078356,6.950215424127871,7.487645956558595,8.40312678322667],[5.982321403500508,2.8795692592016984,5.146494450137605,7.412520924975675,7.470024369363754],[0.28287628008662846,4.393035292394912,4.161736306939258,4.167915570863223,4.128390988097016],[0.05917906521851862,2.824488595695276,4.282309446701071,4.041782340642065,5.0520170341866795],[5.66553389363469,1.6470274468379509,4.6106088826005305,4.785905698554866,3.3113170549620192],[1.9166962416426994,6.736823397763617,1.2973019929041514,6.660385923153011,6.8719906558239074],[6.703431669435237,6.718566490002218,5.960621399980051,6.710628789107468,6.014529105056144],[2.7376621973989566,2.718565676589718,6.236461643043905,4.543409203572697,4.20669168405466],[0,3.743748923535894,0.5106078344032139,0.030061827591599477,0.40013222491780787],[6.376726169185301,6.316953592877331,6.252297573797969,6.43622421639371,6.338269416998931],[5.99230446119489,2.4694302833976756,4.910819794303419,6.263337875414494,6.1272133970072815],[1.7586917919373568,8.460399969804595,8.483728487428875,8.41308949630729,8.3459781722072],[6.208171299293164,6.288442786825,6.191241722489337,6.171297533856533,6.33042256621394],[5.6605418995340635,6.074387975358745,3.920961810340014,2.5818759621573153,6.0384205820957],[0.22865620377280382,5.715852462875561,0.24978020147302799,6.552594969244008,6.679039548785109],[6.786149405645016,6.526132535902992,6.101664279065525,6.654129679441924,6.086827971907762],[5.3465076713521995,4.925595468405793,7.208778299595268,7.179165104275913,7.278616875280638],[7.744737558172111,7.6784464150104155,1.096263158681349,7.645438657882562,7.497248053631454],[7.554503772182675,7.577066834982431,7.638958337183523,7.55550671898973,7.604680822224828]],"times":[[13265,2012,3353,2174,1290],[2206,1154,83,2035,1399],[1606,860,4035,3039,2018],[2931,1972,1011,1759,907],[1315,983,1577,1600,1999],[1767,2949,933,1277,1051],[2930,2040,1678,1078,308],[3608,1564,1108,1203,1449],[2159,639,1077,849,824],[1955,1465,1018,1823,480],[3329,881,1067,898,760],[860,293,334,319,335],[3417,1441,415,462,196],[910,1079,539,1803,917],[790,162,232,198,209],[2579,655,1211,1602,589],[580,398,427,520,451],[4371,486,636,290,717],[1267,904,3926,705,843],[1041,613,448,1030,68],[1196,135,419,223,347],[2332,497,2443,281,206],[1429,891,632,658,660],[440,389,406,254,240],[2359,671,427,548,1586],[1135,744,1055,447,564],[433,295,136,171,68],[9062,600,416,508,915],[1406,574,767,418,452],[712,1306,452,463,351],[4861,824,444,553,531],[1026,425,437,434,387],[4528,663,887,437,377],[1406,528,473,391,383],[747,568,429,250,753],[324,360,379,577,158],[18528,536,316,98,288],[1412,480,277,309,289],[1407,492,83,451,227],[1741,883,227,274,268],[1286,334,274,281,255],[268,358,279,335,187],[2778,778,1207,1374,417],[2827,251,545,549,389],[3173,152,791,204,290],[24549,867,900,214,420],[1101,373,532,267,841],[538,40,28,42,514],[1198,82,69,420,525],[1296,522,808,504,490],[572,189,191,242,173],[1029,549,574,1042,274],[761,358,348,297,287],[383,396,248,247,244],[1856,233,899,670,11],[465,702,350,1145,541],[287,126,4,562,86],[1422,1214,512,343,324],[930,345,363,120,89],[121,120,85,77,35]],