{"actions":[[0,1,2,4,0],[1,2,3,4,5],[0,1,2,3,4],[1,2,3,4,5],[0,1,2,3,4],[0,1,2,3,4],[0,1,2,3,4],[0,1,2,3,4],[0,1,2,3,4],[0,1,2,3,4],[0,1,2,3,4],[0,1,2,3,4],[0,1,2,3,4],[0,1,2,3,4],[0,1,2,3,4],[0,1,2,3,4],[0,1,2,3,4],[0,1,2,3,4],[0,1,2,3,4],[0,1,2,3,4]],"rewards":[[6.856234258610863,6.889972918851851,6.075029830832273,5.897440334535823,7.064073881466031],[5.336111301289709,3.613441158848885,11.426478700602782,4.506057087852018,10.464104668787293],[5.662014057442724,4.162771785416635,3.952078245554594,6.138605462625811,0],[1.3643014933190636,2.237438262560289,0.945210740181721,4.860286884824881,0.658139949987907],[2.8520472901725524,3.3382791628605673,5.117691313269172,11.506587922115333,4.424001374108292],[2.4548131840145,2.4306950719772398,3.929152927327289,0,3.0681154052339523],[7.402923516481076,7.25097677969426,5.290640464754501,2.9807812752495355,0.8291195242168887],[2.6105492446732335,2.894067354157178,3.152380781798097,0.2831656902422175,2.0226218703672725],[5.1480341595676355,5.2408014732640344,5.952661214525537,8.316464688074815,1.180067993141083],[3.6938304984331602,3.6003909569153416,4.012698752772261,2.9530469172739573,7.205307148228043],[0.856714115438857,1.5680492401922368,2.941313469280415,8.303994739813437,2.16808332947214],[0.43790577185902096,1.7687393480397406,1.7277688562258877,4.1683929679526495,1.987014556408972],[5.5365528467835405,4.0251760424780985,3.95060228955565,5.764495702528713,1.9989946660538382],[7.731565593862889,7.803776306580726,7.652424529553179,3.232473314676737,10.29280919586805],[8.738885119500548,7.8501779108814915,7.504965000100123,4.130962005878359,10.648809273504519],[1.654040948318044,1.6694179415156147,3.1901692281201277,1.5217203860803428,8.641824724470007],[0.7729721379666179,2.015325546885571,3.1972929250304816,0,4.439087056332105],[7.031047637249557,6.316027705543029,5.33960999640448,8.145741216864272,0.7226363769149247],[4.674596623676377,5.068156082186667,3.899853264112893,1.7445693677430845,3.428075515442007],[4.211077014530838,3.9934823620874664,5.461464315537375,7.101404731668372,1.9744934030741421]],"times":[[21086,51,417,278,8848],[3232,3223,1533,1902,609],[2689,397,1743,713,23],[2773,2949,415,390,759],[25125,685,1848,2437,94],[2503,503,617,1742,368],[1929,877,1486,1525,389],[2058,638,542,2254,527],[5256,550,350,1078,534],[4439,1953,473,2600,503],[7679,846,71,1439,387],[4299,1207,842,2359,702],[917,895,4366,2623,897],[1568,466,391,1734,423],[7037,1014,610,1343,79],[2355,3086,542,1983,175],[2794,814,406,883,230],[1672,336,362,1478,221],[1896,478,54,3301,39],[1379,502,79,1122,966]],"condition":[["negeven"],["negodd"],["negodd"],["poseven"],["posodd"],["poseven"],["negodd"],["poseven"],["posodd"],["negeven"],["posodd"],["posodd"],["negodd"],["negeven"],["negeven"],["poseven"],["poseven"],["negodd"],["negeven"],["posodd"]],"envs":["envs/changepoint/negeven/negeven21.json","envs/changepoint/negodd/negodd20.json","envs/changepoint/negodd/negodd30.json","envs/changepoint/poseven/poseven2.json","envs/changepoint/posodd/posodd67.json","envs/changepoint/poseven/poseven66.json","envs/changepoint/negodd/negodd22.json","envs/changepoint/poseven/poseven24.json","envs/changepoint/posodd/posodd41.json","envs/changepoint/negeven/negeven11.json","envs/changepoint/posodd/posodd1.json","envs/changepoint/posodd/posodd94.json","envs/changepoint/negodd/negodd17.json","envs/changepoint/negeven/negeven16.json","envs/changepoint/negeven/negeven15.json","envs/changepoint/poseven/poseven95.json","envs/changepoint/poseven/poseven54.json","envs/changepoint/negodd/negodd26.json","envs/changepoint/negeven/negeven25.json","envs/changepoint/posodd/posodd55.json"],"money":"2.83","age":30,"gender":0,"hand":0,"experiment":"noncompositional","instcounter":1,"subjectID":"610295096115ef47412cf979","studyID":"617b0174ce5353c47cc531c1","eval":[["poseven"],["negodd"],["negeven"],["posodd"]],"regrets":[[0,0.1464366912841797,0.8960633277893066,1.065537929534912,0],[5.983901023864746,7.585994005203247,0,6.766508102416992,0.7670516967773438],[0.611147403717041,2.136378765106201,2.2557573318481445,0,6.392506793141365],[3.506864309310913,2.453350782394409,3.7992228269577026,0,4.059770703315735],[8.704020500183105,8.252957105636597,6.398038864135742,0,7.131767272949219],[1.5690135955810547,1.4800808429718018,0,3.9830298721790314,0.6209690570831299],[0,0.12569570541381836,1.969214916229248,4.142529487609863,6.471742153167725],[0.4118046760559082,0.14097380638122559,0,2.7881717681884766,1.063035488128662],[3.094453811645508,2.9226274490356445,2.287355422973633,0,6.84047794342041],[3.563842535018921,3.653557777404785,3.18560791015625,4.224066734313965,0],[7.303139746189117,6.540637135505676,5.315591335296631,0,5.955060243606567],[3.775921106338501,2.4791911840438843,2.6288721561431885,0,2.335288166999817],[0.9344277381896973,2.5492987632751465,2.5057477951049805,0.7816696166992188,4.517715930938721],[2.681908130645752,2.5221242904663086,2.764845848083496,6.960473299026489,0],[2.0250606536865234,2.7260189056396484,3.375185966491699,6.701432228088379,0],[6.9062511920928955,6.857536315917969,5.388723611831665,6.992203116416931,0],[3.4792981147766113,2.4824304580688477,1.3585877418518066,4.529146999120712,0],[1.0334720611572266,1.6311755180358887,2.5218605995178223,0,7.247252702713013],[0.4204845428466797,0,1.3001842498779297,3.552004814147949,1.5762856006622314],[2.837820053100586,2.8519201278686523,1.5902814865112305,0,5.107720375061035]],"maxrewards":[6.92302131652832,11.333978652954102,6.337131023406982,4.846562385559082,11.503316879272461,3.918142557144165,7.3054633140563965,3.152066469192505,8.152677536010742,7.263092994689941,8.193923950195312,4.191378593444824,6.552975654602051,10.31124210357666,10.744829177856445,8.594832420349121,4.510752201080322,7.9846343994140625,5.18044376373291,7.0339837074279785],"bestoptions":[0,3,3,4,3,2,0,2,3,4,3,3,5,4,4,4,4,3,1,3],"rewardorder":0}
