{"actions":[[2,0,3,5,4],[3,5,4,1,0],[5,2,1,4,3],[5,3,4,1,2],[3,5,4,2,0],[3,4,5,1,2],[5,3,2,1,0],[3,5,1,2,0],[3,5,2,1,0],[3,5,2,0,4],[5,3,1,2,0],[3,5,2,0,1],[3,5,1,2,0],[3,5,1,2,0],[3,5,1,2,4],[3,5,1,2,0],[3,5,1,2,0],[3,5,4,1,2],[3,5,1,2,0],[3,5,1,2,4]],"rewards":[[0.4135654943856155,0,3.597712773287079,5.29899991467195,5.6959633185495075],[5.229242687408325,6.164891605308165,6.607120962166199,6.684487841677066,1.8950763722955954],[7.944915329402405,1.4932979428209368,8.702309617488734,8.780751643241272,7.445773780914454],[5.144809187177497,6.437057492274324,6.028023427193316,0.8421660242562305,6.604150670326683],[5.645576676010618,4.530128764238407,4.3927639056509395,2.5411445987884256,2.4478689349165537],[6.636482783397365,6.897784417722286,8.492851044369262,9.834037916373715,2.325265451553396],[2.313316470083495,5.211661290785165,1.8454105791081508,3.9333746665871634,2.3306971088105173],[3.2180868407838217,1.2904116723076653,1.38088317445182,9.203746675721774,8.889022906627234],[6.312543284431465,4.660272953264265,1.831298792313924,7.857655172475579,0.29663922968737094],[4.6145897774848015,5.575735003157826,5.013087063433238,4.223677269814407,5.845214734830264],[3.505065752521898,5.170339242038975,0.03862196040802164,6.486931265174409,5.625205196556603],[3.4939093451290226,5.32845034934799,4.774552901732274,4.486802758459511,0.8984013347140776],[4.372976360693534,5.598020400635379,3.4399520031564026,7.947343059583119,7.714886237066513],[4.443885550773054,5.035329733972439,0.39674465299146233,3.78998602064741,3.2154612919804473],[5.564896485115385,3.797418974617997,8.24621711036845,2.940545347467392,4.481716528935858],[4.84145260653889,2.5493033513249,5.428700041268236,11.468584955787954,12.911306540921768],[4.679527559010671,2.7381320305969883,6.777601671493427,3.136708650731761,2.4941839707708158],[6.80417709803004,7.2735961059314835,6.7324750182015904,3.1714384365007913,8.129759150360272],[2.794299262902721,0,3.389802701993033,10.756580962338381,9.448373056007577],[4.731608400480704,6.709524732133071,4.865248559015174,1.4639953086254043,6.104134974429832]],"times":[[16897,6020,13218,1769,3882],[20555,2685,4699,6324,2190],[8082,1792,1340,2047,1999],[2562,1476,1699,2618,1061],[2400,2782,3168,1735,1370],[1453,3409,2227,6246,4996],[3043,672,2094,574,4280],[4578,1117,3256,810,687],[1981,2463,1877,483,3668],[1287,584,1891,3579,2633],[4167,494,1787,828,881],[12049,717,1665,533,2144],[1745,605,1046,496,939],[911,459,1243,277,445],[1353,396,1550,771,854],[776,300,1668,562,431],[4526,234,1217,803,630],[726,351,923,585,628],[625,245,1022,345,365],[1015,1350,3353,378,1011]],"condition":[["oddpos"],["oddpos"],["oddpos"],["evenneg"],["oddneg"],["oddpos"],["oddneg"],["evenneg"],["oddneg"],["evenpos"],["evenneg"],["evenpos"],["evenpos"],["evenpos"],["oddneg"],["evenneg"],["oddneg"],["evenpos"],["evenneg"],["oddpos"]],"envs":["envs/changepoint/oddpos/oddpos13.json","envs/changepoint/oddpos/oddpos65.json","envs/changepoint/oddpos/oddpos88.json","envs/changepoint/evenneg/evenneg18.json","envs/changepoint/oddneg/oddneg48.json","envs/changepoint/oddpos/oddpos74.json","envs/changepoint/oddneg/oddneg35.json","envs/changepoint/evenneg/evenneg93.json","envs/changepoint/oddneg/oddneg8.json","envs/changepoint/evenpos/evenpos2.json","envs/changepoint/evenneg/evenneg89.json","envs/changepoint/evenpos/evenpos28.json","envs/changepoint/evenpos/evenpos79.json","envs/changepoint/evenpos/evenpos20.json","envs/changepoint/oddneg/oddneg97.json","envs/changepoint/evenneg/evenneg77.json","envs/changepoint/oddneg/oddneg32.json","envs/changepoint/evenpos/evenpos26.json","envs/changepoint/evenneg/evenneg87.json","envs/changepoint/oddpos/oddpos95.json"],"money":"2.93","age":20,"gender":0,"hand":0,"experiment":"noncompositional","instcounter":0,"subjectID":"61074edbfef34d91d2666e8f","studyID":"617b0174ce5353c47cc531c1","eval":[["oddneg"],["evenpos"],["evenneg"],["oddpos"]],"regrets":[[5.151791274547577,6.047058463096619,2.0788826942443848,0.34404516220092773,0],[1.5364246368408203,0.3843059539794922,0.07675027847290039,0,4.679039120674133],[0.6557579040527344,7.321621894836426,0.23743057250976562,0,1.5582523345947266],[1.477647304534912,0.2686429023742676,0.7650775909423828,5.709881007671356,0],[1.64756441116333,2.8813352584838867,2.905611038208008,4.8658740520477295,4.794337272644043],[3.324298858642578,3.1208243370056152,1.2927436828613281,0,7.710568904876709],[3.0674049854278564,0,3.2657949924468994,1.1829314231872559,2.741257429122925],[5.845404148101807,7.765126466751099,7.7587878704071045,0,0.015748023986816406],[1.5783538818359375,3.3063645362854004,5.837936878204346,0,7.611999034881592],[1.5866823196411133,0.5034580230712891,0.989443302154541,1.7301115989685059,0],[2.9443624019622803,1.1905884742736816,6.562399476766586,0,0.7615399360656738],[1.789245843887329,0,0.6578454971313477,0.7339234352111816,4.495934724807739],[3.427922248840332,2.3466906547546387,4.505437850952148,0.002327442169189453,0],[0.6074919700622559,0,4.471982061862946,1.381927490234375,1.939603567123413],[2.5889806747436523,4.636629819869995,0,5.207656383514404,3.8014469146728516],[7.786221504211426,10.29440712928772,7.205166339874268,1.367783546447754,0],[1.930509090423584,3.907268524169922,0,3.6392767429351807,4.002465486526489],[1.5618376731872559,1.0425682067871094,1.7307648658752441,5.302520990371704,0.1653604507446289],[7.7743260860443115,10.851192772388458,7.179346323013306,0,1.2709589004516602],[2.0106821060180664,0,1.8887763023376465,5.297729015350342,0.6674661636352539]],"maxrewards":[5.735184669494629,6.638847351074219,8.861603736877441,6.676593780517578,7.314452648162842,9.9369478225708,5.191771030426025,9.120535850524902,7.837818145751953,6.049591541290283,6.495439052581787,5.308697700500488,7.850410461425781,5.097179412841797,8.292279243469238,12.790637969970703,6.681567668914795,8.335428237915039,10.668388366699219,6.766855239868164],"bestoptions":[4,1,4,2,1,1,3,2,1,4,2,5,0,5,1,0,1,0,2,5],"rewardorder":1}
