{"actions":[[4,4,0,1,2],[2,4,5,1,5],[2,3,0,5,4],[3,2,4,1,5],[4,3,1,0,5],[4,1,5,0,2],[4,5,0,2,1],[3,4,5,1,2],[3,1,2,4,5],[3,2,4,5,1],[4,1,1,1,1],[0,1,4,2,3],[5,0,1,2,3],[5,0,1,4,4],[3,4,1,0,5],[3,1,4,0,3],[4,3,5,0,1],[3,4,1,2,3],[3,4,1,0,2],[3,1,3,1,3],[3,4,1,4,1],[3,4,0,0,0],[5,0,5,5,2],[3,4,5,1,0],[2,1,2,3,4],[3,4,5,1,1],[3,4,2,2,2],[3,1,0,1,4],[3,4,0,1,3],[3,4,4,5,1],[3,2,1,1,0],[3,4,1,0,2],[3,4,5,1,2],[3,3,3,3,3],[3,3,3,3,3],[3,3,3,3,3],[3,4,5,4,4],[3,4,5,0,1],[4,3,5,4,4],[3,4,1,0,0],[3,4,0,3,3],[2,0,5,5,5],[4,3,5,0,5],[3,3,3,3,3],[3,3,3,3,3],[3,4,5,5,5],[3,4,5,0,1],[3,4,5,0,1],[3,4,5,1,0],[3,1,0,5,4],[3,4,5,0,0],[3,1,4,4,4],[2,4,5,5,5],[3,3,3,3,3],[3,4,5,0,1],[3,4,4,4,4],[3,4,5,2,1],[3,4,5,3,4],[3,5,0,1,0],[3,4,4,4,4]],"rewards":[[4.150419184177021,4.1520055947327625,2.159827270925245,2.6096373093854015,3.095152772311835],[5.999167023797483,6.255774867104467,1.5908794903432437,0.06585911895088976,1.8211440405735353],[3.3269191966954077,1.0421707881749078,2.143770964057177,1.4389182173454254,6.365840090307827],[5.326595246801615,4.204996183133575,6.731214007991554,4.671596141094659,7.377394147025758],[5.470719857654687,1.3498473388346126,0,5.715439081665525,0.44009175892090735],[5.58659797563712,4.631883580077791,0.41821034920578487,3.3465783360654524,4.1352294548512045],[3.9249758194786493,5.666446529750759,0.19525304254037423,2.099187520774373,1.2797603120087815],[1.2240331961475066,6.3292439815689745,0.9020586855268091,0.8124947490388769,6.26357946566297],[1.2876479221686896,1.2259022632619812,2.0517389228493172,6.3680972952072565,0.7237515622174939],[5.23348412968123,4.662627431320549,4.808162019072557,4.396051525966248,6.644516486395107],[3.032482281146356,9.473349437290741,9.425515112588615,9.298322312580664,9.36740977039453],[6.836376279802027,6.793987532799256,3.164372907479297,4.681225699746781,8.784208107060508],[2.2635220493006183,6.076164413913257,4.707634742568997,4.634993708571236,2.837899972039242],[5.419568728901694,0,4.077978990356417,0,0],[5.146400890082452,0,4.476829173489952,6.214414334552947,5.307817538457121],[5.779331946824845,6.974881653542458,5.089352299880872,7.753023379215452,5.784985658440501],[0.8575962527323959,3.736074926400303,4.289626422533038,0.24505155137475218,5.132989261062315],[3.783623213350831,0.8946874897235912,6.802324429383575,6.47777782368846,3.826061839646481],[7.130958008514201,6.321384184150946,5.261044736464041,4.140219559513191,6.251550996470818],[8.4364975640978,9.19613535639759,8.446978740730904,9.172877661754931,8.27805977164646],[8.336621582969036,2.107141272949866,5.1873929637330445,2.1571179945072507,5.327833357573235],[6.658715661907444,6.312396945420974,8.544403557550215,8.630223091939024,8.592420606091858],[6.378557198969808,2.788326948444483,6.270855490332867,6.405156315615667,2.1368451425028985],[6.583883446655493,2.711256455996654,6.399873861215245,7.840041680668889,8.454464031589549],[7.019156637686929,4.91517052678792,6.717729736173183,6.826387395478566,8.476123479591624],[7.306071708250077,1.6413655057522851,5.753733891548352,6.233173383782673,6.22484792163516],[7.2536633093497,1.8179501683591024,7.076017209905098,7.127761582885794,6.89234168927091],[4.514363101533056,3.5082562750145296,3.14167691207274,3.5455387329786987,6.174625314704557],[0.6084646357464126,2.4667514775390385,2.463712915863408,0.6492228842735791,0.5978952430157198],[0.4560676535069156,2.692977067117856,2.5650190458957134,0.7833926964080471,3.316516163197429],[3.0788913311432893,3.8547046842719164,4.383013418398372,4.616922337402568,5.059297282217113],[3.1376482229627323,0.32163060747353545,3.3571248123828443,0.00976664208852186,0.15078829802289467],[3.1002121384838133,0.1203881916213749,2.8678946737862536,4.443442237877267,4.192760535574628],[8.063600550327855,7.946455750276262,7.826124229788713,7.865554247291442,7.72637636765187],[10.640203725829542,10.543612612659166,10.520413153261426,10.637826982796394,10.573058165571354],[10.616893647913528,10.55539137969013,10.54937862215238,10.60371952465128,10.531220198990745],[6.597199988878798,8.10083936308487,8.062374873101465,8.038257594757537,8.164808155766742],[0,5.018520178419193,0.5527088139718035,4.247040559993297,0.5139797149862367],[5.232807406476734,0,0.39717425648721516,5.121364471156288,5.159940119702108],[3.355635054391598,3.1782600040422047,4.229274931891944,5.650343731874557,5.764748711790966],[6.421417871665605,0.03792499909105833,0.1085837472983189,6.204661310611633,6.23403721827883],[4.066710093322205,5.692019539936627,5.960458989087959,5.958115460749677,6.040628466848704],[5.93505649496062,5.753228501630437,6.501723559988342,4.140141878627468,6.625237113989972],[6.548892699470197,6.624923253704613,6.4780691665136265,6.754975090126322,6.740252946816104],[6.659896821370793,6.590440294677451,6.690113293442543,6.652308615762497,6.814848088585542],[7.696435890223998,7.629250796792739,8.76125047961727,8.479763128228798,8.567439186909297],[4.913687851360933,0.35926930359505715,3.756688202358601,1.237395835408802,3.6136302659566497],[4.9201631401695485,0.3607184669157776,3.759292306034229,5.481677209694047,6.669448964269771],[5.391051888309236,4.580610584518878,5.0553395093275,4.070774217283693,4.442260935483628],[0,0.3889013140373005,2.7464999397058762,0.10179434649080879,2.856718738927247],[0,2.958710474323274,0,4.49119575937207,4.3572945417436655],[6.093712617171419,4.78054937249336,5.400327955583152,5.46744344888511,5.508459580962262],[4.362505279011276,3.91895876522232,10.649059576538487,10.696356175806724,10.70808549899762],[12.0079866220412,12.193366440410578,11.978091177620602,12.199011266683435,12.091293755926607],[4.685666475035765,5.851043296316326,5.71454608023466,2.0677397125515222,2.8187795620417138],[1.958300613943846,5.620086352079583,5.60923883605432,5.590901191736765,5.328795188112385],[2.140650818177536,5.606502726631894,1.5636194412224216,2.8532170386143094,2.7146294837868994],[6.048219207467965,5.337666828058381,4.493919273543672,6.218225530218699,5.442158900861037],[1.1428529605004274,1.2935369351357118,7.5656953687020865,1.5353211360705115,7.588192639470729],[1.2664939043049153,8.17696109259117,8.17441134650062,8.183945823295248,8.145130248549412]],"times":[[11656,615,332,271,739],[6665,327,371,822,464],[2941,369,269,256,152],[19590,256,4,246,62],[10774,223,147,63,87],[5586,63,932,472,142],[5763,583,198,158,32],[28921,18,118,343,407],[5448,477,55,488,4],[4585,45,358,152,87],[2754,404,678,309,204],[1559,217,492,201,66],[952,252,265,466,1336],[1111,219,122,48,529],[19772,280,48,133,301],[3339,723,161,83,1232],[1938,129,350,185,139],[10129,277,306,4217,157],[4849,280,601,206,258],[44283,135,6136,257,106],[3122,18,91,3235,324],[2595,55,18,193,409],[970,146,107,154,978],[4710,168,368,55,89],[1962,51,340,236,73],[1546,90,53,23,539],[28295,295,3006,272,96],[1280,68,24,1212,962],[2007,51,409,414,459],[2958,159,242,116,140],[19725,130,320,1305,316],[3590,6,104,24,116],[5230,378,337,101,130],[1831,241,177,115,276],[3506,230,176,167,115],[1170,70,174,27,166],[987,404,282,443,212],[1307,3,417,161,123],[1491,261,367,253,403],[2527,139,73,216,152],[1307,263,114,186,233],[689,270,238,72,236],[1233,152,118,234,60],[3687,40,125,1,2],[6153,293,217,315,321],[1427,102,266,178,114],[1433,110,98,112,44],[1552,198,22,427,293],[1234,249,225,223,152],[5047,110,211,144,39],[132141,326,348,1837,297],[2959,109,86,244,78],[2202,391,77,134,71],[1320,171,80,61,444],[1268,263,25,85,140],[30107,200,367,304,399],[1757,195,234,2008,195],[38781,8193,406,324,547],[3654,149,875,194,155],[9359,169,135,94,117]],