{"actions":[[4,5,3,2,5],[0,1,3,5,5],[5,5,5,5,5],[0,1,2,3,4],[0,1,2,4,2],[0,2,4,2,2],[0,1,2,0,0],[0,1,2,4,2],[2,2,2,2,2],[0,1,2,3,4],[0,1,3,5,3],[3,1,1,1,1],[0,1,2,4,4],[0,1,2,4,0],[0,4,0,0,0],[0,1,2,0,0],[0,1,2,4,2],[2,2,2,2,2],[0,1,2,0,0],[0,1,2,4,4],[4,0,0,0,0],[0,1,2,5,5],[0,1,2,3,5],[5,1,1,1,1],[0,1,2,3,4],[0,1,2,4,2],[2,2,2,2,2],[0,1,2,5,5],[0,1,2,4,0],[5,5,5,5,5],[0,1,2,5,5],[0,1,3,5,3],[3,1,1,1,1],[0,1,2,5,5],[0,1,2,4,5],[5,5,5,5,5],[0,1,2,5,0],[0,1,3,5,3],[1,1,1,1,1],[0,1,2,0,0],[0,1,3,5,1],[1,2,3,3,3],[0,1,2,0,0],[3,5,5,5,5],[1,1,1,1,1],[0,5,5,5,5],[0,1,5,1,1],[1,1,1,1,1],[0,5,5,5,5],[0,1,2,0,0],[0,0,0,0,0],[0,1,5,0,0],[0,1,3,5,3],[1,1,1,1,1],[0,5,0,0,0],[0,1,2,4,2],[2,2,2,2,2],[0,5,5,5,5],[0,1,3,1,1],[1,1,1,1,1]],"rewards":[[9.53746915637532,9.391200051687136,7.582196706897947,6.867905345152892,9.430354334938313],[1.3425262920272651,4.093862242223411,4.017111036189676,5.030443493797319,5.172847902899736],[9.469118872788155,9.39005633658186,9.288719368683017,9.511024497112846,9.53343622223786],[7.652410438301372,4.8958655834773515,4.8312376842978,4.001190837752301,2.9410692903983504],[7.173708277399114,2.293353710507788,7.600796154867757,7.307480796230321,7.5133379371381235],[6.969349645517269,7.6229361328809135,2.7436570053140943,7.667150242690783,7.515260544763838],[4.767878621216942,4.516778051593039,3.299746098998371,4.7279424086570785,4.629563111981744],[5.5372455652459465,0,6.306440310140946,5.733709284522868,6.136877225375779],[6.259466642511022,6.205179739902253,6.3183974402312035,6.168601300144577,6.277412510063952],[4.332079688141783,4.3850101093324065,3.8403241322853043,3.3976810293222655,2.833906334100479],[2.824145132620667,7.281316363770954,7.781716548343306,7.278069581637391,8.06104248285042],[3.311726254074888,7.28796950892546,7.588646814741254,7.436266340352954,7.396603445090756],[2.26666086625711,1.9929674281311496,3.438400893368425,3.7351671987689667,3.5673606028628626],[7.445328598695253,0.8598663948895242,6.389268041946021,7.340700050624956,7.821060703725395],[7.5471856429097,3.654301889351737,7.370711019197355,7.606894297283529,7.575058378510681],[5.372560994875669,4.235961213558364,3.129576503181814,5.437229715184185,5.336863193211075],[5.119807843693725,1.3866010545471494,5.881130793342808,4.030075718907192,5.709477369717477],[5.928166517418743,5.963899658963292,5.803574745537454,5.878160237211456,5.775469853890785],[6.043811401051706,5.262994288183279,4.641218049392245,5.835268798122031,6.003089255293487],[6.6628255350532335,0.6010725217866113,6.303847723974778,7.13606513811549,6.86349770443514],[2.4933728904399635,6.579757435003895,6.6366802731844095,6.748401547815678,6.509797814505461],[2.267462442533936,2.673312783492272,3.1273691357720357,5.082703911412938,5.317970624465041],[4.984247836885137,12.200288940849283,4.040881521359166,11.646979425486025,12.435846789239982],[5.312554244410604,12.216999504967369,12.17494701584669,12.151625902669677,12.256330247219033],[0.5210704790221161,1.3643630805402194,3.306664287624894,3.229164415535848,3.6549285451148212],[4.635075773983526,0.9020663526540542,4.564967924816483,4.230382546836631,4.943369292941491],[4.51922790607938,4.7310997562206465,4.730257564261318,4.60564867935828,4.680691333722476],[0.5730182062458478,1.509247003323043,2.261401095711476,4.466832881632677,4.456497291457627],[4.881254752710969,1.710547639239926,5.503597172282186,5.030599529948325,4.912089742867627],[4.568340529878011,4.395194390575724,4.542092018941133,4.529027669670703,4.354643297481678],[1.4909116648598597,1.9063816543138632,3.74787084695921,5.145245724769936,4.9761873652660285],[0.7627539252140388,8.80721053864079,8.16777910128606,8.227478056482308,8.052854256973157],[2.5724124258732886,8.912140268005658,8.899265212306021,8.836077297304413,8.840300482944336],[3.5809460177157306,3.931784194742617,5.074136975289806,7.202969717413382,7.262076730965008],[6.1625680450929226,1.718174361368455,5.5733164957098955,5.564820747575913,2.83197451628288],[7.23900663613293,7.284158955010985,7.2717236361901305,7.274424989607852,7.321555796477906],[5.431946680063652,4.237466914355507,4.068275701248913,2.3332911388840953,5.510642094980541],[0.8477220084619971,5.494002273520413,5.948592890890134,5.242039634733033,5.9273230543011355],[5.534903781135742,5.742986461383024,5.402229168682659,5.541697503310311,5.535614028083539],[8.614096990576332,7.342480006315841,7.631024195883536,8.84967837925192,8.623193456905625],[1.6524535964579241,4.107198930423843,4.275575952645238,3.825737734280979,3.795386913706599],[3.9469693461405493,0.8230044538099579,7.408745131878675,7.42332075397559,7.375282866391339],[4.280057100098471,3.8499718096702336,2.8984083987764735,4.325098122750537,4.422106355822707],[10.995930485743429,11.237965439575998,11.220888433045813,11.061988820032807,11.269052919871838],[10.862888628315336,10.746782379220445,10.69940548448792,10.711364762321526,10.830637229984076],[0.7032344605629649,4.650206593597208,4.645512755983499,4.677452362387976,4.46038106854195],[1.6997126306243495,5.476144976845557,5.141540739185702,5.457683482700497,5.3808959519430815],[5.452471685828837,5.324655001939643,5.52651683520777,5.4639694107993595,5.42280090494594],[3.062010162564763,6.609185482510397,6.863655960795216,6.819299016083116,6.716502152619906],[9.151764451696257,3.4984921440723977,8.254126713066002,9.160287264350051,9.114426158678734],[9.020158537145848,8.90665700881033,9.19145999437082,9.008932574550506,9.201546788438648],[4.351381880192808,2.5347034318683357,1.4736910473224096,4.386317811577732,4.464142799496795],[0.2181725739014311,6.934134407122774,7.586611602117079,6.793216007544404,7.670495403042272],[6.935690497292466,7.0684222932271625,6.9363947679980065,7.027647011993998,6.989741268312705],[4.286774019929715,1.2365077339664934,4.515499772757101,4.270704435228275,4.260821572020078],[3.341286628682388,0.16175032223332841,3.728857220138418,3.556687125581074,3.7298119434979804],[3.8235979497617243,3.694346639039915,3.793855374696046,3.8917906782791483,3.913203817303239],[3.757902458633643,6.326207696872668,6.437956890872387,6.506299159983553,6.392064427242787],[2.942304580981128,8.24897088985249,7.886984786443466,8.26486530988307,8.129504932854518],[8.255789916441183,8.35069501529308,8.205879225284493,8.013655561807623,8.482551161564864]],"times":[[27291,5628,8195,3569,3832],[5552,347,2250,736,4897],[4462,603,433,412,702],[6642,420,4980,3470,5632],[2697,79,437,1045,2433],[5517,1437,1869,2024,425],[3053,289,721,308,259],[4056,380,723,1563,518],[2375,565,161,91,503],[1977,186,1447,3121,494],[1525,149,919,469,198],[1734,4344,552,348,120],[1092,106,525,2055,299],[5672,146,533,1688,776],[1484,759,160,71,139],[1946,152,356,806,1326],[1055,167,797,1145,410],[2320,884,180,191,146],[934,113,353,1382,660],[475,632,540,672,596],[794,156,197,22,9],[388,74,801,281,82],[471,175,1888,213,584],[482,2168,115,40,159],[954,99,1061,432,1361],[885,95,322,425,2147],[559,145,86,104,167],[941,207,1997,1163,85],[543,247,1448,399,1386],[490,651,174,86,182],[857,229,320,300,95],[989,194,716,289,604],[1145,294,68,52,98],[810,515,231,65,146],[1565,918,635,651,374],[2318,239,179,148,68],[968,346,371,305,240],[507,273,1467,566,148],[4585,892,151,180,54],[689,305,2191,306,22],[524,221,375,47,500],[4504,490,585,200,44],[600,123,1341,136,52],[1091,374,166,43,40],[2321,774,50,44,82],[582,202,552,15,38],[619,292,1864,420,168],[454,133,119,190,37],[493,215,747,17,22],[893,191,1211,311,106],[951,132,129,123,97],[484,1343,78,178,33],[1206,469,368,696,456],[1641,69,30,82,80],[375,214,375,45,149],[786,838,1321,399,603],[451,261,26,7,22],[393,776,533,61,26],[895,162,562,1816,22],[397,38,8,28,33]],