{"actions":[[0,5,5,5,5],[0,5,4,2,0],[5,1,0,2,0],[0,5,0,0,1],[1,0,2,4,0],[5,2,0,0,0],[0,5,5,5,5],[1,0,4,2,0],[0,0,5,0,0],[5,0,0,0,0],[1,0,2,0,0],[0,0,0,0,0],[0,5,0,0,0],[0,2,4,0,0],[0,5,0,0,0],[0,5,0,0,0],[0,2,4,2,2],[5,2,0,2,2],[0,5,5,5,5],[0,1,4,1,1],[5,1,5,5,5],[0,5,4,5,5],[1,0,1,3,5],[5,2,5,5,5],[5,0,0,0,0],[0,1,4,2,0],[5,0,0,0,0],[0,5,5,5,5],[0,1,0,0,0],[0,2,0,0,0],[0,5,5,5,5],[0,1,4,1,1],[1,5,5,5,5],[5,0,5,5,5],[1,0,1,3,5],[1,5,1,1,1],[0,5,5,5,5],[1,0,0,0,0],[0,0,0,0,0],[0,5,5,5,5],[1,0,3,5,5],[5,1,1,1,1],[0,5,5,5,5],[1,5,1,0,1],[5,1,5,5,5],[0,5,5,5,5],[1,0,4,0,0],[0,0,0,0,0],[0,5,5,5,5],[1,0,4,0,0],[5,5,5,5,5],[5,0,0,0,0],[0,1,0,4,2],[0,2,0,0,0],[0,5,5,5,5],[1,0,4,4,4],[0,5,0,0,0],[0,5,0,0,0],[0,1,4,5,5],[1,5,1,1,1]],"rewards":[[3.330286728335454,8.45559210092088,8.503244174518278,8.398178179767742,8.466911781434565],[10.675405508917677,3.1629881860603395,9.251617292428922,9.005726635860574,10.605546791422865],[8.472690979809755,2.6827633668348474,10.65971630869916,9.11740304666127,10.552619395261004],[7.128062179489987,3.8319019390495903,7.331935031025164,7.194365559417724,6.826397955535748],[1.699422103405252,7.667438216804242,6.74060307501973,6.969318593009844,7.482059679516745],[3.848309253611016,6.732592184777014,7.6328035099783955,7.579167558823226,7.53191690620728],[4.001744941734529,7.429553628304042,7.341138133052003,7.278616269753029,7.128959382769508],[2.454026869368116,8.25223776346548,7.933330402997733,7.8016448168430985,8.3197395506661],[8.281111769398006,8.022364399608346,7.179866424477817,8.189948215676683,8.282815258422408],[3.042508122451061,5.6373404117120725,5.524572114952543,5.492783297274732,5.521597535372894],[1.6767934544229883,10.056278320883571,9.119558373366624,10.11317076823414,9.959478460743014],[10.096189517061104,10.089705158023474,10.205051991195738,10.172315130459493,10.224088277241334],[7.129961461407015,4.854368489709878,7.113831123634041,7.187655071219409,7.094737757493763],[7.1372361991318405,6.52491683359076,6.407470342630087,7.336391602906592,7.294084151307424],[7.234813505300709,4.887632787274198,7.1336230720312015,7.233556418836005,7.194244778154203],[4.297261282704935,1.0925648479784336,4.419231359123739,4.137313928742202,4.355594268575646],[8.675646024586612,9.744025952936015,9.38886746167242,9.977597749275057,10.04689805240418],[1.054021162977553,9.937399811819125,8.939146887462073,9.813602932761018,9.967297111151987],[6.032075906151746,8.044473202183772,8.124892677738194,7.9997143685126115,8.238276772455775],[0.879998796041139,3.9258286841825667,0.06465482351044838,3.7139347209380684,3.7383277120739007],[8.178898241271936,4.129860800333779,8.011699980436518,8.232279947217835,8.136775915826778],[3.307230230137186,4.894270425040441,4.344667774759032,4.771136066343101,4.631680066356104],[5.633292336232184,0.9993831760658121,5.606655980914956,5.8077166717594,5.951669113729271],[4.643045280842894,1.188575467783263,4.88892287837998,4.798590001711783,5.0529383225505],[4.2910863898180835,8.412201413850108,8.558811560543631,8.538114074763302,8.428018087903414],[5.409468997419544,1.9494115289006282,4.6186921148397895,4.458266270808769,5.177210569010932],[4.363511578499036,5.221801161988519,5.284224345163799,5.371641055928382,5.319023852423596],[4.587012025022649,7.881739662110225,7.849419953684232,7.790464456871079,7.606016144757058],[8.993948075826868,0.8524746417583867,8.738454520546082,8.878711856723237,9.001050804719647],[8.644961612639637,8.05058126722672,8.658641665356173,8.893670960930393,8.623900437270933],[4.91006597691322,9.106370426180963,8.977788932632613,9.094023784512489,9.046900270818877],[1.9359083995621127,8.310172425021998,1.079332044945882,8.202462765226118,8.270858917869278],[8.228573276059718,9.01998799337492,9.139716408810267,9.119388651610373,9.082201194437141],[6.294979676960283,2.696610260543612,6.316309348404156,6.3966900072725235,6.233753635051831],[9.401954951149051,3.532076393288373,9.240761798853798,8.26916310192468,8.22953437372047],[9.351270998992117,6.270547475694914,9.460169875687935,9.377352903287028,9.251216290765598],[2.7746287836733434,5.165158667661503,4.999548622786316,5.2243798968698965,5.212449132870228],[4.122009102095564,11.23416499064547,11.37638306709112,11.217658971985301,11.315087772451477],[11.241016448238822,11.260708481525539,11.12203260912576,11.137540954469548,11.306849852185454],[2.1821426286440144,5.106828002271773,5.116940520027949,5.108813148751605,5.148949777874347],[6.167851241550422,2.0287115513041822,6.300519317853001,6.8180817619691005,6.887845253642992],[5.167695041694776,6.304957532614261,6.329252342182704,6.240933817052562,6.410128381484454],[1.7622593867309224,4.852967337009428,4.836019570515012,4.995529231875236,4.75249092658785],[4.781522667254639,4.602417123945169,4.760651876516028,2.018066317056318,4.840932402023631],[4.731777316726159,4.630804706480355,4.802835345962216,4.940663796085282,4.834247149419145],[5.774822435242767,7.420233746333116,7.436901250930969,7.479698934861297,7.593986697089506],[1.5792759565456198,7.077596502456587,6.556124139456527,6.97539381888544,6.869480492272832],[7.213153763686791,6.974969878946182,7.070731757720586,6.963781470542274,6.9849893786684065],[2.475057131059249,7.52542887391773,7.638953720011818,7.747467453522005,7.566754976252119],[0.5799214067903833,4.099755354099173,3.907852698155725,4.153472463388364,4.107815085278367],[7.490003283535339,7.629689629130743,7.535638352227571,7.536124636143852,7.631364474388979],[5.060260248842987,10.473600134741508,10.445087596834032,10.514986651917166,10.389428778044088],[7.99653041581321,1.4771059140818736,8.00124192590727,8.109089484223452,7.271279995117797],[7.831840145683527,7.36696445928385,7.940812050208612,7.901892170256041,8.060507956135433],[2.5906247571366534,7.344182889251207,7.428551289646732,7.373566425606486,7.2946871450417605],[0.30774870973102814,7.9777203117836475,8.021111101030712,7.938667728166539,7.913470176844525],[7.948421312653152,7.425010791078674,8.015794445706533,8.135449109232473,8.082660720384785],[8.876407408169193,4.263256018133292,9.189765257750103,9.298185175917682,8.982380986370819],[0,4.819737381377581,0.5590875330165848,6.3732632786347585,6.391881426979914],[4.9253731761574615,4.163363020471829,5.078010564035117,4.916227265657659,4.873630071590882]],"times":[[15565,1435,3471,637,1451],[2137,647,1322,1827,925],[7789,4270,1251,1233,2555],[2954,392,2846,351,755],[1780,909,778,1409,700],[3310,5110,1629,1428,854],[2842,327,1179,14,497],[1055,461,2519,474,215],[1757,1239,466,733,508],[2562,433,2620,461,474],[2214,281,777,216,794],[1239,88,75,303,295],[4096,381,1116,1537,231],[4543,697,825,244,1097],[828,689,220,337,145],[2440,311,634,202,129],[1743,545,1662,445,1427],[1270,87,1030,580,323],[1716,302,1233,89,43],[2109,1393,694,880,1898],[2556,676,137,98,1002],[1050,156,831,85,9],[3877,1383,247,612,1483],[1349,865,39,6,555],[1148,273,751,250,135],[2028,421,1558,174,94],[2027,286,766,264,291],[1201,262,667,151,99],[1018,266,1130,260,379],[949,677,435,191,826],[2295,186,337,85,181],[1426,448,1414,81,1632],[1120,366,275,130,341],[867,220,284,218,56],[1789,400,292,851,499],[823,211,177,191,59],[971,115,174,143,448],[1382,639,446,51,453],[568,351,313,92,378],[1520,250,527,5,49],[1122,1194,1106,918,102],[1671,326,210,154,1359],[917,97,344,25,177],[2983,3586,405,819,140],[871,1028,1031,75,433],[743,92,347,86,777],[2495,318,1700,145,240],[662,108,8,242,90],[1334,399,194,50,21],[1927,242,1574,371,295],[766,321,59,42,419],[897,1540,348,204,288],[747,438,571,1208,1129],[1566,708,829,164,344],[1001,216,360,181,131],[2411,284,998,560,331],[1710,92,183,352,99],[735,152,240,341,370],[1044,150,579,453,270],[3493,1176,337,104,128]],