{"actions":[[0,0,0,2,5],[1,0,2,5,4],[0,4,5,0,1],[0,2,4,1,4],[3,4,5,0,1],[0,5,4,1,5],[0,4,5,1,2],[4,5,3,3,4],[0,5,4,0,4],[0,2,5,4,1],[0,1,5,4,2],[0,5,3,4,1],[0,4,5,1,4],[0,5,1,4,5],[0,5,1,4,1],[0,5,1,5,5],[5,4,0,1,4],[2,0,5,4,0],[0,5,5,4,1],[3,0,5,1,4],[0,5,1,4,0],[0,5,4,1,3],[0,5,1,4,3],[0,5,3,4,1],[0,5,4,4,3],[0,1,5,3,4],[0,2,5,4,3],[4,5,3,2,0],[0,2,1,1,1],[0,5,1,4,3],[0,2,1,5,3],[0,2,5,1,5],[0,2,1,5,3],[0,5,1,3,4],[0,5,2,4,1],[0,5,1,1,1],[5,5,5,5,5],[0,5,5,0,5],[5,0,5,4,3],[0,0,5,4,3],[0,0,4,3,1],[5,0,4,3,3],[5,0,4,1,4],[0,5,4,3,2],[0,2,1,5,4],[4,3,5,2,0],[0,2,1,5,4],[1,5,4,5,1],[0,1,2,4,5],[5,3,4,4,4],[4,5,5,0,1],[5,1,3,5,5],[0,1,0,0,0],[0,0,5,3,4],[4,1,0,5,1],[0,1,2,1,1],[1,0,2,5,5],[5,0,1,2,3],[5,0,1,2,4],[5,0,1,2,5]],"rewards":[[7.0457579173859815,7.129883712503174,7.071589858135569,6.163322855540321,5.0627402399673445],[1.3167822223262096,3.6051815818224853,3.312275368905578,1.1160640224598317,4.397904728253281],[7.176746914312643,4.081213227834886,1.402586941489879,7.055316826411344,7.446093791429295],[0.9746970476908163,3.1646855213333165,3.9373656515253264,3.1521041905224902,3.983788074250045],[7.366548846895798,2.6926379211442595,7.216745653465255,3.415379347786451,7.748966997362802],[1.1513134926083928,7.22924838847022,3.0014721908786672,2.9598050122526494,7.2026341118546995],[5.9340126589849485,2.633029584690019,2.3757779080475983,5.426633811230101,3.80753956886986],[4.667485283480786,10.615847724985144,11.242048223606545,11.268152842718722,4.803860022681584],[5.854307059341424,10.43871610230872,4.678692957243997,5.774654368032418,4.492928802016839],[2.7262941855831095,3.280977910402366,4.301035933137246,3.2226932394698196,2.7975889472041557],[5.462218924877424,1.8951485445456202,2.344797043301343,5.657126944246561,5.775413450873872],[2.4648028650251836,2.2232751142558818,2.916250713906255,5.828128238965336,2.8515120838081676],[7.723697270602623,4.21330734328765,4.343865682096232,6.909379629178732,4.492121856708055],[6.291680646687621,1.2587022514579975,0.4041588486280948,6.215489931350217,1.315499078975556],[7.857402602291811,1.418682902377919,6.979114081404564,6.334351625792333,6.715591828711382],[6.696614727124749,8.723083015762274,6.347868931652176,8.5520888246786,8.513766314805723],[0.7408295237238235,3.3111556029573666,3.2632021958969606,0.1268364623207362,3.4707753209963297],[7.628434649691042,6.583028743316755,0.9107531579680992,3.273115084537008,6.684049326258717],[3.906521389666693,2.2839465838328823,2.3476600494106767,3.243143884245199,3.489961311841618],[3.145499365391758,6.38514037366423,2.5957933624088088,2.1255719588863675,7.222979727151543],[3.659290167314939,2.8089421618559927,3.449124079101867,7.265286838657241,3.791522459241235],[3.2776266557255083,6.3230099423140045,5.339653141670883,3.485219380562816,4.789051842197662],[3.636006897786535,0,0.5400001277341457,4.0966853469791245,1.6882227030430923],[3.3780955704528215,0.09584889566897564,1.4276968290616814,3.9681476193879,3.5145291608102998],[1.7714406188669587,4.894252920756503,4.706283047781337,4.741388783361328,3.408899602942504],[7.329130210153029,2.5964015528331834,2.3018815027134183,3.2593855879959923,7.2053889518756975],[1.752213301449488,2.6434971357379484,2.1864604690238445,7.155399713238113,3.250512791516408],[2.638534881204103,2.472119490457593,2.555469886592173,3.3982695239002934,4.81062815174754],[4.218913779960787,4.243980240340712,10.01346597350148,10.041811436541062,10.23573619533166],[4.947904434027825,10.316695127625014,3.966592765455877,3.5946870428955404,10.500389095044305],[5.425419791983297,3.978181473230286,3.8216182803982828,1.2433457050854702,3.34241127648403],[0.7439129375192902,0.31567236513288216,3.0583168197573047,3.1323134736068465,2.9129234081832727],[5.439356683012495,4.014020551391854,3.811124176347299,2.968668545765304,3.0319949670174444],[3.9440969685128033,6.6809827114726685,4.495634424780082,5.520688974580478,6.420805875281622],[2.9817047309916913,8.865329426537402,1.9473020915644568,2.8036889113543073,8.040585973192862],[3.676382018535572,8.948339387767412,4.575462850636949,4.557849441657391,4.570345163442601],[9.3857252547265,9.490740915296795,9.416685675353424,9.284596309774656,9.632054708914778],[3.35032065935622,8.179688895613655,8.184920191265409,3.484395959780988,8.366001805988772],[8.224742535115782,5.243432059689953,8.362309285657675,3.261585928998191,8.269309814999062],[4.2031413564006135,4.273005143437142,5.960461503744275,5.4164748074826745,4.833982145113042],[2.754913745267713,2.895696982500028,3.8644169023957673,10.242805730152767,10.612700291770063],[9.92980232833098,4.170292712850182,3.6451425036162504,10.179561746726302,10.2473959554661],[3.468429779271165,4.789755712785143,3.2314968247004203,5.225630012337676,3.1485108597086606],[4.431889731076688,0.46528726747614046,3.628190454648622,1.4446440973502948,4.446572084939886],[4.869490508681924,3.8051544441183807,5.220097805132501,0.4282444447495929,3.538862843047246],[2.372057194110454,3.4351332440170257,1.9882306735770539,4.64784706511745,6.427985898439566],[1.6222414731600556,1.8547642787291456,6.427957906442781,6.419960764375421,0.67506473983313],[4.866271099095702,6.378660414187295,0.7203491055726173,6.477179900648848,4.9449317257772885],[1.5293219003431702,2.6622243155267844,3.8267859243782727,4.892733500494179,6.55629563431651],[1.9497148091478165,2.2200686807352574,8.974113633800481,9.048641459345696,9.001899472012154],[9.069713369461361,1.8986653602336716,2.0434444446623923,1.4490456474592013,2.814820269692519],[3.354749145761797,5.509220371740182,4.396910984538635,3.5525249528776097,3.6313198390636545],[9.985514725026526,3.1302721782469947,10.174372164041792,10.256004969359806,10.21976585642824],[6.1287268737198985,6.212126046390103,2.813945982256642,3.553728943711811,9.245427041681367],[4.6463762293973785,6.671012351941439,6.688500003481675,4.325165037433944,6.759604536622035],[3.4156259953012436,9.514222095556105,4.343150843532934,9.2376753615442,9.34789793340239],[6.579263251135681,7.132743269198893,4.878701191531178,9.53588615920252,9.448047501165313],[8.119851728647475,5.438801472896895,5.793026625005159,6.64154522207906,6.803348743968354],[5.718345925266858,1.5310996234160035,5.728565038868943,1.6219433493843116,1.2862210748881946],[5.727272376038498,5.612769323109664,5.61144902694504,6.398444104444366,5.715117455982672]],"times":[[30468,1047,1340,1289,844],[1914,546,1290,973,157],[1898,563,477,2759,596],[2172,668,187,1515,400],[1844,392,421,479,477],[2526,245,445,480,399],[1331,564,175,402,10],[1035,417,123,668,323],[803,432,436,354,178],[1251,833,387,290,200],[736,279,312,95,47],[543,81,395,391,15],[1105,175,73,134,20],[361,343,226,555,512],[568,21,152,509,212],[411,165,29,56,468],[1070,376,148,351,16],[400,78,141,130,532],[969,600,4,128,478],[946,294,216,171,167],[350,173,328,357,321],[294,333,242,375,194],[238,251,233,280,420],[319,47,267,179,221],[405,159,256,252,266],[709,242,564,464,23],[446,91,465,53,439],[591,398,301,15,4],[362,459,319,516,164],[895,81,370,89,412],[339,475,177,296,240],[234,17,393,40,286],[553,355,182,328,623],[463,130,453,601,22],[261,277,181,340,273],[447,282,313,169,88],[369,389,136,101,79],[2590,105,348,60,406],[368,426,384,827,808],[1112,174,128,398,223],[454,8,701,1223,36],[808,292,427,127,161],[844,169,312,331,339],[258,40,445,371,266],[261,120,23,28,3],[376,705,28,332,340],[269,29,337,427,100],[835,17,153,167,37],[328,96,158,4,785],[374,322,112,280,181],[287,361,1,108,338],[404,250,535,543,127],[262,440,40,98,143],[258,106,167,243,32],[864,414,187,77,252],[1121,537,569,24,60],[638,863,530,72,218],[880,903,328,568,70],[434,811,248,1529,553],[320,636,1313,512,376]],