{"actions":[[0,1,2,5,4],[3,4,0,1,5],[0,1,2,4,5],[0,1,2,4,5],[0,1,3,5,1],[0,1,2,3,4],[0,1,2,2,2],[0,1,2,4,5],[0,1,2,4,0],[0,1,3,5,5],[0,1,3,5,1],[0,2,1,1,1],[0,3,4,2,1],[0,1,5,3,1],[0,2,5,3,3],[0,2,4,5,2],[0,1,3,5,1],[0,2,5,3,1],[0,2,5,5,5],[0,2,5,0,0]],"rewards":[[0.7394609333613369,5.941721782197057,0.8665042635732996,1.1214099256255792,2.3538866748514318],[6.2107124839902195,5.995327899515768,2.0271216753338566,8.23023253071034,6.899680569819026],[6.137758516632406,2.338621773852192,6.248565143477279,6.509391827135716,7.131174221890834],[5.33748080188329,1.1040188978695114,5.250170737119808,6.755808222722567,6.640404708161605],[3.117119187804976,9.435519062057455,7.167612236300652,8.82081995342886,9.39242663410644],[2.7736886338627778,0,3.5669447420140408,6.211550235284581,5.5810760838138815],[9.881143384647935,3.5764480874405327,10.96911012326241,10.80431066815013,10.824133300661853],[8.401388873484553,2.848628793581371,8.21697769727764,3.957630812860407,4.460864179424518],[8.134327664500368,0.8605164253137954,7.883093401513908,5.1361293111138515,8.123524528291453],[1.9666780471083742,4.8578738597944495,5.497233610905099,8.305807053597068,8.186502512842404],[1.6116273992922852,7.330679547666147,3.1672728197699938,2.886497052849242,7.079995574635823],[2.2766908566955952,1.6086521731894299,6.666427773043764,6.7229755800230375,6.6855649996017545],[4.492227677241494,1.9493220120803967,1.3473451087474102,4.394866715878011,11.969479590313053],[2.0248625428257543,5.5422982171333235,5.533965952867634,3.5747293685456776,5.638574772562439],[5.168323690221579,4.405078765623175,4.149983159231962,5.963114119730859,5.930724017091262],[7.855743273242073,8.716849100608222,5.246771503084484,4.106019507507265,8.590655875099813],[2.6555231565327957,7.378814690665316,2.859885878189454,1.1441389435476101,7.308577197013609],[0,0.5634525319412077,5.365283168983698,3.775490039600648,4.309425027982744],[5.209319961765233,5.111979260531907,8.562912645931396,8.541844343135583,8.56857187545774],[8.489143505981737,8.388747091597988,3.7993379386353974,8.515199157336463,8.225897385316618]],"times":[[35702,609,542,2105,302],[2666,371,2091,489,2109],[2927,370,982,1537,5111],[1172,276,407,1239,893],[2069,275,2490,381,2381],[11012,107,580,622,1298],[709,615,405,2642,3491],[1170,559,1246,2666,610],[784,403,526,2465,828],[686,421,1072,357,521],[15396,800,1068,1086,1617],[1102,389,220,302,235],[584,791,352,1848,526],[718,594,2758,649,746],[610,1514,1334,869,421],[610,927,1792,1021,703],[480,950,2210,495,1899],[1052,1758,2151,1131,1895],[6985,1109,2888,723,319],[1419,724,1137,569,376]],"condition":[["oddneg"],["oddneg"],["evenpos"],["evenpos"],["oddpos"],["evenneg"],["evenpos"],["evenpos"],["evenneg"],["oddpos"],["oddneg"],["oddpos"],["oddneg"],["oddpos"],["evenneg"],["evenneg"],["oddneg"],["oddpos"],["evenpos"],["evenneg"]],"envs":["envs/changepoint/oddneg/oddneg65.json","envs/changepoint/oddneg/oddneg12.json","envs/changepoint/evenpos/evenpos49.json","envs/changepoint/evenpos/evenpos17.json","envs/changepoint/oddpos/oddpos97.json","envs/changepoint/evenneg/evenneg33.json","envs/changepoint/evenpos/evenpos64.json","envs/changepoint/evenpos/evenpos75.json","envs/changepoint/evenneg/evenneg55.json","envs/changepoint/oddpos/oddpos35.json","envs/changepoint/oddneg/oddneg30.json","envs/changepoint/oddpos/oddpos50.json","envs/changepoint/oddneg/oddneg38.json","envs/changepoint/oddpos/oddpos78.json","envs/changepoint/evenneg/evenneg73.json","envs/changepoint/evenneg/evenneg9.json","envs/changepoint/oddneg/oddneg86.json","envs/changepoint/oddpos/oddpos13.json","envs/changepoint/evenpos/evenpos69.json","envs/changepoint/evenneg/evenneg47.json"],"money":"3.01","age":20,"gender":0,"hand":0,"experiment":"noncompositional","instcounter":1,"subjectID":"6111a1563a1ee66375aa174b","studyID":"617b0174ce5353c47cc531c1","eval":[["oddneg"],["oddpos"],["evenpos"],["evenneg"]],"regrets":[[5.173011600971222,0,5.026342391967773,4.851078748703003,3.675283670425415],[2.214876174926758,2.247191905975342,6.1893532276153564,0,1.5357747077941895],[1.0555710792541504,5.021809816360474,0.781285285949707,0.5561513900756836,0],[1.5626416206359863,5.647819519042969,1.6961283683776855,0.051219940185546875,0],[6.259858131408691,0,2.2116284370422363,0.6548233032226562,0],[3.6170690059661865,6.626349925994873,2.982240676879883,0,0.7806715965270996],[0.9345197677612305,7.248300552368164,0,0,0],[0,5.546334266662598,0.15073871612548828,4.374212026596069,3.9293947219848633],[0,7.3417550921440125,0.23771333694458008,2.913705825805664,0],[6.449982643127441,3.303351402282715,2.840484619140625,0,0],[5.603723406791687,0,3.993298053741455,4.273508310317993,0],[5.067606687545776,5.691652059555054,0.5164637565612793,0.5164637565612793,0.5164637565612793],[7.616281032562256,10.304911375045776,10.591740012168884,7.658448696136475,0],[3.7487813234329224,0.05901908874511719,0,1.9026837348937988,0.05901908874511719],[0.6398830413818359,1.4816265106201172,1.6353325843811035,0,0],[0.8043479919433594,0,3.2414984703063965,4.533071994781494,0],[4.713234186172485,0,4.726327419281006,6.455901265144348,0],[6.047058463096619,5.151791274547577,0.34404516220092773,2.0788826942443848,1.5071983337402344],[3.613920211791992,3.7315735816955566,0.28507423400878906,0.28507423400878906,0.28507423400878906],[0,0.006434440612792969,4.713339328765869,0,0]],"maxrewards":[5.97061824798584,8.358359336853027,7.091346740722656,6.856290340423584,9.39840030670166,6.35384464263916,10.887481689453125,8.358494758605957,8.102128028869629,8.308128356933594,7.184087753295898,7.166729927062988,12.062675476074219,5.6073832511901855,5.914103031158447,8.666876792907715,7.3937273025512695,5.735184669494629,8.878067016601562,8.383967399597168],"bestoptions":[1,1,5,5,1,3,2,0,0,5,1,4,1,5,3,2,1,4,4,0],"rewardorder":1}
