{"actions":[[2,1,3,5,0],[0,5,2,3,1],[2,1,0,3,4],[2,1,0,3,5],[3,4,2,1,0],[2,3,1,0,5],[4,3,5,2,1],[3,5,2,4,1],[0,1,4,5,3],[2,1,0,3,5],[2,1,4,3,0],[4,3,5,2,1],[4,0,2,4,3],[5,3,3,2,3],[4,3,2,0,0],[4,3,0,2,0],[4,0,2,2,2],[5,4,3,2,0],[4,4,4,4,4],[2,3,5,4,0]],"rewards":[[5.817935535543291,5.014099363759879,2.1113061899196035,2.322901507441643,4.388359741414191],[0.41580945112278134,0.6945975783186191,2.334304123986198,1.0344228415724703,1.3253270500210699],[3.388119186459764,2.7401977340633246,2.0078878757990464,4.54965114656878,1.881041747498644],[6.096693649116067,7.196581922864531,8.245243381775454,0,1.018689813718784],[3.685752688270118,0.8653141853894546,3.123767221035151,2.0352365447173146,2.0086907879779616],[3.9802750009623447,0.8635545613277497,5.348471300439607,5.684720422400416,0.5507373713228325],[0,7.434234333578432,6.637329431026074,5.082726467236494,5.80493806231936],[3.384737845937737,3.3900699643970817,5.412277792478569,8.830867365133129,6.058168362137098],[9.37688315946591,6.933121398390866,0,3.9280776293663173,3.4997829173542847],[4.363103998089158,4.142921487054954,4.180052710429303,10.405581010853556,10.270073882932342],[4.015222827965767,3.601615060038896,7.150860244918602,3.044298885958203,3.702987672957227],[3.6680218651548855,10.612164041673259,10.286335744635018,6.43476461527514,7.622332272711669],[8.290886837017359,0.87370037792353,2.5342432184049706,8.358717537887122,2.72403155431564],[9.751129265655248,10.295698127450482,10.352463429644791,2.543144445462245,10.150053849626529],[0.7958862520490588,3.2152313161243464,5.300448729007425,7.3812839789826,7.264417167357561],[4.092605421668493,1.0137441014864152,6.2851338896139035,4.15221292694677,6.276910988437888],[1.0829000932741941,5.759754697008757,6.492542818486379,6.70723259260963,6.431760984926607],[4.8088695065136555,0.4487903200664095,5.464343772936817,4.556080667627905,4.110494356414998],[10.404126729070917,10.454735382693471,10.34659625075612,10.393719552934035,10.377023727218205],[4.056343966674697,0.22536980598895373,0,7.778416545767808,6.176173983376245]],"times":[[24932,5128,5282,869,1333],[8198,1597,1363,670,726],[3775,1343,1031,895,621],[3643,1568,973,1334,506],[3928,575,987,383,543],[2732,1083,492,578,888],[43799,507,491,4491,719],[3957,606,820,898,1402],[3563,696,1405,225,484],[1042,891,482,866,1181],[43302,349,754,258,716],[1683,381,261,490,286],[1644,2077,285,574,3447],[2222,541,1394,1677,513],[1859,677,444,373,343],[6271,640,1234,1172,487],[1407,450,571,517,679],[2078,460,1269,874,907],[1065,841,414,405,386],[1952,319,670,150,745]],"condition":[["poseven"],["poseven"],["posodd"],["negeven"],["posodd"],["negeven"],["negodd"],["poseven"],["negodd"],["posodd"],["negeven"],["negodd"],["poseven"],["posodd"],["negodd"],["negeven"],["posodd"],["negodd"],["poseven"],["negeven"]],"envs":["envs/changepoint/poseven/poseven16.json","envs/changepoint/poseven/poseven2.json","envs/changepoint/posodd/posodd31.json","envs/changepoint/negeven/negeven36.json","envs/changepoint/posodd/posodd23.json","envs/changepoint/negeven/negeven48.json","envs/changepoint/negodd/negodd0.json","envs/changepoint/poseven/poseven55.json","envs/changepoint/negodd/negodd59.json","envs/changepoint/posodd/posodd14.json","envs/changepoint/negeven/negeven11.json","envs/changepoint/negodd/negodd71.json","envs/changepoint/poseven/poseven92.json","envs/changepoint/posodd/posodd63.json","envs/changepoint/negodd/negodd22.json","envs/changepoint/negeven/negeven64.json","envs/changepoint/posodd/posodd96.json","envs/changepoint/negodd/negodd83.json","envs/changepoint/poseven/poseven99.json","envs/changepoint/negeven/negeven49.json"],"money":"2.94","age":20,"gender":0,"hand":0,"experiment":"noncompositional","instcounter":1,"subjectID":"611166a41d765e419946ebdc","studyID":"617b0174ce5353c47cc531c1","eval":[["posodd"],["negodd"],["poseven"],["negeven"]],"regrets":[[1.9953622817993164,2.7634153366088867,5.596842050552368,5.5500898361206055,3.428384780883789],[4.443328529596329,4.059770703315735,2.453350782394409,3.7992228269577026,3.506864309310913],[0.9231390953063965,1.5967657566070557,2.4535425901412964,0,2.5390052795410156],[2.120548725128174,1.1131138801574707,0,8.595721364021301,7.464837551116943],[0.9430341720581055,3.4134294390678406,0.9906890392303467,2.2322475910186768,2.2417945861816406],[1.636713981628418,4.898134648799896,0.2647414207458496,0,5.112737476825714],[7.881216675043106,0.14075422286987305,0.8232283592224121,2.297886848449707,1.6771049499511719],[5.413123846054077,5.581176280975342,3.452702045440674,0,2.8500890731811523],[0,2.407360553741455,9.580962002277374,5.4588494300842285,5.809391975402832],[5.722736358642578,6.073226451873779,6.037784099578857,0,0.16061878204345703],[3.18560791015625,3.653557777404785,0,4.224066734313965,3.563842535018921],[7.082948923110962,0,0.2984476089477539,3.9239492416381836,2.944270610809326],[0,7.537704348564148,5.793149709701538,0,5.727297306060791],[0.5163393020629883,0,0,7.828833341598511,0],[6.471742153167725,4.142529487609863,1.969214916229248,0,0],[2.217240810394287,5.104209542274475,0,2.0137972831726074,0],[6.080246925354004,1.3904409408569336,0.7029147148132324,0.7029147148132324,0.7029147148132324],[0.8820390701293945,4.893806219100952,0,1.1008644104003906,1.4272394180297852],[0,0,0,0,0],[3.7263216972351074,7.5285099893808365,8.166887819766998,0,1.4281187057495117]],"maxrewards":[7.87244987487793,4.846562385559082,4.368017673492432,8.37196159362793,4.326706886291504,5.730898857116699,7.5323405265808105,8.895652770996094,9.379697799682617,10.250022888183594,7.263092994689941,10.521980285644531,8.41671085357666,10.326196670532227,7.3054633140563965,6.258321285247803,7.199991703033447,5.539380073547363,10.371734619140625,7.739923477172852],"bestoptions":[4,4,3,0,5,0,0,4,0,3,4,3,4,3,0,0,3,3,4,4],"rewardorder":0}
