{"actions":[[0,5,1,2,0],[0,5,3,4,2],[1,2,5,1,0],[0,1,2,0,0],[0,2,1,3,5],[3,5,0,0,0],[0,1,2,5,5],[0,1,2,4,0],[4,2,0,4,4],[0,1,2,0,0],[0,1,3,5,5],[5,0,0,0,5],[0,1,0,0,0],[0,1,0,0,0],[4,4,4,4,4],[0,1,2,0,0],[0,1,3,5,3],[5,2,0,0,0],[0,1,5,5,5],[0,1,2,4,4],[4,4,4,4,4],[0,1,0,0,0],[0,1,2,0,0],[0,0,0,0,0],[0,1,5,5,5],[0,1,0,0,0],[4,4,4,4,4],[0,1,0,0,0],[0,1,5,3,3],[0,3,1,2,0],[0,1,5,5,5],[0,1,2,4,2],[4,4,4,4,4],[0,1,2,0,4],[0,1,2,4,2],[0,3,4,0,0],[0,1,2,0,0],[0,1,4,5,3],[3,3,3,3,3],[0,1,0,0,0],[3,4,4,4,4],[0,0,0,0,0],[0,1,2,2,2],[0,1,2,0,4],[4,4,4,4,4],[0,1,0,0,0],[0,1,2,5,4],[0,0,0,0,0],[0,1,5,3,0],[3,4,4,4,4],[4,4,4,4,4],[0,1,2,5,5],[3,4,4,4,4],[4,4,4,4,4],[0,1,2,0,0],[3,4,5,5,3],[0,0,0,0,0],[0,1,5,5,5],[3,5,5,5,5],[5,5,5,5,5]],"rewards":[[6.092370493443732,1.9867320624270994,5.819169992397786,4.901462962731994,6.126400315355327],[0,3.1761729929495885,2.441405633248472,0.12370240315668057,0],[5.724831353394446,4.486702085858447,3.217686709773262,5.815437660073317,5.992043578176534],[8.148705524173499,7.011047028480411,7.019456494451811,8.412324174720979,8.292888169116088],[0.48043213614601665,0.9920320109756191,6.305289840839289,5.803243049540463,5.9045570898223625],[5.909990432788398,5.948875065067619,8.084788645926574,8.2154195246036,8.189269342935665],[3.254746787827225,3.970555144879064,4.286674183416823,7.034510899721746,6.981808040882395],[6.902083999489515,0.9644273372693298,7.2227775300633,7.8029017198798485,6.741111215484819],[8.095694170923682,4.156565920896313,3.237399241613916,8.052076228329488,7.971902218499024],[6.3954535385004565,6.018640611347313,4.632896545370099,6.3783956517593925,6.271530887222597],[1.099309636895404,4.505133251537225,4.593092210580043,5.245305868174379,5.345016922980183],[5.404504069157504,6.4542493183105725,6.380363316578418,6.4478292347456305,5.085692816687006],[7.781188981650867,7.6999310207831675,7.669704328232468,7.639576085525654,7.84470049349003],[9.853524611984975,4.143108257095751,9.861070198889276,9.711999286176466,9.79486943670875],[10.269983216325432,10.129422619897195,10.263463628995869,10.331410639070805,10.137716997095813],[8.817847084441034,8.082346510975793,6.66621303000615,8.659691183242197,8.654772034689058],[0.8013429204607195,4.428693451102353,4.3592597575396566,3.6602200185408815,4.235553571665283],[3.6092418146261025,6.772176467049838,8.629270374469815,8.807804336764367,8.608284264734758],[3.0578528530794182,3.219532138167511,5.638640270524659,5.71007335915953,5.764789759267558],[5.060697063851601,2.4014549213205396,4.639493346469703,6.090935311790193,5.908656295043956],[6.098037084721546,6.120177559334346,5.999448113601712,5.94606081776294,5.9007949397436965],[7.8659009344769535,7.801578221802773,7.995204234256949,7.846936529356345,8.110787470121013],[7.98557468641727,2.969363228854212,6.882493052452943,7.915358214989413,7.972057436603532],[7.869815174751107,7.970874189906533,7.9220060968293415,8.02238066640188,7.836697258225177],[2.030118948174001,3.670336321417854,6.99498893357211,7.052976627630349,6.827236886522969],[8.391198675496447,3.697609232135404,8.24646897818182,8.169484626350924,8.062419455659166],[9.046206320447693,8.710237127638178,8.890666282177207,9.008721142676565,8.503044060090295],[5.317899362915114,5.230598309124787,5.343456524269326,5.454152393035236,5.305828996116585],[1.3428475587945115,3.8501931774670477,3.894494856155193,4.050493147482267,3.9728459269771608],[5.250764823433325,3.7745329582095346,5.296222304458719,4.474962750307479,5.3045575189476715],[1.1897344985054459,2.911673607823584,4.700206550174195,4.443906661911715,4.528757000513684],[4.063256169484001,1.599221246893002,5.1504584297575295,4.312776620564158,5.0600456427113345],[4.308631206399885,4.417252329021697,4.356857756534605,4.38312219790221,4.452557088393222],[4.503049127444316,3.415432207962019,5.407122235922926,4.554394200837805,2.153240091766273],[4.341116186806003,1.4087877015619779,4.801785056814419,4.351841893176684,4.978163532189949],[4.592788284610472,2.2361212835130235,4.354718278616705,4.526633967293175,4.452682983923124],[9.101471342945784,7.50728078815928,8.015365522646986,9.1197746785932,9.071759551853312],[2.558062081237818,7.182608779664544,2.6821208172345825,7.6846896607582735,8.326987168575203],[8.490353325584623,8.301356946942615,8.360059770211542,8.38488439763084,8.314063203977058],[8.34287098140598,8.024055429309376,8.343764199870977,8.385460260574312,8.401046369310695],[1.1402730768110823,6.148887881668754,6.354758163295591,6.2769144280328915,6.314129355647319],[8.473723589968317,8.403203612156576,8.435629775727365,8.41141867870179,8.385499955311628],[3.859495145189951,4.4331758239460965,5.3122614912909,5.279614551349442,5.2711644503738375],[7.908163365850589,1.6877247935567437,8.511306800575749,7.723661333458796,7.87061901433014],[7.805111516752455,8.102003582377302,7.882692252624395,8.045979798572914,7.963716972128307],[4.776645103212422,2.61866223511764,4.716458301227118,4.800420640795616,5.108950437614281],[4.031263871998601,0.7148273707923501,3.0125611889687582,0.8827588142533283,4.4154270019252255],[4.85685720072406,4.7132826829532615,4.8894842286130125,4.785553946963874,4.908322131262926],[8.414023937018955,8.487422369495581,4.175427654010224,5.659568284362973,8.433045417001814],[4.763580868453642,10.742195648528167,10.931652374324042,10.989609985722344,10.829868992699517],[10.874334128976832,11.034459635114796,10.793300490387953,10.970831836257792,10.839905724728169],[2.037618022311343,2.416547985134947,2.7231320249145776,4.975894271997823,4.972275927813706],[2.823057952693769,7.399710126527409,7.324131464669303,7.430418813226112,7.22513802622414],[7.157774544007814,7.281554063640603,7.290375344918724,7.312315787810857,7.3815343747430004],[6.179179365003347,4.205318853542305,3.881749075453789,6.194977036410181,6.247151605256947],[4.976860370181836,1.7955659288419124,5.067570595719814,4.859031799784108,4.8914974046047135],[6.244945569691834,6.270171328778908,6.227922524645951,6.28122163075195,6.309103040202892],[0.3864187088323756,1.3797144075444938,5.010236515032342,5.201193998713199,5.097667744287102],[6.26439629303812,6.533020523263643,6.624051855684732,6.594024533750791,6.579224168991966],[6.648635444158615,6.557560776636285,6.431293632808784,6.6974443297762996,6.5928748853646235]],"times":[[14582,2403,1232,1450,1411],[2015,590,949,346,859],[2952,449,7274,4203,305],[4181,632,772,951,423],[1232,413,867,4329,498],[3695,28,214,281,267],[3858,388,465,864,233],[1548,263,242,1157,430],[2603,2672,344,564,218],[2289,154,177,512,110],[1643,322,660,203,780],[1353,717,289,269,382],[1989,257,1226,701,244],[1757,243,377,194,246],[3567,1383,135,357,303],[2185,241,342,451,87],[941,305,685,1164,342],[2583,1412,488,242,229],[794,254,875,196,182],[2615,293,341,1629,478],[3624,280,65,239,314],[3535,257,426,311,233],[1027,213,905,200,142],[1271,107,114,133,159],[1571,96,476,169,264],[933,73,859,39,115],[2819,516,146,223,279],[2085,276,1237,130,117],[26554,483,2373,522,339],[1395,911,331,709,380],[2113,97,306,148,221],[2177,105,827,1485,177],[1040,165,133,117,112],[1169,92,115,864,1510],[2146,144,282,1179,290],[2295,610,356,834,370],[10332,207,589,188,98],[1115,93,789,1233,546],[819,437,248,173,274],[1656,320,739,363,670],[1574,159,837,261,281],[466,190,206,153,180],[2012,156,522,1414,280],[2127,1416,721,1107,1092],[1474,113,236,153,152],[955,174,2049,107,546],[711,49,164,1462,227],[667,166,170,124,125],[2762,260,781,726,1121],[1412,134,572,195,486],[662,421,222,229,270],[1954,309,158,176,206],[1300,119,436,141,260],[959,200,112,203,215],[1333,215,236,281,133],[1352,307,678,333,498],[2363,281,130,85,181],[1632,215,237,139,234],[1198,703,1638,250,287],[1054,645,376,603,564]],