{"actions":[[5,4,0,1,2],[5,4,5,5,5],[5,0,2,4,4],[5,5,5,5,5],[4,4,4,4,4],[5,4,0,0,0],[5,4,5,5,5],[5,0,1,0,0],[5,4,5,5,5],[5,0,1,1,1],[5,4,5,5,5],[2,5,4,1,0],[5,4,0,0,0],[5,0,1,0,0],[5,4,3,3,3],[5,4,5,5,5],[4,4,4,4,4],[5,5,5,5,5],[5,0,0,0,0],[5,5,5,5,5],[0,5,4,4,4],[0,5,5,5,5],[0,1,1,1,1],[5,1,1,1,1],[5,0,5,5,5],[5,5,5,5,5],[2,1,1,1,1],[5,4,0,0,0],[5,0,0,0,0],[0,0,0,0,0],[5,5,5,5,5],[5,4,0,0,0],[0,0,0,0,0],[5,5,5,5,5],[0,1,1,1,1],[5,5,5,5,5],[5,0,0,0,0],[5,5,5,5,5],[2,0,1,1,1],[5,0,5,5,4],[5,0,0,0,0],[0,0,0,0,0],[5,5,5,5,5],[4,5,5,5,5],[2,1,1,1,1],[5,4,0,0,0],[5,4,4,4,4],[3,4,0,0,0],[5,4,0,0,0],[4,4,4,4,4],[0,0,0,0,0],[5,5,4,5,5],[4,5,4,4,4],[0,1,0,0,0],[5,5,5,5,5],[4,5,5,5,5],[5,5,5,5,5],[5,4,0,0,0],[5,5,4,5,5],[0,1,1,1,1]],"rewards":[[4.66540303405865,4.256099554225508,6.6920866833008565,6.268669979799578,5.4818790230007135],[8.66364808745952,3.72355375884319,8.519436717565886,8.568298843124863,8.545244275810228],[4.588321202644403,3.287736817038185,3.247381442764332,4.291613121384244,4.316907453137275],[8.002789814093726,7.934780740591383,8.032590210988015,7.987165349075281,8.19561018269801],[10.081905424450524,10.043316861591933,10.01675249709689,9.921393587893125,10.134198516864705],[7.947538853226928,7.640172039421924,9.030785804495135,8.947672282753878,8.925481253256047],[8.689127343441758,8.078023112643915,8.643238773298581,8.568048747243274,8.524100654023014],[1.669646364998975,5.690359218383534,1.2974225061493567,5.615293030979294,5.679417283671665],[8.431218921993493,8.025402700920612,8.705076629503193,8.647691123365359,8.577372558403004],[2.658155459594298,5.513296546338233,5.6459610410439485,5.490558627019848,5.501780490759368],[7.478142566668451,2.1920520763633777,7.41779900190494,7.483819996015876,7.310267876088073],[3.0721827061869442,2.587686880973844,3.4411016404782804,6.6993746098161555,2.7795029057895295],[2.777158732036261,3.402085378507778,4.611572791205719,4.648944692637747,4.3360796552224175],[0.4521479190735118,2.7462365254334586,0.5087187264692878,2.7656507975510514,2.76206553611239],[3.0231134457674544,3.3360633582403008,3.862948535122879,3.9245056794240347,3.7991259797857113],[5.874958148188417,4.995709201712004,5.79486713100038,5.890559049376771,5.901260542315194],[7.0470759655255835,7.002479071160106,6.9375411500448525,6.927837622939741,6.86324236861503],[5.8652596808460755,5.842622808233436,5.831917272142129,5.758891487516269,5.850135932671786],[1.4323492979398285,5.5049654501254395,5.405395496928511,5.416061056962575,5.257717319155154],[6.015752800731052,5.979225791803787,5.99984582745618,5.970240917389947,5.938813057554996],[1.8206940256142017,1.5882148869097006,3.442737400624457,3.232723290392559,3.243831849024037],[1.2519183862869347,4.574556201499349,4.634401984921674,4.540016409798668,4.599641429442288],[0.6516030959111152,5.884940497712832,5.757172742468058,5.83116466324602,5.897905261707876],[4.673536563097934,5.656254231495391,5.848887048239164,5.750319808835351,5.762744943153144],[4.616524083641707,0.8259697575621204,4.627366603426546,4.675731457332596,4.64458246971574],[5.302013999483517,5.1211126682886405,5.270846328161444,5.079108308978805,5.230136042057318],[0.9319761430117361,5.474319724500465,5.418034236481986,5.557371389937997,5.442659595039152],[2.14527135282996,3.855801749266664,7.522790601878354,7.811023683934648,7.687003820608726],[0.6212187306050607,7.296784351013346,7.35643314265583,7.389378584840334,7.253516167891286],[7.433974790408077,7.355273285956279,7.3603619070758235,7.5038500078709385,7.518629421841481],[5.648449568354794,5.5957611589986,5.648506168073839,5.654284591760644,5.615796843088243],[1.7253148635955944,4.788829716666398,4.115192534613092,4.275534223503556,4.305960427811244],[4.240362220508372,4.321710068301289,4.203044725013638,4.392576079137565,4.302715868696147],[7.14187668366253,7.257610371093814,7.1960322801632675,7.162899768495808,7.258908643642992],[0.7999436213768901,6.325510079465241,6.140684903760796,6.283869290609713,6.2519595296792],[7.101158574954461,7.195552639417199,7.204571733164278,7.285957145724358,7.306716612407353],[0.8581632519445779,5.906745315275462,6.046777840467189,5.769596427892283,5.7424695503963665],[6.52645121757613,6.60321253698156,6.9042418653259245,6.491523045550358,6.6804521797760055],[1.1044007748947446,0.4773402222032768,6.007104250345736,6.1980154396665395,5.897995663196303],[4.433280215884926,1.6620291124814301,4.390787820603565,4.453623507326347,3.5145969974979976],[1.5496720700159754,6.703635559892902,6.5803409958555035,6.685058845569104,6.715735176327533],[6.712623621041963,6.760392677515349,6.776406357003216,6.605810966010523,6.750578294572557],[7.25025349091515,7.21285960095894,7.1931262159706115,7.12778167689952,7.065152424141001],[2.4671236672790586,8.428830612967053,8.104849651165239,8.306160151679169,7.993191517002452],[2.0695923232149425,8.234664387702534,8.180402907817012,8.188367454554568,8.05647678608025],[1.5681088985229361,3.083473144568152,5.073769461027225,5.216945165641011,5.065899606365954],[1.9403537340121655,6.736575303584596,6.571278607709557,6.73275808179232,6.792789892504588],[2.8530848646682467,3.291648407951987,6.224307315199234,6.206008050144839,6.302492867650466],[2.5337693704688524,4.03494984956903,7.466479425049194,7.307387234222731,7.337992942676939],[12.455883039088558,12.382712696588875,12.323553997097308,12.457829868265787,12.359282647312108],[12.743107430922613,12.820696048041029,12.742608742344933,12.605149474242232,12.817739247714716],[7.672670838787095,7.649486788625129,6.65951163419674,7.482973068200034,7.7983819857470476],[7.782043672323618,2.0524116097900165,7.881277722840078,7.688536352784993,7.67850955405462],[6.329408439923238,3.174224484769365,6.327996736903562,6.397664932371796,6.333964914425941],[8.090129555626055,8.254104683879852,8.452217214196132,8.283954938912045,8.43296916941573],[1.8607032202781517,5.246111289581134,5.072829662957197,5.16843596220605,5.247123602379478],[8.214009296425221,8.219027060005903,8.147062101074622,8.247843708885364,8.356029768288275],[3.0936874393692695,3.318817375308996,5.443325139401143,5.396476076712149,5.412279541514703],[8.462787434247275,8.603797688681858,3.5412208887354195,8.62898243447944,8.583434495161969],[3.479742384079715,8.578973733510026,8.76597110505372,8.784349759713203,8.64231887297141]],"times":[[24456,3440,7010,11226,7232],[3968,2960,413,1034,1674],[8777,8035,1186,2010,1467],[6833,1464,3987,810,1068],[2372,1011,1052,1058,1315],[4279,1489,2017,1045,594],[6050,2211,1483,417,562],[1338,2610,2059,451,1572],[2881,1978,402,387,354],[5540,1695,1306,3582,549],[2967,1154,2817,506,437],[4156,1290,883,3480,2244],[5458,994,1923,1314,626],[1189,2098,1202,2545,628],[5643,1579,1849,955,451],[3511,5736,512,475,496],[3903,787,506,483,489],[1539,2697,386,378,377],[4463,11273,610,746,579],[4052,666,618,595,601],[1354,1762,874,1897,570],[3348,818,572,320,211],[1676,5481,443,331,409],[2926,3825,506,411,338],[2689,10392,571,337,316],[4260,954,402,347,265],[3286,6011,344,284,378],[6359,1050,2338,489,348],[4555,393,339,241,363],[616,339,274,330,474],[4568,2561,370,363,401],[5634,1184,733,530,332],[1925,819,328,346,363],[4518,466,353,435,683],[2419,1387,1001,338,332],[1210,324,250,299,378],[1503,1907,818,329,274],[2901,576,299,267,201],[3581,2274,377,331,250],[2658,2201,571,162,577],[4641,1522,370,290,411],[638,290,274,323,441],[2732,481,211,258,539],[7257,467,380,1250,568],[3513,2490,370,378,547],[3782,819,1218,411,234],[1520,817,875,370,251],[4046,3665,1361,620,433],[2850,922,1290,410,371],[5443,385,890,1073,620],[1816,377,298,322,354],[2328,1107,521,307,314],[2541,961,267,194,130],[1564,1506,394,290,371],[1654,754,497,435,498],[2454,369,418,314,322],[1284,426,218,354,394],[1324,347,1020,338,243],[1010,693,1297,323,2026],[3412,90,171,66,74]],