{"actions":[[1,4,4,4,4],[1,3,5,2,2],[2,2,2,2,2],[1,0,2,4,4],[1,2,0,3,4],[4,4,4,4,4],[1,4,4,4,4],[1,4,3,5,0],[4,4,4,4,4],[4,1,2,3,5],[4,3,3,3,3],[3,5,5,5,5],[3,5,2,1,5],[5,4,2,1,4],[4,5,5,5,5],[5,4,3,1,1],[4,5,3,2,1],[5,3,2,1,1],[4,4,4,4,4],[4,5,5,5,5],[1,1,1,1,1],[1,1,1,1,1],[4,3,5,1,2],[1,2,4,3,5],[1,4,3,5,5],[5,4,4,4,4],[4,1,2,2,2],[2,2,2,2,2],[4,1,1,1,1],[1,1,1,1,1],[1,4,3,5,2],[1,2,3,4,5],[1,0,1,1,1],[1,2,2,2,2],[4,4,4,4,4],[4,4,4,4,4],[4,3,5,2,1],[4,3,5,5,5],[5,4,1,2,5],[4,3,5,1,1],[1,2,4,3,5],[1,5,4,3,3],[1,3,4,5,2],[0,1,1,1,1],[1,1,1,1,1],[1,2,4,3,5],[5,4,4,4,4],[4,1,5,3,5],[4,4,4,4,4],[1,1,1,1,1],[1,1,1,1,1],[1,4,3,5,2],[1,4,3,5,2],[0,1,5,5,5],[4,3,5,5,2],[4,4,4,4,4],[4,4,5,5,5],[4,5,3,2,2],[2,2,2,2,2],[2,2,2,2,2]],"rewards":[[5.285421093774516,8.17291642460675,8.179230331815484,8.04183725797822,8.047221115632825],[1.9572143887395703,2.0202011310476036,0.6962253166453631,8.44412805997921,8.502772724999463],[8.44800201847049,8.44216477625938,8.54789699489714,8.664348903105584,8.48086481186558],[4.022634626282654,3.7201214857453535,5.904196947414755,7.593059474471216,7.931309418986847],[2.4375790001038307,4.797723489725523,4.569836858549225,2.1216084663481576,5.932476211563676],[7.83230143355851,7.759919471791376,7.962179060018243,7.824776482490062,7.758723313388417],[5.346263223837292,8.526020040890401,8.628022138818082,8.324948293981201,8.2478898229638],[4.627428573018032,1.253588650472005,3.832675303659281,4.591466178662316,0.8072294541973204],[8.52155095075748,8.326749812533476,8.43848124054601,8.54561290016873,8.577379750514462],[6.643202714706096,5.124112318054934,5.464632796670891,5.288153995723735,7.10952587851025],[5.69185840056163,11.157009031043767,11.145319976186132,11.13076956091035,10.978698136179835],[5.408306997097892,7.265843709832527,7.133767448963282,7.426522315995989,7.17290928520912],[6.293481845839857,7.955540249450923,6.4124962963752425,5.005472904186713,8.00212315452941],[0.30815288163460497,7.871357535315129,6.744167174527254,0,7.555176210325722],[7.123857187588024,7.886874161743051,8.203139924548434,7.83770718705877,8.16498452418414],[4.531196614159266,4.868210052970946,6.130581304602099,7.827456055651621,7.922971324357888],[1.8243099232592703,8.377373836110648,8.44321893810039,1.9696642762756542,7.922254729275962],[4.542500817508629,6.308614853081986,1.8693336202616706,7.764163253656299,7.92987943288146],[8.659319918179126,8.51937730935395,8.610422332677233,8.573586553217273,8.495210558900098],[0.9903094067847168,7.106424734363455,7.247550076092878,7.17415866506263,7.308317114850731],[8.345725930857798,8.254816659356283,8.225931423252138,8.265568951602624,8.003077416950024],[7.732302788464995,7.919503913519833,8.146558902678816,8.056779796446584,7.979615664499667],[2.977034175094523,5.806923430251089,5.95716180691822,5.382571062901819,2.9038647147522707],[5.390862638710109,3.1117956958448185,6.179272995216811,6.627124071596982,4.858816767965599],[5.780210739570076,6.592056332184549,6.754247845349969,7.198505277247937,7.093211381564797],[2.4762546675809474,7.469786568630756,7.547495800301918,7.502262700008357,7.453757545701033],[6.687637811163719,3.022912706206193,8.064859164555369,8.035970691989899,8.087204296910107],[7.138015280066245,6.968330788064991,6.898896012313987,6.91324314616912,6.9393335857187],[1.3685969574336985,7.846510668474096,7.918609177797743,7.647646626786331,7.806199824601167],[7.67686122920808,7.770323040263623,7.7066308952817835,7.72690978322719,7.940143516147173],[5.889333389205254,3.7411424254523755,4.603453128484532,2.149872833785125,5.343522726177455],[4.076273950601406,0,4.633116746607409,0.418996844482539,4.937317464091687],[4.212082015343896,0.20143203374567709,3.9553354306990616,4.238725210597938,4.1866351854444686],[6.487826470670258,7.4710715352554224,7.208104904478221,7.221958510370375,7.096078398707591],[7.194024208457079,7.182505288159995,7.012742818972139,7.23325270309256,7.094392324889917],[8.521806923879602,8.563764443649134,8.628991318359231,8.672604440906586,8.563093898675804],[6.155760847788317,4.361890574915872,5.18714375574173,3.8293997525326855,3.810258835150046],[2.8883878725338934,6.819875836281412,7.712791998514806,7.889200996333094,7.836954669617002],[5.254517306845773,6.202738395960557,6.935714318529234,2.0439356380430986,5.155587314384045],[4.906642710046932,6.014744262676048,4.0913170376198735,7.346502863718198,7.348022752953124],[5.0973202460753715,1.0518808508725224,0.44816540195790083,5.249389346852378,6.202150425838555],[5.006027356205266,4.216261915794246,4.914710338601932,5.964764789787281,6.036886777734409],[5.959663978365621,4.9117374129644675,5.4118873934204785,4.714325984761434,5.334984555899728],[4.28887710396482,9.85142303225993,9.928363931276776,9.886656667291446,9.838601033970434],[9.84219440650047,9.821363422130474,9.879849573855608,9.961254399029933,9.763962263250496],[1.8921856954513132,2.117865074488145,3.9269559200396804,2.8787446217258976,5.9672107277757425],[3.8837202756922586,10.385302203369275,10.420454486885829,10.390725684208206,10.357058438631942],[4.003773822982347,3.765517382684213,6.154960026682252,2.836173190241179,5.608296754737761],[7.246973571523046,7.088415054020835,7.198390139030905,7.279020809345371,7.1205441827045135],[8.23511127176162,8.127760202764753,8.15875044448075,8.25390392861245,8.29610754247833],[8.326915324335046,8.24641876913184,8.444977725033757,8.31047982736846,8.137653215499737],[4.159655450112389,5.391665323182787,4.464302364350119,6.298486944728166,4.825479691199561],[3.0633144321097783,0.44143306702194185,3.452088559573502,3.200762592670672,0],[0.06590909515004564,3.124617711479618,6.3242032211307135,6.188777795908949,6.227831132764885],[5.65719932559045,6.101130131139865,6.437498706010615,6.591189009102444,3.9457512406185407],[8.905763569025563,8.863940640701331,8.98449757016885,8.791108273727252,8.834704752783853],[5.782062178263397,5.857554406582043,6.502385913554221,6.299022682968962,6.339889435333673],[5.4705349771536635,4.029496574708965,6.666504661068009,7.6566234395426935,7.715976002820734],[9.10817648057178,9.059398370927603,9.234453569078456,9.230076192419615,9.198670831463312],[8.979119766422237,9.206059561529038,9.064289799206176,9.08391655174741,9.432280451927701]],"times":[[42273,2626,2718,3658,639],[4569,808,675,1208,777],[4349,4030,531,519,691],[5596,1033,564,4321,392],[2185,448,357,723,448],[1902,477,197,238,286],[6248,1423,392,417,323],[2607,1067,193,315,560],[2608,282,167,104,90],[3876,482,345,572,911],[1994,423,399,281,310],[1726,406,311,983,194],[7878,485,1161,495,509],[1550,437,879,585,377],[1999,479,331,108,201],[3492,310,284,2031,617],[2655,187,1259,948,171],[2459,385,992,175,540],[4743,364,440,161,278],[2441,114,306,53,20],[1852,396,87,393,1],[1565,458,671,177,627],[1749,401,359,1047,325],[1717,839,48,734,206],[1620,611,217,310,258],[1073,443,662,346,103],[1061,875,68,347,389],[840,363,644,388,252],[918,411,183,80,10],[1058,292,153,14,454],[840,168,106,141,1068],[756,584,196,64,140],[863,967,955,413,280],[2441,459,346,348,278],[1102,320,535,40,33],[584,254,457,388,76],[675,441,66,471,395],[695,394,484,222,28],[640,710,689,636,1148],[1865,130,506,118,241],[738,140,1377,170,469],[466,379,573,257,305],[1233,403,273,16,541],[696,290,342,224,189],[425,164,201,177,302],[537,318,3415,220,443],[1344,224,401,163,215],[1593,450,516,939,209],[1790,276,125,27,74],[1026,279,275,56,83],[733,99,65,103,14],[861,204,100,526,1019],[1358,939,214,452,229],[877,736,1474,109,80],[1772,670,13,396,1433],[1197,276,22,24,6770],[754,266,23,179,70],[1378,194,81,792,287],[1276,215,145,646,38],[357,190,166,163,476]],