{"actions":[[0,3,2,5,5],[0,3,5,3,3],[0,1,1,3,2],[0,0,0,0,0],[0,2,2,2,4],[0,5,4,2,4],[0,4,5,2,2],[0,0,0,0,3],[0,2,5,4,2],[0,2,4,5,0],[0,3,5,4,1],[0,1,2,4,1],[0,4,3,2,2],[0,2,4,4,4],[5,0,5,3,5],[0,1,5,3,0],[0,5,2,1,0],[0,3,3,5,5],[0,5,4,3,3],[0,5,5,5,5]],"rewards":[[3.731579829698017,7.993770661817372,3.9747712308509815,9.375625212902648,9.24564144602775],[2.92482933016201,6.0800424953377386,5.077779882118264,6.1794193579001035,6.245574505801019],[2.4212936584929103,6.879872373646367,6.895379231832997,4.345855830320842,2.280521774949521],[9.627248603265835,9.78484643863435,9.640730713126537,9.704525430568557,9.469558119057147],[9.418588206477397,9.507200077810346,9.57976561913032,9.6161570279719,3.7903732441068527],[0.9883768669579085,4.857276852942928,5.547073713205378,0.9215790131134517,5.730158014459539],[7.691834131691358,4.5207353200789075,4.95299896359192,7.547863337453496,7.432906336820895],[10.389429652520057,10.604338033722492,10.747018882642722,10.648061374246975,6.3612245484279475],[6.418648817602944,7.279075954050254,4.49040064043234,4.064314476515894,7.366846991784798],[6.0141134888987455,5.622807680889156,5.009573941960892,4.430071676186685,5.984845785298712],[0.38634765728365644,3.061118579909983,0.9127760272688547,2.354189153902617,5.943820049874714],[0,4.334686040548287,0,3.746337888491211,4.150836939355192],[8.134458625951188,6.274507606354902,6.592500984732577,7.242009087538384,7.356516417075188],[0.34779594344424697,0.2472831014632376,4.738265382074564,4.625631383887605,4.68517440957878],[7.022524668702594,2.859780805632462,7.014084315770081,5.030211535741751,7.253572853806268],[6.623688035096644,2.3406502306266974,2.867829534718985,4.8943809955727025,6.6277569893581],[7.078129370589963,0.7592747216162694,7.243584805282013,0,7.251418690968057],[3.2048019243250314,7.876203825426495,7.743066762933443,9.803057568015669,9.623295293620208],[0.4026639596691516,2.81645572930898,4.225084576132552,4.924585405937713,5.088375632282865],[0.24846637193082166,9.52452443853882,9.483530492759265,9.681117667894336,9.849531037966116]],"times":[[55169,3231,6853,1175,2857],[10384,561,609,1624,412],[2352,658,578,888,3112],[2824,675,508,805,721],[4544,1564,1257,333,1453],[4896,1332,688,1384,972],[2760,651,305,1642,1253],[2033,855,557,577,956],[2688,844,773,787,920],[3296,333,457,96,374],[2328,914,682,336,366],[1800,338,567,186,1030],[2735,1565,1640,524,518],[3080,910,287,337,292],[1296,330,442,395,924],[1600,380,778,1021,385],[5664,638,1565,1293,377],[3096,1232,403,491,390],[1768,593,657,1096,1512],[17313,471,314,214,290]],"condition":[["oddpos"],["oddneg"],["oddpos"],["evenpos"],["evenpos"],["oddneg"],["evenneg"],["evenpos"],["evenpos"],["evenneg"],["oddneg"],["oddneg"],["evenneg"],["oddpos"],["oddpos"],["evenneg"],["evenneg"],["evenpos"],["oddneg"],["oddpos"]],"envs":["envs/changepoint/oddpos/oddpos92.json","envs/changepoint/oddneg/oddneg0.json","envs/changepoint/oddpos/oddpos19.json","envs/changepoint/evenpos/evenpos63.json","envs/changepoint/evenpos/evenpos78.json","envs/changepoint/oddneg/oddneg61.json","envs/changepoint/evenneg/evenneg52.json","envs/changepoint/evenpos/evenpos25.json","envs/changepoint/evenpos/evenpos4.json","envs/changepoint/evenneg/evenneg98.json","envs/changepoint/oddneg/oddneg15.json","envs/changepoint/oddneg/oddneg56.json","envs/changepoint/evenneg/evenneg58.json","envs/changepoint/oddpos/oddpos93.json","envs/changepoint/oddpos/oddpos66.json","envs/changepoint/evenneg/evenneg11.json","envs/changepoint/evenneg/evenneg42.json","envs/changepoint/evenpos/evenpos94.json","envs/changepoint/oddneg/oddneg53.json","envs/changepoint/oddpos/oddpos14.json"],"money":"3.07","age":20,"gender":2,"hand":0,"experiment":"noncompositional","instcounter":0,"subjectID":"611873209c1eec683774d543","studyID":"617b0174ce5353c47cc531c1","eval":[["evenneg"],["evenpos"],["oddneg"],["oddpos"]],"regrets":[[5.6658546924591064,1.5448169708251953,5.4802470207214355,0.2271556854248047,0.2271556854248047],[4.3392493724823,1.1276731491088867,2.097834587097168,1.1276731491088867,1.1276731491088867],[4.679819822311401,0,0,2.5102930068969727,4.753480434417725],[0.3570060729980469,0.3570060729980469,0.3570060729980469,0.3570060729980469,0.3570060729980469],[0.26760196685791016,0,0,0,6.09470534324646],[4.98975396156311,1.2237672805786133,0.40709543228149414,5.128599166870117,0.40709543228149414],[0,3.3528785705566406,2.9011707305908203,0.2687416076660156,0.2687416076660156],[0,0,0,0,4.245119094848633],[0.692692756652832,0,2.7062716484069824,3.2250194549560547,0],[0,0.3083925247192383,1.04445219039917,1.5469393730163574,0],[5.621249794960022,2.9990837574005127,5.2037577629089355,3.6648519039154053,0],[4.827181905508041,0.33126401901245117,4.868685156106949,0.8709585666656494,0.33126401901245117],[0,1.7485804557800293,1.3868989944458008,0.6635293960571289,0.6635293960571289],[6.875996977090836,7.1710682809352875,2.592646598815918,2.592646598815918,2.592646598815918],[0.9042196273803711,5.017214298248291,0.9042196273803711,2.7464685440063477,0.9042196273803711],[0,4.268616676330566,3.730340003967285,1.7415533065795898,0],[0.11922550201416016,6.335052788257599,0,7.863307952880859,0.11922550201416016],[6.501482725143433,1.911707878112793,1.911707878112793,0,0],[4.768001034855843,2.158661127090454,0.7946467399597168,0,0],[9.248173266649246,0,0,0,0]],"maxrewards":[9.563898086547852,7.251616477966309,6.931198596954346,9.935517311096191,9.612478256225586,6.086050510406494,7.749056339263916,10.62481689453125,7.246630668640137,5.954105854034424,6.102086544036865,4.639047622680664,8.0310640335083,7.2834978103637695,7.92950439453125,6.539308547973633,7.284306049346924,9.727662086486816,4.962287425994873,9.563997268676758],"bestoptions":[1,1,1,2,2,3,0,0,2,0,1,3,0,1,1,0,2,5,3,5],"rewardorder":1}
