{"actions":[[3,1,2,5,4],[2,1,4,5,5],[1,4,0,3,2],[2,5,4,4,1],[2,5,0,5,1],[1,2,1,4,3],[5,1,4,4,3],[2,0,5,2,4],[3,1,4,5,0],[2,5,0,5,4],[2,5,5,4,5],[5,5,5,5,5],[5,4,2,1,3],[4,0,2,5,5],[5,5,5,5,5],[5,5,5,4,5],[4,0,5,2,1],[5,1,4,5,5],[5,4,5,0,2],[4,5,5,5,5],[4,5,5,1,5],[5,5,4,1,0],[4,3,2,0,1],[5,4,1,2,1],[5,4,5,1,5],[5,4,1,5,0],[1,5,2,5,5],[5,4,2,1,2],[5,1,4,2,5],[5,0,1,5,0],[4,4,5,2,1],[4,4,4,4,4],[4,4,4,2,4],[4,5,2,0,1],[1,5,4,1,0],[4,5,0,0,0],[1,2,5,2,1],[2,2,4,1,3],[4,5,4,1,0],[0,5,5,5,5],[1,1,4,0,5],[4,5,5,5,5],[0,1,4,4,3],[4,1,3,5,4],[4,4,4,4,4],[4,1,4,4,4],[4,3,0,5,5],[4,5,2,5,2],[2,5,2,0,1],[5,4,4,4,4],[4,4,4,4,1],[3,3,4,4,0],[4,5,2,2,2],[2,4,5,4,4],[4,2,0,1,3],[2,4,5,5,5],[5,5,5,5,5],[5,4,3,2,0],[1,0,0,5,0],[0,4,4,5,1]],"rewards":[[7.726837499870628,5.513498629682961,6.602928657460192,9.49300506322552,7.996770516289483],[2.432650575665378,8.143126085194249,3.1648338998461782,8.374463268950626,8.109919575426417],[5.593437113944379,3.16146826592991,5.281881446288719,8.133847642728654,6.609526259932167],[5.889613382154432,7.948181812319333,7.429236277846243,7.368323315031395,5.661358437198265],[2.084570546260076,5.9810595606770605,2.6699478793491025,5.914279240337425,6.5080927251971215],[5.535212180511531,5.64389598569173,5.460905386135599,3.081692275070885,6.011875984804416],[8.473457096422608,7.1175691009981685,8.84493621809268,8.819766483062773,8.589016326360676],[3.8050407659555088,3.495289795430531,0.9458030301824508,3.5811405261479323,3.3715701730141245],[1.9471990354468476,7.088247775143543,3.247639738624296,0.8034205328567607,5.046377497463281],[5.5660702804441415,8.539065488706635,4.231549388059418,8.375126679421461,7.600030250232807],[2.372505935251846,9.93689861075528,9.729115221235503,3.190446643931204,9.774240847116834],[9.850819587598444,9.892063257562674,9.92420045098111,9.85976328613548,9.795553375619967],[0.37558337674335474,2.320747108387314,4.149041690046561,5.222432999805385,2.501445960999465],[2.3516306047858957,2.639745523331589,2.299218243841283,9.046952823844906,9.217978032586235],[9.238405086544677,9.124580763059752,8.98443225345738,8.965656216733636,9.33321506855792],[8.337764551544064,8.329908538939687,8.214164308204673,7.317910726441606,8.404783653238663],[3.2306100949254186,3.1267082026112547,6.996869195255481,3.105708364158085,8.473827782751407],[7.073137758551145,6.356156789303711,3.029043845860405,7.099251469848068,7.16397978936915],[1.5170988110876624,1.645529957831517,1.6423606849839683,5.707286306939639,3.285893826612077],[1.3572463042873704,8.502327545342116,8.517284215186326,8.473496894504839,8.472972519803122],[1.5675613397395247,8.394572732657235,8.605730007610488,4.470353158178835,8.804884509783305],[1.155202114304407,1.4249215679790472,2.1270082787393703,4.604685966144474,4.3566819606906435],[1.4602674410321113,6.872245655686926,1.6609631688125521,1.7398138221288106,6.638094837013324],[6.204352770731404,1.695482847087264,4.799419422164289,2.5124330468870766,4.829802969183758],[6.0466482016410925,5.490231661587567,5.95313589685515,4.219435273794387,5.979455065692801],[6.060406950169713,0.9556071004200801,7.118051701034798,5.943809669186022,0.7825783500319479],[4.371472614466879,5.960299215521779,4.38798242922954,5.820408807075833,5.921098137008087],[4.537174913308388,4.775160185341393,2.6584583339904455,1.824602503161429,2.9246812620080256],[0.7196820526192822,0.6296976118434249,3.978206082159519,5.14064102304684,0.47651835846458207],[0.5294643101670773,1.6927219525956638,1.862602366910799,0.6003943689639922,1.6255496125630564],[7.984781633866528,7.869325613532232,7.670887054741794,5.467777877343282,5.535069148189955],[9.8597717412304,10.06283992941924,10.073424075045555,9.901376421477842,9.840016945914055],[9.99494598474161,9.957916799897474,10.023073372979702,5.307543825845259,10.091020515331305],[4.052535633525771,2.573277544011371,4.700713024101769,5.1352735776358065,5.221667157147711],[4.014000409233573,4.107314832004658,0.4513357992486996,4.163509457199206,1.3922694061110386],[0.2679866254111887,4.089506415892222,5.201162656231901,5.277128233006396,5.140613112216242],[3.928550686871481,4.0871091353612785,1.882730499564253,3.9003077962608894,3.892164126912545],[1.8059694631320902,1.9512543171029122,1.9483926049164635,6.587461434214378,5.837638597747588],[2.103702238693181,6.414892756003673,1.9253309382999435,3.824331765565819,5.594369995395453],[9.931056753260732,4.583938872480923,4.428183310097131,4.60065487090064,4.655689187981347],[6.1584813032319445,6.0801845622305715,2.435538335267692,2.2847805215867933,6.795627026299507],[2.3289251725204765,6.771884964750865,6.662905398510942,6.628818146377013,6.771143940547346],[2.7842841168748107,4.070228325348348,6.975496110166461,6.952332647771663,4.968406814701927],[10.139489782041354,2.9682453240741564,2.949104314303195,3.7012459431231046,10.165336869040344],[10.293785000680778,10.111286140677409,10.13642604975137,10.063368418117111,10.301065270034584],[8.450476553329963,5.274024619766942,8.381538935968186,8.411354287444189,8.496833506675461],[1.2692654169920747,4.675757551898459,0.41512088980364414,5.503665185545585,5.359538294547085],[1.17362914409442,5.373490221022559,5.9513168750880014,5.1701726112752695,6.017348102361477],[2.3304857349466404,4.0403713668147265,2.373405289727073,2.276635825555952,2.855690900391258],[1.316942826836437,8.773107958395752,8.842727602012697,8.704464579975417,8.624517993361307],[8.648557628335594,8.787222291147064,8.856882754170476,8.775989633964809,2.921831124343601],[3.2425099580743852,3.1837275105591085,4.578083743374659,4.597642027390503,2.4693708186964254],[6.288041990467794,2.640366837715476,6.985179176685056,6.7894192062306775,6.779598604173387],[3.655912702470164,6.432757072001723,2.715739315340032,6.525521884328013,6.2858906709835125],[4.778932592188405,2.8066772092768897,2.1354086709133466,2.563618797221719,3.4727328722283257],[3.990209056554366,4.535718756462035,11.081329881974117,10.907792827190535,11.039276060086992],[10.921636255739475,10.903524332248598,11.040619156209868,10.89983892868969,11.033745240836268],[2.7739928005308343,3.2581482563868067,4.0195552900883165,4.649326794546849,5.138900901714484],[1.495456823903658,6.036959179074844,5.953623392639486,0.7041463058278526,6.122834335523146],[5.307378097353037,6.045818350129013,5.810638895878461,0.8788680458153874,4.588597533819744]],"times":[[30636,1697,1906,1510,752],[1276,366,346,324,330],[1679,332,1206,822,1155],[684,250,410,245,2174],[1094,246,707,394,402],[581,183,381,451,816],[594,255,127,230,394],[447,111,0,719,1171],[510,154,447,675,1049],[681,403,1392,450,480],[442,122,252,140,151],[479,74,592,380,1243],[1322,949,203,228,632],[1174,38,311,314,276],[824,147,92,155,615],[807,228,37,400,431],[653,116,35,154,1365],[297,1,394,388,403],[767,23486,402,148,108],[1033,574,322,113,997],[556,106,288,1134,577],[1495,29,199,8,17],[422,441,312,482,30],[1017,386,449,374,285],[451,148,64,359,82],[860,940,164,110,32],[276,47,412,16,388],[482,219,355,69,204],[306,141,247,155,398],[392,144,305,253,223],[542,361,26,17,7],[320,158,75,112,561],[548,6,413,641,175],[642,44,502,1248,222],[237,269,185,256,502],[365,617,1102,229,67],[251,164,334,81,391],[372,166,104,52,1129],[515,134,394,69,67],[560553,214,303,211,539],[453,212,5,29,257],[391,203,93,301,332],[342,36,211,316,334],[573,29,10,313,381],[339,56,289,353,44],[610,225,342,399,302],[4316,315,185,288,262],[390,4,384,51,345],[359,266,356,376,125],[904,36,296,61,435],[412,17,109,229,324],[615,27,174,257,104],[428,115,306,34,137],[378,63,324,343,316],[395,389,144,401,281],[650,347,334,285,5],[370,272,44,11,333],[607,336,415,93,234],[280,219,183,177,134],[516,80,66,345,29]],