{"actions":[[3,0,1,2,5],[0,1,4,3,5],[3,2,4,1,5],[0,2,3,5,4],[3,2,0,4,1],[5,2,3,1,0],[2,4,3,1,0],[2,0,3,4,5],[4,5,2,1,0],[3,2,0,4,5],[1,2,3,4,0],[3,4,5,2,0],[0,1,2,4,3],[2,0,3,4,5],[4,2,3,1,0],[0,1,3,2,5],[4,2,1,0,3],[3,2,1,0,5],[1,2,0,3,5],[1,0,2,3,4]],"rewards":[[3.206546376100901,8.606269946717719,7.405107361907933,6.0389849239402915,4.2537536038342765],[2.205387567719068,1.6108629100001541,5.021181242122525,11.426017232284922,12.958250124286524],[7.646641161845571,7.4394702790638005,0.38550617469701565,8.458018604598674,7.985222813525983],[4.155422136732365,5.006920126360139,6.716124122683864,6.045551435652636,1.6148851197314995],[0,4.0982832999772825,4.360737564807254,5.237351948543674,3.598391584340325],[0.4868161985238295,6.713514148650536,1.1566849996491608,5.324502598239821,3.6929272327729956],[2.7964787465613297,0.6278433734233967,5.746091719552307,1.5070114966929746,1.759549626432011],[7.476815905477296,9.788458323685962,7.738691533439068,2.119938699996125,6.869618931615564],[7.40205765509603,0.16960859133360565,3.676272502449248,4.9229577178050095,6.352793518912588],[1.8061994254573779,3.091132227531712,5.110604114792431,7.147237835602593,2.4351447256397543],[3.4491298624415356,4.0078312445119195,1.5053408835635913,3.9686227091644772,3.4011975090694317],[9.793593448120905,2.2041926292254836,10.021402902355778,5.352593836161539,6.597620376959212],[4.796178580975066,4.530625885630071,3.6067387479123276,3.4242063010684394,1.3933097246741393],[5.847865078838652,4.588817135883336,3.7940905489257433,11.083021759966135,4.603950516016203],[2.3184354757266177,5.792685641079292,9.396091631597942,5.093107442702443,5.1560961457307055],[5.206759726998788,4.972559388604279,1.3361767623744036,4.3755805567594095,2.2189341198177988],[0.9966331173286133,6.580043153195392,6.365011142727542,5.89634979179395,4.526289809952448],[0.0894821835779403,8.170532624560467,8.129533069895682,9.791249049342396,0],[8.314287724299891,7.313005297014426,8.566792371384278,4.957874623666115,4.591223802711212],[2.9339970591962357,2.178970838136461,3.4335078197303455,5.143292465636127,11.668651603803749]],"times":[[30198,42730,2166,2527,2863],[2265,793,1286,1726,873],[2632,979,1224,2138,2840],[4814,1864,1097,871,769],[1765,1110,946,488,1295],[2145,869,472,686,150],[973,494,1128,530,333],[4743,833,2129,367,325],[1695,745,897,2854,389],[2524,785,1323,1863,739],[1004,1424,2738,384,389],[1922,1396,650,2466,505],[1510,567,805,780,704],[1200,1122,685,438,897],[1156,384,257,1436,194],[1175,295,781,2080,1356],[1236,852,1874,429,1068],[1894,1019,372,34,1873],[2227,602,525,1431,544],[2795,1152,723,701,566]],"condition":[["negodd"],["posodd"],["negodd"],["posodd"],["poseven"],["poseven"],["posodd"],["negodd"],["negeven"],["negeven"],["poseven"],["negodd"],["negeven"],["poseven"],["posodd"],["negeven"],["posodd"],["negeven"],["negodd"],["poseven"]],"envs":["envs/changepoint/negodd/negodd31.json","envs/changepoint/posodd/posodd50.json","envs/changepoint/negodd/negodd49.json","envs/changepoint/posodd/posodd19.json","envs/changepoint/poseven/poseven6.json","envs/changepoint/poseven/poseven4.json","envs/changepoint/posodd/posodd27.json","envs/changepoint/negodd/negodd62.json","envs/changepoint/negeven/negeven71.json","envs/changepoint/negeven/negeven63.json","envs/changepoint/poseven/poseven21.json","envs/changepoint/negodd/negodd24.json","envs/changepoint/negeven/negeven46.json","envs/changepoint/poseven/poseven18.json","envs/changepoint/posodd/posodd69.json","envs/changepoint/negeven/negeven97.json","envs/changepoint/posodd/posodd68.json","envs/changepoint/negeven/negeven89.json","envs/changepoint/negodd/negodd55.json","envs/changepoint/poseven/poseven22.json"],"money":"2.94","age":30,"gender":1,"hand":0,"experiment":"noncompositional","instcounter":5,"subjectID":"611e81a8a81e47ace8835a62","studyID":"617b0174ce5353c47cc531c0","eval":[["posodd"],["negeven"],["negodd"],["poseven"]],"regrets":[[5.274172067642212,0,1.3267240524291992,2.522311210632324,4.479710102081299],[10.779396057128906,11.38132119178772,8.148134231567383,1.5272140502929688,0],[1.3057656288146973,1.142491340637207,8.354840785264969,0.3844614028930664,0.7466325759887695],[2.5074219703674316,1.6366844177246094,0,0.5394659042358398,5.122758746147156],[6.011750817298889,0.9378347396850586,0.8201251029968262,0,1.432387113571167],[6.31304132938385,0,5.429321050643921,1.4651622772216797,3.102043628692627],[3.0302178859710693,5.214996695518494,0,4.117896318435669,4.0242918729782104],[2.247246742248535,0,2.0718860626220703,7.71351432800293,2.9726529121398926],[0,6.939477413892746,3.3807523250579834,2.451753616333008,1.0021939277648926],[5.340341925621033,4.135305404663086,2.19246244430542,0,4.836467504501343],[0.48117756843566895,0.12371540069580078,2.5696996450424194,0,0.721184492111206],[0.3062143325805664,7.842773914337158,0,4.818536758422852,3.4081759452819824],[0,0.16888141632080078,1.2365055084228516,1.245772123336792,3.4151177406311035],[5.17605447769165,6.588136672973633,7.302236318588257,0,6.282651901245117],[7.017486095428467,3.6161980628967285,0.002582550048828125,4.204648494720459,4.145700931549072],[4.377756118774414,4.605912685394287,8.354933500289917,5.3041672706604,7.2281248569488525],[5.577628910541534,0,0.07996988296508789,0.858879566192627,2.0718417167663574],[9.781297713518143,1.540104866027832,1.7249832153320312,0,9.750365257263184],[0.5073299407958984,1.379209041595459,0,3.7287797927856445,4.052330493927002],[8.6553213596344,9.688795804977417,8.111390590667725,6.4487223625183105,0]],"maxrewards":[8.597288131713867,13.054773330688477,8.841296195983887,6.6873698234558105,5.071238994598389,6.666977405548096,5.77754545211792,9.785161972045898,7.244288921356201,7.228092193603516,4.032556056976318,10.060319900512695,4.807246208190918,10.919119834899902,9.320906639099121,9.522543907165527,6.504748821258545,9.813552856445312,8.649287223815918,11.703990936279297],"bestoptions":[0,5,0,3,4,2,3,0,4,4,4,5,0,4,5,4,2,0,0,4],"rewardorder":0}
