{"actions":[[0,0,0,0,0],[5,2,2,2,2],[5,3,1,0,0],[0,2,4,4,4],[4,4,4,4,4],[1,2,5,0,4],[0,5,5,5,5],[0,3,0,0,0],[1,4,5,3,0],[0,0,0,0,0],[2,2,2,2,2],[2,2,2,2,2],[0,3,5,5,5],[0,0,0,0,0],[5,3,0,5,5],[0,0,0,0,0],[5,5,5,5,5],[0,0,0,0,0],[5,2,2,0,2],[5,4,0,5,5],[0,5,5,5,5],[2,4,5,2,2],[0,5,2,4,1],[0,5,0,0,0],[0,0,0,0,0],[5,2,2,2,2],[1,1,1,1,1],[0,0,0,0,0],[5,3,2,3,3],[2,2,2,2,2],[0,0,0,0,0],[5,2,2,2,2],[1,1,1,1,1],[0,0,0,0,0],[5,0,0,0,0],[1,4,4,4,4],[0,0,0,0,0],[5,1,4,4,4],[1,1,1,1,1],[0,0,0,0,0],[4,2,3,3,3],[1,1,1,1,1],[0,5,5,5,5],[2,2,2,2,2],[1,4,4,4,4],[0,0,0,0,0],[3,4,4,4,4],[2,2,2,2,2],[0,2,2,2,2],[4,4,4,4,4],[1,2,5,2,2],[0,2,1,0,0],[4,1,1,1,1],[1,4,3,3,3],[0,5,0,0,0],[1,4,4,4,4],[1,1,1,1,1],[2,2,2,2,2],[4,0,2,4,4],[3,3,3,3,3]],"rewards":[[5.327938347255848,5.244328560891357,5.278092312580329,5.351401296395645,5.351263412934165],[3.8072950968756287,9.465807826938876,9.341842493227357,9.405230084698557,9.46526028276278],[3.7995966198104636,3.8176410048837672,4.856227686573848,5.204660786548105,5.148154890973651],[3.6027428638777996,4.102386474022376,6.038409153080057,6.096823825263813,6.229833171947],[5.8562929178258285,5.999863430476701,5.792352807119255,5.797771686109999,5.6951636421823695],[3.544356793200886,4.1812356710662115,1.1607425770126731,3.5469197889278075,5.7294378870554645],[1.1946859372464207,5.55482264741278,5.3519408461876194,5.439734189394847,5.637019885300783],[5.321819085011018,0.01778707205728934,5.222386596130246,5.196569000025916,5.372453336371417],[1.9147269202513795,4.527443349915164,0,0,0.9773848937276451],[9.401771854033795,9.262823678048967,9.656703569923739,9.516828451498398,9.342519827965354],[5.515147419402005,5.699919106752653,5.61743868395491,5.621240264072498,5.674143111717496],[7.472575135137148,7.310115329067352,7.426191663402545,7.287949403504621,7.4898911806996775],[2.050605305684949,3.4076721588853953,4.704694068677357,4.651654904488273,4.702207873728466],[6.233615186412608,6.39307743483183,6.119600099080659,6.208571617916416,6.243893707320908],[2.416913589463488,1.9270812425901023,1.7521684271517275,2.2341220980419183,2.3989286737468953],[6.270604473340223,6.1880859376742,6.025275788184063,6.096057171812376,6.264953945264932],[6.044327438522493,6.173953883131302,6.088249311928455,6.218480460781039,6.245958362356309],[6.107441025137489,6.213105235146412,6.185899992429958,6.125084918438491,6.142102358268259],[2.578424609763349,4.579352944599802,4.362266264540926,4.089118118817451,4.379071227191033],[4.76669701765779,0.4988528852717817,1.080731033010894,4.664692083499569,4.548044900361255],[4.152592552571211,4.705496313082355,4.7012296542654886,4.606509443455387,4.686525493071721],[4.033980153727448,3.158047770679574,3.2200991620437054,4.030526675484076,3.795470748709951],[0.1671523205042775,2.9832923230476434,0.16447123822623214,0.10741912944952836,3.3113778417243083],[5.061493928642282,2.903487699350481,5.021112305983122,5.224646497902378,5.271073724928142],[6.840526803278542,6.921120139458261,6.657255331997811,6.796883206866008,6.943716724920049],[1.4366329435379832,4.686721521025994,4.8757743524858626,4.814044684950166,4.774379385833311],[5.898384225260801,5.794934175960801,5.9538987994154215,6.07165874195944,6.011347999012048],[6.924928671689461,6.738642060532699,6.765321707678865,6.750899097702631,6.873583860059248],[3.6065175426828278,4.2648113282394515,1.5811774947662562,4.276236991015676,3.9142672113730144],[4.6474467564172555,4.56960327040049,4.636773049107845,4.650421681586766,4.503849989896229],[8.350672688955486,8.239806196587248,8.447344562566174,8.506526254715045,8.39716626001532],[1.6389275856890992,7.148312864862494,7.27379842435841,7.152519551519201,7.220092568453346],[7.714952887441528,7.809713988672685,7.932010720061299,7.880427171902548,8.03513766245191],[4.658196630548402,4.511352242061755,4.69584329905266,4.715581881365353,4.571083915914096],[2.1646889562280114,8.59636737688109,8.714086296649125,8.568387651537714,8.571707166345433],[4.439780861712882,7.76121796003964,7.949742344844689,8.01730235055048,7.997008610849672],[6.202139847926939,6.306065097901758,6.405268680513476,6.293327538258209,6.411277890462344],[0,0.3080306381109364,7.781788246198742,7.718757930005881,7.846058610732253],[5.2655904135751515,4.975254835984598,5.191724911764085,5.159100301793805,5.144972619748121],[5.992131864361872,6.0440308098929405,6.198879445961727,6.120429749972038,5.981784630102395],[0.3323347215764016,0,2.4536725919601645,2.3562556971568442,2.4379947324015974],[5.741378646845413,5.6645051911380575,5.79642197413045,5.872110851500283,5.748424969878861],[0.23485245076576933,5.653960473058552,5.849260842911708,5.78159946001942,5.702875115171328],[6.267062110622991,6.484523154783245,6.44258454912162,6.501153368378835,6.382244583592534],[1.2855373249541846,6.373702020336195,6.4406585547164354,6.363379267649449,6.270337840297303],[9.189334961742114,9.33788893456532,9.172363503158195,9.31254871815464,9.16672780676483],[4.342634308057219,10.965792982787928,10.980152851265373,10.912064865771164,10.82742699274835],[7.628571350283675,7.405068120235964,7.5154451126856054,7.40284486129598,7.519107727232068],[2.6881294837465255,5.2878637624600655,5.270316562114561,5.235311207524332,5.193528247592071],[9.47227977317418,9.45406772366183,9.600024019150585,9.64469761091144,9.481966326818418],[4.144738174623641,5.322065653979331,2.289623513058801,5.225981706990364,5.245026716078663],[4.709557837933584,2.607187049398573,3.5403578912704083,4.40969754985051,4.627958176249632],[2.1742082920742587,5.335935976201953,5.2430717844381745,5.302277611037085,5.135662647289646],[3.5486201418420804,2.54523937735098,5.900082714851626,5.868418349483213,5.97192037362289],[5.186178852539782,1.3256727476391965,5.267655957450514,5.094348304147072,4.924362988152363],[1.0669933551151192,7.36319401299912,7.283377653326164,7.2707586062897365,7.31996883967408],[4.678184613406853,4.61034795206803,4.637489504011296,4.606384441547761,4.745042041020854],[5.029041695526364,5.105932402667394,5.211042781540686,5.001292137383368,5.127165538659322],[3.9364372442171947,3.8589753147778607,3.214560947075361,3.9217471177303875,3.902629182088625],[11.16421128404893,11.205640492942903,10.985275511050975,11.235403520717918,11.088831220277878]],"times":[[9401,2985,629,435,1098],[1880,1248,474,553,397],[1733,965,537,1490,529],[3198,848,482,371,409],[1256,306,312,302,326],[1302,441,618,937,556],[2438,424,802,1058,541],[817,711,725,260,587],[951,622,628,264,805],[3123,423,317,373,351],[1220,554,386,408,361],[822,277,267,303,250],[1557,563,410,387,1164],[1083,396,378,258,425],[1449,539,652,349,648],[1562,427,257,304,235],[742,300,295,257,268],[829,293,341,289,1015],[701,712,419,595,759],[947,588,557,123,532],[2180,679,348,263,256],[2360,532,328,259,403],[1358,557,347,407,727],[1505,846,297,327,283],[661,389,287,283,291],[889,243,757,450,560],[2253,515,309,340,389],[1256,315,291,250,268],[520,632,367,317,309],[2035,453,281,296,287],[1066,257,330,178,436],[1497,391,303,253,317],[1489,266,223,286,286],[822,213,268,240,239],[1479,921,298,316,390],[1104,965,402,424,497],[737,344,305,368,815],[2003,614,328,475,334],[1092,349,292,286,332],[1369,293,246,276,281],[2202,370,401,565,433],[940,289,396,310,352],[788,589,345,240,230],[1018,399,352,325,293],[1124,407,481,334,280],[1363,341,359,452,474],[1053,403,308,475,372],[609,316,255,303,310],[952,507,415,427,281],[1646,553,285,256,413],[894,543,876,440,258],[632,783,375,259,370],[910,706,400,257,267],[1644,775,340,342,449],[1118,894,256,290,206],[975,421,315,244,913],[1061,255,257,219,257],[1325,324,292,271,256],[1113,917,530,601,287],[2368,471,273,276,336]],