{"actions":[[0,4,5,5,5],[0,4,5,5,5],[5,5,5,5,5],[0,2,4,0,0],[0,2,4,5,4],[4,0,0,0,0],[0,4,0,0,0],[0,4,5,5,5],[5,0,4,4,4],[0,4,5,5,5],[0,4,0,0,0],[0,0,0,0,0],[0,4,5,5,5],[0,4,5,4,4],[5,5,5,5,5],[0,4,5,0,0],[0,4,5,0,0],[0,0,0,0,0],[0,4,5,5,5],[0,5,5,5,5],[5,5,5,5,5],[0,4,5,5,5],[0,4,5,4,4],[4,4,4,4,4],[0,4,5,0,0],[0,4,5,4,4],[0,0,0,0,0],[0,4,5,5,5],[0,4,0,0,0],[0,0,0,0,0],[0,4,5,5,5],[0,4,5,5,5],[5,5,5,5,5],[0,4,5,0,0],[0,4,5,5,5],[0,5,5,5,5],[0,4,5,0,0],[0,4,5,5,5],[5,0,4,3,2],[0,4,5,0,0],[0,4,5,5,5],[2,3,3,3,3],[0,4,5,4,4],[0,4,5,5,5],[4,4,4,4,4],[0,4,5,0,0],[0,0,0,0,0],[0,0,0,0,0],[0,4,5,0,0],[0,4,5,3,2],[3,4,3,3,3],[0,3,4,5,3],[0,3,4,5,5],[2,3,5,5,5],[0,3,4,5,0],[0,3,4,5,2],[0,1,1,1,1],[0,2,3,4,5],[0,2,3,4,5],[3,4,5,5,5]],"rewards":[[1.8972524490517064,4.75494499048224,5.37457863453027,5.391774353782285,5.258189901689238],[0.6131988938799314,1.1569804664382417,6.959174185571855,7.036749221709704,7.0217335118953335],[5.301208169570339,5.363770304369499,5.2814317021246975,5.362174831823441,5.242604949173655],[7.10316256436014,6.826286727872795,6.097044547644069,7.114894400468901,7.13408081009457],[10.00198724495245,10.367426650646108,10.978691877145431,3.8263177873752765,10.69848545367977],[6.139954760279527,10.132138504616865,10.18846396156318,10.212567536758579,9.973235074426023],[8.902772368914025,6.266456109036653,8.860259592919101,8.86840178962574,8.99161564616218],[0.9355834369616429,0.8802952809924974,8.078222514656265,8.003683406314767,7.911920461939837],[5.889843642766647,0.9560990239524751,6.488447436342157,6.4591534558590205,6.157928517849585],[2.8184521600744294,4.511529090967576,5.53828131413117,5.573727176659259,5.4601836674751185],[10.305235843158751,9.880178116275651,10.429129211169535,10.531500396876064,10.370762266957623],[10.287989145239141,10.506460233650756,10.39667654767359,10.558205128268071,10.396826545051692],[4.223844056533752,7.794098363930355,8.283052838756605,8.127008723946467,8.036171620214857],[5.72339082559298,6.908316627566755,2.849683893438233,6.867199727941839,6.911151070826079],[8.203002913463626,8.177886628887778,8.03734493406291,8.033990595138722,8.204431944961259],[4.107325089272251,1.7660647332865744,1.7139434771937374,3.7161565553234546,3.9983527038828512],[8.070421291263562,7.80704093204958,2.0579734535331986,8.09489194556891,7.967243771748249],[7.947848039135331,7.917030131189594,8.032037237013332,8.104205950576919,7.870723366892672],[2.2115368495019907,5.299630166445076,6.101720761193925,5.782544969553919,5.975157595944877],[1.0215393291147588,7.756961082871134,7.8007579096757205,7.899017006254923,7.915741755789139],[5.859657347921361,5.84927613510829,6.019829652873659,5.989978122014699,5.872045046833489],[2.5633509574597855,5.827727686588842,6.3455212411583215,6.063695655617439,6.155187073475447],[5.852576142204495,6.241185506825485,0.3209733699772635,6.10570608597802,6.095420980231924],[5.814243518775316,5.688615469245161,6.021860162018351,5.895028044704821,5.755286095018449],[4.658263041781126,1.923551307676294,1.509878337730569,4.679174275813783,4.828189141647243],[5.592140159835841,5.7052811427542895,0.9387066447188366,5.976238463782952,5.7086956453342035],[5.497169546864612,5.692465748804105,5.689272651681811,5.852999421518186,5.768063922165802],[1.5333139941204275,4.578133735070263,4.614555139122626,4.55855519544825,4.537492017416865],[7.809119465294627,7.26446140762632,7.61061381822166,7.638500283204914,7.64032707840206],[7.694572408875728,7.601394783396159,7.525711582203696,7.643566757916949,7.514248451458548],[4.5356902811732835,6.899042216618392,7.673542535285193,7.632697276586425,7.511021813414855],[4.479434812203998,4.613364536006996,11.169526672141027,11.12648299369954,11.111112627614249],[7.560465804322415,7.6433584529956,7.4784897276619935,7.62791894300211,7.460094538943036],[8.584000930034538,4.704955829212953,4.511507285578627,8.601931359403192,8.573866161835042],[0.2699935974046184,2.0284651632080144,8.115195228701682,8.306223999264361,8.287016623100971],[0.1505510628669173,4.380330169211095,4.489289172590024,4.560985614409719,4.474798064218562],[5.682058912450585,2.3020802932215156,1.2408653557804505,5.6291059137024835,5.648836835086461],[0.8299411394725233,1.100723854221356,6.437605405833496,6.589035481149132,6.845288344026291],[0.8824497759375428,0.7907203386162316,2.2159267203762636,3.172005421771995,0.8899011333074606],[3.468113947261074,1.1089877345468258,1.2294792073027057,3.6666761938877133,3.7346231900622673],[2.5223220487481113,2.1986811583277315,7.622339385037399,7.529504697625746,7.588358315425308],[2.423325379984244,2.6376383664206235,2.868398032003208,2.7710829337268055,2.7769602582483057],[1.9189020990322911,5.7520933703191774,5.286572182548459,5.89023706708412,5.973766085481728],[2.0596481527064836,1.4130412985313996,9.334353083717179,9.184007701306829,9.336703998713023],[5.796682523037833,5.906931285173928,5.926306436651028,5.82400072529076,5.806324751003004],[5.640838957410458,3.366469710121106,2.8763475692669958,5.695837540754192,5.637325971727292],[10.040809562622707,10.185985477777802,10.094872476732991,10.094627563703957,10.143069770015115],[10.207035325750656,9.991482026898778,10.084127350268586,10.081114685220719,10.085123038900363],[8.769219272046273,5.310753470094726,5.847395445097508,8.738781227059128,8.759598904882466],[3.306430907556669,3.125500816397387,1.490174680801113,1.2614572177042294,4.105440984062171],[5.979407515524214,5.294853736329871,5.976440070215514,6.165167208282785,6.103020261116623],[2.2797777549000444,3.7765135512476506,5.221749368558964,5.220307717507869,3.832182489165618],[4.970658432770784,11.504290012642512,4.307684690325245,12.363150481067933,12.456882927506594],[4.100846579487186,3.6293006061501996,5.269883849897823,5.252385285222186,5.209769690085597],[5.546905189716448,3.623182026816652,3.529317271195728,2.546238775148621,5.6501914356055485],[0.04411641987366542,3.7582200346869894,0.6610847774684874,4.52743554823168,0],[0.05850878489801642,3.380575995680878,3.68031559954564,3.4952402212140132,3.6798759777160583],[4.590394746652029,5.915027486264781,5.543660424292817,6.63640255170846,7.8748034846053745],[8.9030161024911,8.124106003022819,0.49253241725159136,8.689218760810935,0.6940001662582924],[5.387396650593637,6.514891440437632,7.747572506393829,7.518712401906882,7.675083492814514]],"times":[[20734,7582,2219,2941,1792],[3056,1408,1549,794,836],[3014,446,505,501,666],[2310,5031,1503,786,565],[2313,2986,847,3083,416],[1476,5301,570,1422,651],[2577,1123,953,478,552],[3652,900,911,524,482],[3770,386,875,602,814],[2652,547,535,425,675],[1356,1217,1884,508,679],[841,284,287,375,391],[3487,523,1170,482,514],[1347,941,663,174,317],[1385,316,389,268,304],[2059,513,469,230,369],[1273,643,430,42,304],[857,220,238,284,301],[1285,453,337,335,315],[1168,277,351,304,337],[1080,269,237,280,342],[1757,1154,1015,552,564],[1207,499,382,293,362],[1357,762,367,266,330],[2043,1440,305,300,392],[1557,268,323,366,330],[4856,316,309,274,315],[9170,581,481,355,349],[1317,386,1195,340,324],[671,236,240,239,319],[1077,508,570,324,366],[1198,226,243,290,338],[878,230,259,276,257],[932,435,256,261,377],[899,634,284,295,345],[5016,292,321,273,245],[1360,453,246,213,263],[996,244,240,286,329],[4180,183,353,1241,714],[5627,521,270,171,461],[933,254,554,323,435],[4258,335,273,256,300],[1091,1029,354,304,377],[969,174,270,300,309],[1814,279,210,222,195],[762,287,234,302,302],[826,1027,295,394,352],[613,270,241,177,259],[864,562,163,476,273],[1236,423,250,414,637],[1273,621,559,400,390],[1484,943,598,160,3684],[806,302,257,193,380],[2001,351,256,264,305],[997,1082,364,497,315],[2963,687,326,241,1725],[5677,271,343,253,260],[1229,676,392,310,292],[1005,859,790,200,409],[1701,221,1297,254,342]],