{"actions":[[2,5,4,1,0],[1,4,5,4,1],[4,1,2,4,4],[2,3,4,0,4],[5,0,5,1,2],[1,5,1,1,1],[0,5,4,3,1],[1,3,2,1,5],[5,0,4,1,5],[1,3,4,5,5],[0,2,4,5,4],[1,4,2,1,4],[0,3,4,5,3],[1,2,3,4,4],[3,4,5,2,2],[1,0,5,4,1],[5,0,4,3,0],[3,2,1,0,2],[0,4,5,3,5],[1,3,4,5,0],[2,4,1,5,4],[5,4,2,1,0],[0,2,4,5,4],[2,0,5,3,4],[0,5,4,4,4],[1,2,4,5,1],[5,0,4,1,2],[3,1,5,4,1],[1,2,0,3,5],[0,2,4,5,3],[0,4,5,2,1],[0,2,0,0,0],[0,2,3,4,1],[0,2,4,3,5],[4,3,2,1,3],[4,2,1,0,2],[4,5,0,1,0],[1,2,4,5,0],[0,2,1,1,3],[3,4,1,0,1],[2,5,1,4,0],[1,5,4,3,2],[2,3,4,5,0],[4,5,3,1,2],[0,2,1,4,5],[3,1,0,5,4],[1,3,5,4,3],[1,4,5,0,1],[1,3,2,0,5],[0,2,1,3,5],[5,3,2,0,5],[3,2,5,1,1],[1,4,5,3,2],[2,4,5,0,2],[1,2,3,4,5],[5,3,1,0,0],[0,2,3,5,4],[4,3,5,1,0],[0,2,3,5,4],[5,4,3,2,0]],"rewards":[[6.3714883912294376,5.887041360182948,5.920389036918362,7.329468763518268,8.13377140663535],[1.659678887806292,8.303917692364807,2.7479754011654474,8.137860602232475,1.6462208359967412],[5.822033745241574,1.8093110143282483,7.016907160307719,5.620341134869423,5.8773385693606315],[5.407670159284659,6.135577680920714,5.971404720920369,2.6083345660152277,6.1091306524883855],[8.946616411204294,3.2277373532929805,8.6817110484504,9.774620895971141,3.040222513010553],[9.654797333520717,7.326753916622367,9.52868219665844,9.641195627010417,9.488859815065387],[2.1385949371173387,4.311211621609671,4.34364971209483,3.463416462151801,3.3552460810235707],[3.0434847037244763,2.1123947952198283,0.013633441350310402,3.0485785897440376,2.5610798027638633],[4.627854566690642,0.6070616169255919,4.3058270305686035,3.0135893518403725,4.518307149967591],[5.44123379192984,6.459213912715139,7.052607720414296,8.523008287586508,8.611347328919651],[1.2475754685438682,0.32727626685122196,0.05181278696947078,6.422981237261152,0.1934323390287942],[6.789699396348647,7.044769642755819,0.35709704573888873,6.94572434159663,6.922401318784213],[6.398194458666913,4.338573583957203,3.409888292886451,2.9130782787260583,4.097827835320301],[2.606500125081678,9.281452918122174,3.2317090019698864,9.907295935831902,9.829754660250272],[4.248706986507199,3.1591226003617443,3.035699148352449,9.279186553163523,9.268701006878395],[6.823190955189304,7.21741747050309,3.731117845414388,4.440150525985905,7.090441875891615],[1.1462517455876402,7.728160241370214,7.042479622002832,0.9249370577188466,7.68477036766127],[5.044245055258351,6.732846858835997,1.8583751393789927,7.586679139849886,6.654741776281246],[4.705243325194133,7.563850383385157,8.956208271318392,7.416058113820756,8.798020374472175],[0.9523687238610828,0.5528755929792366,3.0569260012913526,0.8970797317435121,3.1114523868234847],[2.4983789066585915,7.57130506581604,0.995273558295332,8.870300398177877,7.458012876320322],[4.684207432755328,4.119879063915849,3.2370230673129488,2.483828533288681,1.5943126015471631],[7.495567575426375,8.155784479096093,7.744494294445747,1.228549582073475,7.906776625411934],[7.964212323990559,7.475357939086965,4.800813346958359,3.153966084942456,4.319193005894512],[3.778387367122551,7.257921499364265,5.290248610520298,5.319919547388464,5.444260711859938],[6.217688117105196,1.059016132645602,1.7554530198774327,6.939021752418514,6.105190919064391],[7.060200342224787,0.9370751300586067,5.189892515545368,6.384867537053756,1.267553516346687],[7.076392058930939,8.918113457514249,5.742253700672525,6.252267922181499,8.978154956149446],[7.4561942869029965,1.6801824077176422,0.8180779878586744,7.317937346666777,7.996423668482369],[1.0027350072902046,1.548951432449958,6.353665172710399,5.80431307233432,6.95571509291951],[6.215157962295705,2.6060521124606044,1.8088853056462835,4.4384041998398995,4.390092921449452],[8.112743815638517,7.48191091508904,8.04940153135172,8.245541722135535,8.303596150049785],[8.166270015130529,7.475158388222542,3.3132972975960757,2.4682088018043005,0],[1.654486198834441,2.1209015151567274,3.7721881751318844,3.9875685850157736,4.328920761309964],[5.464410718607057,0.22124191848060282,4.571709178767825,0.845907340845483,0.17044290529573836],[3.8911394726180686,4.561877809906627,0.8164130088977857,5.375633786310193,4.546418781068469],[3.50089521723819,2.6388665762927888,6.03613847933372,4.623951372001395,6.137815804830334],[7.726877133177244,2.3135521072265544,3.198095622451269,7.533786408200022,1.7539392933208882],[1.9420393858843747,2.3543257602235554,7.815474229840399,7.7097395980616055,3.563320051132829],[5.270556441720307,4.802228191311142,3.5659770194304694,2.6057987699545064,3.6883231727712658],[4.0678920879900256,0.23941769184059986,1.1577826773638389,3.954539819410817,4.363630417595326],[1.0770607657479006,7.494223059469416,4.793584748480335,5.267396699186962,3.9958072584701285],[5.07377331294256,3.317348815688466,3.643808092929948,2.7305959906484,5.561120246086994],[0.4428913769045274,4.569390376443894,3.6089698764856397,3.6950369517845543,0],[0,0,3.6224897783115826,3.6107154653959816,2.5736413656638306],[6.328112021259261,6.958360791918011,8.10488953218163,4.829100717423016,6.285344094115232],[9.336679901480961,9.859720737217666,9.324877315238693,3.2724122052222926,9.843402091972356],[9.163816727678471,6.135408137537017,4.815120047052059,2.8955408012503927,9.280003725709065],[5.019354385796272,7.414954230857728,6.320680147397255,4.256165895266375,9.517693217536427],[0.3165027146017784,1.7570135723969549,3.4478284702321376,2.4073065722847953,3.0018657310091488],[9.779602285315674,7.462687508105427,1.8138853499688798,0.1840431836611345,9.829160500082521],[2.948333587089398,2.176782661475166,5.483917794018802,1.8089833226838126,1.899432452442866],[0.5369370086744313,4.166785982569395,0.08479455316467308,0.03602331274554976,3.6896139538687134],[3.755614816842073,4.8606291336363165,5.387164731559978,4.557311723203578,3.9161518858443234],[6.359934690527208,5.68621775874211,3.9276254907150925,3.0456617885411443,2.18986357967469],[1.070939095210724,0,0,4.483904639254687,4.697063400963755],[4.67842264540498,4.566525090856921,4.1297350682262355,2.248686579583034,2.9035240694647904],[0.8838716891826407,1.8748347785932094,0.7691816391349006,4.721065312807122,5.509575492801847],[2.123864649901559,3.4885423586425865,5.881941017296792,5.830575046266003,2.6674941577145725],[0.6772183293261551,0.7851679275889916,1.701562051040914,3.43185373762278,2.142974097068756]],"times":[[21504,4351,2416,647,1861],[2615,300,470,751,1531],[2810,852,948,590,1668],[3748,1365,228,1234,670],[4393,815,663,163,1440],[1863,423,782,549,467],[2441,759,743,584,941],[2004,725,1380,941,366],[1260,208,623,252,846],[1698,1717,596,54,1133],[1590,420,594,423,421],[2140,789,2469,39,549],[1949,674,299,26,585],[1663,1516,924,590,580],[2484,104,557,865,1274],[2695,827,591,638,885],[1998,1224,1117,517,531],[1531,10,550,323,499],[2546,431,596,1038,1198],[1494,902,563,39,66],[1716,348,277,22,556],[1112,164,552,390,100],[662,249,2358,551,649],[3109,140,286,200,308],[2165,1008,796,653,394],[1371,714,711,97,385],[1358,34,62,254,636],[1247,177,487,1523,567],[591,374,58,410,105],[503,203,683,391,376],[512,427,130,650,162],[805,245,762,274,556],[500,124,1956,68,663],[408,264,370,1050,617],[1124,251,136,362,279],[425,3410,480,236,1293],[1360,375,261,266,303],[1011,34,479,266,249],[434,226,138,473,1546],[831,178,10,81,74],[1275,365,126,110,143],[1450,344,14,501,337],[484,659,500,227,101],[712,87,725,41,157],[276,377,318,371,359],[1129,284,241,218,113],[412,139,144,657,423],[821,672,163,465,205],[614,891,242,129,31],[362,41,113,458,259],[512,625,1301,272,1876],[466,624,197,347,496],[523,210,825,139,2361],[413,1054,288,187,81],[492,213,3047,179,261],[638,521,1144,1544,1363],[566,788,842,451,285],[259,830,90,385,171],[446,38,963,569,28],[345,336,832,212,180]],