{"actions":[[2,4,0,5,0],[5,2,1,4,2],[0,3,3,4,4],[0,0,2,4,0],[2,1,3,5,3],[4,3,0,0,5],[5,0,2,1,0],[0,0,2,4,0],[0,2,3,4,4],[0,5,5,5,5],[0,1,3,1,1],[2,5,5,2,2],[0,5,4,5,5],[0,2,4,4,4],[2,0,5,4,4],[0,0,0,0,0],[0,1,4,0,0],[0,5,4,0,0],[0,5,5,5,5],[0,0,0,0,0],[0,2,0,2,2],[0,5,5,5,5],[5,0,2,2,2],[4,0,2,2,2],[0,5,5,5,5],[5,3,5,1,1],[2,5,3,5,5],[0,0,0,0,0],[0,5,3,1,3],[0,3,5,0,0],[5,0,0,0,0],[0,5,3,1,3],[0,0,4,5,5],[0,0,0,0,0],[1,2,0,4,2],[0,3,4,4,0],[0,5,5,5,5],[5,5,5,5,5],[5,5,0,2,5],[5,0,0,0,0],[4,5,3,1,0],[0,0,0,0,0],[0,5,5,4,5],[0,5,5,5,5],[2,5,5,5,5],[0,5,5,5,5],[5,0,4,0,4],[4,2,4,4,4],[5,0,5,5,5],[5,0,0,0,0],[3,4,4,4,4],[0,5,0,0,0],[0,5,0,0,0],[0,2,4,4,4],[0,5,0,0,0],[0,5,3,3,3],[3,0,0,0,0],[0,5,5,5,5],[5,3,1,5,5],[5,5,5,5,5]],"rewards":[[6.877262037072601,4.892374761872686,8.078054930400922,3.5600116800545933,7.875811628699006],[1.679920962053909,6.7171740729865865,1.3556654740130942,7.121429889286889,6.604072857060069],[7.8794961159441135,0.718135522079681,0.8159577732564874,7.296846388626452,7.241408066856128],[6.928901157999534,6.728277546685685,6.547096027138574,4.621933056416001,6.991296046306969],[0.6059458408773988,4.202262640737814,3.688048279560839,3.7152047264897337,3.8843288232371096],[0.18238948383955228,3.6756217655259773,6.802280409232436,6.708874140434231,3.8080082236479003],[2.813803282099089,5.238886594335082,4.630725275671329,4.588625001075272,5.106353194901938],[6.16643848334546,6.0148463595078585,5.567710842441216,5.938676259964641,6.0204466603789015],[5.128458054814498,4.416098127468841,1.4754401793038507,5.901111016392088,5.861614876602528],[3.0875662909916333,9.2144590789811,8.774961554349336,9.021652425048625,8.954551535551456],[0.25072026569811323,5.493011822393061,4.842689447787246,5.553896289660141,5.473344245082803],[5.945018236731183,5.316358087681078,5.264748072729301,5.819933020744015,5.98743042213579],[1.0960261549925743,3.8428292361859437,2.9629896074755355,3.83058476187641,3.7136442730919876],[3.4455525737270625,3.6449560426496657,3.845562295306511,4.185140666667675,4.022773487554263],[2.0417848971150425,1.206137222947564,1.252456897825084,4.1104010332019785,4.185662494544812],[8.911504465392998,8.941719196093807,9.211492880656591,8.842409120188478,8.876229698951038],[3.7131588282236585,1.051817466253909,3.3582705226792053,3.661539758561298,3.5396184348330837],[8.839853687048754,0.086641389552779,3.4434451320730775,8.77764515577435,8.93929361848963],[2.240021299474618,5.0425240225333035,5.389734366374937,5.155344920421551,5.284781379478412],[6.900167643278024,6.960353138936185,6.695101810427097,6.770928211162675,6.96056929267179],[2.212762604335143,3.8152347441680887,2.1872201273695695,3.922718558740054,3.739902382359657],[2.9519769189349225,6.979233561101113,6.851573933044758,6.894478483662431,6.969698920509895],[0.6669633306789946,3.4662972823845863,3.877566745887619,3.942766165253754,4.0043872468724295],[3.268994510133634,2.8171516577662823,5.5530587327311745,5.436936657912277,5.46533621026667],[1.6166469013377711,4.346935338665954,4.470069129189571,4.438289184704403,4.272482140927833],[5.288952833586421,4.820892256415523,5.267800435021682,5.553798394947959,5.490319343093139],[3.112758430255291,5.1866290876069305,4.980177788866108,5.056818567092348,5.250717700751755],[6.412092691994154,6.259340927559992,6.44528293600377,6.450281455867642,6.359403219511092],[1.2135389257548947,5.104927284336293,4.944658186139291,6.188069836161946,5.158935224852629],[6.332865668870977,5.370856724637738,5.124313844234765,6.495619168446515,6.384622071841214],[2.097401089173249,6.355004614884906,6.15164151238032,6.02610270210342,6.136281601069831],[0,5.253554815989393,5.262947179049418,4.017192954893852,5.123481763019435],[6.186732142519983,6.155957765595787,0,5.278534901893857,5.339910336262859],[7.856000175605703,7.728383338722749,7.817938736078141,7.615294437654792,7.609314065035293],[0.5787427948031743,6.313384728848993,6.509020723021304,5.545167147846475,6.41845430469469],[7.651294154307873,0.18552020505514244,5.371231249126879,5.501288413467297,7.773067532329666],[4.353445477625152,7.238675062943598,7.248841728713255,7.262838220247495,7.374083306474733],[9.447078507204607,9.409757620553199,9.753161654084597,9.571320773886184,9.534692369762912],[9.576361584441974,9.607599382221892,4.346267909957973,4.879934665471244,9.518121706654469],[4.517642587876763,9.505017980331921,9.452629847669519,9.567525893591284,9.52973362004156],[0.8824756924104066,2.905210530135068,4.239100286238166,2.629024524007665,0.0662117494889661],[9.577277049404064,9.438309995975931,9.414577163361669,9.818816134010023,9.599975762833422],[5.064123524282428,7.100280343206328,7.058711024084834,6.811158777665383,6.959775115205599],[0.9536774574437926,8.034152665324628,8.085418682688676,8.049105619008666,7.93466858199011],[5.785983794728381,7.90378754702996,7.995636703564369,8.098064674766173,8.173839979047283],[4.262165870423361,9.984868458456718,9.854383622092204,9.859028679107602,9.978549638722708],[1.550033682986334,4.982647016236054,5.475934365347885,4.758254551585854,5.606401275048141],[5.256379933342811,6.377976970613749,5.531490569226718,5.599444073766502,5.452644262931123],[5.667045155653901,2.21770646955307,5.786023686380728,5.726456089927886,5.601644300324959],[3.4813670114574187,11.116917799161321,11.079010540913051,11.071055947880527,10.976032507729334],[3.6768867762275397,10.926235472182189,11.13155323044602,10.91017999594176,10.99659866855231],[7.138631773641148,2.009506375112137,6.955059252727073,6.668609606837411,7.059376501342929],[8.764161042230967,3.8607145569241204,8.697344511983552,8.687874156918795,8.709273141692915],[6.790517775710036,4.2333677389580116,9.781247693825362,9.707838861145461,9.848061215303153],[9.381694068178756,5.786849885095107,9.32963060184608,9.31687409693105,9.21665746243792],[0.355980704180032,3.864133854143547,3.4752804890399633,3.5102294553805624,3.588226702672484],[3.48122674969092,9.406465175639704,9.398667551959345,9.452385970076799,9.468040325918095],[1.7385038301290192,6.9459734432585085,7.041738169513625,7.297952271740154,7.031207546529534],[9.461602075234143,9.316799625628422,8.716967033249135,9.359379760979946,9.256468286324795],[9.259025571810502,9.489195265838203,9.47859684889581,9.36436151402047,9.444269814473696]],"times":[[40151,3823,2728,4618,3672],[1250,1871,1069,3130,3368],[12945,3042,1148,1067,1028],[6304,5882,3721,1549,1646],[1860,3285,1392,929,1007],[2824,614,2154,1309,1227],[5671,761,3031,1163,737],[1492,1189,805,1149,605],[2621,558,1653,509,715],[12945,874,750,1039,669],[10193,996,1565,408,807],[16434,9262,1039,623,731],[14041,834,5323,816,717],[1891,1618,590,357,424],[1812,585,1290,181,593],[3539,570,285,465,803],[1707,677,2969,374,316],[25069,2122,494,100,216],[2489,605,85,160,545],[3439,525,147,205,172],[2418,2461,124,160,27],[2371,396,109,855,537],[1639,2218,1076,378,573],[2516,793,136,230,658],[3839,39,217,359,288],[1740,1669,170,1537,1326],[2193,503,2180,191,544],[1298,1385,229,699,546],[1027,1684,1581,1630,2326],[1158,1298,844,161,1096],[1547,71,309,318,301],[1425,2277,960,744,1037],[2821,1569,1199,499,1489],[3664,348,100,213,223],[3115,1396,876,777,792],[2061,1640,391,1200,730],[1611,1356,299,133,108],[1156,463,655,614,661],[1062,303,2786,361,200],[2450,590,120,176,97],[3454,640,1786,632,1106],[2347,293,1737,350,320],[2502,1471,423,930,86],[3436,480,355,85,430],[802,425,121,121,64],[6384,66,385,20,422],[1882,1280,2216,1443,514],[510,1562,907,346,1391],[1972,327,185,343,207],[8468,918,384,271,830],[9453,228,982,129,310],[8650,304,282,373,93],[934,1333,278,307,38],[1020,2024,1274,151,343],[6385,659,208,273,129],[1781,1799,2190,357,261],[494,1454,287,410,374],[1228,275,168,249,229],[5411,1119,692,197,444],[724,809,110,442,235]],