{"actions":[[0,1,2,3,4],[0,2,1,4,0],[0,1,3,4,4],[0,1,5,0,0],[0,1,2,4,4],[0,4,4,4,4],[0,1,2,5,4],[0,5,4,5,5],[5,2,5,5,5],[0,1,5,4,4],[0,5,0,0,0],[0,3,0,0,0],[0,5,4,5,5],[0,4,1,1,1],[0,5,5,5,5],[0,5,0,0,0],[0,4,1,1,3],[3,5,0,0,0],[0,5,0,0,0],[0,5,3,3,5],[0,0,0,0,0],[0,5,5,5,5],[0,5,5,5,3],[3,5,3,3,3],[0,5,0,0,0],[0,2,4,2,2],[4,4,4,4,4],[0,1,5,5,5],[0,5,3,1,1],[0,2,2,2,2],[0,5,5,5,5],[0,5,0,2,4],[2,2,2,2,2],[0,5,5,5,5],[0,1,4,5,0],[0,2,2,2,2],[0,1,0,0,0],[0,1,2,0,0],[4,0,0,0,0],[0,1,0,0,0],[0,1,3,5,5],[0,0,0,0,0],[0,1,0,0,0],[0,5,3,5,5],[0,0,0,0,0],[0,5,5,5,5],[0,2,4,0,1],[4,4,4,4,4],[0,5,5,5,5],[0,5,5,5,5],[5,5,5,5,5],[0,1,0,0,0],[0,5,0,0,0],[4,4,4,4,4],[0,1,0,0,0],[0,5,5,5,3],[0,0,0,0,0],[0,5,5,5,5],[0,5,0,0,0],[0,2,4,4,4]],"rewards":[[8.566851351030236,7.560788361772265,7.78876099467238,6.527719858465994,6.1810233303090625],[10.459179477797258,10.80820639340613,4.806039731887646,10.104013040287116,10.683980204634981],[8.564153129841657,7.753857675440426,3.056080977217491,10.262362496851502,10.210602312443962],[5.2631366995940985,4.9551601012688336,2.258754269413899,5.27967512509131,5.399859561191782],[9.451649053632197,3.9205953394516277,9.631288943064021,10.536060974313315,10.75753117837977],[5.256400407330385,10.787810557822056,10.76562516041598,10.686537066350574,10.835111462703667],[3.2225267762407936,2.410462118182555,2.2587370553390995,5.503256898491769,5.310345046811719],[4.13102675120872,10.42628989605882,3.918125811954412,10.607558855540164,10.366868521446788],[10.451215042664227,2.40392993346053,10.584182290694685,10.654987950927083,10.557623493466318],[6.786423605839482,6.83695091235665,7.726757015349283,8.019273133155982,7.987269756679996],[10.398151660473722,3.8742626726956053,10.288506868417304,10.123707375258869,10.141760585937941],[6.86678493539137,4.070408167054006,6.750940300494916,6.703473178178051,6.591065607490824],[2.2165760490658797,5.426794113279529,4.288242708597879,5.251983881422399,5.369223267402546],[0.8552140911421051,0.4137792780743102,5.630409826648928,5.833311997286517,5.731240715559475],[2.3567603512875137,5.396021485012857,5.425116675597691,5.272482181375909,5.3550930733542],[6.1891689988745835,2.3049687232089484,6.046850945356275,5.977655622103294,6.157063130669602],[1.5914398543066615,1.5024516370404404,6.0075627711463175,5.977286761469387,6.968146171043614],[6.936716386006595,6.066901656340438,6.130311163424652,6.109641287999388,6.241010820865762],[5.6352786918216315,0.7076785318008663,5.777739689981729,5.846550311503705,5.672461659309442],[0,3.2863786421124446,3.3431290622963896,3.095091560176407,3.3356067965501266],[5.816382134973629,5.811655945646982,5.738211233336101,5.682227924004554,5.8610393319528375],[2.925272101555635,4.920410036555713,5.121066664780469,4.888285731492948,5.031443436441098],[0.08320592130748306,6.218480464592908,6.0567770426428575,6.203910185123923,7.91498525330629],[7.740323628338532,6.361562962717411,7.727999647155509,7.885865700573218,7.751277884850235],[4.224019971553572,2.901228069259041,4.125594173963606,4.072299696135676,4.061570266573618],[7.812047575608584,8.175201977508767,8.016090156049732,8.336348494776951,8.313055095895967],[7.950614810811739,7.8114994142699725,7.982875780300915,7.962294319616667,8.008593755680222],[3.066829919209803,3.1983139524160817,7.138765590083132,7.221419348570908,7.126174772919285],[0.5710177303985609,4.117228404575235,4.13910796186107,4.987108309219355,4.782470075793178],[3.154861905807038,5.002914581102627,5.143928761981636,5.1306811291889725,5.232761945924704],[5.821802085275472,8.116561115378234,7.984370353860511,8.10433904085054,8.088391612578793],[4.327277040710083,0.593716195658195,4.164489567703662,3.599795685632345,5.222723486428067],[7.144993456068001,7.2513780659196145,7.20477002430787,7.051282827066094,6.990892579100585],[2.776055817636057,7.722372584359752,7.581284136572408,7.761838815171276,7.4638845429595415],[4.167664795996546,0.4124546976573728,3.4777513325319616,0.5820009164086202,4.04339578527313],[2.786985794662442,5.712027525229711,5.580499239404424,5.898391841513128,5.622002404317161],[8.108609618524516,6.789395193272429,8.36784357332002,8.130673319205872,8.110244134386488],[4.743878977243104,0,4.390941677458091,4.77671127994313,4.745279911180716],[4.395552246503245,8.163786652651256,8.247817558108112,8.067809655169293,8.359897951650613],[6.289952532522622,4.854502570174417,6.238853739860576,6.559349875437455,6.5025581300233215],[1.7776548186900127,6.336053054390192,6.055892963140286,6.579241701744771,6.447706687097571],[6.340549531804662,6.294926407486116,6.404749397534732,6.333914549566538,6.5193375360667005],[6.0172170379006955,5.751051531211549,6.2067009553086905,6.055253517047332,6.006267029417721],[0,3.2835943501513563,2.205850809417778,3.161205771053011,3.183335610834922],[5.9910297168338325,6.065719285893367,6.1455797828662755,6.087281304963447,6.067434226938166],[1.9223855399689924,6.99120542478251,7.060188255778453,6.876517557709789,7.010595682312325],[11.500273964035122,11.637673093754003,11.68743305587069,11.172380400572175,5.05373961147929],[11.627890046682596,11.839135633282764,11.637832091840554,11.649467186494588,11.614237032988283],[6.249767122346655,9.007508522780288,9.17774938821891,9.059974143104792,9.26931341479574],[4.32527536078905,10.705216439665865,10.598996255546384,10.765947983386367,10.604018045582032],[10.771399762075713,10.735650244016478,10.728184556368896,10.846493320352518,10.858671724172728],[8.0440550569236,7.579199518761819,8.075500692885885,7.9341113567630455,8.079588084695104],[11.83150367552864,4.752484619134515,11.62532295582312,11.698713567926658,11.771334605580725],[11.37890955656348,11.225449588580469,11.137828642827433,11.187006241957,11.362986173027767],[9.145643640152425,7.263032271269138,9.104609213260447,9.083406433493582,9.180714665554172],[0.35822629435008285,6.493898575655693,6.52540115704126,6.696941789885134,6.147724615034994],[9.139378780852818,8.94084288503017,9.194645931407361,9.148066984449315,9.051971531476498],[3.7491858477893865,7.827680785584323,7.680376601462292,7.7493850730802025,7.823161949432588],[7.7673372363209054,1.3240762201243856,7.844248697576138,7.608016706966126,8.011215136394062],[3.7048676210082347,5.217188050629218,7.887570394186499,7.922115391737854,8.16830004474327]],"times":[[22216,3467,6503,4152,758],[2846,2499,1631,993,1619],[4152,1930,436,1642,629],[2660,382,1517,4490,701],[3992,1362,1535,1381,436],[3399,1079,285,317,533],[3803,1563,976,1832,939],[3975,656,958,233,401],[2308,766,291,279,397],[4797,1096,885,955,693],[1880,551,314,337,366],[3590,603,2485,363,1104],[3107,283,1192,128,253],[1717,1299,326,1848,499],[2710,1912,286,595,844],[3957,540,1528,224,277],[2567,1134,509,1283,935],[2662,1020,2374,387,662],[1763,1306,627,190,256],[2515,1053,1717,1375,512],[2587,316,909,291,383],[1186,293,2694,282,389],[973,1028,483,454,417],[3211,251,81,201,297],[4346,332,1425,253,248],[3565,1383,836,466,712],[1790,272,264,418,349],[1714,337,1544,241,281],[2653,1119,891,1105,416],[2270,311,1081,583,761],[1046,973,470,635,442],[3143,842,1004,1768,1324],[4904,973,547,328,272],[2297,429,314,330,281],[1071,460,2775,1661,431],[1736,426,255,312,335],[1749,920,265,174,202],[2473,2079,1400,611,295],[3570,1304,244,231,288],[1309,1108,687,273,287],[1244,1140,1515,986,727],[2283,2841,209,322,361],[2382,1256,418,246,237],[968,1453,1286,316,266],[2186,201,150,248,242],[788,723,283,262,351],[1005,3371,1297,983,898],[1798,81,81,40,53],[877,695,543,251,256],[2058,2109,246,244,248],[5320,30,940,450,329],[1258,1931,290,243,239],[610,324,116,8,5],[3344,70,328,343,262],[900,2113,23,360,196],[456,1081,227,335,1646],[3665,305,297,321,553],[689,623,365,319,287],[878,1725,280,252,294],[2078,639,3776,144,303]],