{"actions":[[0,1,2,4,5],[0,1,2,4,2],[0,2,1,3,4],[0,1,2,3,5],[1,3,2,0,2],[3,4,5,3,5],[0,1,3,2,0],[3,0,1,2,2],[3,4,1,5,3],[0,3,4,3,5],[0,3,2,5,4],[0,2,3,1,0],[0,3,4,5,3],[0,2,1,0,0],[3,1,5,4,2],[0,2,0,0,0],[0,0,2,1,0],[0,3,5,3,3],[4,5,4,4,4],[3,5,3,3,3]],"rewards":[[4.3328059888048385,5.330381925928319,5.998114769972255,9.16969749907756,1.7685427702041148],[5.300318218448458,4.623606771756497,4.619108745813108,5.967427915961953,4.432493311650571],[4.90163475765398,2.7400327345826985,3.801683642684421,4.504495625827139,0.8506110018945126],[0.9728577386281463,1.78307203544176,2.7923600048303063,8.180120728013321,7.50943887213005],[5.898074070748715,3.7661027971493968,5.788211495481005,4.297162948364217,5.810307270439418],[10.500023388770892,3.5611849152329857,10.211823547548164,10.468145010803438,10.004157140825141],[8.840504745846486,8.15594750052763,0.025876379905115765,7.712041580707056,8.983084976964202],[0,1.6813352887956032,1.8904218823592678,2.729895032586531,2.7231401582599943],[8.10027504270612,1.3608507538108,5.16615855054506,8.044563385704743,8.069717324988305],[2.1387229148880227,6.483554480486598,1.9212315725959785,6.561679208178301,6.667234211163765],[1.6797384905250436,3.6429063046611962,2.826664898732849,3.0158618346639945,8.585924399931024],[4.640044694039575,4.551631003600257,1.4615208261139132,3.2696734807221057,4.598646516506419],[3.233467963968633,4.7375611545450464,1.7344070221677368,4.184858846414096,4.476803388940333],[5.16521665623931,4.140319849109381,4.901313972504632,5.1325823403708055,5.217834961283435],[4.739738076522929,4.470293848012402,3.935489496482808,1.3344698249716571,3.3130867809542863],[9.401931940511467,7.4689579607738485,9.488631574761856,9.48284362457169,9.544146488006678],[7.6688938069782635,7.739578528655785,7.038841404664414,6.675485054975025,7.839625470824154],[3.96174855200046,9.640960359616678,9.417880877053287,9.444765961581407,9.54873799238131],[6.728685088621852,0.5909084831810607,6.7263558985074985,6.7888886228230705,6.800052362358016],[10.554334071037493,10.124444425848106,10.639058259311009,10.533334325097263,10.885866072041727]],"times":[[12430,1637,6327,1122,560],[3544,1235,774,695,2244],[3450,1444,634,498,533],[4313,1459,545,581,624],[1331,633,898,1050,1457],[23132,563,1133,465,399],[5161,942,1702,433,531],[2941,491,462,351,1016],[1789,815,729,709,799],[922,2188,1569,557,334],[1855,503,1992,459,495],[588,1011,864,393,505],[1205,1237,549,552,319],[350,591,409,438,516],[607,372,600,242,290],[385,1545,254,422,282],[371,229,227,190,303],[420,381,275,195,308],[486,342,456,341,515],[508,983,323,348,271]],"condition":[["poseven"],["negeven"],["negodd"],["posodd"],["poseven"],["negodd"],["negeven"],["poseven"],["posodd"],["posodd"],["poseven"],["negeven"],["posodd"],["negeven"],["negodd"],["negodd"],["negeven"],["posodd"],["poseven"],["negodd"]],"envs":["envs/changepoint/poseven/poseven36.json","envs/changepoint/negeven/negeven87.json","envs/changepoint/negodd/negodd37.json","envs/changepoint/posodd/posodd1.json","envs/changepoint/poseven/poseven18.json","envs/changepoint/negodd/negodd71.json","envs/changepoint/negeven/negeven74.json","envs/changepoint/poseven/poseven58.json","envs/changepoint/posodd/posodd41.json","envs/changepoint/posodd/posodd47.json","envs/changepoint/poseven/poseven80.json","envs/changepoint/negeven/negeven13.json","envs/changepoint/posodd/posodd40.json","envs/changepoint/negeven/negeven97.json","envs/changepoint/negodd/negodd86.json","envs/changepoint/negodd/negodd81.json","envs/changepoint/negeven/negeven82.json","envs/changepoint/posodd/posodd78.json","envs/changepoint/poseven/poseven12.json","envs/changepoint/negodd/negodd8.json"],"money":"3.02","age":20,"gender":0,"hand":0,"experiment":"noncompositional","instcounter":1,"subjectID":"613a55233b93a1524058dbc0","studyID":"617b0174ce5353c47cc531c1","eval":[["negeven"],["posodd"],["poseven"],["negodd"]],"regrets":[[4.973577976226807,3.883880138397217,3.159212589263916,0,7.6291985511779785],[0.7586555480957031,1.35715913772583,1.3819918632507324,0,1.3819918632507324],[0.9770917892456055,3.2296786308288574,2.0967116355895996,1.394892692565918,4.971374154090881],[7.303139746189117,6.540637135505676,5.315591335296631,0,0.6971158981323242],[5.058539867401123,7.302236318588257,5.17605447769165,6.588136672973633,5.17605447769165],[0,7.082948923110962,0.2984476089477539,0,0.2984476089477539],[0,0.6627264022827148,9.011429905891418,1.4178013801574707,0],[4.0849374532699585,2.4111087322235107,2.068191170692444,1.2880275249481201,1.2880275249481201],[0,6.84047794342041,2.9226274490356445,0.11281776428222656,0],[4.476256608963013,0.14194822311401367,4.77861213684082,0.14194822311401367,0],[6.79947304725647,5.070507526397705,5.843715190887451,5.50646185874939,0],[0.5554146766662598,0.7019915580749512,3.745671033859253,1.98236083984375,0.5554146766662598],[2.0642833709716797,0.5498294830322266,3.4695616960525513,1.0610651969909668,0.5498294830322266],[4.377756118774414,5.3041672706604,4.605912685394287,4.377756118774414,4.377756118774414],[0.2244405746459961,0.5216293334960938,1.0265536308288574,3.754045844078064,1.7184290885925293],[2.317694664001465,4.271481513977051,2.317694664001465,2.317694664001465,2.317694664001465],[0,0,0.6967082023620605,1.064100742340088,0],[5.4864397048950195,0,0.1798849105834961,0,0],[0,6.225005388259888,0,0,0],[0,0.5630397796630859,0,0,0]],"maxrewards":[9.2443208694458,5.934735298156738,5.903491020202637,8.193923950195312,10.919119834899902,10.521980285644531,8.95010757446289,4.036998271942139,8.152677536010742,6.607492446899414,8.590726852416992,5.221358299255371,5.222474098205566,9.522543907165527,4.964362144470215,11.794391632080078,7.764629364013672,9.546202659606934,6.760759353637695,10.630016326904297],"bestoptions":[4,4,5,3,4,3,0,4,3,5,4,4,2,4,0,3,0,3,4,3],"rewardorder":0}
