{"actions":[[3,4,5,0,1],[0,1,3,5,5],[2,5,5,5,5],[1,3,5,4,5],[1,5,4,0,1],[3,3,3,3,3],[1,4,5,1,1],[1,3,5,0,0],[1,1,1,1,1],[0,1,3,5,5],[3,5,2,3,3],[3,3,3,1,3],[1,3,5,0,0],[1,3,5,5,5],[0,5,5,5,1],[1,3,5,5,5],[0,1,2,3,4],[3,3,3,3,3],[0,2,3,5,0],[2,4,0,5,5],[5,5,5,5,5],[0,2,3,0,0],[3,5,1,3,3],[3,3,3,3,3],[0,2,5,4,0],[3,5,1,2,2],[1,0,0,0,0],[0,2,3,4,0],[3,5,5,5,5],[5,5,5,5,5],[0,2,3,4,0],[0,3,5,4,5],[5,5,5,5,5],[0,2,4,0,0],[3,5,0,0,0],[0,0,0,0,0],[0,2,4,5,5],[5,4,5,5,5],[5,5,5,5,5],[0,2,5,4,0],[0,3,1,4,5],[0,0,0,0,0],[0,2,4,0,0],[1,3,4,4,4],[4,4,4,4,4],[0,1,3,0,0],[0,1,3,1,1],[5,5,5,5,5],[0,1,5,4,5],[0,1,3,5,1],[5,3,5,5,5],[0,1,2,0,0],[0,1,3,5,0],[0,0,0,0,0],[0,1,3,0,4],[5,4,3,1,1],[3,5,3,3,3],[1,2,4,4,4],[0,1,2,4,2],[4,4,4,4,4]],"rewards":[[4.571846658534255,5.3122279134767805,5.889224548874209,2.1895822942011196,2.179725203089861],[1.0412879519979181,4.349434569085303,4.178541097849176,4.822228588332163,4.831964868120873],[3.498489217892218,4.816637814750154,4.770768893236633,4.746886971534604,4.822866850316197],[2.301345256399877,3.53120439394048,3.8251469252399657,2.8751692250206187,3.458697930136472],[4.98670324221272,4.530377859631088,1.0302191452669598,1.6897019724508475,4.963434032342011],[5.391928449966905,5.299497788243303,5.378431965241017,5.11023059330498,5.2080272330171224],[8.363587083733966,7.1234477438800825,6.555444268998922,8.277491242636067,8.1574624762853],[1.1109150243362154,0,0.13512129433684966,3.5847273079645494,3.826528108568909],[8.288410349716726,8.281802060940814,8.295196910904123,8.249446656277392,8.391361842912039],[5.218525868438715,5.578229146884491,7.675748991548405,9.540537245088045,9.61268402060321],[8.336213023644708,8.229252473716079,2.3397015486809014,8.263635601990725,8.179793300426994],[8.131324908451809,8.182797922577494,8.24746004618688,5.776622223540489,8.270805144278073],[3.645696397513862,2.5003895115394528,0.9727884199501197,5.019936478620369,4.903557324863761],[5.042967780432105,4.481378648558828,5.970296694567777,5.9764213983004995,5.883526607694242],[4.811749323801129,5.8754118752029925,6.054485436494401,5.708730195268617,3.8515804589219176],[6.868196596366404,7.947382514655347,8.67494277174433,8.771345246437043,8.662668947674174],[0.8181604758687641,4.630716067510009,1.8497086517130672,5.716755541249477,1.1096194572143303],[5.756332368488779,5.694263695256906,5.790066946726483,5.791745998993984,5.655847717000936],[5.296385424664432,4.440870177994039,3.8426386389252296,2.763301384274617,5.180378986153632],[0,0.19179979707414752,0,4.9882910136024785,5.098740245199798],[5.089637852216105,5.206866352811865,5.143564440972835,5.073322879197015,5.127216734923822],[6.195467739673373,4.601620677422765,4.6166667608632155,6.342241784581511,6.207200119631943],[6.886710091916809,6.1131630847787095,6.08599319576058,6.98079527274162,6.936656899343647],[6.980122044688864,6.9918513494493535,6.958734021844909,6.851180442802214,6.83252978575662],[5.894646226287562,4.501618780306966,2.080638810966783,2.2112492640648878,5.805082094633528],[1.8891224487449017,2.4459472510097524,1.253254865732579,5.897497326420033,5.908187688773637],[5.34425292160915,6.09731756129957,5.954979587206173,5.790318376240222,5.986855648649805],[6.865860718984647,5.064639857087176,5.001187659601736,4.769611463654993,6.84234089028475],[7.199993437885206,7.5109000366660075,7.477023024591368,7.5499803150012275,7.483658034600859],[7.579422326730797,7.402735448683944,7.428399812103364,7.424946675593049,7.456891524463213],[5.1201533223669555,4.287656303972906,3.306378605043882,3.6632981994890628,5.282235039229632],[0.26861333536913773,4.929475215640019,5.345418446901849,0.8155942207504426,5.322510750428813],[5.393717547422526,5.258281373481856,5.286100738919836,5.268322037026172,5.238627001400867],[6.753876733704145,5.24248966534855,3.5352553520883077,6.7397594985693,6.897583641107606],[0.21854255384102822,0.09631874783213812,6.6371102166968425,6.758981804116358,6.6225753937193454],[6.707889017699592,6.601976560870628,6.533602155077266,6.795406076169289,6.615207416135849],[2.9157331966518183,5.487880643644248,6.788904962465618,7.6099437694948975,7.901348485006602],[11.594782093019674,3.5604103633532485,11.77347338933752,11.870554353406842,11.728041504165095],[11.810030715986173,11.87679952017029,11.941556036933445,11.938966679895033,11.820034638907085],[7.80632781227973,6.6123102956629225,4.270414346705243,4.22594277359526,7.820542553680788],[6.336818778827612,0.5781400296655785,0.5547298313345383,6.2072144636781506,1.2430402579288153],[7.719689467024517,8.059121788596357,7.894902180596507,7.922366654930743,7.781885110465782],[6.1670446033770645,5.816135309154705,4.386832664380546,5.876503869304748,6.234290628571754],[2.9751024795327448,3.5708350359769683,9.392693810769796,9.30026304038901,9.2730338292586],[9.654031496044649,9.389520736892772,9.444363992280909,9.395216492535786,9.253374925949561],[6.901920277338598,6.529164129091773,5.358991922981937,6.962758055435098,6.9026117074166775],[3.466489385740806,9.431505187112561,8.646191787282314,9.45069774640726,9.453700952045946],[9.45517804290227,9.521779330146385,9.463439685469327,9.416277141339892,9.532268756780514],[1.14308042618181,2.8803691606787893,4.294525783566163,4.0719025679236145,4.362611750665275],[3.212617357048202,7.736629840604194,7.3028915560661165,7.213926997549969,7.637912509947756],[7.105204811962972,7.135795269885498,7.27836958342834,7.224183180645695,7.331329176871078],[7.011519321727147,5.255568635763275,3.843556342069362,6.962813297881487,6.927739371905274],[8.816375475914231,3.4533360464317897,3.7916159357902184,3.6954228997995444,8.74923110447788],[6.696475614913927,6.811156800813383,6.778811505987937,6.786453602045963,6.841597944571421],[3.286009983913601,4.362712383722707,3.715643050873388,3.064444797835551,5.480243448878132],[6.264957991269831,0.7178319681507385,7.026435974849129,7.331397057957584,7.2429159155037],[6.921231332799732,5.883640666977438,6.931918483228389,6.857049675395805,6.896974473496538],[5.264958927650606,6.769120944520661,6.8041296063590835,6.941778771514876,6.886207035615348],[7.6560388868140015,2.7433438037347253,8.47225507172417,7.736021015270257,8.432912365872658],[7.705240483943711,7.855715315013347,7.650003214644437,7.848712982998637,7.722695438722006]],"times":[[8704,512,269,680,30],[1955,323,407,577,352],[2635,266,326,148,217],[1929,1354,373,448,395],[1205,617,513,175,307],[2072,414,114,73,206],[1414,631,419,901,109],[499,327,297,798,519],[477,102,140,150,257],[1753,299,535,530,246],[878,470,1602,629,361],[1451,223,67,217,20],[980,230,295,591,240],[1155,61,149,129,84],[1432,605,260,205,440],[1191,753,523,277,154],[2966,80,301,156,199],[626,345,186,152,249],[2572,121,129,321,98],[1116,176,981,450,267],[775,222,218,150,194],[972,346,478,897,211],[778,174,544,234,245],[639,226,214,255,249],[1476,383,315,416,421],[3686,123,254,455,314],[2676,359,234,207,190],[905,40,235,355,87],[676,89,378,125,137],[1036,123,66,61,76],[1185,98,200,1,817],[677,63,100,238,71],[394,113,69,364,265],[3804,272,143,54,247],[1146,373,14,246,236],[318,62,281,232,197],[578,177,79,449,165],[1325,183,380,249,245],[438,51,155,86,174],[2375,59,108,47,336],[2320,244,398,801,119],[354,139,138,69,165],[5333,565,403,14,119],[948,100,268,518,280],[464,90,187,106,701],[1086,21,727,280,183],[886,47,730,263,329],[2783,837,99,56,271],[1326,397,386,285,87],[337,46,562,134,608],[828,228,191,74,387],[1134,35,808,819,288],[1113,66,186,6,459],[543,299,97,111,62],[451,5,490,252,363],[497,36,599,460,252],[490,428,22,303,422],[1821,496,486,354,122],[3018,104,894,360,317],[809,87,380,297,285]],