{"actions":[[2,0,3,1,3],[1,2,4,0,2],[1,2,4,0,2],[0,2,4,0,2],[1,2,4,0,2],[1,2,0,1,2],[0,2,4,0,2],[1,3,5,1,3],[1,3,5,1,3],[0,2,4,0,2],[1,2,4,0,2],[0,2,4,0,2],[0,2,4,0,2],[1,2,4,0,2],[2,4,0,2,4],[0,2,4,0,2],[1,2,3,4,5],[0,1,3,5,1],[0,2,4,0,2],[1,3,5,1,3],[1,3,5,1,3],[0,1,2,3,4],[1,3,5,1,3],[1,3,4,5,1],[0,1,3,5,1],[2,3,5,1,3],[1,3,4,1,2],[0,1,3,5,1],[1,3,5,2,4],[1,2,3,4,0],[0,2,3,4,5],[1,0,5,3,1],[1,2,4,0,2],[0,2,4,0,2],[1,3,5,4,1],[0,1,3,5,1],[1,3,5,1,3],[1,3,5,1,3],[1,3,5,1,3],[1,3,5,1,3],[1,3,5,0,1],[1,3,2,0,5],[1,0,5,2,1],[1,0,4,3,5],[1,3,5,0,1],[1,3,5,4,2],[1,3,2,0,1],[2,1,4,3,5],[1,3,5,0,2],[1,2,4,0,2],[2,4,1,0,3],[1,4,3,5,0],[1,2,4,0,2],[1,2,4,0,2],[1,2,3,4,5],[1,3,5,1,3],[1,3,2,0,4],[1,3,2,0,5],[1,3,2,5,0],[1,3,5,1,4]],"rewards":[[3.619555485836348,3.1423221689123824,4.982268226206617,3.853740146767917,5.205746396875977],[0.6094570650635409,5.119935772628972,4.832540536788504,5.778192019431958,5.031363756971933],[0.7131632115067187,5.208073039425908,4.963152112818946,5.8554003510860495,4.911233823977232],[5.945023408644109,5.025870319553115,4.825910258801886,5.712139884634742,5.026995461585322],[0.6160082817473237,4.947806354925993,5.136841789450397,5.527289166902497,6.6030068822587005],[7.315731141673913,6.540646361491795,5.386050249583897,7.31503631663425,6.615350571100278],[5.439856334992405,6.622690715504119,8.470090415447087,5.450483297095644,6.542836531516987],[7.437806473687463,6.912376946982786,8.459748094002716,7.145689907878415,6.856412456383297],[7.134337557464505,6.925667284621304,8.468381473810597,7.248825845486848,6.704256603079441],[5.492806989915243,5.035145870640948,4.830021545178403,4.473457579364312,4.869004833298364],[0.6184153482866724,4.968446452960227,4.858128743312248,4.683058002156461,5.023160228308615],[4.553771102199266,4.95556025646072,4.757073648902521,4.494820797715458,4.952290458693146],[6.8119607664862585,6.630621982896689,7.454034838476589,7.803519734652179,6.523067199530856],[0.8212508053418969,6.956962158300254,7.664096833503816,7.217476394867454,6.852355729094801],[7.046637816267284,5.196948931062057,7.090680472029165,6.918583379757795,5.238727245173444],[7.162046705886257,6.78845542899699,4.992724215691848,7.181187650451624,3.6855225338183546],[2.4522849618413676,0.6268022592145829,4.095962322631121,0.01589156419074929,4.237918097831099],[0.43874271780638957,2.996022212042615,4.930492598650157,5.702000552903597,3.3064354585044344],[8.122637115347224,6.474053979910842,6.1213332592881935,8.058366698250152,6.781940121966894],[7.289024059910717,6.298408618648646,4.592043274978474,7.110779254522617,6.55819756904071],[9.260380614672895,6.340146071366719,4.7862044491011515,9.14372062724728,6.470160642932363],[2.5126558417304574,3.9322740019853595,4.764393120404453,5.11597485075917,5.966119089323608],[8.004182816319476,7.88175846374812,8.500979206579334,7.970929618795193,7.7090771987250175],[7.926626994003207,5.067089977194647,5.914272518078364,6.9955501059475225,7.829323565495208],[2.821953179667499,8.010856162989626,5.0541167581045485,6.992320135724907,7.82529699687682],[3.010008442668229,5.209704609275674,7.030880005147638,7.833988050333036,2.8534058980804042],[8.674617861519415,2.733156540339445,1.9487672844908164,8.636562969301243,2.1789700265731127],[2.6162007961979894,8.468111757886145,8.651917704692524,7.664850374158579,6.361832823433871],[6.541214414113858,3.979331582041381,2.1021627011736506,5.666110276510542,3.0241731579552815],[6.441742580384723,5.629416166945931,3.9087463942396687,2.902481953657444,7.077062064958792],[6.994557378247639,5.586995954319556,3.9931334698031806,2.945227321032777,2.3480768591695043],[6.521421910980315,7.125947850371254,2.0751637834524748,3.9530796664024233,0],[0,7.902046343029944,7.387630790821934,7.466003247597332,7.7016777117722],[2.059841536978804,3.262417662310277,3.625093926578077,2.0927495383669448,3.0725442083996652],[4.173193854408484,3.602248604864716,3.5743862417730012,0.6145918382499886,4.2162827393170454],[0,4.36291944287529,3.392772948483877,5.58965796106498,4.176865117317327],[5.6275653802441035,6.658367149248396,8.23899295876611,5.85586217579371,6.464424584651344],[5.8867103957957,6.584361126622331,8.107318439194742,5.696199597202861,6.641377851852958],[5.750761442445177,6.374683151326128,8.150951501433383,5.86646574357237,6.694403130501071],[5.632316918883821,6.653833827586424,8.138134674604935,2.73759471936005,6.584684329958702],[5.82617834588782,4.398110894726533,2.6515790545628795,7.018480857469295,5.757550321851481],[5.618231992238491,4.522745779049477,6.188588483552127,7.05827882597968,2.519085807495712],[5.731856015779826,6.938950488338835,2.7552493743125983,6.149612915907437,5.9977382905003065],[3.9924280332697024,1.341708990707406,1.6181547903522489,9.10789541770186,8.828197049721814],[8.635520219593765,9.040796392055997,8.79673100170399,1.0217945719307586,8.618837526409909],[8.713718035305288,9.14023707955815,8.94496287362007,1.7560538633081968,1.835539390107794],[8.677861821534393,5.523308472981852,6.962724291702309,8.577597497276274,7.90954906672144],[8.481287179088,3.6177364837903747,4.940023999981694,5.459496929461022,4.059608667520228],[7.0315707764826385,5.379468074764685,5.238365395609522,6.155083365763541,6.408286212169606],[1.589048453622606,8.538999852623165,7.85826195332994,7.832250540032764,8.71659740582725],[8.665991729546631,5.417033917979355,1.558124826720377,7.771846255136717,5.182113005395779],[4.05238144999797,6.944866849034621,6.747145772223189,7.287819338173317,4.709117095871742],[2.828146062004889,8.71404144641242,8.407440700577874,8.724761373707542,8.666255302465947],[3.021079789347169,8.628396659832616,7.000549275460837,8.683087260475773,8.618033653539731],[5.1287533000413195,5.4189748864486695,5.102625764122453,6.757945796428014,7.233264234838176],[11.201859428059135,11.017142430885357,11.655969574257178,11.01890634318357,11.196238954758456],[11.297552682903325,5.040801478941879,4.263410696748518,3.950806227330012,6.767467173439108],[11.241736400569996,5.436098970729055,6.221251640361824,6.988300565888419,4.590995624908773],[7.5036304388385116,5.23407583338568,0.415154203280086,5.334780561052238,0.12898176554613805],[4.5691355926840655,5.106384211789806,5.428995210275547,4.448206427674478,1.1226980834699551]],"times":[[20109,178,530,535,168],[69114,1867,2101,1414,1159],[14685,1682,4269,1061,899],[2754,1146,902,518,325],[2860,1151,606,766,1101],[4210,1337,1746,435,193],[2044,660,646,1336,200],[880,1032,103,290,420],[1534,1240,244,549,501],[1177,820,1815,460,147],[668,589,1038,142,247],[698,441,302,205,79],[1027,526,133,169,167],[540,353,997,757,60],[935,312,1503,72,100],[2059,315,231,206,49],[684,413,693,78,1150],[633,250,676,469,328],[581,336,137,139,683],[436,836,35,235,878],[2821,590,229,132,102],[636,206,249,493,38],[446,412,593,319,229],[481,654,475,252,269],[618,208,490,267,158],[891,565,499,120,255],[792,328,1533,444,628],[591,122,703,209,213],[300,303,201,252,220],[531,387,267,371,201],[552,201,64,576,304],[299,3800,1340,418,712],[461,425,537,10,320],[443,248,482,290,204],[312,261,5,307,147],[666,450,363,474,148],[365,406,72,172,200],[290,253,534,265,307],[288,100,134,173,73],[411,204,491,314,380],[450,256,299,337,1324],[344,296,1061,358,693],[765,598,909,956,252],[1245,281,888,323,347],[500,298,210,292,876],[1595,542,551,360,348],[334,257,819,144,841],[592,491,1606,222,290],[381,176,55,212,1114],[429,384,445,1061,179],[477,274,856,339,969],[501,531,522,100,514],[300,292,1175,464,304],[650,150,475,501,354],[621,226,964,311,235],[413,1117,355,657,1009],[731,665,232,421,451],[535,412,589,119,238],[222,610,251,1412,78],[472,340,423,1059,150]],