{"actions":[[0,1,2,3,4],[0,1,2,3,4],[0,1,2,3,4],[5,4,3,2,1],[5,4,3,2,1],[5,4,3,2,1],[0,1,2,3,4],[0,1,2,3,4],[3,4,0,1,2],[0,1,2,3,4],[0,1,2,3,4],[0,1,2,3,4],[0,1,2,3,4],[0,1,2,3,4],[0,1,2,3,4],[0,1,2,3,4],[0,1,2,3,4],[0,1,2,4,5],[5,4,3,2,1],[5,4,3,1,0],[2,1,0,5,4],[3,5,0,2,1],[5,1,2,0,4],[5,4,3,2,1],[0,2,4,1,3],[0,2,4,1,3],[0,1,2,3,4],[5,3,1,0,2],[5,4,3,2,0],[0,2,3,4,5],[0,2,3,4,5],[5,3,1,1,1],[0,1,2,3,4],[5,4,3,2,1],[0,2,1,4,3],[0,1,2,4,5],[5,4,3,1,0],[0,1,2,4,5],[0,2,4,3,5],[0,1,2,0,1],[0,1,2,3,4],[0,1,0,1,2],[0,1,2,3,4],[5,4,3,2,0],[0,2,3,4,5],[0,1,2,3,4],[0,1,2,3,5],[3,5,4,0,2],[0,1,2,3,4],[1,0,2,3,4],[1,0,2,3,4],[5,4,3,2,1],[5,4,3,2,1],[5,4,3,2,0],[3,4,5,0,1],[0,1,2,3,4],[5,4,3,0,1],[1,1,1,2,3],[5,4,3,1,0],[0,2,1,5,3]],"rewards":[[7.043711283523856,6.925700024967419,6.606167010072771,5.882494210849921,6.175011900536708],[6.3396623405452965,2.2009301705494217,5.622350447999808,1.812762255535648,6.422459769295548],[6.2738466865142275,1.971830964677136,5.736746378480438,6.08462258988068,6.090026231903357],[1.5528474944755914,3.333995849612058,3.800807322563995,4.140726440485259,5.66922393619057],[2.025259065181761,7.120267969996511,2.239835935818883,6.463927645633213,1.8964273162041094],[1.4063188435454335,3.0402097893966995,4.002794300587314,6.70975610597649,1.8757017881567901],[7.504702713127486,7.723631045848462,6.472547939083338,5.362094285030658,4.069139408822295],[1.5981132274188774,8.361581057830632,1.1256745764728289,8.38126445524795,1.2584242173052316],[5.487278623229962,4.010105382841547,1.6721010129228215,8.560711741089365,1.0351837220285691],[5.808302586272645,6.005776719219126,7.5413237869390155,7.236682415331466,8.168007607779977],[5.829433219464353,0.5584251000925763,6.001013812067506,0,6.638366693346221],[6.002661388860764,0.496029995833725,5.931748786188352,7.231983778066949,8.26700310252599],[6.405353262054259,5.722245083436651,5.192050260532713,4.568173587556882,4.164791888664931],[0,4.70377720183425,1.5217683594325047,3.8222576830940223,0],[0,4.685429934085773,1.4721004541026181,4.543349037294827,4.120296231908659],[2.4082637766487163,3.1101228983587426,4.353638888639074,4.09506364157878,5.232506683872024],[6.533621809668618,0.5949560380381477,7.43940424125567,1.4771908851827384,6.235944837090321],[6.55007509729225,0.7261240960962948,7.447276150672815,5.053368950642505,5.615609775596417],[4.746694032098058,4.351659497776422,3.244858049362925,3.41162083404463,2.5498226549306326],[1.1306289931649793,7.92338544377074,0.14243998961360618,1.3231270605908536,7.498807554970936],[8.045019274235441,1.23104748718652,7.351265742556421,4.825429753580135,4.397163369244636],[4.392686447449654,2.851191744144052,5.662795781542773,4.506960920136767,5.150675786350494],[5.221623552098474,5.817978405037647,0.875277106528752,0,0.7718861003548101],[2.6892124454791544,3.4963493880630843,4.158738724565464,1.1227734760289982,5.998323571849039],[3.829449133965197,3.688233708021824,2.29539724152634,3.9795975973361015,2.4752404418289813],[7.868258486501281,7.523247699181488,8.27472896859065,3.2252575879645393,4.40731505412498],[7.926689180467523,2.9471071448257145,7.842429814003634,2.3993580137564376,2.5291582498734257],[3.435089615496488,5.332200747990401,6.6075620989004875,6.973394940662386,6.333731673714899],[0.8953807281917283,6.733173847944525,0.10772156888883172,6.515041000756226,5.872147058820168],[5.559646710325009,6.4820789477668415,5.186628338141019,4.926163189949672,3.76328489918985],[8.375282351937301,6.189643914888424,6.957288061550829,5.756043322590112,4.652991901103081],[9.228024755119785,9.397073928300559,9.379512660273123,9.336320792736617,9.401889259024593],[3.494736400387276,9.282972334895133,2.724066161208055,6.8012249050882385,5.862422130797316],[4.806408626114138,5.108561150774626,5.891098645590422,7.098778752998941,7.086507874754837],[1.2961169148579719,0.10534677883745187,6.337256722290934,0.9898277807443,5.9665196123749125],[1.160298646323529,6.4657477400146535,0.07432810609424437,5.209308451077322,4.834455233678504],[4.494694054079,4.289676277761081,4.062919335785339,1.5588889144914697,0.49372169104034336],[4.692648530313219,1.6836607116780575,5.471491737617413,5.154307859622564,1.3411134647401435],[4.699197434268177,5.459595178331832,4.111812834957957,4.221460942208633,4.214113584878626],[10.365886912817762,8.40649547362606,7.787201579086556,10.287778866969154,8.158852500636538],[8.003834140556117,1.3002288591664206,7.363043787268609,0.8487042333295721,8.276199610823243],[7.9073088935126625,1.279241163989583,8.122966743164957,1.4525210823832637,7.5877555193798525],[3.8684317025591124,4.991193783329321,4.653630137035489,5.92823000383204,6.077197920135224],[1.9653546599210812,7.5150691053113565,1.6845942877437805,8.509035745173936,7.3869145985175],[7.3537242761457735,8.581738811382175,5.828005467595583,5.979457308933712,7.227763503881514],[8.19272115772676,7.144822347751856,6.658284234288733,6.541090327776916,6.239213233749373],[2.7809565903777793,9.254285468186643,2.9702891102695936,9.883279222464045,9.441613087662692],[6.4953886002237144,4.752184216096361,6.314580228694337,2.691861982019371,2.721431479068386],[2.1487382334520437,3.4846561146646775,4.703089647261488,5.161544212099025,7.598477506298807],[0,5.621186724384106,6.566807257969004,0.08242896710688122,6.055845924791925],[0,5.511661711601368,6.531411224219514,5.121869631087476,7.24203941306443],[3.655138521172107,3.9666794075631024,4.748830927890917,6.275612925142575,7.335997949430884],[2.9969632520845284,8.33043268351345,2.4121702175218553,8.41254200226998,1.7073205270908247],[3.5607472902219373,4.113357493223166,4.747375990667008,8.433067906648697,7.36912899137244],[2.9670916420466065,3.0395323013249542,1.6015489190813583,4.9918326219874425,4.617780091762816],[6.2406467220325315,1.6017950344397403,6.320648349739548,2.015689641172339,6.6686718634243585],[1.5041842178539586,3.0159717655477833,2.9838127099129546,6.246320082384595,1.7002198152243222],[3.217566964055548,3.3791103737971304,3.3134074872976966,4.259316629645738,4.989148795235016],[9.878273900219495,3.756800512703547,9.23462625009271,9.458556435371985,3.327381360562375],[3.43669759180463,2.577749820906266,9.23936441870613,5.603230137281195,4.8535176061354095]],"times":[[18018,1151,541,1424,279],[4988,237,392,889,275],[6199,2566,268,1135,1090],[2232,376,424,794,240],[1748,389,275,642,294],[2318,214,245,397,262],[3356,246,234,679,274],[1170,399,266,308,218],[1878,151,557,166,247],[9072,251,141,1195,192],[806,199,48,264,89],[578,147,72,662,481],[1376,880,251,525,81],[1068,691,254,496,442],[1190,232,188,353,406],[966,331,283,519,233],[1488,212,276,327,116],[700,226,101,490,207],[958,162,246,170,126],[848,486,190,339,161],[1742,235,98,767,51],[1210,729,326,130,825],[967,103,110,179,219],[846,116,52,208,451],[442,613,3023,1169,326],[816,218,494,949,171],[6050,340,311,493,239],[1348,398,137,604,1695],[1202,259,300,1049,1059],[756,1220,717,155,242],[980,72,756,196,349],[855,425,498,1147,1498],[2305,438,225,641,151],[1969,46,56,435,253],[562,178,633,665,428],[638,137,193,696,102],[862,18,109,117,107],[550,102,105,576,569],[799,297,983,543,629],[410,74,71,448,57],[542,528,55,576,565],[464,38,1166,586,156],[720,153,44,614,216],[1018,21,179,806,689],[658,398,569,170,82],[2262,1373,270,896,233],[2050,258,228,653,79],[2047,325,498,2281,476],[1564,426,1503,1006,178],[698,633,528,535,581],[1786,1961,770,582,104],[1162,285,246,541,215],[1244,214,217,525,148],[1184,133,202,1438,693],[1350,68,147,1546,149],[802,382,214,302,173],[1136,72,129,137,114],[722,135,215,606,550],[899,93,57,1111,845],[792,868,245,1950,42]],