{"actions":[[0,1,2,2,3],[0,1,1,2,5],[2,5,4,1,0],[0,1,5,4,1],[0,1,1,3,4],[0,2,5,4,3],[0,1,2,4,3],[0,1,0,0,0],[0,0,0,0,0],[0,5,4,5,4],[5,0,0,0,0],[0,0,5,1,4],[0,0,0,0,0],[0,0,0,0,0],[5,5,0,0,0],[0,1,2,5,5],[5,0,5,5,5],[0,0,0,0,0],[5,5,5,5,5],[5,0,5,5,5],[0,5,5,5,5],[0,5,5,5,5],[0,5,2,1,4],[0,5,0,0,0],[5,0,3,0,0],[0,0,0,0,0],[5,0,0,0,0],[0,5,3,2,0],[0,5,3,2,0],[0,5,3,0,0],[0,5,5,5,5],[0,5,2,3,2],[2,2,2,2,2],[0,5,5,5,5],[0,0,0,0,0],[0,5,1,2,3],[0,5,3,2,5],[0,5,5,5,5],[0,5,5,5,5],[0,5,5,5,5],[0,5,0,0,0],[0,5,0,0,0],[0,5,3,2,5],[0,5,3,2,3],[5,5,5,5,5],[0,5,5,5,5],[0,5,0,0,0],[0,5,0,0,0],[0,5,5,5,5],[0,5,5,5,5],[0,5,5,5,5],[0,5,0,0,0],[0,5,0,0,0],[0,5,0,0,0],[0,5,5,5,5],[0,5,5,5,5],[5,0,5,5,5],[0,5,0,0,0],[0,5,5,5,5],[5,5,5,5,5]],"rewards":[[2.195005619848256,2.331775930510081,3.421658176311061,3.4206388557398375,4.46862490702858],[0.9369028851461141,4.392905127200387,4.238165696276177,2.404840409420523,4.848276994477262],[3.2809371226827064,4.529064981300385,2.1029522627137553,2.1797676251597067,2.1804595270361897],[5.566417675403268,4.452159060654493,1.4778521482807023,2.1186316594005103,4.480628588635349],[8.27228158416128,1.7666194735776346,1.522584589010404,2.537825119321765,7.940901708625501],[5.778064183688721,3.3226214879586604,1.402623149443461,7.977090177551551,2.5945774006656404],[4.770388558551024,5.506581010571724,3.4455352760569986,2.055688569182336,3.2394790252352395],[5.674517834276185,0.8171126232940755,5.613392249947084,5.6205198461621775,5.7190319610976],[4.781823885641134,4.798424147584319,4.789953804613514,4.643661421577123,4.658977170688055],[1.6739610692132951,3.9858443662137564,4.343075019454081,4.117381504669667,4.273984187033952],[0.8742926021642896,8.040752331805807,7.899853802508287,8.276498332591,7.975063255325705],[1.8090633374098553,1.7506550155281462,0.9595924802690643,1.6087150064030455,8.467393395462269],[7.327833130264054,7.313155922490568,7.411185407249758,7.556664080185046,7.3963397811618465],[8.12466239605597,8.23248228444847,8.274672016248635,8.056982042162296,8.147122388970157],[2.8781158108949376,2.9493251647322256,7.378824262929591,7.456209301674733,7.457431181453122],[5.482309374959485,6.139913778558842,6.116677207567267,8.749645532928387,8.451088105889793],[6.3932454426736465,1.0427195128356643,6.29862612933607,6.5596632796487695,6.3012110103081],[5.418858548931082,5.609517035232791,5.397607366789541,5.4892202770861,5.522975827272246],[8.481634169760962,8.44920873415485,8.387374216992237,8.451400656251744,8.431139956507113],[7.043190922913318,1.4211112405150088,7.040763050233473,7.246338363268196,7.18596591919059],[3.217591540386695,7.020056381299532,7.104949427777314,7.07217363043096,6.996782334326834],[5.4238120903342475,8.152088527583077,8.574865209645107,8.447908033551382,8.082946148785483],[4.076184552702968,1.0489654108775082,3.705044161485372,1.0724264458350816,4.978112314877011],[5.249269198247105,1.1866842239987505,5.711965520531305,5.3808053105914775,5.366604427966333],[3.0760841986273553,6.5173095760966255,4.87742142827277,6.464722227910858,6.465763798841119],[7.805781706382194,7.644279043358519,7.64051395476775,7.812976973255731,7.564199751891882],[1.4107595250833203,6.519833747660494,6.502630014297447,6.380327209245631,6.541431209621163],[4.725841501242695,1.7423685372904738,2.778689955223452,4.496409075933339,4.556644029560097],[6.183235142507874,1.2776663630173357,1.6563991366372326,5.653115208579321,6.367256169077586],[4.511806387470305,1.0500411402323506,1.581239550950332,4.740327182402147,4.8836024244106415],[3.8488412240010907,8.506772792974724,8.558908011987036,8.482567336126051,8.41521542463257],[5.459629712639164,0.5438325120001952,4.460928528399115,0.24418190980888635,4.400036248371966],[6.061921121415472,5.804812861553168,5.843472438917978,6.0595862225169075,5.83908139317784],[2.5106440531545573,8.811272515204113,8.683832726234636,8.78727590097243,8.54601527535654],[9.81605075568016,9.75728975533878,9.67588062189302,9.595880634354476,9.695920109385302],[2.5964834720175114,2.029086697923767,4.407253096467083,5.432088891308128,2.8277545365986616],[1.4602822046293862,5.532784690714433,4.295160960120416,2.7433621963267227,5.407062235778773],[3.1297874961862804,9.208634051684152,9.251262274076526,9.009896063349204,9.139051902247175],[1.3558463920793633,9.342425870819152,9.178817614130061,9.27152172196192,8.988830853159065],[6.637232270207419,7.81943812085882,7.888696800015788,7.828105071691617,7.849380118989481],[10.148532953981428,3.8307670389165756,10.334459100413875,10.325874388252842,10.23984232777081],[6.826692459961562,3.875131982960358,6.764323806731838,6.751814878800034,6.609816500029917],[1.4503218536329476,4.678380783225976,3.279744467285726,2.985493332359472,4.340354820808363],[0.41416583676390684,4.540573075043635,4.813242565099779,0.2961186660868188,4.592490459327057],[4.208602048434269,4.125930350114714,4.254492271090204,4.2790010179533216,4.2231135981115395],[4.392509545223055,8.716083613201748,9.137658279697714,8.777373664404877,8.815397760503215],[6.137949422557394,2.327879146996784,6.047912771588561,6.107654300389739,6.084092980708671],[4.388350460078631,2.413158987190667,4.324211041872083,4.474184182973522,4.435888460009117],[3.89828219422141,9.635255468282377,9.590168887668133,9.652168520645853,9.590314713891429],[4.083328875492532,10.45846829730392,10.631079863839663,10.531305689547423,10.528529906110274],[3.756033291624555,10.336846397818203,10.522855472797923,10.203359983911122,10.784725446911722],[7.463860880217969,3.194348922253613,7.462998161911162,7.534620535523451,7.583110042481555],[3.5501204073287687,1.7262424588080465,3.383052760748651,3.560643508484852,3.3141719444519553],[7.447061751663682,1.6350105531802521,7.510851764876849,7.423997649797356,7.406850091836082],[7.040177069309616,8.368367630417321,8.45540005221296,8.336375325694648,8.419297129959583],[2.951835160044397,7.061867470284786,7.16602680387872,7.035564831785357,7.193148473449325],[6.979847469558595,6.8764036650867215,6.880257791804779,6.937707699933337,6.903018104017185],[8.149490289420731,5.893970942699037,8.072342653486443,8.314309595237226,8.463473844274127],[0.17115479068128306,7.155023979834228,7.2787992328718,7.185214451301435,7.170300657703737],[7.040594857242768,7.166334373575362,7.139344984846921,7.147730264047311,6.956683775766369]],"times":[[43117,1597,2102,23,3570],[3240,1743,10,1507,2161],[6883,2213,988,1489,1316],[2152,1195,1901,3521,1873],[1618,1808,13,1772,1314],[2603,1608,4671,2108,2279],[3047,1703,1994,1363,4080],[3452,1929,3621,206,786],[1704,822,416,382,686],[4913,2901,2372,2009,982],[2670,1907,659,342,353],[2584,8,1743,3628,702],[2870,510,155,23,181],[1871,418,132,80,118],[3929,10,232,71,66],[2193,1292,1668,2345,312],[1332,676,573,179,162],[1148,126,39,531,21],[2554,600,93,70,392],[2822,1678,538,95,179],[654,774,116,172,47],[1869,748,278,168,37],[1360,620,2474,826,890],[887,628,537,605,86],[917,497,1415,645,139],[2276,517,82,124,22],[1827,719,68,257,295],[958,248,1238,687,502],[608,568,1100,820,689],[746,694,870,552,1192],[971,843,382,159,186],[2144,678,1277,693,404],[1387,461,88,44,245],[767,735,300,15,111],[632,577,58,111,126],[2786,1789,772,405,391],[563,736,783,613,487],[551,564,338,171,271],[591,155,27,182,708],[3318,449,140,20,61],[608,195,372,135,130],[946,1083,196,146,156],[448,538,1183,513,741],[692,455,771,1313,430],[1546,179,91,34,177],[475,449,342,159,101],[563,493,214,112,175],[480,399,415,115,125],[431,548,286,4,22],[1327,1311,214,165,70],[1984,499,129,17,17],[442,487,36,86,123],[747,411,492,90,104],[395,1213,377,121,145],[493,481,404,15,180],[564,460,54,137,72],[618,517,493,51,30],[500,440,424,117,150],[622,435,79,173,58],[956,590,152,20,1042]],