{"actions":[[0,1,5,4,3],[3,4,5,0,2],[3,4,5,0,0],[2,0,1,5,3],[3,4,5,3,5],[0,1,2,0,0],[2,0,0,0,0],[0,2,2,2,2],[0,2,0,0,0],[0,2,2,2,2],[0,2,2,2,2],[0,2,4,3,3],[0,2,2,2,2],[0,2,0,0,0],[0,2,2,2,2],[0,2,4,3,3],[3,0,2,2,2],[0,2,0,0,0],[0,2,4,4,4],[0,2,3,3,3]],"rewards":[[0.8732191040459885,2.0586199188196574,1.927508809420724,4.348411119276794,1.8045799362999493],[6.619997401453414,3.1373074045343183,6.454871897326455,8.307347427971512,6.291932107805447],[2.343220370663428,7.464850292627752,1.6616615207317567,8.453701746875094,8.361066465232623],[3.9153996782543126,3.728151061263984,3.6302900366996527,2.5990984023796297,3.0760572714847463],[4.5706172405365795,1.4658552793471114,4.543748517533691,4.346533497853221,4.513134289145224],[5.344731160137955,3.98458479928232,3.422783105691774,5.413747268850278,5.501491372401648],[4.378715029955684,5.345074144974236,5.28300370216284,5.292854293505338,5.214718801814627],[5.552537093893409,6.149557864092173,6.16811375663091,6.397016590933027,6.317244743263038],[6.498035551151573,4.575652853268578,6.4693491875563245,6.373767476831453,6.3333105845272],[5.307510979839782,6.2805260355461225,6.372028929437342,6.233054090549567,6.054682429401631],[1.2074542319045745,3.1245085903748073,3.2502808202187694,3.2798105020620056,3.13624300064969],[4.94188186384159,3.4315194409256207,3.7733734298570294,10.734989667791218,10.457484947386366],[5.325791562148544,6.753119472123619,6.66639037792495,6.510802650728679,6.760579318426485],[6.945486848526624,6.188741740306748,6.853325376674054,6.931041640673321,6.952239964111441],[5.529517693239765,7.10027874491905,7.416981870544208,7.220273418570283,7.397368786575881],[0.9014009770771346,2.873201353200469,2.3190101589755154,8.216838305341717,8.251622022547577],[1.4360701330892174,6.772005749639545,5.982746574891067,5.7953204575197255,5.654125534826127],[8.811885183718783,7.825012700819801,8.775750986915186,8.965959370766255,8.912077919537037],[0.7704802286340539,2.590972492937433,8.480937036281608,8.488948807484771,8.260571647991364],[0.6988269034753656,3.0135346938909513,9.045814097808323,8.889754849734704,8.973865252120333]],"times":[[15353,4521,3569,2452,5071],[11700,1110,528,7709,1034],[4326,753,2517,8475,1076],[3105,624,1203,3091,338],[4167,349,577,4362,307],[2331,1045,728,10351,474],[2865,571,652,831,731],[2034,639,2504,493,649],[2137,1023,1001,409,919],[1413,445,571,360,382],[1327,411,4314,327,595],[2768,701,3198,452,746],[2077,677,876,290,330],[3221,461,557,226,342],[1543,298,363,281,371],[1512,406,1380,294,354],[1676,552,340,629,341],[1532,394,513,283,322],[1224,333,675,309,388],[1175,346,647,543,541]],"condition":[["poseven"],["negodd"],["negeven"],["negeven"],["posodd"],["negeven"],["negodd"],["posodd"],["negodd"],["poseven"],["poseven"],["negodd"],["poseven"],["negeven"],["posodd"],["posodd"],["negeven"],["negodd"],["poseven"],["posodd"]],"envs":["envs/changepoint/poseven/poseven29.json","envs/changepoint/negodd/negodd87.json","envs/changepoint/negeven/negeven57.json","envs/changepoint/negeven/negeven11.json","envs/changepoint/posodd/posodd77.json","envs/changepoint/negeven/negeven86.json","envs/changepoint/negodd/negodd98.json","envs/changepoint/posodd/posodd32.json","envs/changepoint/negodd/negodd35.json","envs/changepoint/poseven/poseven34.json","envs/changepoint/poseven/poseven96.json","envs/changepoint/negodd/negodd8.json","envs/changepoint/poseven/poseven89.json","envs/changepoint/negeven/negeven58.json","envs/changepoint/posodd/posodd26.json","envs/changepoint/posodd/posodd1.json","envs/changepoint/negeven/negeven51.json","envs/changepoint/negodd/negodd49.json","envs/changepoint/poseven/poseven92.json","envs/changepoint/posodd/posodd5.json"],"money":"3.03","age":40,"gender":1,"hand":0,"experiment":"noncompositional","instcounter":3,"subjectID":"6155082249f909145945f249","studyID":"617b0174ce5353c47cc531c0","eval":[["negeven"],["negodd"],["poseven"],["posodd"]],"regrets":[[3.513645589351654,2.1975135803222656,2.1998143196105957,0,2.519877791404724],[1.7582101821899414,5.165337085723877,1.7409625053405762,0,1.8579950332641602],[5.998755216598511,0.863314151763916,6.666354060173035,0,0],[3.18560791015625,3.563842535018921,3.653557777404785,4.6038737297058105,4.224066734313965],[1.6087656021118164,4.448866367340088,1.4584240913391113,1.6087656021118164,1.4584240913391113],[0,1.271425724029541,1.8634555339813232,0,0],[1.0081424713134766,0.18379878997802734,0.18379878997802734,0.18379878997802734,0.18379878997802734],[1.077427864074707,0.30582666397094727,0.30582666397094727,0.30582666397094727,0.30582666397094727],[0,1.7709789276123047,0,0,0],[1.0177760124206543,0,0,0,0],[4.159887313842773,2.2163963317871094,2.2163963317871094,2.2163963317871094,2.2163963317871094],[5.725350379943848,7.161954641342163,6.928919076919556,0,0],[1.1658711433410645,0,0,0,0],[0,0.7446317672729492,0,0,0],[1.68119478225708,0,0,0,0],[7.303139746189117,5.315591335296631,5.955060243606567,0,0],[5.523563861846924,0,1.0505995750427246,1.0505995750427246,1.0505995750427246],[0,1.142491340637207,0,0,0],[7.537704348564148,5.793149709701538,0,0,0],[8.250460267066956,6.03806734085083,0,0,0]],"maxrewards":[4.266687393188477,8.29464054107666,8.400463104248047,7.263092994689941,5.955599308013916,5.340578556060791,5.43182897567749,6.584590911865234,6.43943452835083,6.230387210845947,5.286188125610352,10.630016326904297,6.627060413360596,6.873607635498047,7.222411632537842,8.193923950195312,6.835114479064941,8.841296195983887,8.41671085357666,8.979390144348145],"bestoptions":[4,0,0,4,2,0,1,3,0,2,4,3,2,0,2,3,0,0,4,3],"rewardorder":0}
