{"actions":[[1,4,0,4,5],[0,2,4,0,1],[1,4,0,2,4],[5,0,1,3,2],[0,0,4,3,3],[3,3,3,3,1],[0,3,5,2,4],[0,0,0,0,0],[1,0,0,0,0],[3,1,5,0,0],[1,0,3,2,5],[1,4,1,1,1],[0,0,0,0,0],[4,0,0,0,1],[1,1,0,1,3],[1,3,3,3,3],[3,0,0,5,4],[0,1,2,5,0],[1,0,4,4,4],[1,4,4,4,4],[4,0,1,4,4],[4,4,4,4,4],[0,1,1,1,1],[1,1,1,1,1],[4,4,4,4,4],[5,3,0,0,0],[0,5,4,4,4],[0,4,4,4,4],[0,3,3,3,3],[1,1,3,1,3],[1,3,1,3,1],[0,1,4,4,4],[1,1,3,5,0],[0,1,1,4,4],[0,5,5,4,5],[0,1,1,3,3],[1,4,4,4,4],[4,4,4,5,5],[5,5,5,5,5],[5,0,0,3,4],[0,0,2,0,2],[0,4,4,4,4],[0,4,4,4,1],[1,4,0,5,5],[1,4,0,0,5],[0,0,4,4,0],[0,4,3,1,3],[1,3,1,3,3],[1,0,4,5,4],[1,1,3,1,3],[0,1,5,5,5],[0,0,0,3,0],[0,4,1,1,5],[5,5,1,1,1],[0,0,3,3,0],[1,5,4,3,4],[0,0,4,4,4],[1,0,5,5,5],[1,4,4,4,4],[1,5,4,4,4]],"rewards":[[7.675140836569651,5.458255915283684,8.067638999188258,5.3854030727055076,5.189646379490527],[7.765282285515492,6.934426682801188,7.164705151296389,8.056753857695286,2.7655419641360885],[7.619260810619971,7.195154462566933,7.860732824761433,6.631009243412601,7.271901355093842],[3.3014394504469204,5.154905399258719,4.688479845773471,5.334223312142476,4.510032175409259],[2.4203171976624156,2.3165599147999507,2.601249718280155,8.464190114459617,8.651090890524053],[8.722610222371463,8.784349346802706,8.573024986813923,8.356419205972157,4.807426891314117],[6.216697853208821,2.968210462927779,2.010096450715488,3.8993675935435457,2.913866307675423],[7.3152095132770825,7.457526815148911,7.254881807184508,7.560229969426232,7.373789209952185],[5.259211202525572,6.441500518738373,6.409432536941888,6.32524538599218,6.103301580088009],[5.247466513927189,3.919190157761576,5.067393761948612,4.33429577505523,4.482470661648792],[0.1565336608178536,2.599245960288208,0,3.6563950198506014,0],[3.828038526398933,2.993765194752783,4.073961027150051,3.9109560078952,3.8369128771422933],[4.303625684383412,4.593049160668091,4.417301079274519,4.298554497940981,4.4604456952127345],[3.09718828148754,4.246373716517566,1.6953514631279814,1.6684985368244416,6.431655578549923],[6.613219136274563,4.827790021512,4.215732796933318,4.916167814842405,6.761485684796901],[4.784264129086151,6.826907551020758,6.88621485164489,6.862230901829077,7.0868435401575685],[1.516674516731693,4.144888281640285,4.065446812482843,1.7192712069150617,4.526913607064423],[4.177496856469088,4.4919507520431,4.812309077883447,1.7609502595839839,3.371038143881647],[2.9971479951463214,2.851556958217568,5.119631107340696,5.13413627551296,5.3740630184947165],[0.2868657464093982,3.9895912797316146,3.9035020719840414,4.097764385352861,4.134428805253708],[4.14601225383194,2.67591522401821,3.0421411942043095,3.993561245049972,4.1128952249910125],[2.2559264582322713,2.30532388994406,2.3668499729994226,2.292568893045584,2.49176146311285],[2.5122806969423017,6.022832089776185,6.012789713426603,6.420221191057593,6.186774388534519],[4.386914587380328,4.443696573454163,4.346606146152453,4.394531841566393,4.389522223700548],[6.967718126472126,7.048266075760714,6.998560804433684,7.058509222436002,7.156998776983886],[1.4882786582790892,1.7090158304537417,5.530747683999823,5.599955368004343,5.590327397914905],[3.717950727913752,1.521595688692347,5.899369617650742,5.935837660298841,6.000602624283398],[0.5361832298611332,3.7773115684399765,3.608423307310829,3.7318105766094845,3.770540935635526],[3.162038530492622,10.327785273636746,10.440500701866808,10.26625254272277,10.29710228671518],[9.52688251875061,9.456635949256803,10.338976267269992,9.536929464140284,10.23510143762527],[7.178929064227779,5.993056419857789,7.247979364782301,5.967399460747219,7.3485791662411835],[3.8811173062222064,0.238325129670761,3.3232880304552337,3.1351070670073327,3.19349835327679],[7.280180996912211,7.435764112090745,0,0.894364797949718,8.392764222072328],[2.8332297783112623,3.2458146221026802,3.161638618435999,6.677721728685268,6.502966637070819],[2.9472918641406682,4.3582622482102735,4.480252097375061,1.5332009269152307,4.425926723533271],[2.892004267174215,3.2738679059745257,3.1692280774586696,5.255567578969365,5.060940782047341],[4.72704488255866,5.399812301986866,5.413347462476403,5.496526884578694,5.462531426499509],[3.9611568808962683,4.109946568115716,4.011750280582393,10.745668691395096,10.67418023065619],[10.705998854977812,10.975266784161848,10.703073656121557,10.623853410054119,10.81393247986512],[2.4048405033616307,5.238036698414919,5.304911519943145,2.9431680066704358,2.131943927303725],[9.340526889007528,9.360579779168058,9.404180741999863,9.485365169726883,9.543146929875496],[5.257279075015143,10.776318966796781,10.669191208141756,10.69940117604601,10.51759488649345],[4.08966449439009,7.996897956615035,7.8463175422668,8.077168204074361,4.9949932445674605],[5.319223123958743,1.2322129762550176,1.1719516183847867,5.500630405209895,5.218687781596591],[4.771086558932925,1.2486760703442903,4.309408773348199,4.101665075433722,5.172487800443371],[8.974743605105777,8.989408324254702,5.141728150440096,5.163464591219021,9.038752499898186],[0.2303003399194466,0.22920827744694025,6.08822828441263,7.046760065946819,6.069679052392895],[7.392887362676872,6.102549634365855,7.528279615523135,6.097369096484545,5.957326188931095],[1.9936246426831294,1.6198561138516119,4.5319118502095925,4.1827606526219405,4.2319265511856425],[6.332679458812332,6.1990213552215705,6.828987006913789,6.392670414523715,7.040640360367682],[1.7360210998404928,1.7319941366244007,6.326204392161868,6.4099023942076165,6.332887949885646],[9.57315057434678,9.511342391166439,9.304169709506105,7.115294105402877,9.461493907996825],[0.3163904037018456,0,4.5872757314691235,4.720467233071193,4.1544826313446706],[3.9563233148399823,3.945177649794445,6.988204216844376,7.023910705828183,6.857189659818068],[5.896822059603709,6.0294218705269005,4.529011558498582,4.328414384660174,6.039047967815613],[2.2866144427361834,2.2051200736774104,8.17082099167223,3.5371798628455275,8.156144340108641],[5.837082372130683,5.8075168041212875,8.185967237346846,8.05437906926173,8.086166700623291],[2.360331011276319,2.279629731925665,5.130188805264835,5.269598006169121,5.111104261271],[0,6.336031829135556,6.424023091835342,6.283041545518927,6.397039855164297],[2.4247304794430993,1.750900228991336,6.267549481049288,6.23419415983966,6.349950311262168]],"times":[[19390,3091,2320,1709,2112],[3127,2420,1235,1744,2663],[6188,1580,3601,1234,1259],[3494,1345,1199,972,1937],[3581,1700,1585,790,805],[1408,654,422,316,1380],[1631,1317,1015,915,836],[404,919,347,529,386],[1354,1767,468,131,57],[1529,901,951,862,471],[5272,1288,681,1100,977],[2584,1664,1113,568,649],[417,371,236,256,196],[928,642,318,231,75],[921,379,353,256,1253],[1138,195,339,126,124],[796,788,727,68,860],[482,377,1395,9,1560],[676,905,538,467,198],[1366,1057,301,152,171],[983,682,557,345,442],[1081,250,306,271,211],[6974,279,263,164,271],[5041,329,19,140,107],[1353,204,91,165,153],[868,996,1052,413,319],[283,963,272,576,267],[254,637,241,208,156],[230,1314,340,294,211],[791,316,253,301,221],[825,216,203,80,105],[1197,580,1128,203,213],[257,303,296,1327,784],[279,847,375,23,152],[272,280,601,612,57],[386,135,170,439,100],[1133,1009,97,168,345],[1162,194,233,462,187],[745,174,447,319,351],[871,476,325,797,43],[549,1868,416,432,479],[567,505,285,243,364],[996,891,112,145,399],[517,381,643,189,1037],[442,529,685,413,264],[973,325,371,139,55],[613,653,995,474,550],[1782,616,135,47,354],[341,922,172,143,143],[244,378,598,274,194],[652,560,435,151,287],[780,390,325,648,271],[522,579,444,336,383],[555,319,41,196,146],[714,337,248,257,32],[725,568,316,24,790],[3431,413,414,301,273],[779,868,253,261,293],[1480,111,211,316,661],[3263,992,128,292,309]],