{"actions":[[1,3,0,0,0],[2,3,0,2,4],[4,2,2,2,2],[2,3,0,0,0],[2,3,5,0,5],[1,1,1,1,1],[2,3,5,5,5],[2,3,0,4,4],[5,5,5,5,5],[2,3,5,4,4],[0,5,0,0,0],[0,0,0,0,0],[0,5,4,3,4],[0,5,4,5,5],[4,4,4,4,4],[0,1,2,0,0],[0,5,5,5,5],[5,1,1,1,1],[0,5,3,5,5],[0,5,3,5,5],[5,5,5,5,5],[0,5,5,5,5],[0,5,0,0,0],[0,0,0,0,0],[0,5,5,5,5],[2,3,5,3,1],[5,5,5,5,5],[0,5,0,0,0],[5,0,4,2,4],[5,2,0,2,2],[2,3,0,0,0],[2,0,0,0,0],[0,0,0,0,0],[2,3,0,0,0],[2,3,5,5,5],[0,5,2,1,1],[2,3,5,5,5],[2,3,5,5,5],[5,5,5,5,5],[2,3,5,5,5],[2,3,0,0,5],[5,5,5,5,5],[2,3,0,0,0],[2,3,5,5,5],[1,1,1,1,1],[2,3,5,5,5],[2,3,0,2,4],[2,2,2,2,2],[2,3,0,0,0],[2,3,0,0,0],[0,0,0,0,0],[2,3,5,5,5],[1,0,4,0,1],[5,5,5,5,5],[2,3,5,5,5],[2,3,5,1,1],[1,1,1,1,1],[2,3,0,0,0],[2,3,1,1,1],[1,1,1,1,1]],"rewards":[[3.9017831385982307,1.4169452450708662,4.873991873035242,5.083329332743044,4.857269926351146],[8.100775161645956,3.0618181932893185,7.692214011210245,8.234390942836878,8.382111630718654],[0.6164989777883196,8.452147012353466,8.173397911500812,8.20587870048331,8.253868449600413],[7.134846937833332,6.371332820259924,7.34391510483556,7.289424587093594,7.3029937972503545],[2.0562762564616013,7.080233651279502,6.486507099098041,2.534604371537286,6.388376475568516],[7.568396208310208,7.48959846021624,7.8157907640832205,7.7328041637684635,7.677693974078915],[2.315512618450464,2.8651979408255386,5.304312005170228,5.438493533769602,5.631432046652606],[3.7965440310392236,0,4.32170841286964,4.267172869325129,4.206205244133976],[5.390188291425778,5.242439763391185,5.492065771055669,5.442753786921701,5.453389933853453],[5.767389852129885,6.448953650340161,4.71696723924052,5.860157168309329,5.646361473193059],[7.938952945344536,1.1097415480911534,8.006965226918584,7.99601247135048,8.056969068784094],[7.947836569380448,7.792244138005798,7.9253685947728645,7.689213372887583,7.778285219294624],[4.040798212540597,5.2895517513472345,6.161531220057225,4.39941759756829,6.036470125892747],[2.256535557297855,7.840664510917295,2.815050239522687,7.699634927880306,7.515545606161136],[6.200009636919181,6.039976520465493,6.111674797634325,6.003363999786447,6.128598357652258],[7.257356307072041,6.890944536568963,6.232335455437157,7.285432359625456,7.43429656402193],[2.0990422846883794,6.902692687065724,6.749119092007264,6.829396476210984,6.882492749378237],[4.303368447488017,6.3421805396779805,6.370871530597565,6.307611005491895,6.362349629216974],[4.901409645427096,6.433747613150465,5.309183869115904,6.462755474890091,6.502105145404816],[2.1820141470660164,5.589129596887246,5.549469339051123,5.657818563941227,5.733530551066651],[6.720965009512852,6.521380858185346,6.527991298037284,6.737440920259346,6.464018558662449],[0.4590493025616231,3.5443263640029445,3.689036961629732,3.743400371878143,3.6149485963478867],[9.402336062933548,3.418748931536355,9.488039079689992,9.263310822080392,9.521546130891547],[9.496299803027103,9.34812099272196,9.306551151368282,9.434880669420071,9.18240113653935],[3.883196119095101,7.076450079836974,7.212757914469408,7.067457756556978,6.908497548173624],[0.33918494630670615,3.6272023046621737,2.9027662879841656,3.514042351460462,3.362823409894954],[6.979086953482145,7.106022759607416,7.035994679207282,6.974310603213897,6.883173864396139],[7.116055368823981,2.0348338769813776,7.159652004218049,7.128993368542744,7.234417207426079],[1.244534518825328,4.795581996757971,4.7082735940230656,4.367017574089709,4.69368348925355],[2.225531510992462,4.421909308243381,4.325515462459631,4.518925507448162,4.5161732895492275],[7.54659515884701,5.322349306735481,8.225200945090544,8.250829311869479,8.092216392859322],[10.793377241099906,12.548888149184478,12.886516891481477,12.682569744798112,12.64516923578586],[12.638347746429286,12.573545967234313,12.6634402145846,12.66854137693299,12.743924743044996],[4.898892768131045,4.466912770481159,6.53989971917504,6.468048072856874,6.461394490841601],[1.2931120777090737,6.897046757151776,7.13028918788678,7.230508988893552,7.050747376925477],[2.298444033399613,1.9168821033134573,1.214367049417802,6.944898164310443,7.126229545601067],[6.482634721364088,7.39042303990714,9.65569033028513,9.677030110491941,9.666356903836917],[1.6478458897471937,2.530468760799468,2.8413658743072028,2.9800441462905165,2.7170441406718764],[9.618750085994062,9.42171684467859,9.626180748434564,9.745379032045223,9.639677943328333],[2.728873224358145,5.791150783305068,6.19285423061255,6.2673737096437065,6.548110341211938],[4.763121088223119,2.0286010403425823,5.929277342040476,5.789441066940775,1.2952094494433204],[6.440856345193037,6.387844492450976,6.346308918678071,6.324051280737683,6.145787327344292],[6.652245545186401,5.940882925479061,9.1529850377492,9.151971369563945,9.104347730783772],[0.93783806664217,4.335560921925356,4.25491814293943,4.140324871552018,4.110970377998741],[3.860699009311517,3.7720913357089905,4.091756076230266,3.999051352343918,4.012277473295579],[4.026414554436994,5.92531280736665,6.525586349847899,6.541377512156238,6.3039860076118375],[9.208596915744279,3.2845477595087,8.466286198772524,9.024386170922089,8.933183152649864],[9.175314893741703,9.31728022192826,9.128526964624227,9.260431696810453,9.152244212080747],[7.573256507414136,6.443121713060013,9.060118282989349,9.046742365368532,8.941302782906504],[9.083977916572687,1.821481540973005,9.276449705688988,9.208009860663706,9.250907943135916],[9.1540837768999,9.09007038501605,9.219513063223088,9.04866758679113,8.989229716143933],[4.9329548284193825,5.8354107968414715,7.996634097076282,7.9644666904878845,7.859738062580497],[1.8822582154539502,5.94859254701451,5.830101488422281,6.008587622763561,1.9083603933085567],[8.19465942653191,7.681952869219976,7.99363123260262,7.97645089492505,7.981748525645771],[4.3941738672600446,4.701072580347321,5.460251866082109,5.540314777463103,5.5399837494903394],[0,5.796435572414397,5.298852226491427,5.67354438823611,5.8341911861168105],[6.034172098833035,5.722325156081981,5.803774621977674,5.627620353763133,5.7563106229063035],[4.357147111042831,4.292621405583371,6.389464344937154,6.35279855222747,6.350735821381138],[1.4464013025962674,3.9254992921431873,4.285411945817967,3.97812638978169,4.142548076201943],[4.243131107127301,4.125881732558544,4.1638917450525055,4.250146840372899,4.045717202679711]],"times":[[25507,9525,6797,2482,1790],[31931,1497,2186,984,5909],[8548,11667,502,345,415],[17036,425,1989,674,678],[12406,1459,4705,2475,459],[17220,890,324,241,542],[11060,1849,5677,9366,239],[4587,327,3048,2497,769],[9302,422,1153,1051,125],[11454,1718,2265,2791,1481],[34596,706,688,401,448],[4416,73,336,375,178],[6608,1689,2392,1746,1690],[4892,645,6075,170,93],[3147,159,217,205,484],[19102,816,1008,3071,731],[6311,1777,667,1324,3329],[4221,3508,925,844,623],[6573,2161,1792,552,409],[1928,1832,1707,366,549],[1660,10,593,227,363],[3636,5261,2088,279,554],[1541,398,1102,264,921],[559,1004,334,150,290],[9318,175,1395,231,235],[5087,382,956,1241,1576],[1202,932,449,491,1072],[3273,105,292,324,249],[7596,408,1953,3374,171],[2639,4090,1530,1064,589],[1870,201,1015,229,637],[2023,1842,484,372,754],[485,127,122,135,257],[1302,340,1506,287,1510],[1193,161,1638,175,231],[4666,37,9426,554,343],[1940,658,850,31,15],[2694,443,3034,486,327],[1399,184,143,125,892],[2498,56,796,271,372],[1970,90,3435,2287,2276],[961,90,384,81,332],[565,770,1917,122,195],[2325,185,3375,142,1232],[12620,128,123,571,828],[1819,320,1171,87,282],[4982,288,754,2547,1541],[1989,46,53,89,101],[1049,912,957,50,104],[7051,3766,4526,369,681],[934,7,389,178,329],[1429,105,1141,154,193],[25400,226,3311,342,3244],[1779,202,369,92,172],[13267,497,891,177,245],[1609,221,5175,43,584],[1115,345,63,85,218],[1509,1475,2811,96,176],[3609,1090,7047,2386,213],[273,7,565,253,177]],