{"actions":[[0,5,1,2,0],[5,5,5,5,5],[5,0,5,5,5],[5,0,1,5,5],[5,0,2,1,1],[3,4,5,2,0],[0,5,2,1,4],[2,2,2,2,2],[5,2,4,3,1],[2,0,4,5,3],[1,2,0,0,0],[5,0,2,1,4],[5,2,4,2,2],[0,5,5,5,5],[0,5,0,0,0],[0,0,0,0,0],[0,5,0,0,0],[0,5,4,1,2],[0,2,5,5,5],[0,5,5,5,5]],"rewards":[[6.311168846248178,4.295658151729794,1.8926955426668868,5.882032246119914,6.24503947805826],[9.7479798980363,9.806807714951322,10.008457965364107,9.780077509904988,9.822150937779668],[7.195964095345882,0.7173918941067291,7.26285117430994,7.148863523897015,7.404848887546408],[8.768421353778933,5.179372409767702,2.066945495279987,8.621481965934352,8.788937604197027],[4.985657340490991,4.12455023298106,3.6042884711972216,9.930388100701856,9.867387011311067],[5.233784670662363,4.356714948108521,3.912233010673311,0.9138638503267341,1.4185041085829155],[0.18510309001875444,2.9174719829248077,0.7158411426324525,4.048386418538713,4.165445014388288],[9.50094775116394,9.488643024897392,9.64182198243572,9.622612096783724,9.670823487752925],[4.9788546436594405,3.7504516384108104,3.852090770431979,4.423127292085387,0.5129278487019286],[1.3191522930384594,1.3830713241715138,5.256949911538783,4.492290516582166,5.940526220456937],[1.0504394857849457,7.974866260596823,8.881988652900699,8.82149354900051,8.860377574338639],[5.680061601815475,0,0,4.102759376570843,3.896533821808956],[1.3400925822914977,5.416905251970409,1.8520671370867476,5.1443702954566275,5.301800060639033],[0.23761272160986235,9.543619565887006,9.336122448412805,9.535213925646177,9.531244316140429],[7.972570555513061,3.0556835647725853,8.140726083772247,8.13468768500693,7.8884760825468865],[11.297380804680822,11.247167577034016,11.153132604512745,11.297094989395754,11.39002873153616],[6.210424200041781,3.4982001830509573,6.031932635182977,5.968513235353094,6.014827522921515],[0,1.1475476251225034,2.638200131594286,3.925504854127084,0],[5.73246664672378,5.849064549836872,8.602142923298405,8.51415724897084,8.58397192559477],[3.46619220083518,6.967751578408086,6.783784288024562,7.07131134651789,7.0399754921627204]],"times":[[25448,1498,4670,2372,429],[3296,1044,368,260,226],[3464,1179,232,736,228],[2089,949,927,156,116],[2049,824,256,200,293],[2013,204,576,483,190],[3368,227,373,226,98],[1776,227,409,190,232],[3410,426,250,179,459],[472,122,1234,11,294],[630,283,625,274,110],[1678,572,178,369,1162],[1134,406,1081,542,801],[388,994,366,482,207],[1230,641,409,173,282],[272,306,116,180,185],[531,1109,97,341,45],[400,912,138,409,557],[1031,281,981,206,113],[466,684,345,53,406]],"condition":[["evenneg"],["oddpos"],["oddpos"],["evenpos"],["oddneg"],["oddneg"],["oddneg"],["evenpos"],["evenpos"],["oddneg"],["evenpos"],["oddpos"],["evenneg"],["oddpos"],["evenneg"],["evenneg"],["evenneg"],["oddneg"],["evenpos"],["oddpos"]],"envs":["envs/changepoint/evenneg/evenneg62.json","envs/changepoint/oddpos/oddpos71.json","envs/changepoint/oddpos/oddpos9.json","envs/changepoint/evenpos/evenpos19.json","envs/changepoint/oddneg/oddneg92.json","envs/changepoint/oddneg/oddneg18.json","envs/changepoint/oddneg/oddneg53.json","envs/changepoint/evenpos/evenpos78.json","envs/changepoint/evenpos/evenpos20.json","envs/changepoint/oddneg/oddneg6.json","envs/changepoint/evenpos/evenpos43.json","envs/changepoint/oddpos/oddpos72.json","envs/changepoint/evenneg/evenneg35.json","envs/changepoint/oddpos/oddpos14.json","envs/changepoint/evenneg/evenneg64.json","envs/changepoint/evenneg/evenneg41.json","envs/changepoint/evenneg/evenneg30.json","envs/changepoint/oddneg/oddneg25.json","envs/changepoint/evenpos/evenpos68.json","envs/changepoint/oddpos/oddpos79.json"],"money":"3.10","age":30,"gender":1,"hand":0,"experiment":"noncompositional","instcounter":0,"subjectID":"615b408c40b66c96830f4557","studyID":"617b0174ce5353c47cc531c0","eval":[["evenneg"],["oddneg"],["evenpos"],["oddpos"]],"regrets":[[0,1.9097099304199219,4.348444938659668,0.44867753982543945,0],[0,0,0,0,0],[0,6.452756702899933,0,0,0],[0,3.6016159057617188,6.838965177536011,0,0],[5.008653163909912,5.673309326171875,6.1962761878967285,0,0],[3.0170488357543945,4.296749114990234,4.469642639160156,7.464564561843872,6.857620477676392],[4.768001034855843,2.158661127090454,4.1955389976501465,0.8846321105957031,0.7946467399597168],[0,0,0,0,0],[0,1.381927490234375,1.225261926651001,0.6074919700622559,4.471982061862946],[6.694154739379883,6.500122785568237,2.804008960723877,3.6744980812072754,2.0864834785461426],[7.988988995552063,0.8753304481506348,0,0,0],[0,5.883714079856873,6.07383269071579,1.4468398094177246,1.8040533065795898],[5.182602524757385,1.1112775802612305,4.554797649383545,1.1112775802612305,1.1112775802612305],[9.248173266649246,0,0,0,0],[0,5.1492133140563965,0,0,0],[0,0,0,0,0],[0.5297555923461914,3.047718048095703,0.5297555923461914,0.5297555923461914,0.5297555923461914],[4.661751985549927,3.1049625873565674,1.8200562000274658,0.1349506378173828,4.292716530151665],[2.952399730682373,2.8014984130859375,0,0,0],[4.465603828430176,1.1216416358947754,1.1216416358947754,1.1216416358947754,1.1216416358947754]],"maxrewards":[6.211460590362549,9.85585880279541,7.189223766326904,8.863226890563965,9.825370788574219,8.417062759399414,4.962287425994873,9.612478256225586,5.097179412841797,8.0239839553833,8.868560791015625,5.603996753692627,6.380526065826416,9.563997268676758,7.99934196472168,11.274194717407227,6.508060455322266,4.281488418579102,8.602537155151367,8.058987617492676],"bestoptions":[0,5,5,5,1,1,3,2,5,1,0,5,0,5,0,0,2,3,5,1],"rewardorder":1}
