{"actions":[[2,2,2,2,1],[4,2,5,0,4],[4,1,2,0,1],[2,1,4,3,5],[2,0,1,1,1],[2,2,2,2,2],[4,4,4,4,4],[3,3,3,3,3],[2,1,1,1,1],[4,4,4,4,4],[1,1,1,1,1],[4,3,3,3,3],[5,5,5,5,5],[0,1,0,0,0],[3,1,2,5,0],[4,4,4,4,4],[1,1,1,1,1],[0,2,3,5,3],[2,0,4,1,1],[3,3,3,3,3]],"rewards":[[6.8129295931368095,6.835263501517337,6.927834018618116,7.015284480946072,9.163031506258871],[1.843953139959813,2.3088764574924894,6.715169989775606,1.650491174683166,1.842724518223179],[7.175078403833946,3.5801735419167318,4.022843380063631,3.841910066395151,3.547183930445903],[3.690445648453498,3.4731862727678693,4.333713857717687,1.1248013655449673,0.4696048491539334],[5.3371337602774105,2.648577865947196,4.393654136797503,4.293575627679122,4.258828415986691],[7.2761599085339235,7.185895746308825,7.405589692238339,7.290406861620978,7.220439717092081],[7.970751962627142,7.993713053330543,8.003598411032861,7.954810066389696,8.074805653514879],[9.456331339796073,9.484432868362706,9.366574869736686,9.341365445319429,9.443935939200648],[2.966585731737405,3.074025518187146,3.0701892247465645,2.9227957142813934,2.949145312437083],[5.600887862067243,5.5335242853610955,5.639741772557101,5.32868836870202,5.406708256589703],[7.494673483258213,7.3288082550066225,7.394543894205417,7.486109935075339,7.390284071260032],[2.0888742761087262,8.427816691189449,8.173393198111452,8.395884260475405,8.415310334831059],[6.7014629301149675,6.804430607096026,6.705431659829489,6.733785058902994,6.752326021185513],[5.598599011347681,4.390543431809169,5.7107869228671175,5.759227240724842,5.713562616159731],[2.8152481450010285,1.5335789570480967,2.6146160054465866,2.7540445957269206,0.8644209090141896],[6.8652611991445065,6.951262864219004,6.898815904272635,6.866062468032873,6.864126113735195],[5.753476806483712,5.731065309288154,5.706540824774893,5.726723823187982,5.884896469689512],[2.2603369488666476,3.247531134850578,0.9246457605339038,1.83123436829527,1.0574067630405428],[3.501175660222987,2.0799895784141285,0.8223245742304025,2.014518828406181,1.8802769873000709],[4.815134823759345,4.844680728165372,4.825356516301099,4.795468375887569,4.8453094044334915]],"times":[[23907,355,139,992,12992],[8769,5503,2010,1988,1941],[3342,3771,2749,2713,3183],[3144,600,657,796,386],[5005,601,202,996,634],[2570,455,305,325,475],[2508,348,57,172,279],[3617,534,252,302,327],[2351,1723,333,282,346],[3053,571,284,124,182],[2413,872,520,120,10],[2810,1519,293,489,258],[2689,1644,315,342,273],[2663,807,95,320,57],[3686,1184,704,839,531],[4228,501,140,26,938],[3895,313,255,100,282],[4110,1208,976,1297,1671],[2367,1462,684,1086,61],[3557,987,164,257,368]],"condition":[["negodd"],["posodd"],["negeven"],["negeven"],["poseven"],["negodd"],["poseven"],["posodd"],["posodd"],["poseven"],["negodd"],["negodd"],["posodd"],["negeven"],["poseven"],["negeven"],["negeven"],["poseven"],["posodd"],["negodd"]],"envs":["envs/changepoint/negodd/negodd95.json","envs/changepoint/posodd/posodd79.json","envs/changepoint/negeven/negeven11.json","envs/changepoint/negeven/negeven99.json","envs/changepoint/poseven/poseven25.json","envs/changepoint/negodd/negodd59.json","envs/changepoint/poseven/poseven93.json","envs/changepoint/posodd/posodd30.json","envs/changepoint/posodd/posodd78.json","envs/changepoint/poseven/poseven98.json","envs/changepoint/negodd/negodd72.json","envs/changepoint/negodd/negodd84.json","envs/changepoint/posodd/posodd96.json","envs/changepoint/negeven/negeven17.json","envs/changepoint/poseven/poseven92.json","envs/changepoint/negeven/negeven18.json","envs/changepoint/negeven/negeven77.json","envs/changepoint/poseven/poseven90.json","envs/changepoint/posodd/posodd23.json","envs/changepoint/negodd/negodd75.json"],"money":"3.00","age":50,"gender":1,"hand":0,"experiment":"noncompositional","instcounter":2,"subjectID":"615dc1d021fd1f231ff85ba0","studyID":"617b0174ce5353c47cc531c0","eval":[["negeven"],["poseven"],["posodd"],["negodd"]],"regrets":[[2.257380485534668,2.257380485534668,2.257380485534668,2.257380485534668,0],[4.750973582267761,4.479612350463867,0,5.007469296455383,4.750973582267761],[0,3.653557777404785,3.18560791015625,3.563842535018921,3.653557777404785],[0.7165613174438477,0.972592830657959,0,3.3492475748062134,3.99931138753891],[4.175037384033203,6.9280476570129395,5.159903526306152,5.159903526306152,5.159903526306152],[2.123422622680664,2.123422622680664,2.123422622680664,2.123422622680664,2.123422622680664],[0,0,0,0,0],[0.014098167419433594,0.014098167419433594,0.014098167419433594,0.014098167419433594,0.014098167419433594],[6.514382362365723,6.570071220397949,6.570071220397949,6.570071220397949,6.570071220397949],[0,0,0,0,0],[2.0868582725524902,2.0868582725524902,2.0868582725524902,2.0868582725524902,2.0868582725524902],[6.58983850479126,0.3865242004394531,0.3865242004394531,0.3865242004394531,0.3865242004394531],[0.47096872329711914,0.47096872329711914,0.47096872329711914,0.47096872329711914,0.47096872329711914],[2.2958598136901855,3.541689395904541,2.2958598136901855,2.2958598136901855,2.2958598136901855],[5.727297306060791,6.923737406730652,5.793149709701538,5.7108683586120605,7.537704348564148],[0,0,0,0,0],[1.1259608268737793,1.1259608268737793,1.1259608268737793,1.1259608268737793,1.1259608268737793],[4.140082597732544,3.0174171924591064,5.3663830161094666,4.595440149307251,5.3663830161094666],[0.9906890392303467,2.2417945861816406,3.4134294390678406,2.2322475910186768,2.2322475910186768],[1.0141425132751465,1.0141425132751465,1.0141425132751465,1.0141425132751465,1.0141425132751465]],"maxrewards":[9.144281387329102,6.692525863647461,7.263092994689941,4.484940052032471,9.497003555297852,9.379697799682617,7.954089164733887,9.371881484985352,9.546202659606934,5.542318344116211,9.5503511428833,8.70375919342041,7.199991703033447,7.965640068054199,8.41671085357666,6.861021518707275,6.86906623840332,6.299344062805176,4.326706886291504,5.783290386199951],"bestoptions":[1,5,4,4,4,0,4,5,3,4,3,5,3,4,4,4,0,4,5,5],"rewardorder":0}
