{"actions":[[0,2,0,0,0],[0,2,5,0,0],[0,0,0,0,0],[0,2,5,5,5],[5,0,0,0,0],[0,0,0,0,0],[0,2,5,5,5],[0,2,5,4,2],[5,5,5,5,5],[0,2,4,5,5],[0,2,3,3,5],[2,1,1,1,1],[1,3,0,0,0],[0,1,3,5,1],[1,3,1,1,1],[0,2,5,5,5],[0,1,1,1,1],[1,1,1,1,1],[0,2,5,1,0],[0,5,4,5,5],[1,1,1,1,1],[0,2,3,5,5],[1,0,3,5,1],[1,1,1,1,1],[0,5,4,5,5],[0,2,4,5,4],[5,2,2,2,2],[0,2,4,5,5],[0,2,4,5,3],[1,1,1,1,1],[0,2,5,5,5],[0,5,4,0,1],[5,5,5,5,5],[0,2,4,1,0],[0,2,4,5,5],[1,1,1,1,1],[0,3,5,4,2],[0,2,3,5,1],[1,1,1,1,1],[0,2,4,0,0],[0,2,4,5,4],[2,0,2,2,2],[0,2,1,0,0],[0,2,5,1,0],[0,2,0,0,0],[0,2,4,1,0],[0,2,0,0,0],[0,0,0,0,0],[0,3,4,0,0],[0,1,3,5,5],[1,1,1,1,1],[0,2,4,5,5],[5,3,1,3,3],[1,1,1,1,1],[0,1,5,1,0],[0,1,4,2,4],[2,2,2,2,2],[0,1,5,5,5],[0,1,2,0,2],[2,5,2,2,2]],"rewards":[[4.988631207488561,3.261510589661256,4.9885697080002025,4.7872298315764334,4.901806965942128],[5.89810477931967,4.909403417986021,1.7497521303089711,5.818386557562083,5.739357310104652],[6.008588711486456,5.876396975943572,5.849050790293946,5.972058621688744,5.8906793348290005],[3.328858050773044,5.936243413057397,8.360527443060136,8.362136050127297,8.305210389054936],[3.254637125464412,10.723552956090126,10.800214478712583,10.621994721860768,10.667025197511323],[10.45333726178344,10.517664507404646,10.688307310396354,10.540399606802882,10.578524564935742],[2.0288262641499517,4.5103895935857645,7.829228300173265,7.6320899330083725,7.9281268913908605],[5.511320387258077,6.610858602128596,0.08990756975663855,5.915948783937867,6.789290579889648],[8.053715066146394,7.802841793210362,7.810343245020326,7.847920891019668,7.9404965864808785],[2.472135754438565,4.610172201602781,5.2758477815241935,6.163187904181934,6.345215209461996],[1.9931019606223441,1.9513244892000392,8.963370833012712,8.64899086729111,8.424579475135396],[1.897185479617858,8.90674876216185,8.860589550097263,8.786861229676443,8.839526270758157],[7.168004441343671,5.438974595257108,8.472183686768398,8.270606898244168,8.248449854614533],[1.7345685947974767,6.139586038710028,5.079547426073499,5.189754424415608,5.979636554910175],[5.978288926172069,5.322947526807619,5.779548144514833,5.948466025807859,6.0074013681769065],[4.054212420400267,5.794233684872408,8.767601471191998,8.725744368843191,8.817206997158936],[3.565777493277057,9.157717045113277,9.218056791872433,9.199027953290624,9.253546715275338],[9.19196053079011,9.184315695028966,9.15389482462225,9.126908507448768,9.183692664460697],[8.82701134183176,6.625373857479935,4.607124017325717,7.98326067499721,8.985034121893014],[2.8329506935435154,5.787763217368232,3.1015626124956537,6.04317016448887,5.832509448569084],[5.626678734531094,5.446427771214562,5.5627840879947446,5.572843647396937,5.4426110120576965],[2.906636033387518,4.133957923117906,5.747243566889622,6.343265019376868,6.344244150025101],[7.5953007485609785,0.21855465413786815,7.474843852868193,7.727945102880637,7.620044425660957],[7.679207625424988,7.7338949375430905,7.481662517237848,7.482154672499903,7.6256102326677455],[3.1922294671871785,5.47105919988664,5.418168619175944,5.616383046041423,5.592998893070734],[7.8891754446935405,7.982964521955599,8.463896748469416,3.521869133187785,8.218781324458451],[5.425570949031716,7.83140211576846,8.00129102835682,7.738887525617075,7.923607815962293],[4.647995276796889,5.663045589150467,5.8105262366765,5.791995999830375,5.8091113610481795],[2.04467062939283,1.9964371009990018,1.2664943999785891,6.859404362856482,7.572246521461927],[8.37617131382695,8.408777836322598,8.389810185997542,8.460039175085507,8.369448852726586],[4.844602410548789,6.07699747310056,8.399426538567113,8.19538859349855,8.192434770363306],[2.688151040621442,0,3.266256628709496,2.8115327929601013,0],[8.234623067642204,8.347077147372973,8.394016380443516,8.212340339135247,8.384517081040261],[7.2749842833397675,6.310200644821661,4.935394760160114,5.483537128610428,7.418706526030982],[5.48748689351104,5.523766384363035,5.409924900034752,11.93185146975598,12.206834572193946],[12.207364732998899,12.235284003892943,12.223935417763023,12.241705291284095,12.30093481331956],[7.336534095752527,5.38602130815332,5.280273286996311,6.115461942099437,7.5944897646351475],[3.306037506127075,2.9938284678209888,9.54851454795664,9.178103281879945,9.40835240633816],[9.480916525323384,9.45696119823611,9.364641881582283,9.434028024148008,9.272068973445712],[8.854542424909987,7.023772668250512,6.4768160324770525,8.904219503883565,8.863836709968757],[7.040249203306067,7.300177944999924,7.450956139333954,2.6092725786767064,7.341592704519982],[7.1196772499444165,7.089675162457926,7.330843379764619,7.250125837822029,7.212659475501362],[7.0893728014751805,5.915826014182587,6.591772906487305,7.1829087693318225,6.998446910957983],[6.2191400997337265,5.749450171254162,2.872978058558898,1.7328363852978954,6.211310636476115],[6.075178905811296,5.805609462870312,6.278234327659235,6.15510460602277,6.1937701054849805],[7.167474259649334,6.378846362934165,4.059211696839363,6.213195437878764,7.333270036434357],[12.948503811895778,11.387678808086187,12.7377825208326,12.854332740939624,12.642126286226889],[12.828012404948453,12.95767739303719,12.76691620240279,12.79962488823647,12.791034241910003],[6.599781490328494,4.574404386928701,3.860222884852614,6.6380033668955685,6.61770342105329],[0.06258476412929706,4.0537625249156894,4.383044888095699,4.714267281258765,4.8224280977597],[4.136753765544978,3.9409748103746223,4.018970563076954,4.083483445745376,4.12605988352697],[3.3652351398657676,4.79591664777272,5.8986211948193255,7.259713747178638,7.200546837257678],[8.071936436766528,9.08257830452678,8.173501520541654,8.949639871815112,9.150095295429132],[8.168947001669132,8.039232162356296,7.8712542352489265,8.020794032187807,8.107352817096327],[5.6488521457450425,4.9073960683485005,0,4.893057420100647,5.619694416318141],[5.63938765310127,1.257649805739925,6.317317005038378,5.660129433577961,6.172220702856307],[5.605508240997849,5.6289064374604845,5.569319774505686,5.517309753263104,5.424593128406653],[4.455696718632259,4.2598710152085655,7.502728499276031,7.601051951075208,7.42238997043177],[7.808880119035523,2.8656396586193233,7.81241846899071,7.541305939918396,7.943317306036064],[7.8325157268367,7.606101277913199,8.052432791850952,7.780779710161286,7.795035112244862]],"times":[[14578,2036,6026,975,729],[2687,652,2856,714,228],[3569,33,701,1,690],[3152,383,313,253,877],[998,1752,262,126,398],[1742,884,246,256,328],[1837,336,2549,1311,13],[2799,566,368,4148,1617],[1913,137,215,69,48],[3387,352,1888,130,392],[2081,985,1964,1602,1170],[1760,1112,145,4,213],[1840,464,984,264,379],[1253,503,1191,1512,312],[870,1040,292,13,158],[4381,981,474,182,1],[3095,1246,724,434,370],[962,111,144,170,63],[1375,823,1964,932,137],[680,595,2541,339,1883],[6593,67,166,33,151],[3734,1277,1129,555,802],[1239,884,633,913,1009],[982,76,158,162,156],[1706,1586,2483,965,72],[1546,1269,1345,1197,377],[2382,1638,70,490,387],[5702,384,428,938,1788],[1043,587,1113,712,1934],[2971,496,58,198,20],[2739,1533,527,323,210],[1182,471,1583,1678,789],[1630,109,87,118,126],[2726,483,1099,1494,53],[2201,546,1136,199,426],[3666,88,47,20,87],[1308,3736,2768,1311,1534],[2059,319,941,1228,726],[2876,163,59,141,23],[1852,728,722,1373,329],[1050,597,373,205,684],[5145,629,241,61,661],[2682,455,941,205,982],[770,381,486,736,100],[1982,1712,84,135,402],[1788,474,330,662,282],[628,1454,353,1070,495],[1293,3,191,144,37],[1627,1444,2943,432,62],[513,426,1244,572,332],[4182,66,108,18,114],[2009,614,735,265,98],[1427,963,629,304,316],[4251,11,63,0,32],[1685,962,479,763,132],[547,1235,1394,743,533],[1792,108,27,70,82],[1779,1156,322,1057,329],[1296,1494,1747,697,1071],[1138,1254,247,6,679]],