{"actions":[[4,0,1,2,5],[5,2,1,4,0],[3,0,2,5,4],[3,1,5,0,2],[4,5,3,2,0],[0,4,1,5,2],[3,4,5,2,0],[1,2,3,4,5],[1,2,3,4,5],[0,1,2,3,4],[5,3,4,0,1],[4,4,2,4,5],[0,1,3,0,0],[5,2,1,0,1],[2,3,5,4,4],[1,2,4,5,3],[1,5,0,1,2],[2,3,1,4,5],[5,5,5,5,5],[2,2,2,2,2],[1,2,2,2,2],[2,3,4,4,4],[4,5,3,1,2],[2,3,4,4,4],[0,0,1,0,2],[3,4,3,5,2],[1,2,3,4,5],[0,1,2,0,4],[4,5,5,5,5],[5,2,1,1,1],[1,1,1,1,1],[2,3,4,5,5],[1,0,2,1,1],[5,4,4,4,4],[2,3,3,3,3],[3,4,5,2,3],[0,0,0,0,0],[1,2,0,1,1],[3,4,3,3,2],[1,2,2,3,2],[2,3,3,3,3],[4,3,5,2,1],[1,2,2,2,2],[2,3,4,3,3],[3,4,5,5,2],[4,5,4,5,5],[3,3,3,3,3],[2,3,4,4,4],[4,5,4,4,3],[1,1,1,1,1],[3,4,5,0,1],[1,2,2,2,2],[3,4,5,2,1],[3,3,4,4,4],[4,5,5,5,5],[2,1,2,5,2],[2,3,4,2,2],[0,0,0,0,0],[1,2,3,4,4],[3,4,1,0,0]],"rewards":[[4.877693636016679,3.530102911719326,3.0638116638724022,3.0624256342787883,5.2012181183961195],[0.5666911011588329,3.8856322862493085,0.8588756914193509,3.575441430569544,3.3320145638957372],[4.461511707034633,3.2787689937527262,3.7723412265278427,5.213640183371886,4.9939857812222455],[5.820718965396966,4.364499300075157,6.957839436410026,3.7900219639347004,4.3472703520982865],[1.519596725917547,6.870203917163684,6.664958718742985,1.140936256372547,0.9830328374929644],[0.8926305400638667,5.148188526818032,6.220702095067972,7.082715588784821,1.1228537999857973],[3.6057157932877577,3.930232921497124,4.603448749184895,2.198791356849287,0],[1.547167688608613,7.137192237166807,2.1456173940096117,6.387218563421806,2.118277877852766],[1.6794438870001835,7.111765797643269,3.5557275334344123,4.085821334435696,4.583884425168799],[2.357169957592434,2.9336370777063916,2.5167313670091667,5.563925779408719,5.8734182281943],[1.3854843214829065,2.282622883379498,4.575650147827044,6.01869006079768,1.889883127281492],[5.996109561901607,5.973642998317773,4.651931261344168,5.80439896825222,6.280231404737816],[6.169441808061457,5.834885197352514,4.51871905647345,6.295486337999534,6.044748767889051],[4.473674728844578,1.445493580664431,4.9122255058499755,0,4.797703681821432],[1.6424422365567164,4.434786850611038,3.3319637480284316,4.306080779459872,4.196498967676269],[2.4488616394838543,4.135345198820976,3.8704533987019527,5.171182079595921,4.42644559192779],[0.6491705253995174,0.49205903288826996,2.8796123779360348,0.8409724590603866,3.7377480434151344],[3.708890611221845,4.442890062614396,0.5146315588030819,3.8168194763852257,5.285329676057463],[6.46389897967781,6.525480708301652,6.366866054969926,6.556053600369962,6.491057909466235],[9.095659604567333,9.001603449226367,9.269768926419824,9.161676160795361,8.883454225287853],[0.9101251857390875,9.177126336351673,8.962409934466931,8.961405768850131,9.138570289094229],[4.684799605137091,4.905689597632663,6.0839726368886815,6.369754263197497,6.262115320438862],[3.988116259112055,2.2202043227229886,2.053664478704404,1.477909519832445,4.241411828676465],[4.192076118315877,4.809140537030726,6.22560623482055,6.095259641068689,6.127853641177868],[6.494943239237434,6.447914047935134,3.8854135910736383,6.564603508052372,3.608483224524312],[5.054949316030861,0.8373634440289933,5.053467389419966,5.58486476672988,1.5352872582428732],[4.451591812111653,1.5310370714916444,2.56715579631005,1.5836750799046473,1.05273387389069],[4.729230629737496,3.8491131864843466,2.5442388896863064,4.849859070745195,1.4599971072406916],[4.379576688881373,11.60622006890092,11.34300592476461,11.566515656225645,11.439973105806203],[0.3551638252096385,4.221365011372015,12.04416123763513,12.134284460533129,11.803265690831104],[5.015415679251599,4.921844721763596,4.930236623907559,4.860206689807978,4.972290387749161],[0,5.336775067997008,0.8382172227201864,5.73725676784579,5.768560198447097],[6.206921105637642,0.7634112914537281,0,6.082200218719909,6.004610830560818],[4.1292198047208455,5.1144329551950545,5.124534347539603,5.217991932786149,5.1580741254641245],[3.6835915582612024,10.225617009459684,9.996259636820032,10.165137947090704,10.188436003297921],[5.703295060391851,5.206736282206247,4.183555586578345,3.71795370904821,5.800938687103104],[9.118651976433915,8.986749017414844,8.992240467903843,9.033320314617816,9.056642602305457],[5.335665043565709,1.4624389739868913,0.41565862528436376,5.1894139607278555,4.97069912191539],[6.687346737428556,6.075287397641918,6.714621358697881,6.7341412478190295,1.293944418488663],[2.9764399444072724,3.9439145177633677,4.149502529592822,3.4857326970016764,3.8991785031356274],[2.559205038286438,7.771779288587287,7.850086548638606,7.913546731504493,7.729419625039832],[4.178307917059632,3.697200760605245,5.318529580861415,2.4831016221244626,7.482381613601043],[4.3808206562335545,6.3486676215127495,6.222934146132128,6.1324185091253645,6.083621881055142],[1.3273307163972596,5.840427753064167,1.9836734271304468,6.09425578654355,5.968402268051815],[7.000806621986629,7.0805047960547745,8.424266063187531,8.422125008722157,1.31900714924405],[8.33032646060702,8.504793108497765,8.082348514991217,8.705085913200383,8.885679281533111],[9.332685330980906,9.339543540095837,9.399407197370092,9.269578571130879,9.337173218055762],[2.7892906062282514,7.680484809182846,8.383838791668275,8.456933060331657,8.239358767662443],[4.306916230356415,3.7863949587198573,4.523729707001837,4.45888572845144,5.731909443765105],[8.293929360160984,8.44364421843706,8.2601625435615,8.280708959869424,8.254599996175779],[5.774947968955373,4.42601940108895,3.5531652314020983,3.608804764583796,8.238728945270418],[5.469246402556615,7.197838056378484,7.1295013309070185,7.130072492087968,7.3320310665139745],[4.779969004626213,0.29240803545280997,4.307414667145837,0,3.764855839600899],[7.160306722386185,7.052156783276191,8.290977774145286,8.109461906823778,8.229670038412126],[4.012523592003379,4.339516588202274,4.357596908692124,4.1589912083108755,4.260196207174619],[7.620532921741976,1.8235232559277577,7.568522647458159,1.6440645386226833,7.505998796187041],[7.666825722211708,3.579870028960544,3.9335891539524086,7.53358681204469,7.598121234471369],[7.824356047522057,7.847461804407582,7.9228262930982405,7.975858660055471,7.792336045425658],[2.5767881601793823,6.747027280889275,2.081006490831355,6.643235859319484,6.575825950295478],[6.2054149485451795,5.439117484817433,2.347709667626967,6.866298212384062,6.7996934460678675]],"times":[[20339,2037,3262,539,1675],[5321,2589,1506,855,1903],[5456,2576,1012,1644,1282],[2936,1104,2896,881,1013],[3071,364,901,1309,1498],[4398,1035,1137,327,935],[3229,1317,305,980,1351],[1485,1002,878,159,443],[1730,737,1284,742,406],[2059,67,541,980,169],[2948,802,91,1017,551],[2093,1801,2263,1126,477],[3004,578,1005,788,1329],[1158,1002,765,935,326],[1182,676,891,185,158],[1778,427,1047,68,724],[2092,676,701,2475,1276],[1373,776,598,1508,135],[2048,1000,1139,586,565],[1057,218,556,329,372],[1451,767,225,125,172],[1339,710,903,297,127],[1339,237,1070,1026,147],[1260,737,736,295,170],[1406,260,262,113,304],[2723,38,192,292,777],[1575,395,732,304,219],[1811,2296,891,1317,507],[1699,338,281,147,229],[1687,779,507,270,275],[2149,678,395,382,318],[2688,597,755,341,147],[1530,315,263,282,507],[1722,394,102,69,219],[1463,745,125,23,127],[1395,337,61,924,350],[2228,249,34,105,69],[2104,92,81,364,464],[1102,193,237,556,847],[1519,315,193,271,428],[1620,1014,186,91,58],[1463,192,563,665,589],[1373,476,259,158,170],[1181,496,442,35,432],[1125,352,237,159,632],[1238,56,16,372,488],[1473,169,218,226,248],[979,551,185,127,61],[1586,214,24,49,39],[2216,364,90,161,225],[1136,93,80,540,259],[990,135,91,23,4],[1159,498,35,418,113],[1215,485,330,350,328],[1215,103,185,489,181],[1947,431,48,610,260],[1328,360,214,631,373],[1013,160,384,91,194],[1271,159,612,80,69],[1001,517,1024,115,129]],