{"actions":[[0,1,2,3,4],[0,1,2,1,3],[0,1,1,1,1],[3,4,5,5,5],[2,1,2,0,2],[3,4,5,3,5],[2,1,0,1,1],[3,4,5,3,3],[0,1,1,1,1],[0,2,0,2,2],[0,2,1,3,5],[3,4,5,3,3],[0,2,1,0,0],[0,2,1,2,3],[4,3,5,4,5],[2,0,1,2,0],[0,2,2,2,2],[2,1,1,1,1],[1,2,0,3,5],[2,0,1,2,3]],"rewards":[[1.0281390583936998,4.14443721498581,0.854874881032379,6.048205738225773,5.661926090971455],[0.46988115736573116,3.9574132788532266,1.2641880468338775,4.031936256520124,5.6344303349377025],[0,5.6482678282816865,5.797161150352063,5.727679276065773,6.059747317348853],[5.630256470493756,6.025529256271096,6.336727645318251,6.27134358800088,6.321673908802968],[7.4314837819949044,1.5537345074902975,7.472410892107793,7.8561558451315765,7.371015100292535],[4.95976975651558,3.90100885164142,5.101717151074088,5.035214817239517,5.189871905344768],[0,4.037700154065713,0,4.170063544921858,4.290772590315533],[4.351529332318229,3.5940548640730903,3.00158119891795,4.316157797681904,4.4536705082045085],[3.492472227287841,9.191712987358896,9.33921418656269,9.1273353471459,9.229255204873644],[9.259994386383347,9.183821413068765,9.156450941459946,9.177802355176913,9.230196595153597],[3.9154909874532056,3.410865749425931,0.8923213274692947,6.396996839248209,4.489791186138458],[6.719954182446613,5.867443426303071,4.71022057321469,6.391199274399693,6.62562463245251],[5.950954242483072,5.561763114175963,1.1625887104109531,6.204837726309202,6.064127803588594],[5.606967550923144,6.614248197008694,0,6.612977947136243,5.053629983203809],[4.909184105340826,3.819363270626519,5.059582643884356,4.883961661955846,5.1396171989436255],[4.448991627228705,4.70014372865549,1.5666435338863218,4.061994954950141,4.866287228493914],[8.707850738435699,9.057178937034575,9.283759197856298,9.24667637508603,9.033205449652435],[1.2342798369041617,5.57093034267817,5.611402166639466,5.674485191784878,5.644310810083682],[1.065745995896188,6.874668710629601,6.550676657304739,6.472674164192775,5.053821159770353],[0.8469972340632826,1.837897134292296,5.101149827497627,0.9328128481941981,5.355817064895619]],"times":[[6290,1022,578,1113,216],[1095,162,313,616,1179],[661,776,214,104,304],[734,520,175,304,673],[901,512,225,143,200],[865,359,7,1161,95],[634,376,40,31,96],[1306,344,97,120,296],[825,464,257,217,74],[594,482,97,177,9],[698,66,241,290,344],[641,296,306,27,129],[372,407,97,209,121],[366,299,424,283,27],[550,314,185,201,18],[590,545,233,202,337],[406,402,41,41,194],[612,433,66,82,25],[464,361,273,25,9],[416,529,362,138,313]],"condition":[["oddneg"],["oddpos"],["oddpos"],["evenpos"],["evenpos"],["oddneg"],["oddpos"],["oddneg"],["oddneg"],["evenneg"],["evenneg"],["evenneg"],["evenneg"],["evenpos"],["oddpos"],["evenpos"],["evenpos"],["oddneg"],["evenneg"],["oddpos"]],"envs":["envs/changepoint/oddneg/oddneg61.json","envs/changepoint/oddpos/oddpos55.json","envs/changepoint/oddpos/oddpos29.json","envs/changepoint/evenpos/evenpos98.json","envs/changepoint/evenpos/evenpos53.json","envs/changepoint/oddneg/oddneg84.json","envs/changepoint/oddpos/oddpos72.json","envs/changepoint/oddneg/oddneg82.json","envs/changepoint/oddneg/oddneg14.json","envs/changepoint/evenneg/evenneg93.json","envs/changepoint/evenneg/evenneg59.json","envs/changepoint/evenneg/evenneg91.json","envs/changepoint/evenneg/evenneg44.json","envs/changepoint/evenpos/evenpos10.json","envs/changepoint/oddpos/oddpos52.json","envs/changepoint/evenpos/evenpos51.json","envs/changepoint/evenpos/evenpos9.json","envs/changepoint/oddneg/oddneg4.json","envs/changepoint/evenneg/evenneg18.json","envs/changepoint/oddpos/oddpos35.json"],"money":"3.00","age":30,"gender":0,"hand":0,"experiment":"noncompositional","instcounter":2,"subjectID":"61607fc595fc0607b93eeac4","studyID":"617b0174ce5353c47cc531c1","eval":[["evenpos"],["oddneg"],["evenneg"],["oddpos"]],"regrets":[[4.98975396156311,2.2018685340881348,5.128599166870117,0,0.40709543228149414],[6.928552567958832,3.2076992988586426,6.128376722335815,3.2076992988586426,1.631845474243164],[6.656087338924408,0,0,0,0],[0.7410826683044434,0.4516568183898926,0,0,0],[1.5854430198669434,7.334633708000183,1.5854430198669434,0.8953332901000977,1.5854430198669434],[0.766728401184082,1.8695569038391113,0.6056103706359863,0.766728401184082,0.6056103706359863],[6.07383269071579,1.4468398094177246,5.883714079856873,1.4468398094177246,1.4468398094177246],[1.6125946044921875,2.387500524520874,3.093834400177002,1.6125946044921875,1.6125946044921875],[5.92232608795166,0,0,0,0],[0.015748023986816406,0,0.015748023986816406,0,0],[2.436720371246338,3.0958313941955566,5.516455888748169,0,1.817883014678955],[1.3078899383544922,2.1173529624938965,3.2052178382873535,1.3078899383544922,1.3078899383544922],[0,0.17175865173339844,4.904378414154053,0,0],[2.3627471923828125,1.2796988487243652,7.920157209038734,1.2796988487243652,2.676088809967041],[1.5620932579040527,2.620946168899536,1.2658729553222656,1.5620932579040527,1.2658729553222656],[2.797873020172119,2.2432289123535156,5.418533205986023,2.797873020172119,2.2432289123535156],[0.562495231628418,0,0,0,0],[4.488297700881958,0,0,0,0],[5.709881007671356,0,0.2521700859069824,0.2686429023742676,1.477647304534912],[7.526812314987183,6.449982643127441,3.303351402282715,7.526812314987183,2.840484619140625]],"maxrewards":[6.086050510406494,7.282399654388428,5.782754421234131,6.370211124420166,8.924559593200684,5.796397686004639,5.603996753692627,5.964383125305176,9.267830848693848,9.120535850524902,6.446194648742676,7.891623497009277,5.980475902557373,7.852025032043457,6.324032306671143,6.996988773345947,9.136375427246094,5.680726051330566,6.676593780517578,8.308128356933594],"bestoptions":[3,5,1,5,5,1,5,1,1,2,3,0,0,5,1,5,2,1,2,5],"rewardorder":1}
