{"actions":[[3,2,0,5,0],[1,0,5,5,5],[4,4,4,4,4],[0,2,3,5,4],[4,5,2,2,2],[0,4,5,4,4],[1,2,1,0,1],[5,0,3,1,1],[5,0,3,4,0],[2,2,2,2,2],[0,0,0,0,0],[5,5,5,5,5],[0,5,5,5,5],[1,4,4,4,4],[0,5,4,1,1],[3,4,1,4,4],[0,0,0,0,0],[5,4,5,5,5],[1,2,5,5,5],[0,5,3,3,3]],"rewards":[[3.819550794092393,7.52297185344484,8.148102451739435,2.4910421636969335,8.024672479704641],[5.731883852992373,2.0643744528951946,8.412911640306588,8.58526951738318,8.500554990792374],[8.490793009816844,8.75450029048844,8.562566199061669,8.499970502074824,8.507523311862386],[4.325090341555171,4.535544987604121,6.832049262789085,4.6072042199902254,6.542561102438096],[5.331416708670059,5.487516048779474,7.379613175991088,7.207450889309986,7.556265551216197],[3.3154849189739855,7.92303873217954,7.311658339564743,7.997229172039735,7.912589333071818],[7.68062928077487,2.245893933302365,7.931783454389691,1.0645738713677089,7.65485607756117],[2.9044142682338463,0.24259028121301487,4.384269171754278,6.313474856688129,6.147911454574809],[0.8639754338304463,2.699037064126569,2.769938810834208,2.0941551511116723,2.7128961632243334],[8.626727452185536,8.593144156976336,8.706522300415228,8.518517239616708,8.67066032652661],[9.224376147813544,9.358418591747629,9.279245113722189,9.261151795435286,9.42833381804712],[8.813931717890767,8.596673694989999,8.505847787398674,8.612169399598049,8.775118148885575],[0.3724599439147621,9.687754753703162,9.615533806686042,9.592765241394641,9.417256556729436],[4.864396143832037,8.478003415054113,8.563384872953286,8.427902291704054,8.479222212938488],[3.062545392592143,5.043593120102064,5.876296310221832,7.134979516014585,7.294345207055613],[4.87069367469329,5.9157531524810185,0.04099645337256699,5.830116260877912,5.766698050275891],[8.158851993890636,7.957556932895647,7.886903799176367,7.820983451261048,7.855676855033922],[6.958170368827202,5.963469226517767,7.080744411462034,7.149095801114248,7.012832844149321],[0,2.9811953340441586,8.15749975117501,8.03479360185474,8.181528678682344],[1.1974858969036675,4.9374076773410565,6.037458328682824,5.991274396605971,6.163565374943047]],"times":[[7244,1624,868,995,244],[2877,670,345,378,143],[4080,523,145,71,40],[3226,646,896,309,233],[2354,239,522,693,99],[1839,426,265,225,128],[2099,332,188,240,123],[1667,506,493,431,283],[2138,368,609,1021,212],[1717,241,339,146,148],[1720,283,202,163,230],[1752,196,172,161,220],[1446,429,201,122,87],[1501,406,242,182,240],[1956,343,423,358,257],[1253,269,298,370,179],[1609,380,125,158,220],[1031,339,391,161,173],[1739,2066,728,204,206],[1245,338,1626,632,227]],"condition":[["evenneg"],["oddpos"],["evenpos"],["evenneg"],["evenpos"],["evenpos"],["oddneg"],["oddneg"],["oddneg"],["evenneg"],["evenneg"],["oddpos"],["oddpos"],["oddpos"],["oddneg"],["evenpos"],["evenneg"],["oddpos"],["evenpos"],["oddneg"]],"envs":["envs/changepoint/evenneg/evenneg82.json","envs/changepoint/oddpos/oddpos91.json","envs/changepoint/evenpos/evenpos16.json","envs/changepoint/evenneg/evenneg10.json","envs/changepoint/evenpos/evenpos38.json","envs/changepoint/evenpos/evenpos65.json","envs/changepoint/oddneg/oddneg72.json","envs/changepoint/oddneg/oddneg5.json","envs/changepoint/oddneg/oddneg86.json","envs/changepoint/evenneg/evenneg20.json","envs/changepoint/evenneg/evenneg63.json","envs/changepoint/oddpos/oddpos74.json","envs/changepoint/oddpos/oddpos14.json","envs/changepoint/oddpos/oddpos98.json","envs/changepoint/oddneg/oddneg0.json","envs/changepoint/evenpos/evenpos81.json","envs/changepoint/evenneg/evenneg58.json","envs/changepoint/oddpos/oddpos66.json","envs/changepoint/evenpos/evenpos70.json","envs/changepoint/oddneg/oddneg61.json"],"money":"3.24","age":20,"gender":1,"hand":0,"experiment":"noncompositional","instcounter":0,"subjectID":"6165ef1e8c33e5bfa7f3bfc8","studyID":"617b0174ce5353c47cc531c0","eval":[["evenneg"],["oddpos"],["evenpos"],["oddneg"]],"regrets":[[4.37549090385437,0.5106754302978516,0,5.704502582550049,0],[2.954167366027832,6.343587398529053,0,0,0],[0,0,0,0,0],[2.5071377754211426,2.347283363342285,0,2.5272369384765625,0.42075061798095703],[2.113097667694092,1.9242749214172363,0,0,0],[4.797893285751343,0,0.45803213119506836,0,0],[0,5.508691787719727,0,6.819560408592224,0],[3.359123706817627,5.999076217412949,1.770970344543457,0,0],[6.455901265144348,4.713234186172485,4.726327419281006,5.385682582855225,4.713234186172485],[0.6288423538208008,0.6288423538208008,0.6288423538208008,0.6288423538208008,0.6288423538208008],[0,0,0,0,0],[1.2927436828613281,1.2927436828613281,1.2927436828613281,1.2927436828613281,1.2927436828613281],[9.248173266649246,0,0,0,0],[4.557595252990723,0.8879566192626953,0.8879566192626953,0.8879566192626953,0.8879566192626953],[4.3392493724823,2.097834587097168,1.2883529663085938,0,0],[2.581108570098877,1.4917731285095215,7.109548255801201,1.4917731285095215,1.4917731285095215],[0,0,0,0,0],[0.9042196273803711,1.9830589294433594,0.9042196273803711,0.9042196273803711,0.9042196273803711],[8.156114101409912,5.126702547073364,0,0,0],[4.98975396156311,1.2237672805786133,0,0,0]],"maxrewards":[8.16006088256836,8.463699340820312,8.573287010192871,6.94425630569458,7.397208213806152,7.955550193786621,7.718883991241455,6.331389427185059,7.3937273025512695,9.132706642150879,9.239797592163086,9.9369478225708,9.563997268676758,9.359721183776855,7.251616477966309,7.305032730102539,8.0310640335083,7.92950439453125,8.105058670043945,6.086050510406494],"bestoptions":[0,5,4,3,2,4,1,1,1,0,0,1,5,5,1,5,0,1,5,3],"rewardorder":1}
