{"actions":[[1,4,5,5,5],[1,0,2,3,5],[5,3,5,3,3],[2,5,0,1,3],[4,1,0,2,5],[5,2,4,3,1],[1,4,5,5,3],[1,5,0,0,4],[0,5,3,2,2],[4,5,2,1,3],[1,5,4,2,0],[0,4,0,2,5],[1,0,3,1,1],[5,5,0,5,5],[5,1,5,5,5],[5,3,4,1,5],[2,4,2,2,2],[2,5,3,1,0],[5,1,0,0,0],[3,1,0,0,0],[0,3,0,5,4],[4,5,2,0,4],[2,4,5,2,0],[4,4,4,4,4],[2,4,0,1,3],[1,0,3,1,5],[5,5,5,5,5],[5,4,3,1,1],[5,3,4,1,5],[5,5,2,5,5],[0,1,4,5,5],[2,4,4,5,3],[4,4,4,4,4],[4,5,3,2,4],[1,3,5,3,3],[3,1,3,3,3],[5,4,3,5,5],[2,4,0,5,5],[5,2,2,2,2],[5,0,0,0,0],[4,2,3,0,2],[2,5,3,4,4],[2,1,4,3,0],[2,5,4,4,4],[4,4,4,4,4],[5,5,3,0,5],[4,2,1,1,1],[4,5,5,5,5],[5,5,5,5,5],[4,2,3,1,5],[2,2,2,2,1],[5,3,4,5,4],[2,1,4,4,4],[4,4,4,4,4],[4,4,2,1,0],[2,1,3,4,4],[0,0,0,0,0],[1,5,3,4,2],[1,0,3,5,3],[3,3,3,3,3]],"rewards":[[3.352376918681254,6.342345535771417,8.227451391071028,8.481334485708535,8.38596160637147],[9.706339146920351,3.312743639725338,3.677219227365833,10.84710000237681,9.833218153795942],[9.649354539230835,10.806843751505172,9.610182970445633,10.867846121447949,10.774124882830385],[4.509170146983716,2.2116757692290197,6.42415834988127,5.870685903346367,3.7860800896888445],[1.5915787846233427,4.574918436545834,1.1637674635718118,1.8215355431318734,5.144258052700561],[5.022051506268745,4.566763451939033,1.3150195946976,4.438623603787652,5.781266106426273],[5.6121725818309125,7.123750767568393,8.59539918521761,8.400248254656518,5.637927683619307],[0.894229237703572,0.8290641929373541,5.356153605643555,5.453556338963055,5.007189597374227],[3.9575219824127115,0.3344997706084042,0.07857666205470876,5.85691965416576,6.09954372937221],[6.185300273365331,5.432143081411176,4.839313641860166,3.530583489592323,4.515102779981914],[0.5775571710795654,0.6100017052079019,2.5602731976274384,3.4356580058531545,2.4361457312149986],[3.170813125509313,2.3756454008397663,3.1170328121318365,4.7452334482687135,0.5104803010673844],[8.271020975629344,7.785310730188987,6.703069081874155,8.268643706989002,8.257869479747889],[10.333232691605287,10.295136179197327,4.357864882099814,10.315338075527857,10.20281623339457],[10.635397798683222,8.33475768383546,10.359482567037997,10.099491778571858,10.366301872855754],[7.621937640608023,6.211766650762061,6.839207462626794,4.549696405897654,7.486684994943616],[9.078307180673374,7.997266643695764,9.17921965237382,9.333541107019155,9.20676139700129],[5.733806727290112,2.245359693279785,2.4868086375589273,4.559989860647865,4.708910117977252],[2.2022400350171747,5.701754783556076,6.5875532088830235,6.962214161353196,6.606666141480218],[1.1126931331268664,0.6732699963093827,5.124197000772348,5.1182774770325965,5.091634870645983],[6.740062223412143,1.1582480858572806,6.552244772820892,0.6084378125222152,5.652179673418659],[2.0650214644246625,1.2460232917000662,3.080984188349122,2.9504837758377547,2.2052304805303526],[4.343145981857203,5.062602546563285,1.0675550110197336,4.148473595098004,5.261328181243126],[5.134702246390293,4.818322280224721,4.977523889217801,4.8278850941844285,5.023540052504971],[4.103232309338751,3.114191658183658,5.225760359115762,4.641915025120385,5.535968209865994],[9.222863546898191,2.266763324223168,8.522712387343152,8.78973296537038,9.653378977354627],[9.532246993430123,9.572070841559224,9.630040754353788,9.781558312815116,9.581945617145934],[5.168626151628348,5.706415507565536,6.1161616401016925,7.064203725256109,6.902530782003878],[6.890332395155264,5.03099729394312,1.196008003655269,6.784156076105243,6.934400234461601],[6.88042890664018,6.868290300124937,5.60201883219061,7.040678298126787,6.925927476986892],[3.709946201387661,5.517904183894729,7.09019504368513,7.4522778426196625,7.357385510990408],[6.888560230957323,6.062590158471853,5.94100082667251,1.4955375581170778,1.4884842530551317],[5.948951372727509,6.043938401665677,5.929325577910949,6.071245112618494,5.99458860660459],[6.899030276782136,6.540305202224103,6.013620755243147,5.3462891473699266,7.027310301324735],[6.668308095325373,7.053105389643256,6.96464348327448,7.150489974339555,6.971257607325328],[7.101797147569585,4.011543024915503,6.991838108933262,7.178582435681009,6.991871537686671],[7.248217247915569,6.116396855170471,5.097688310714905,7.2173553160559525,7.084966524670151],[0.4218115862176497,2.0410233790893346,0.3496427568371913,4.199770998249342,4.048824263624938],[4.1161093368443895,5.312177368224887,5.239879865170709,5.05138139039258,5.2393147050482884],[3.3957991616946406,7.463804462593099,7.70716036626206,7.404934674564751,7.629941461729729],[4.1528580982292205,4.106299046536685,1.7847641245342387,3.5024747396569222,4.048364633956195],[5.160801371351974,1.5454648204663974,1.7198493194136975,4.0571001515634055,4.024873599236252],[2.652569893492833,4.219548104276186,1.991798365559126,1.9635143969181783,4.55339878202049],[4.841416976463157,2.3904012688126404,4.3708163742912705,4.385990973772546,4.287195296343434],[4.221101671730331,4.326742520854985,4.156469265804847,4.245790803378914,4.306940025832583],[4.97808203081279,4.996254505418137,3.237063358827299,2.2718131200878267,5.022336366844614],[4.417913952219359,3.8052978606923435,10.853911898597534,10.727352020871596,10.445553147493149],[4.289261326933458,10.991581758927213,10.970618487870508,10.821818716545689,11.116579389762315],[10.019282899847669,10.124797403604498,9.939150121451561,9.99986657513715,9.802738459120112],[0.411309873875853,0.0008244539653144978,5.241957730730773,4.601820519496264,3.312401988234404],[6.457102868725229,6.626145766634301,6.711176512910323,6.559483600685872,5.724539956841079],[6.134806508575816,4.99372676708195,6.9540276796836205,6.270113487144151,7.096744892237966],[8.208638355996627,3.3031978762751146,8.050575316849855,8.415471376388567,8.22198867049413],[8.0548165005582,8.32185601662506,8.07773306854365,8.200406610648907,8.122310509894094],[4.77205837847468,4.820446608275989,5.993840269737659,6.8315248137941005,7.490060161901783],[4.275268816107608,1.700832578661125,1.3740839991474798,4.701263574495474,4.84645337308203],[7.4700462782319415,7.5208760857761705,7.646661354376923,7.5467402238813195,7.487448138293871],[4.618156868686001,1.9008189391191264,4.138013500765435,3.095004959153037,5.035131281434153],[7.999587641797681,3.070496872423098,8.059954801830584,7.9426616617366745,8.135651047114282],[7.979951032330439,7.973269879900816,8.132845540504112,8.163289443007482,8.055701861710787]],"times":[[11349,1055,1328,1500,1082],[2348,936,1439,625,909],[1594,3665,546,2652,1437],[3422,727,1015,1244,879],[2728,1203,903,851,464],[1681,1163,1015,316,1115],[2177,730,682,685,452],[2525,701,965,793,652],[1756,667,2734,1315,651],[2636,477,1056,777,1276],[1526,1052,2170,733,461],[1026,748,1033,509,920],[1823,797,1919,560,901],[1503,757,1308,332,539],[998,1249,267,108,590],[2113,928,723,1470,448],[2093,768,472,379,422],[1573,1833,347,1181,329],[1450,707,590,755,1525],[978,898,427,400,353],[518,1027,460,293,166],[2174,684,765,511,970],[1570,532,430,1012,473],[1736,418,319,295,205],[2337,549,1380,1641,619],[1609,927,1283,862,1007],[896,95,61,66,64],[1182,572,687,867,629],[1519,582,832,780,471],[1472,436,309,621,410],[1345,1611,689,514,502],[1641,527,582,436,133],[999,1245,320,175,178],[2147,952,380,1104,292],[1038,367,381,551,361],[1460,315,296,213,150],[1152,190,137,459,364],[1711,651,1582,435,328],[1102,453,313,288,314],[1436,521,422,254,255],[1473,518,974,402,832],[577,1488,471,24,252],[2313,1599,681,248,474],[865,204,728,431,376],[802,899,57,5,94],[1376,1583,270,677,949],[821,454,504,368,271],[2159,231,291,213,259],[1362,476,155,117,123],[1285,595,386,365,820],[1745,334,246,309,773],[2312,331,185,1464,410],[743,2133,520,519,261],[875,322,259,226,170],[1395,530,488,1107,491],[1229,486,622,441,510],[289,25,348,363,289],[795,391,114,162,153],[442,496,680,280,728],[856,116,19,8,37]],