{"actions":[[0,2,5,1,4],[0,3,5,1,2],[1,4,0,4,0],[0,0,0,5,0],[5,0,5,4,5],[5,5,5,5,5],[5,5,0,0,0],[0,5,4,1,0],[5,5,0,0,0],[0,5,5,5,5],[0,1,3,2,5],[5,5,0,0,0],[0,0,0,5,5],[5,0,5,1,2],[2,2,4,4,4],[4,4,4,2,0],[5,4,4,4,4],[4,2,1,1,1],[0,2,4,5,3],[3,2,1,0,5],[3,4,4,4,4],[4,0,0,0,0],[0,0,5,5,5],[5,5,5,5,5],[5,5,5,5,5],[5,5,5,5,5],[0,0,4,4,4],[4,4,4,4,4],[4,4,4,5,0],[2,2,2,3,2],[0,0,0,0,0],[0,0,0,0,0],[0,0,0,0,0],[0,0,0,0,0],[0,0,0,0,0],[0,0,0,0,0],[0,0,0,0,0],[0,0,0,0,0],[0,0,0,0,0],[0,0,0,0,0],[0,0,0,0,0],[5,5,5,5,5],[5,5,5,5,5],[5,5,5,5,0],[0,0,0,0,0],[0,0,0,0,0],[5,4,5,5,0],[0,0,0,0,0],[0,0,0,0,0],[0,0,0,0,0],[0,0,0,0,0],[0,0,0,0,0],[0,0,0,0,0],[5,5,5,5,5],[5,5,5,5,5],[5,5,5,5,5],[5,5,5,5,5],[5,5,5,5,5],[5,5,5,5,5],[5,5,5,5,5]],"rewards":[[3.6366790470246024,4.957346491333691,7.0144012697748455,4.243319626872211,5.313658739467558],[1.655986622011121,4.735035038983153,5.48245022732321,4.126912176602765,1.7777401282178464],[4.254188096730546,1.5840431423247967,3.7162103286347996,1.379225981399234,3.749198559524796],[8.922343312526458,8.890883695382739,9.029446482862062,4.450695369676881,8.91787308926533],[10.334172229442515,4.322164234966318,10.132461259308656,3.4705400376378677,10.169848974015471],[10.037105672029615,10.210362383869361,10.302718314685553,10.328032520699232,10.121621170259502],[1.9746309671385236,1.8281066223054443,6.811192147978044,6.972014383506457,6.850431508731221],[8.751719191966767,3.673399020818599,9.795207883485483,3.330916741141787,8.67150554513006],[3.7324170406593002,3.703559665637437,6.838176284095222,7.004497537073828,6.912151077753391],[7.806695963581756,3.6835101754056425,3.6860044532386946,3.4884960984096334,3.4047723323227577],[0.5016152126028518,3.850147126743047,4.767782310755521,0.4586408108248293,5.146562300722219],[5.438915304930715,5.144884264088253,7.784330042088193,7.759418559483882,7.784949736096239],[4.864005839069482,4.803705098219711,4.815193593261024,7.575057012099974,7.6083427953316365],[1.3905049874860456,6.332765442399559,1.7005704092835727,2.1523076300977992,6.545012430415543],[6.030832929335686,6.1207522821718605,5.979148124047832,6.055917311950789,5.826287636529003],[5.381768753906725,5.349071953638865,5.559460302357255,4.081691342553236,4.182900094089026],[1.5037287512444049,5.34959203333935,5.01734743316463,5.189609079473616,5.217559115493082],[5.37619872878405,4.184949671978433,5.079561973779326,5.422515619653839,5.381571243784744],[4.9609560505663675,3.0021123333405497,2.9460684719076173,1.0274321413717964,3.3627697858690664],[1.942920762553097,7.347410442979786,2.037915231846549,7.1901976149846165,2.3288960001655057],[1.9468430990907677,7.1828077612875685,7.225507523223249,7.257668010328844,7.2493399583133895],[3.3993317226640922,7.398004484730972,7.39871500459475,7.377597620837674,7.4778150686624425],[1.303779151328594,1.1363364588750693,8.689369813342383,8.697575773544203,8.695912424855134],[8.738809048322787,8.682747886835955,8.809763325085878,8.699381045536713,8.610630492766724],[7.04909677100234,7.146562799259053,7.113912491592311,7.122998717298266,7.244382062940327],[0.9352758650513441,0.899595716345219,0.8287722455588175,0.7964734448176636,0.8230678660801929],[2.3019158066500394,2.5492517985799585,5.114945536477774,5.0583038130985125,5.074989621385229],[5.325958462982913,5.411115795411592,5.3328014148832725,5.3157066602741105,5.278679366995129],[0,0.11726143157581698,0,3.2185204505167593,0],[3.143094718450236,3.5355124915502367,3.352868657431307,2.416034877050786,3.3699956284924615],[5.6748091610732,5.828630075420097,5.757491101035539,5.654051970640278,5.632834827809713],[9.072794521237647,8.88877169595944,9.18109562009016,9.298602290763004,9.177985942653434],[5.714671967259402,5.70890367667546,5.7677060971733916,5.60485443862708,5.8385691389331145],[5.4093995709434015,5.425313583726972,5.4596609815137125,5.457037012336209,5.6166807304035595],[9.246689423791105,9.425308382355801,9.25715831782963,9.306384051100355,9.489341480346663],[5.635655218023113,5.493787577464837,5.21854478322172,5.473295770588228,5.554074988056173],[9.914798363773668,9.69876247895833,9.76862726765143,9.735505022019384,9.753464788314991],[2.425147757485049,2.53256686276268,2.5410902051168898,2.3430654815459206,2.476492949476576],[9.696744719442558,9.791736790263725,10.024051850393352,9.664895765630542,9.701276729150608],[5.94644856868257,5.8935771209158805,5.912202468263595,5.941925740845128,5.979394733962462],[3.1836095197381504,2.982162346209102,3.202073801277627,3.2869094130051137,3.170394597602483],[8.867907576403825,8.863393724009304,8.834971925689686,8.96710360359841,8.771776475122651],[2.1127651050633003,2.2340457523993122,2.22916396360477,2.232816561095705,2.2612413386711276],[2.344409567263909,2.4256114633721917,2.3533738939219595,2.3817692038263547,5.6037648003999205],[6.06317969814538,5.785280710710222,5.8055272390387564,6.07549115198767,5.906285611644529],[5.784643297260337,5.592414200072236,5.776288910937479,5.560383964183943,5.72930079384624],[4.587361803602306,0.5992806913132659,4.624089710908708,4.595026105601324,0.7244907818889615],[5.676116335986141,5.718524944088008,5.694141267499215,5.609476537740322,5.539382773749973],[9.618183587287236,9.36329892839263,9.41937666673319,9.574716633997907,9.54884953163345],[4.938349224339875,4.772024164257377,4.8517340233847595,4.583772400230732,4.871639158149643],[9.528507839777362,9.471961492698613,9.5093638623654,9.165251370755993,9.419678554722102],[4.744923405355456,4.4835066522844045,4.590579316444984,4.697406053314996,4.513575826988911],[2.6647583228758354,2.7298238028654223,2.840306108628945,2.6291156725869014,2.72054962222421],[5.86735373796853,5.928564283546066,5.877581730390079,6.000851101575027,5.995476417269462],[6.946425272067922,6.770141455126727,6.687223432820144,6.9431285643775995,6.907207857706521],[3.705227365559416,3.3616560891868144,3.5327815157858264,3.3660673198765605,3.5466577106062065],[3.5465270828670095,3.453949379544952,3.357272545450246,3.4958061928497672,3.511535266481925],[6.106915743302835,6.111712977386903,6.292724813211508,6.293184047484015,6.163531371213516],[0.8285818846847984,0.9129530590452413,0.9640927648800971,0.9892542539536024,1.0745217897783756],[0.9456117387671323,1.21781025894233,0.9467826242220228,1.009745728649266,0.9382901614664154]],"times":[[95504,10717,8793,10338,2528],[13296,5647,4552,2806,14184],[5331,3297,3668,7350,8991],[23172,2638,4214,2376,3198],[1281,1655,1639,2580,807],[2792,4911,2492,1455,847],[5245,1461,2157,1128,1077],[3693,1925,1943,3478,2045],[2491,1343,2048,1147,710],[3224,1491,536,540,401],[1725,1274,1324,1904,1620],[3356,1261,1502,1216,680],[2092,892,826,1017,627],[4249,3302,1007,841,2519],[1727,749,1623,749,758],[1829,786,615,1692,1269],[1755,836,601,369,940],[1108,1438,1700,995,513],[4914,2074,1341,879,1745],[2723,1237,884,590,1231],[2495,371,738,378,633],[1423,1397,848,404,364],[1463,377,1039,503,311],[2187,1124,618,594,496],[2380,337,275,226,296],[2047,419,255,263,359],[1258,384,1458,558,1010],[1180,1515,628,410,480],[1587,437,514,368,1526],[1793,1967,533,2742,2642],[2809,485,293,270,286],[1738,461,298,420,365],[1358,432,327,365,488],[1880,350,254,349,223],[515,331,283,261,365],[943,361,410,302,415],[811,51,308,113,315],[2214,477,334,342,286],[651,321,272,248,621],[17150,338,263,153,78],[458,245,200,73,315],[378,272,293,363,373],[1007,291,260,282,307],[738,262,99,166,1034],[703,311,246,487,398],[1367,321,293,204,236],[1004,879,407,542,1116],[998,303,235,153,330],[1261,299,169,77,91],[1509,153,107,95,235],[2193,308,279,399,377],[1036,316,126,334,235],[2135,318,205,76,194],[410,113,77,22,43],[1342,280,209,179,261],[1384,311,175,84,156],[1004,2,97,150,146],[1280,111,82,34,38],[1535,327,269,250,259],[685,264,171,202,284]],