{"actions":[[1,1,1,1,2],[2,5,0,1,0],[5,4,3,5,2],[0,1,2,5,4],[0,5,2,0,1],[1,5,5,4,5],[5,0,0,0,0],[0,5,0,0,0],[0,0,0,0,1],[0,5,4,3,1],[1,2,0,5,3],[4,1,0,5,2],[1,1,1,1,1],[1,5,0,4,2],[0,1,1,4,1],[1,4,5,0,0],[0,4,5,5,5],[5,0,1,1,1],[1,4,4,4,4],[1,0,0,0,0],[0,0,0,0,0],[0,0,0,0,0],[0,5,1,2,4],[1,4,5,0,2],[0,0,1,5,4],[0,1,4,5,2],[2,0,5,3,0],[0,5,1,4,1],[0,5,5,5,5],[0,4,5,1,1],[0,0,0,0,0],[0,5,0,0,0],[0,0,0,0,0],[0,5,5,5,5],[5,0,0,1,4],[4,0,4,0,0],[0,5,0,0,0],[0,0,4,4,4],[0,0,0,0,4],[0,0,4,3,5],[0,1,5,0,0],[0,5,0,5,5],[4,4,4,4,4],[1,0,0,0,0],[5,4,0,1,2],[0,0,5,4,1],[2,5,3,0,0],[1,5,0,0,1],[1,4,5,0,2],[5,3,0,0,1],[0,0,0,0,0],[0,0,0,0,0],[0,5,4,5,5],[5,0,1,2,4],[1,0,5,4,4],[1,5,4,0,2],[0,5,4,4,4],[4,5,0,2,1],[5,4,0,1,1],[1,1,1,1,1]],"rewards":[[7.0809261248315245,6.958661184063755,7.185057328880462,7.162081608166366,7.578478226526925],[6.591104795924254,1.5277202210480714,7.271622862412136,1.9651967159238366,7.145740932740981],[9.203646665923783,8.226057619331488,7.248591723312135,9.358436678180462,6.940457894584602],[3.0352986580363974,3.9909308050992007,4.685360414431737,7.89418939135466,7.768007349008501],[5.941023323194752,2.9463047836096456,5.920582707508357,6.066816130713364,1.9147626065584438],[1.929621392205988,7.967439791430315,7.8438583119927525,7.9181818772235255,7.898286204843031],[2.8220123739926697,8.312905573253145,8.245839935028064,8.446608724865051,8.198565056738707],[7.781101103220847,2.634996372176574,8.024683237096763,8.071555353778876,7.963836429247148],[8.011254043149956,7.927147728458135,7.940333886657827,8.019400883731167,3.087800471858904],[5.8952195800081935,1.069682932432072,2.1647348448698267,2.0994622283048154,3.79249336251058],[5.766902899510434,0.6091043656426237,0.7920611227167577,6.213026080963711,5.96584095519258],[1.9334657518529452,5.833652346341423,0.7706768351912496,0.8853829862872598,0.6801097341654083],[7.657127160965329,7.665788844707547,7.53758190316069,7.408516873037787,7.719039465248746],[6.5224281062852825,5.796927605984493,1.9190639886781495,1.4199080534203123,1.1668172133890007],[1.8352702159400291,6.660670630580887,6.604933312930464,6.295762661143725,6.444768236438742],[7.8463546898044845,5.652494502227813,4.282153248898678,7.667420231865348,7.637429579235112],[2.6104311275364815,2.464206697736488,9.02310965231355,8.974560680285018,8.914117886299916],[4.205044883526446,2.5209126854653188,8.53024952256478,8.508993096636004,8.536032871325745],[5.348767490639005,7.241088490474779,7.505270119938593,7.355398701966654,7.214942284710455],[3.1601399147824014,9.727944688396564,9.804539193695394,9.679205814942454,9.59237894257863],[9.762412737316973,9.710508504936035,9.436319315026962,9.566661086879675,9.627550457076776],[9.612694651041508,9.531421662157559,9.470013877029402,9.521667490599386,9.486789542406889],[1.3636050226323186,3.3485337602714553,3.980963902054256,0.6299049319473273,0],[4.166010806065985,5.243008080796911,4.763543444936618,1.4455578517495633,0.6257599521199732],[3.767880082845929,3.7497434124423297,2.50822622312034,2.2417648233613954,2.100960098689003],[6.237394027709414,1.5131381165295918,5.198681306451341,1.6260410909712062,6.130261590056754],[6.2556542901534,6.159716614605595,1.8624450619390152,2.910739405569822,6.408612030933354],[4.263996047489782,0.6750580996297267,3.258176837928962,2.511661404199387,2.9809083151664946],[1.6104109498696906,5.519366181079105,5.2207283854358035,5.29819299990492,5.568008565435353],[1.7921374922160338,2.548130562079245,0.6246893076870105,5.699579389546855,5.684121201982832],[8.06831107758514,7.9386207412166545,7.8645702144242335,7.956401169813076,7.904101318231884],[7.721396311221173,1.031830714849883,7.991261032244449,7.860832282118971,7.946976232243269],[7.943489154947864,7.99108235289244,7.861708440806522,8.012454782911071,7.979841047860542],[3.384392630140143,8.022630619013258,7.973516479314994,8.054096825104246,7.920307060349728],[2.230506725849922,7.231264389305701,7.242880438806437,2.5746749772376374,7.735968567359793],[7.282561598828107,7.303912684973539,7.120560195830036,7.426964374870809,7.118959906233929],[8.300945141370015,5.882890888662556,8.13771703363228,8.246187369766012,8.221552726927726],[7.935078212576611,8.123181268437612,8.13985140980627,8.259255247605708,8.33283199178091],[8.061692547483306,8.104796251403025,7.838188703539537,7.971951098518264,5.924655735901404],[6.973519608885974,6.634807497190211,4.908629435510539,5.125322955827487,3.7569039282377674],[5.710176988613118,0.03562959017104808,0.827518051283402,5.7780908591793745,5.713168332079658],[5.79110521297654,3.6361336511614297,5.4915126772830165,3.576909768389932,3.5390043817275676],[6.866313442787494,6.757205179733646,6.750284504657779,6.910637239307074,6.798656886494793],[1.1138679380458456,5.2235724443449065,5.258542111048152,5.029804765921852,5.32061352970458],[6.824213885771262,6.80255642440604,5.347863623131477,1.3597371466748274,5.348511481904241],[5.811445690166778,5.933650866251906,3.3753462488571535,3.986674242958154,4.529024762884368],[5.80780406640547,2.2133349933061957,2.427750661311437,5.360617362704147,5.406882891948653],[3.4397931202050023,3.4368801521183387,5.350062410275624,5.336906162098786,3.4053757794085016],[3.0210555826390557,5.265336191641035,5.4778638743256645,2.341679198067953,4.470195080898441],[0.8747786755396405,1.4326534864417009,6.515663520335058,6.5439885825270405,0.6438335840398278],[6.582531406597181,6.4973039021083006,6.6638371243049574,6.656775872044369,6.5787518777874805],[8.769287317525292,8.806841936551368,8.95736869667001,8.77598439970999,8.946726079359461],[0.7867759091554388,7.151853392306509,0.733791127161861,7.023959952305193,7.046690319245213],[4.369170797296515,0.9994611613133908,6.097892211824162,1.3560296149658269,5.902886188804374],[4.321117462990352,1.9068261199549628,5.27858633382146,6.114623045262785,6.005239785221343],[0.3354869865739256,1.5509782461192942,4.055892164589364,4.317717979893418,5.1408190866393895],[4.2483140608597205,5.6667425152394415,6.029639517760702,6.0592208214211505,6.172080711043573],[5.845918866126295,5.6670334580320025,4.650056451443952,5.618428334132279,5.030002183242557],[6.754545860449471,1.3408732853074312,1.8182196397120975,8.393179340738827,8.390600657805905],[8.320519650216534,8.295897635943465,8.162065740631721,8.246203082204383,8.350080644171674]],"times":[[10557,961,437,332,135],[1430,1049,1054,1448,327],[2223,464,65,372,419],[708,154,30,389,48],[507,36,917,949,814],[604,269,288,970,575],[525,389,288,52,113],[484,4,117,100,339],[364,20,64,8,366],[589,938,1409,376,253],[577,177,95,379,828],[406,111,166,44,297],[586,355,108,79,88],[1061,43,431,76,1430],[779,58,354,5,418],[452,483,1724,661,96],[374,296,118,343,150],[529,300,191,141,142],[530,215,174,208,37],[749,443,234,174,281],[483,71,83,100,100],[319,163,150,82,95],[425,4,197,87,40],[474,64,200,330,372],[398,339,93,171,167],[582,167,62,417,752],[529,568,421,983,769],[447,333,487,249,335],[428,60,227,146,71],[524,45,381,441,174],[186,87,135,25,54],[249,401,187,62,94],[346,147,42,45,61],[407,65,69,43,128],[771,235,7,375,294],[446,539,219,238,137],[815,24,84,60,42],[430,264,185,107,67],[539,430,9,275,1319],[509,22,406,54,3],[372,24,31,519,209],[463,59,67,7886,415],[740,428,57,84,102],[415,151,131,259,159],[1028,345,655,116,384],[325,258,105,311,330],[452,190,91,85,206],[340,378,167,468,309],[491,26,50,34,271],[1306,165,673,105,324],[367,54,5,26,19],[2737,586,21,32,14],[1904,782,705,108,107],[546,481,306,261,1110],[553,695,847,193,40],[781,423,326,419,1349],[1248,67,175,171,153],[473,408,565,1999,1592],[984,15,1006,26,202],[369,212,158,293,19]],