{"actions":[[0,2,3,5,3],[0,1,1,1,1],[0,1,1,1,1],[1,0,0,0,0],[0,1,1,1,1],[0,0,0,0,0],[0,2,1,5,5],[2,1,1,1,1],[1,2,0,4,5],[2,1,1,1,1],[2,0,2,2,2],[1,2,2,2,2],[1,2,5,5,5],[2,3,3,3,3],[1,2,5,3,3],[1,2,5,3,1],[1,2,0,0,0],[1,0,0,0,0],[1,0,5,5,5],[1,5,1,1,1]],"rewards":[[0.8899442233261825,0,4.324878809154229,2.8735985176683707,4.253355866014238],[0.7851699690971314,8.194898552736134,8.086809104242473,8.282610434942349,8.377336789239246],[1.8734913462234255,5.564497202591773,5.487727672264988,5.611223148267186,5.559062419922711],[2.9961702870251052,8.903078264208967,8.761890446890522,8.709826421433759,8.901533301685765],[2.268789969966698,6.530385023556145,6.564488304503052,6.427811614037627,6.45698095428886],[8.304059390357898,8.408019996110164,8.284790123386342,8.333618471705618,8.277575896232971],[3.586945993203004,3.3879162171144914,0.5649196916415872,6.377482310786288,6.233674036723667],[1.383978030486639,7.613946285824941,7.612203305105382,7.576158556723644,7.5063739848453865],[0.4401135439454755,2.9575939468826524,2.8309139779006505,3.2844436167678164,2.8616861815055805],[2.66191422450068,9.085558385240356,8.937720266286776,9.249139954479157,9.023788912197466],[7.150008194275847,6.982198048495992,7.527676643396626,7.345859510105066,7.03681159991764],[1.6494190072389041,8.066262955487751,8.285141878695343,8.052035948596503,8.180349445376873],[3.1627425540346015,0,6.2820471692711815,6.109662636958168,6.106797570190715],[5.240351212228307,7.2648335162568785,7.2918621784498105,7.353597585584945,7.292509898426327],[1.1264411037319602,5.912191199175104,1.0939157758131,4.568972606793001,4.562921722808274],[4.616858610858824,0.13176906609375266,1.8803822649179633,3.6454066278294506,4.743839236567454],[0.6988237887809501,7.744204409399746,8.215411260949992,7.947315030154487,7.864220476309344],[2.8616889936575993,6.306846845893132,6.42581309424664,6.359346002331856,6.4355525654328956],[4.7639574115320595,0.9954098791805812,7.889281601069008,7.819560964590812,7.832911983310002],[5.913158667268558,5.17352651035002,6.018389340937131,5.867237629495127,6.057964726187887]],"times":[[23699,3386,7779,4695,2153],[2134,1583,1732,939,584],[4755,911,1249,311,322],[905,1242,457,607,435],[7839,408,746,237,328],[1869,781,146,233,251],[2639,297,240,4741,260],[2554,595,280,187,297],[3499,556,284,1491,1321],[2459,812,246,194,188],[1375,3849,443,287,293],[1570,440,327,123,252],[1148,337,2387,1237,288],[1826,3951,309,258,211],[2345,752,1704,283,726],[1388,1704,1038,329,727],[1135,740,1422,275,302],[899,523,1598,156,250],[840,388,1610,214,31],[1945,1347,1813,773,339]],"condition":[["oddneg"],["oddpos"],["oddpos"],["evenneg"],["oddneg"],["evenpos"],["evenpos"],["oddneg"],["evenneg"],["oddpos"],["evenneg"],["evenpos"],["oddpos"],["evenpos"],["evenneg"],["oddneg"],["evenneg"],["evenpos"],["oddpos"],["oddneg"]],"envs":["envs/changepoint/oddneg/oddneg77.json","envs/changepoint/oddpos/oddpos2.json","envs/changepoint/oddpos/oddpos78.json","envs/changepoint/evenneg/evenneg6.json","envs/changepoint/oddneg/oddneg70.json","envs/changepoint/evenpos/evenpos99.json","envs/changepoint/evenpos/evenpos97.json","envs/changepoint/oddneg/oddneg17.json","envs/changepoint/evenneg/evenneg5.json","envs/changepoint/oddpos/oddpos25.json","envs/changepoint/evenneg/evenneg57.json","envs/changepoint/evenpos/evenpos72.json","envs/changepoint/oddpos/oddpos75.json","envs/changepoint/evenpos/evenpos69.json","envs/changepoint/evenneg/evenneg8.json","envs/changepoint/oddneg/oddneg94.json","envs/changepoint/evenneg/evenneg55.json","envs/changepoint/evenpos/evenpos37.json","envs/changepoint/oddpos/oddpos86.json","envs/changepoint/oddneg/oddneg22.json"],"money":"3.06","age":20,"gender":1,"hand":0,"experiment":"noncompositional","instcounter":1,"subjectID":"61692a71630be6d801e55db0","studyID":"617b0174ce5353c47cc531c0","eval":[["evenneg"],["evenpos"],["oddpos"],["oddneg"]],"regrets":[[3.4226884841918945,4.260081738233566,0,1.3369574546813965,0],[7.184034526348114,0,0,0,0],[3.7487813234329224,0.05901908874511719,0.05901908874511719,0.05901908874511719,0.05901908874511719],[7.022244691848755,1.083242416381836,1.083242416381836,1.083242416381836,1.083242416381836],[4.369098424911499,0,0,0,0],[1.495314598083496,1.495314598083496,1.495314598083496,1.495314598083496,1.495314598083496],[2.6922223567962646,2.9475901126861572,5.883301317691803,0,0],[6.082339286804199,0,0,0,0],[3.4326791167259216,0.8763957023620605,1.0757787227630615,0.5516948699951172,0.9615921974182129],[6.322378158569336,0,0,0,0],[0,0.16569137573242188,0,0,0],[7.767621994018555,1.2410106658935547,1.2410106658935547,1.2410106658935547,1.2410106658935547],[3.1597280502319336,6.599629878997803,0,0,0],[3.7315735816955566,1.6589775085449219,1.6589775085449219,1.6589775085449219,1.6589775085449219],[5.178660035133362,0.2651829719543457,4.992963194847107,1.5834040641784668,1.5834040641784668],[0,4.50852033495903,2.8795647621154785,1.1290593147277832,0],[7.3417550921440125,0.23771333694458008,0,0,0],[4.520717144012451,1.170313835144043,1.170313835144043,1.170313835144043,1.170313835144043],[3.0463757514953613,6.837383508682251,0,0,0],[0.005437374114990234,0.6866555213928223,0.005437374114990234,0.005437374114990234,0.005437374114990234]],"maxrewards":[4.247127056121826,8.123309135437012,5.6073832511901855,9.910252571105957,6.514302730560303,9.786069869995117,6.356721878051758,7.566072940826416,3.8338866233825684,9.124008178710938,7.239577293395996,9.417494773864746,6.207150936126709,8.878067016601562,6.161134719848633,4.735317230224609,8.102128028869629,7.592514514923096,7.942039489746094,5.950274467468262],"bestoptions":[3,1,5,2,1,2,5,1,3,1,2,5,5,4,0,1,0,5,5,4],"rewardorder":1}
