{"actions":[[0,1,3,0,1],[5,4,3,1,0],[0,5,2,3,4],[5,0,3,1,2],[2,3,5,4,0],[1,4,5,0,3],[0,5,1,2,3],[5,2,4,0,1],[0,5,2,3,1],[5,4,3,0,1],[5,0,1,3,2],[0,3,1,2,4],[5,0,1,2,3],[1,3,5,4,0],[0,1,2,3,4],[0,5,4,3,2],[0,5,3,2,1],[0,5,3,2,4],[5,4,3,2,1],[0,5,4,3,1],[0,4,3,5,2],[5,0,1,2,3],[0,4,3,2,5],[2,4,5,3,1],[5,0,1,4,3],[5,0,1,2,3],[0,2,3,4,5],[0,5,1,2,3],[0,2,4,1,3],[2,3,4,5,0],[0,5,4,3,2],[0,1,3,5,4],[2,1,0,5,4],[5,0,1,2,3],[0,5,4,3,1],[0,5,3,4,2],[2,3,5,0,1],[1,3,4,2,5],[0,1,2,3,4],[5,0,4,3,5],[0,0,0,0,0],[0,5,3,2,1],[0,5,3,4,2],[0,0,0,0,0],[2,0,4,4,4],[0,5,5,5,5],[5,0,0,0,0],[1,2,2,2,2],[0,0,0,0,4],[0,2,4,5,0],[0,1,2,2,2],[0,5,5,5,5],[0,0,0,0,0],[2,5,2,2,2],[0,0,0,0,0],[1,1,1,1,1],[2,2,5,5,5],[0,5,5,5,5],[1,5,0,3,2],[2,0,5,2,2]],"rewards":[[8.216724458626365,7.769713767444621,6.381941657503329,8.529422386594964,7.464250000039714],[3.696562276686061,10.00648928366435,3.0335306691032446,5.200682385407932,10.465389987064004],[8.567117640120516,3.884777136579363,7.382628564713631,2.8755801336356672,10.367637473795611],[5.415976048445214,1.0272716786870164,3.868412327840202,2.4501033125891016,2.8720169919742866],[2.5079436650469047,8.934624999615215,9.394553232733568,2.4492045930630555,2.6355696057304034],[2.7196208716732597,2.462750212171127,9.521450907649259,1.1703607435886538,8.999218943426953],[5.228596229176286,2.0436314835709535,5.42481946976413,4.629270462159577,3.287082015440258],[5.171731127913417,0.8496636404708172,0.8628899929255361,0.2502506029035984,3.7085026126364142],[5.381309670605673,5.33677882819198,4.339315953904815,5.021496812812496,5.506261631114275],[4.9278986357802195,4.528380036643784,6.975816353721766,8.439479114577216,8.011105124361707],[1.6769670732338697,6.813283227675528,1.9580284226572735,2.323795036875583,7.251096259601452],[8.39226958541737,2.434957827349864,8.012954830127862,7.584390017022339,7.56056444531115],[4.407264283375017,8.76489626096771,7.577130197445812,7.048366058476049,7.121909069844977],[10.027888624869162,9.661711016281128,9.47871669750625,3.1864850390911137,3.1135945738805146],[8.776578578162379,7.695065801284709,6.997488595495625,9.834826930300812,3.0318506791166375],[1.9759680049179704,5.23886928916326,5.4290416443429175,4.789694022738677,3.5827079959483865],[1.2081023277419267,5.2218674645090815,5.329247385467464,0.8201232556912345,6.273481565722566],[2.129753673809376,5.169670417110418,5.522662769038723,3.724329350792386,0.9660526857856399],[6.616940484701708,6.9557104084052765,5.9921706808131905,5.5077911650685145,4.187537004494674],[1.9527420878675088,6.836563345813755,2.0368902045277055,6.9574648459371025,6.647786556181738],[4.210256915260807,1.8779059494964712,6.969979086334303,6.811343478203281,5.424203818414001],[2.7736436986048076,4.8868076044564726,4.279782587324578,4.286821102268726,3.028214142048466],[3.634033037503733,3.927853259316893,12.035291879011321,4.486382931137283,11.203604641301586],[4.445003869700637,3.828197012493157,11.423281462829275,12.059370517153836,4.183362576197301],[5.790438527541422,2.572311168223557,3.2136954090008483,4.937646339526843,4.778929119351988],[2.549162103842823,6.9999923117463645,1.867124636275187,6.61040953032486,2.7393901981299456],[2.5171529222844358,3.5017619382637304,2.902908200122242,6.375878044200142,2.4142825301770845],[7.803386572774011,2.918556991076927,6.303255864665893,5.672869818430251,4.8646386928081835],[7.058567227964216,8.030968988028134,7.594247428218776,3.394273889732311,2.927189554633959],[5.795927424067704,2.8971220563118134,7.5928814747974105,2.3814042185326727,7.624854261846721],[4.806153950028981,6.769612291897675,6.815559329961498,6.935403734275023,5.850229786297198],[1.021727322137603,8.124292219026483,8.186664609002307,8.037065591045486,1.2400912393227685],[5.796409807007744,5.324337770256876,5.236953929282647,8.019911321001972,1.2699110383158572],[2.303361612820639,6.581913671410514,6.111805035818607,3.555506889151197,4.725773058671098],[1.2810300819100489,4.982733883775652,0.8799018361812471,5.330318624413755,5.817167068052965],[6.539426793771309,4.943460207089619,5.070196578397415,0.930032367345996,3.3881384376270796],[8.295741071105558,6.612459941494112,4.502051583673499,9.946464731319786,7.889533044108876],[0,0,4.369635680468478,4.2318191721701,0.007618272219500816],[9.962901471231094,7.831517545667401,8.310073500431391,0,4.260726583173992],[7.477404168102343,2.7469265100228166,6.774515048915563,6.591448643950276,7.610789118771063],[10.378994148487598,10.343440211576846,10.403889322224604,10.405571491782386,10.446072449444577],[2.8646897806721294,2.8882698561382356,3.799597318179421,5.560622713396851,4.968839237255716],[1.377824606307759,4.93334761972428,4.039830271764255,3.4758080038532158,2.485204114983075],[6.180897330860515,6.28178156949478,6.385727460145416,6.366173308098897,6.223045471963362],[2.7174425877981427,1.5195896740580812,7.201317181763588,7.204143141464715,7.186160965468668],[3.4736870118434022,7.537733474630032,7.258009938903422,7.35610020852739,7.313890866849488],[2.538711771072296,9.363286973023863,9.660848800415726,9.440720290753138,9.376837248140811],[3.3396081317830966,4.630659431514762,4.712521245750843,4.551568121126294,4.676064155416004],[7.044112840077802,7.0455951244269475,6.953940809306758,6.804261914617253,4.468577902440206],[4.912116367405487,4.693250309468986,4.440760062263497,0,4.901789744149701],[6.88764861502215,6.989005018491047,5.373418234437412,5.136922039801864,5.275615646869755],[3.535862698004655,7.725576004703664,7.364227593789915,7.516852670598135,7.420622304623596],[6.389293800962593,6.51077631494717,6.495539552211439,6.387420866958973,6.451050273382281],[5.751304089536922,1.4013265282848153,5.580518545753828,5.973855714757062,5.637424789812344],[8.826269454692795,9.086944513705056,8.957324497701357,8.846640999237998,9.007362753035014],[10.328750946592528,10.215138311144498,10.155332716326837,10.10712076188075,10.258779475295977],[6.569110037126077,6.594085978604181,10.302161789665197,10.392044415484431,10.436043065653848],[4.86737699518706,8.564007750589138,8.541623479177867,8.500652361098135,8.419261157585606],[2.1343829497406177,1.9959655041345439,0.04420644422489116,2.824211870752761,1.3725872142639055],[6.7315311949991585,4.844957766090541,2.068353262000014,6.893581629683215,6.763760635628822]],"times":[[16057,579,2247,2007,4237],[4985,1043,913,2227,1283],[2074,1294,1156,960,816],[4071,2009,1488,1117,1095],[1590,1253,1077,543,851],[3934,807,591,1101,1874],[2792,1874,1282,1769,2083],[2349,1512,1907,1012,872],[15864,987,1183,773,1163],[3077,930,287,1023,399],[2335,725,996,2708,1338],[2396,2226,421,425,1339],[2598,757,498,1666,1484],[1712,3257,1340,4218,1116],[1960,1073,388,868,39],[4398,113,461,87,1353],[1320,604,1004,1007,767],[3095,660,819,786,553],[1519,849,428,1134,1171],[1772,1326,577,362,986],[1518,985,323,975,1060],[1337,591,310,58,897],[988,1139,1244,1454,833],[1350,1425,609,2116,1357],[1587,780,2412,933,239],[3812,969,873,1034,1115],[2284,403,1235,316,1075],[1541,1149,998,255,1658],[1290,1791,2432,2134,1007],[1745,2414,108,657,1273],[3007,843,635,248,1084],[1877,1821,1553,1297,753],[2526,917,148,1043,1079],[5076,1267,900,1109,1011],[1433,910,1473,1115,1969],[102367,1163,1024,476,1093],[2139,1065,698,1469,299],[10659,1446,716,1690,1806],[10046,1182,799,747,924],[3293,1582,1163,557,2226],[1444,1449,1184,1067,1256],[2167,1074,1137,1266,1114],[1594,874,1955,619,1559],[4679,1033,974,1333,1335],[3790,1008,893,551,525],[1278,583,526,527,812],[2173,909,535,587,765],[2013,552,1140,729,1443],[1354,422,432,966,3198],[1451,1199,768,428,1783],[1753,820,461,502,562],[3271,963,456,464,487],[3494,525,456,464,756],[2136,755,578,523,743],[1565,416,332,376,404],[2033,370,390,352,356],[2493,374,1222,349,347],[1432,726,332,343,363],[1955,1256,1185,1281,958],[1239,718,849,909,1906]],