{"actions":[[0,1,1,5,3],[3,5,1,0,2],[0,1,3,4,5],[5,4,1,0,2],[0,2,5,4,3],[0,2,1,3,5],[5,3,1,2,3],[1,0,5,4,4],[0,2,1,4,4],[5,3,4,1,1],[1,0,2,5,5],[5,5,5,5,5],[5,3,4,1,2],[5,4,3,1,0],[0,5,3,4,1],[1,2,2,2,2],[2,0,4,5,3],[4,4,2,2,2],[2,2,4,2,2],[2,0,1,1,1]],"rewards":[[1.8869281115458165,4.969850157167772,4.939873600245515,8.267800857943389,5.376687980682267],[4.853424084854352,2.797889620632289,4.35284582758533,0.2352847151111475,0.7573499818642375],[0.14200958982243275,3.1552016792525013,7.463633799650362,8.324549378043109,9.528804253110543],[3.4153475978220618,3.8291019292030954,3.338364278863098,5.165196062324365,5.838751572300963],[5.970433527610168,5.943111533004677,0.563120407289834,1.875113316266244,3.7197731737811925],[2.6742878912957138,1.5704577596405571,6.672112455253636,3.8775938636807563,7.220501141235127],[0.5924816640627251,1.4242588618965628,3.9713368475958566,8.391656518575319,1.4488444640084646],[1.3943185230688788,3.9505072761311233,4.508424642143907,4.269896453568889,4.068270221422051],[1.1396504295910288,0.963312793981204,3.733686629109394,5.657386788255806,5.789989300936241],[5.244585968259846,5.898755991256452,5.2408239269645875,7.963979596986503,8.161747743207632],[0.04176761348137171,5.064574446332503,5.11347905499483,8.651598909696462,8.616413027964622],[8.418628302111257,8.34473596215322,8.285721551833609,8.447178656501938,8.411217670554183],[5.442384732274768,4.786622206600226,5.619899061157971,4.080822093950753,1.4222979462649459],[2.7844839854176975,4.334930217409431,4.876844385231601,3.1025473508792847,7.819483606663789],[2.1885898031593283,0.33983715358065913,2.2395304723904728,1.2669113460368229,6.370900654712385],[1.75587775181364,7.241220421475298,7.28552162820204,7.337798183688353,7.2962173641856145],[0.3106026052794756,0,4.012275050206429,3.3381775693638596,4.470948311191847],[7.580443232861767,7.441804489675268,10.587250048954262,10.507663175254809,10.533508414594657],[8.113432857835415,8.090571104641079,3.723904179851634,8.144340107304014,8.056226975660126],[0.23629154329065066,0.04058744175316564,7.612043688682221,7.6167711973197525,7.549249134685496]],"times":[[27864,2717,4380,1783,3524],[1618,1007,1898,802,1467],[4828,1439,1785,1424,840],[797,923,1669,433,841],[2180,450,901,555,1832],[1293,271,668,2212,1507],[1356,840,1032,653,2310],[1052,329,312,423,295],[763,630,668,828,563],[573,1095,712,1591,686],[525,475,540,1170,399],[347,311,299,569,339],[645,872,49,695,291],[643,747,325,713,410],[447,2320,473,461,382],[573,560,429,235,258],[810,300,1429,161,1185],[3599,1643,1888,406,280],[1242,337,245,996,335],[438,805,357,640,558]],"condition":[["oddpos"],["oddneg"],["oddpos"],["evenneg"],["evenneg"],["oddpos"],["evenneg"],["evenpos"],["oddneg"],["oddneg"],["evenpos"],["evenpos"],["oddpos"],["evenneg"],["oddneg"],["evenpos"],["oddneg"],["evenpos"],["evenneg"],["oddpos"]],"envs":["envs/changepoint/oddpos/oddpos35.json","envs/changepoint/oddneg/oddneg53.json","envs/changepoint/oddpos/oddpos14.json","envs/changepoint/evenneg/evenneg23.json","envs/changepoint/evenneg/evenneg75.json","envs/changepoint/oddpos/oddpos77.json","envs/changepoint/evenneg/evenneg34.json","envs/changepoint/evenpos/evenpos8.json","envs/changepoint/oddneg/oddneg61.json","envs/changepoint/oddneg/oddneg21.json","envs/changepoint/evenpos/evenpos69.json","envs/changepoint/evenpos/evenpos25.json","envs/changepoint/oddpos/oddpos30.json","envs/changepoint/evenneg/evenneg64.json","envs/changepoint/oddneg/oddneg70.json","envs/changepoint/evenpos/evenpos4.json","envs/changepoint/oddneg/oddneg95.json","envs/changepoint/evenpos/evenpos50.json","envs/changepoint/evenneg/evenneg63.json","envs/changepoint/oddpos/oddpos11.json"],"money":"2.93","age":20,"gender":0,"hand":0,"experiment":"noncompositional","instcounter":1,"subjectID":"616b56ec3852da09e8cae907","studyID":"617b0174ce5353c47cc531c1","eval":[["oddneg"],["evenpos"],["evenneg"],["oddpos"]],"regrets":[[6.449982643127441,3.303351402282715,3.303351402282715,0,2.840484619140625],[0,2.158661127090454,0.8846321105957031,4.768001034855843,4.1955389976501465],[9.248173266649246,6.279633522033691,2.182891845703125,1.2317895889282227,0],[2.2767083644866943,1.985048770904541,2.4164929389953613,0.4841337203979492,0],[0,0.03656721115112305,5.263849854469299,4.165359973907471,2.405245304107666],[4.4828855991363525,5.5797916650772095,0.4028635025024414,3.251755714416504,0],[7.650599837303162,6.73897647857666,4.124569892883301,0,6.73897647857666],[3.9036813974380493,1.00974702835083,0.7901902198791504,0.9675493240356445,0.9675493240356445],[4.98975396156311,5.128599166870117,2.2018685340881348,0.40709543228149414,0.40709543228149414],[2.9285593032836914,2.272797107696533,2.7642769813537598,0,0],[8.836467385292053,3.613920211791992,3.7315735816955566,0.28507423400878906,0.28507423400878906],[2.2343063354492188,2.2343063354492188,2.2343063354492188,2.2343063354492188,2.2343063354492188],[0.09981822967529297,0.5369648933410645,0,1.5274572372436523,4.087112665176392],[5.1492133140563965,3.763925075531006,3.1237382888793945,4.996189832687378,0],[4.369098424911499,6.072021394968033,4.280001878738403,5.284125566482544,0],[5.6949275732040405,0,0,0,0],[7.375134646892548,7.987308323383331,3.5398011207580566,4.404698610305786,3.203885555267334],[3.0507302284240723,3.0507302284240723,0,0,0],[1.1644830703735352,1.1644830703735352,5.611148357391357,1.1644830703735352,1.1644830703735352],[7.216358423233032,7.348451316356659,0,0,0]],"maxrewards":[8.308128356933594,4.962287425994873,9.563997268676758,5.7617716789245605,6.028214931488037,7.138105869293213,8.214123725891113,5.198238372802734,6.086050510406494,8.11844539642334,8.878067016601562,10.62481689453125,5.492824554443359,7.99934196472168,6.514302730560303,7.246630668640137,7.694830417633057,10.480626106262207,9.239797592163086,7.548685550689697],"bestoptions":[5,3,5,2,0,5,2,2,3,1,4,0,4,0,1,2,1,2,0,1],"rewardorder":1}
