{"actions":[[0,1,2,3,5],[0,2,4,5,0],[1,3,2,0,5],[1,5,2,4,2],[0,2,4,5,5],[2,4,5,0,5],[4,1,2,3,5],[0,4,1,5,4],[2,4,5,0,3],[1,4,2,2,2],[0,1,5,2,0],[1,4,4,5,4],[3,3,3,0,3],[5,3,1,0,0],[0,4,1,4,2],[5,4,0,5,0],[0,5,1,4,2],[1,4,1,1,4],[1,4,5,0,1],[0,1,4,3,3]],"rewards":[[5.061823179897929,4.361592414705791,3.9606682129956083,2.948855291927843,3.027623492103784],[8.165755161082945,7.500318061023837,3.2140427765689723,5.931510628849593,8.017738398791174],[3.8194252175519363,3.4118699673978776,3.410825233062342,2.6968337427401847,3.656932991658647],[8.346326938269412,1.9067942701061737,7.36568024574067,4.709254387719686,7.235287116554634],[0.5244999390464867,2.463323431898976,2.6695588245919732,9.611526828467683,9.576863378565527],[2.8013835145086836,2.478235284407644,7.347359261399827,2.1252411418847292,7.221591112716303],[5.2873743996037,4.49524502398307,5.737475996244684,1.9775869209512025,1.2591078221156493],[5.1515396025529006,5.972499142430582,4.6178063797923885,1.0584817781158908,5.961536666376506],[2.870248657261022,4.673342432575092,1.1017937646035423,1.5813526183542583,0.4937130477125879],[5.860696620394928,4.355761082248062,6.800117639342705,6.787747478129968,6.870138575322166],[5.323941850697654,5.597002138307029,8.08678495851572,6.602426039789821,5.4173079948004315],[2.2061311182240946,7.3624271052676376,7.159296102060725,2.9663361809496807,7.334391561222095],[10.855121944709593,10.985771271112949,10.858937965622303,7.38870379346189,11.039608527658206],[4.620809201933403,2.5082806591140154,6.434733521011513,7.038541456863331,6.864711368016934],[5.025370583281929,7.239196100325231,4.674613307862478,7.322860035078196,3.1900388992639135],[6.730049568610392,0,7.574983088379677,6.660890219331882,7.63082371451539],[3.517221540193409,1.0906654034401837,3.4957412719603465,5.790141763196081,4.132398979184266],[6.874871033747444,7.7578620934979705,6.775850838560921,6.890088471664372,7.868994573895339],[7.758485962054259,0.9183340790399166,2.9342274598092106,9.534628389126544,7.616745998602814],[2.566952895020502,2.987126682081194,3.483322609877708,9.86434190511112,9.747932383235868]],"times":[[18811,382,211,625,699],[2407,169,3019,680,1134],[2950,2965,2938,1919,376],[4291,1412,6783,4288,1048],[6426,1787,730,738,748],[2816,873,1384,883,775],[1112,870,2138,1111,1292],[1438,509,829,513,859],[1477,577,621,324,666],[1051,755,1005,575,572],[2621,680,150,787,921],[4148,330,417,2331,170],[1145,520,492,1633,750],[18329,679,530,600,611],[989,70,682,245,254],[926,515,1257,882,296],[2602,349,89,658,1102],[1766,683,434,281,888],[1922,285,657,524,573],[496,422,207,1058,508]],"condition":[["negodd"],["negodd"],["poseven"],["negeven"],["posodd"],["posodd"],["poseven"],["negeven"],["poseven"],["posodd"],["posodd"],["poseven"],["negodd"],["negeven"],["negeven"],["negodd"],["poseven"],["negeven"],["negodd"],["posodd"]],"envs":["envs/changepoint/negodd/negodd16.json","envs/changepoint/negodd/negodd93.json","envs/changepoint/poseven/poseven52.json","envs/changepoint/negeven/negeven6.json","envs/changepoint/posodd/posodd85.json","envs/changepoint/posodd/posodd8.json","envs/changepoint/poseven/poseven65.json","envs/changepoint/negeven/negeven87.json","envs/changepoint/poseven/poseven13.json","envs/changepoint/posodd/posodd82.json","envs/changepoint/posodd/posodd59.json","envs/changepoint/poseven/poseven35.json","envs/changepoint/negodd/negodd74.json","envs/changepoint/negeven/negeven92.json","envs/changepoint/negeven/negeven63.json","envs/changepoint/negodd/negodd0.json","envs/changepoint/poseven/poseven1.json","envs/changepoint/negeven/negeven2.json","envs/changepoint/negodd/negodd39.json","envs/changepoint/posodd/posodd81.json"],"money":"3.01","age":30,"gender":0,"hand":0,"experiment":"noncompositional","instcounter":1,"subjectID":"616b1c2a693eb5a16c02ae3b","studyID":"617b0174ce5353c47cc531c1","eval":[["poseven"],["negeven"],["negodd"],["posodd"]],"regrets":[[0,0.7367444038391113,1.135974407196045,2.1892244815826416,2.202646255493164],[0,0.8121399879455566,5.284528493881226,2.380800247192383,0],[5.487330913543701,5.779382705688477,5.846109867095947,6.487573623657227,5.557184219360352],[0.25106334686279297,6.703930139541626,1.221426010131836,3.6614742279052734,1.221426010131836],[10.178640633821487,8.112133741378784,8.02774167060852,1.0208930969238281,1.0208930969238281],[5.310768127441406,5.560636281967163,0.7262687683105469,5.925347328186035,0.7262687683105469],[0.47302770614624023,1.4412541389465332,0,3.84321391582489,4.409945726394653],[0.7586555480957031,0,1.35715913772583,5.057677924633026,0],[1.7681338787078857,0,3.2915436029434204,3.0400463342666626,4.1022467613220215],[4.869340419769287,6.288323402404785,3.904726982116699,3.904726982116699,3.904726982116699],[2.9303464889526367,2.6452903747558594,0,1.701979637145996,2.9303464889526367],[5.1837499141693115,0,0,4.289854526519775,0],[0,0,0,3.7033915519714355,0],[5.431064128875732,7.378793478012085,3.502741813659668,2.979146957397461,2.979146957397461],[2.19246244430542,0,2.6240787506103516,0,4.135305404663086],[0.8232283592224121,7.881216675043106,0,0.8232283592224121,0],[2.1882615089416504,4.662071347236633,2.228320837020874,0,1.5973973274230957],[1.0926589965820312,0.1088414192199707,1.0926589965820312,1.0926589965820312,0.1088414192199707],[1.7921361923217773,8.6566321849823,6.753779649734497,0,1.7921361923217773],[7.593739986419678,7.313752174377441,6.658544301986694,0.36929798126220703,0.36929798126220703]],"maxrewards":[5.154829025268555,8.270644187927246,9.293654441833496,8.569856643676758,10.627580642700195,8.00334644317627,5.766685485839844,5.934735298156738,4.5610785484313965,10.709036827087402,8.260817527770996,7.310098171234131,11.047669410705566,9.912911415100098,7.228092193603516,7.5323405265808105,5.773763656616211,7.907746315002441,9.564403533935547,10.223878860473633],"bestoptions":[0,0,4,0,3,3,2,4,4,5,5,4,3,4,4,0,4,0,0,5],"rewardorder":0}
