{"actions":[[2,1,3,5,5],[0,5,5,5,5],[5,5,5,5,5],[0,5,5,5,5],[0,5,0,0,0],[0,0,0,0,0],[5,5,5,5,5],[5,5,5,5,5],[5,5,5,5,5],[0,5,0,0,0],[5,0,3,5,5],[5,0,0,0,0],[0,5,0,0,0],[0,5,5,5,5],[5,0,5,5,5],[5,0,5,5,5],[0,5,0,0,0],[0,5,5,5,5],[5,0,5,5,5],[0,0,0,5,5],[5,0,5,5,5],[5,0,3,5,5],[5,0,5,5,5],[0,5,5,5,5],[5,0,0,0,0],[0,5,5,5,5],[5,0,5,5,5],[5,0,0,0,0],[0,5,5,5,5],[5,0,5,5,5],[2,5,5,5,0],[4,0,0,5,0],[0,5,5,5,5],[5,0,5,5,5],[5,0,5,5,5],[5,0,5,5,5],[5,0,0,0,0],[0,5,5,5,5],[5,0,5,3,2],[3,5,0,0,0],[0,2,5,5,5],[5,0,2,3,3],[5,0,5,5,5],[5,3,0,0,0],[2,0,0,5,5],[5,5,0,5,5],[0,5,5,3,3],[3,5,0,3,5],[5,3,0,5,5],[5,3,0,0,0],[0,0,0,0,0],[0,5,3,5,5],[5,0,2,2,2],[2,0,5,5,5],[5,5,5,5,5],[5,0,5,5,5],[0,5,5,5,5],[5,3,0,0,0],[0,0,0,0,0],[5,0,0,0,0]],"rewards":[[5.761410089743878,4.933823286786006,7.276055484946384,8.754100062893436,8.738826834078582],[3.498825678293968,10.44258687428418,10.530558647610652,10.571508527605335,10.56784272175109],[8.882824044270745,8.715754625607277,8.734595299887241,8.688834447879312,8.781952121627638],[3.153163871807223,5.93137262800792,5.880383655893971,5.977931206928484,5.7621637363464435],[5.819643251894026,0.6794097667209928,5.725461839553161,5.715682274298229,5.843871682292448],[5.628216733187294,5.858840407257033,5.785863830339716,5.648515585592925,5.731296197000983],[7.925118544266572,7.867423004375686,7.942705055728857,8.10153371382107,7.897892115113046],[11.144334474879196,10.788699321543145,10.856449201413593,10.847095501310672,10.846512771712076],[7.997164815609414,7.986951802028007,7.997421642257987,7.9261890168990075,7.8142228394891395],[8.561726596187102,2.2875057494397635,8.451104113774253,8.484661402181649,8.430722816015088],[4.8388406344642645,2.518428600636952,3.5836749014054012,4.80676876413629,4.848278396489949],[2.146181761873929,2.5151361560721797,2.401063225976573,2.568941020490426,2.700825059344177],[7.075702807174377,6.014677409036252,7.311830983487595,7.30437708309754,7.119369603667302],[2.0999250496681587,5.855861473738739,5.940092385298067,5.693436483950898,5.867220322911835],[6.244215086777679,2.212475819855043,5.92464263025531,5.894475692577733,6.070632672854917],[7.061984841417949,3.9729516373098823,7.344249513344207,7.150687138201997,7.094822099782817],[4.818199369116563,1.6978932130770765,4.819817383207521,4.991744976871428,4.863319771841006],[4.782536282002858,7.070223263927486,6.964699715935503,7.377675691099055,7.04122498249722],[5.203719802102329,2.290346415552742,5.131936376733759,5.3112789803025136,5.04908984136127],[5.0979598351842546,4.904577611723766,5.001506411831159,12.325440232275861,12.381771102039451],[5.172269396661764,5.054360348428324,5.309806315382293,5.288780979654613,5.1610749863509255],[7.9220633916804815,3.394383423170936,6.733373006465525,8.015923573423525,8.210566472202125],[5.198368262509369,0,5.1393529936468205,5.060825024848692,5.011176643395005],[0,7.968303490891082,8.000648310303491,7.979517321557687,8.122671462718653],[3.4802777418756756,6.3993767464921065,6.327907673829918,6.428703093265541,6.478533881213772],[2.167399532507692,5.227569046063768,5.21443582887468,5.205565033125652,5.332570165607835],[3.2266342633763325,2.1227980113168843,3.2117609179153828,3.3271652544254744,3.2771202789891123],[4.222761979627826,7.2226878040918345,7.251908897614962,7.4315581754927065,7.396274166615992],[4.056055013583263,9.927749843910316,10.139827476798402,10.117802189687657,10.116915365743349],[4.288076137225503,3.880362646595996,4.199233072593803,4.182224265530524,4.341079180706392],[6.179848613905615,7.8261819669894885,7.900730080081763,7.923056732141932,5.283703102418803],[7.445239332984272,7.72164971048388,8.01654948736685,1.7703213473147166,7.74330565796307],[7.775824767403942,7.853499096936174,7.854384531213663,7.801012585501409,7.951307474741584],[5.984879253569495,4.6736817144420115,5.916954763484475,5.816199686434913,5.847857166631226],[6.797700157199153,2.0959204516036114,6.683566177327341,6.782021166505439,6.885060276510729],[5.670706959773007,2.191971664202172,5.6703920513164014,5.991014067491133,5.850363589209435],[2.813406725889447,5.958159160550091,5.995115803766714,5.913597143914084,6.100430013150886],[2.036247534244992,7.637652491888148,7.321907232799181,7.440133292104149,7.427543084193374],[2.6840807675702156,1.9532592415209602,2.727598848311245,3.5243103736665478,2.334381204684284],[2.461652334408757,0.6330416884188397,4.165428653398745,4.0276944181223735,4.235375919978656],[1.6134804704991077,1.2063046766650618,5.557820166301665,5.354200070223236,5.418263261063573],[0.6490745181355437,1.719239503741478,1.1122838038745144,2.5072774098011843,2.638438102385992],[8.152598240515376,3.8956347079693465,8.210163394015025,8.270454405941333,8.157454423431906],[1.4291599077131125,1.024015668302284,5.937371021068368,5.884948870630502,5.90986255695354],[5.301134320809298,5.809761383554916,5.880951353383678,8.065414923974847,8.126095707466236],[4.574723570371442,4.637295145035365,2.988118502476544,4.631211938111739,4.741659221133981],[0.2210566427310706,3.8233266003513493,3.634581584275692,4.661240160184203,4.643424251721099],[4.014456526778491,4.563616047132655,0.41191918355527524,4.011542020287281,4.546900376223367],[4.054015454442862,3.515429429681622,0.040760351370933,4.245401097724705,4.263379287750422],[1.5472387684680546,2.6922218067985115,8.268492582792701,8.199165750481455,8.133979023825443],[8.139321448699324,8.082997272142203,8.114332078836048,8.035190126873092,8.289191501750395],[1.9418032282084725,5.57855823244956,4.403057885625505,5.438113699606912,5.632252475864903],[1.4589051883845263,4.278060761627884,5.195105955813506,5.166748062447686,4.977676710880221],[5.082029608338572,4.238797909115283,5.495206986816593,5.60609226328615,5.463508248303219],[9.32702379589691,9.399768457200437,9.454851284738982,9.460470264762286,9.415935514785726],[5.082566461224903,1.1996275215721046,5.157684044869301,5.12914175423189,5.271435901051865],[1.3744275998315596,9.592464471248585,9.52506659492602,9.43061243467296,9.591487907178518],[4.89085441846512,5.322193153153043,7.146594126038181,6.937469133218215,7.120270618910852],[7.1724222579431425,7.243178963146677,7.147008945291088,7.337895542347321,7.207722835190329],[5.026641582323681,7.215395112311061,7.201632777022785,7.211178266503205,7.199808820360808]],"times":[[13086,3460,1607,707,775],[1409,592,392,150,249],[1048,544,337,255,267],[1318,399,258,145,432],[2210,769,218,276,269],[560,246,155,301,143],[1423,264,224,198,230],[1002,176,171,158,252],[926,214,169,201,801],[1439,166,476,235,374],[846,90,772,108,123],[912,45,192,146,75],[817,123,178,206,176],[362,50,198,79,101],[563,48,260,168,242],[1079,107,61,401,203],[402,58,148,80,128],[318,103,140,202,293],[683,216,154,179,177],[278,208,206,224,161],[353,46,186,150,135],[698,761,340,189,111],[377,58,191,84,99],[621,37,83,184,9],[451,293,145,102,238],[278,89,123,57,81],[248,602,125,123,119],[614,162,194,93,39],[236,21,132,85,72],[683,168,211,92,99],[838,980,220,339,940],[1194,722,304,85,146],[620,76,210,94,53],[804,443,162,138,797],[436,70,142,69,98],[282,388,199,127,105],[905,111,177,206,58],[351,345,142,239,7],[1180,65,200,1125,742],[600,58,101,108,52],[256,121,95,173,132],[536,255,66,134,180],[819,52,102,70,66],[657,260,82,78,37],[857,114,120,578,131],[444,199,88,143,96],[192,326,119,465,276],[1144,88,142,67,9],[597,81,31,401,148],[390,62,5,164,175],[516,158,88,90,164],[306,256,127,92,53],[925,98,64,150,95],[563,37,4,78,536],[438,119,97,125,161],[972,597,114,6,216],[513,55,64,123,166],[384,350,398,229,112],[322,105,98,20,110],[1260,210,158,44,1622]],