{"actions":[[3,3,1,0,5],[4,3,0,1,2],[4,5,1,0,1],[1,1,4,5,3],[1,2,4,5,4],[2,4,3,3,3],[3,4,1,1,1],[4,0,0,0,0],[0,5,4,4,4],[2,2,2,2,2],[4,0,2,2,2],[2,2,2,2,2],[2,2,4,0,1],[3,5,0,1,2],[4,4,4,4,4],[4,4,1,1,1],[4,4,4,4,4],[4,3,3,3,3],[2,2,2,2,2],[0,2,3,4,5]],"rewards":[[8.244567265468692,8.3027824611732,6.895284845461722,5.802065451599449,7.942666413245029],[6.166038004146717,0.13972441299277055,6.667024044497222,5.831136781224065,5.343272957127802],[6.117366619800413,1.6569768896423611,5.477537985688392,4.640046403810426,5.632874501146079],[5.669098908354188,5.392489245278844,6.04223309841423,1.8582265168291545,1.3665398834721711],[2.900923736314212,1.9074793256014508,4.413862967906229,2.6419023040933656,4.288117596870491],[3.506810936668523,1.2463291125878162,4.693540563499063,4.719931348227056,4.748111973422509],[4.786122640484185,1.3050693161968911,5.607750121092881,5.515871558320103,5.766569968894435],[4.136772897555432,9.374760053370649,9.4287952556513,9.584099298575005,9.444283353635242],[1.0519656164691142,0.6130827942148722,5.221211128876311,5.357081680992055,5.232479239608983],[6.056716501817349,5.787205930101609,5.7741438422270965,5.790589689059706,5.87926211064698],[2.042024896364789,4.155383239431278,5.4206118091643,5.525755088965273,5.366843194243456],[5.864570940457772,5.9534818958886,5.923890357840806,6.104742549699167,6.038613572649875],[4.693306251550314,4.510444145027406,5.012158033393048,2.3232035211427657,2.9979224626951892],[0.9022001652715984,0.5976889679289699,3.3827902811953354,3.7494570843105404,3.6242663778314004],[6.486554654615525,6.212864962976916,6.4088319452329445,6.187816478074248,6.1901071175259395],[1.2928107759971328,1.2655012917562818,5.273179055673314,5.451289054447532,5.339026433700283],[6.04033543035306,5.971322759718771,6.096770160959489,6.12589439392046,5.92638784339765],[2.4720289718298107,7.954183524106389,8.02566202971592,8.055327781556748,7.975227460832771],[6.8016304731162425,6.825613189424584,6.928585680347565,6.710464320248282,6.858788336972005],[1.8548863640098328,3.1648661498106603,0.2832406126692941,4.283527866995167,0.5245571401211954]],"times":[[24605,3116,1164,2098,1655],[3449,2248,982,1427,1037],[3090,1214,1159,897,793],[3448,1119,1181,1264,867],[3023,1227,917,802,941],[3132,1218,905,1005,1101],[2405,5432,689,1049,3135],[2223,774,1434,852,825],[2310,592,942,1057,750],[2346,1017,733,690,966],[2251,832,982,1130,661],[2623,1885,1277,506,385],[3945,1070,960,912,823],[1373,822,664,933,456],[2131,1270,855,750,952],[51120,743,1137,2297,252],[2143,450,431,826,607],[2524,606,454,480,455],[1920,505,328,402,797],[3890,449,572,280,763]],"condition":[["posodd"],["negeven"],["negeven"],["negodd"],["poseven"],["negodd"],["posodd"],["negodd"],["poseven"],["negeven"],["posodd"],["negodd"],["poseven"],["poseven"],["negeven"],["posodd"],["negeven"],["posodd"],["negodd"],["poseven"]],"envs":["envs/changepoint/posodd/posodd95.json","envs/changepoint/negeven/negeven45.json","envs/changepoint/negeven/negeven30.json","envs/changepoint/negodd/negodd48.json","envs/changepoint/poseven/poseven31.json","envs/changepoint/negodd/negodd25.json","envs/changepoint/posodd/posodd66.json","envs/changepoint/negodd/negodd81.json","envs/changepoint/poseven/poseven96.json","envs/changepoint/negeven/negeven42.json","envs/changepoint/posodd/posodd55.json","envs/changepoint/negodd/negodd91.json","envs/changepoint/poseven/poseven50.json","envs/changepoint/poseven/poseven82.json","envs/changepoint/negeven/negeven83.json","envs/changepoint/posodd/posodd65.json","envs/changepoint/negeven/negeven87.json","envs/changepoint/posodd/posodd8.json","envs/changepoint/negodd/negodd36.json","envs/changepoint/poseven/poseven71.json"],"money":"2.97","age":30,"gender":1,"hand":1,"experiment":"noncompositional","instcounter":1,"subjectID":"616d9ef881036dfbfd63d2f4","studyID":"617b0174ce5353c47cc531c0","eval":[["negeven"],["posodd"],["negodd"],["poseven"]],"regrets":[[0,0,1.2262787818908691,2.3082733154296875,0.2584362030029297],[0.5031533241271973,6.513082310557365,0,1.1673665046691895,1.5311779975891113],[0,4.2581528425216675,0.5772590637207031,1.3526196479797363,0.5772590637207031],[0.5772590637207031,0.5772590637207031,0,4.2581528425216675,4.650285840034485],[1.5202982425689697,2.557091236114502,0,1.8245363235473633,0],[2.688613176345825,4.719140291213989,1.338801383972168,1.338801383972168,1.338801383972168],[1.5875444412231445,5.058118581771851,0.7918462753295898,0.7918462753295898,0.7918462753295898],[7.653936862945557,2.317694664001465,2.317694664001465,2.317694664001465,2.317694664001465],[4.159887313842773,4.775948941707611,0,0,0],[1.7976250648498535,1.7976250648498535,1.7976250648498535,1.7976250648498535,1.7976250648498535],[5.107720375061035,2.837820053100586,1.5902814865112305,1.5902814865112305,1.5902814865112305],[2.4821295738220215,2.4821295738220215,2.4821295738220215,2.4821295738220215,2.4821295738220215],[0.3818364143371582,0.3818364143371582,0,2.5861754417419434,2.0176758766174316],[4.505995035171509,4.748750567436218,1.8269760608673096,1.6324574947357178,1.556525468826294],[2.1382813453674316,2.1382813453674316,2.1382813453674316,2.1382813453674316,2.1382813453674316],[4.6913992166519165,4.6913992166519165,0.7099123001098633,0.7099123001098633,0.7099123001098633],[0,0,0,0,0],[5.560636281967163,0,0,0,0],[1.875593662261963,1.875593662261963,1.875593662261963,1.875593662261963,1.875593662261963],[2.3899104595184326,1.1302461624145508,3.866518259048462,0,3.75644713640213]],"maxrewards":[8.182381629943848,6.716385841369629,6.056488513946533,6.056488513946533,4.350503444671631,6.04349422454834,6.40699577331543,11.794391632080078,5.286188125610352,7.641726016998291,7.0339837074279785,8.441457748413086,5.016214370727539,5.3324198722839355,8.4376802444458,5.944389820098877,5.934735298156738,8.00334644317627,8.694819450378418,4.319235801696777],"bestoptions":[3,0,4,4,4,0,2,3,4,4,3,0,4,4,0,2,4,3,0,4],"rewardorder":0}
