{"actions":[[0,5,0,5,0],[5,0,0,0,0],[0,0,0,0,0],[0,5,3,2,4],[1,4,0,5,5],[2,4,5,0,0],[0,0,0,0,0],[5,0,1,4,3],[1,1,1,1,1],[4,0,5,2,5],[0,5,2,4,1],[1,0,2,5,4],[5,0,0,5,5],[1,1,1,1,1],[4,1,0,5,5],[0,5,1,4,2],[5,0,1,3,0],[0,5,4,4,4],[0,5,3,1,4],[5,0,0,0,0],[5,0,1,0,0],[1,4,0,5,2],[0,5,5,5,5],[3,3,3,3,3],[0,5,2,1,4],[5,0,4,1,3],[0,5,1,4,0],[0,0,0,0,0],[5,5,5,5,5],[0,5,5,5,5],[1,4,0,0,0],[5,0,1,4,2],[5,0,0,0,0],[0,5,1,4,3],[5,0,4,1,3],[0,5,4,1,3],[0,0,0,0,0],[5,0,4,1,0],[3,0,0,0,0],[5,5,5,5,5],[0,5,1,4,2],[0,2,2,2,2],[4,1,1,1,1],[0,4,5,1,2],[5,0,0,0,0],[0,5,1,4,2],[0,5,2,4,1],[2,4,1,0,0],[5,0,3,1,4],[0,5,5,5,5],[5,5,5,5,5],[5,0,0,0,0],[0,0,0,0,0],[5,0,0,0,0],[1,1,1,1,1],[5,0,3,3,3],[1,1,1,1,1],[0,5,5,5,5],[0,5,0,0,0],[4,4,4,4,4]],"rewards":[[7.916943730918867,5.291090347540554,7.902873846753228,5.20490972199339,7.968753762501033],[2.503967524955946,7.981140355287868,8.06473627539383,7.963024406613652,7.971355210155722],[8.017036308012022,7.875032674448829,7.9672527097866865,7.934003575312188,8.128341931244805],[5.581066637904843,1.1802871478931771,3.3127124436737656,4.109025200293502,2.00599511694534],[3.039102738586643,0,0.41475940932520655,3.066053384546351,3.043763193229687],[3.972245940518095,0,3.2867639455187083,5.4963886528306185,5.28098080633565],[8.704091906111975,8.775007372970757,8.513367964317306,8.54333940854118,8.58569011725036],[4.40235303554699,1.0504221515872327,5.1812325790941545,0.9015623070945168,4.986486212916948],[8.208374237103875,8.138346376121262,8.107816366071969,8.030747155107358,8.056242882935253],[5.426251907635298,2.3247563014567394,5.968650684256583,3.286804589492553,5.894545219594827],[0.9817995039970804,4.742250344905388,2.4867622189243312,2.1520613608823784,4.30919112998638],[2.235558571083402,2.3426790887554407,3.501565494243288,4.73385449122415,2.2161713492166424],[6.563644641051412,3.7517744977446474,3.9821342976392144,6.636686677188146,6.662560995252632],[8.047707164418346,8.007024097455494,8.136021852289087,7.9868827963319395,8.022673927410466],[2.8146693009711488,4.428717554130074,3.8255174863578403,8.88874409510649,8.845573303768504],[3.5289150464112917,2.4570109816973478,3.5180223133017554,3.120575849576869,4.0927291095146385],[2.636603871501565,6.555068550611938,2.0232703128079517,3.0936251921143993,6.628562376254389],[3.506905955655026,2.689559259226034,7.395029642029353,7.192996423107274,7.323510770131076],[6.769378561227706,2.576912993552437,4.127890244255197,5.097603661849717,3.299472806970667],[4.034708788573339,10.903179953200036,10.879637174369785,10.895081104251133,10.699145885064826],[3.9270214759269613,6.836302637400107,4.710427035210252,6.558208015964578,6.782903650350861],[2.632971122597303,4.7965352897627636,1.1191556184703306,5.394802427430838,3.0450706027305445],[2.7750961882945346,9.31990873369166,9.454997217333009,9.472480689895958,9.3399543532756],[9.09571063290439,9.072536550890383,9.213757506519494,9.012408652766782,9.220237776918303],[6.012128408290652,2.408843855334638,4.720029679898297,5.4628425328994235,3.8087258598276224],[5.982781206034818,1.6639368704513982,1.6187260060397033,6.1008506842355175,6.897767330311292],[6.162077898207509,6.066865477290231,5.631754691848107,1.6347033078876358,6.222853517506146],[7.525211858912421,7.456327668496266,7.440059055854489,7.533536906052032,7.241500825686034],[8.692111602895947,8.73531553274488,8.748259127094583,8.667178907838318,8.706733807953182],[7.584819972436219,8.664706240997438,8.481530107410007,8.589718483029312,8.782363094772078],[6.079657185818318,4.5754417169967345,8.335520988726223,8.346247807918033,8.53080587331803],[4.745102448788089,1.0629367977193631,4.839600619432312,0.1752587178770624,0.6895740482897319],[4.762155225985252,8.246728292331564,8.461563466308125,8.46133954626796,8.40742002011722],[1.6450943556478193,4.316057096475608,2.9660146120992565,3.6853605111277514,3.3270266033053537],[5.309526956316751,0.276482543748252,0.6734464092334572,5.478920990674603,4.893568513577296],[1.4365677280639855,5.0783500629103004,0.557226764622722,3.1200935844783353,4.879252157257896],[8.842730993210322,8.643000351024027,8.781746574508853,8.78292123680775,8.754999346873346],[1.1088846850815217,6.128823704162159,6.91187216562098,0,6.194889881752945],[1.3590448299605271,8.85106421788769,8.73139599551837,8.754059002023775,8.839241172544392],[8.190773245685431,8.116436039645073,7.9416324994395415,8.023195380051044,8.067292198454446],[1.7983251530379383,5.8264325232095215,5.978905703442717,1.2522211463594517,1.8225230037722968],[5.313310171446214,6.3764294692239325,6.452221568395555,6.462698500851368,6.415195064192308],[5.877958528046643,8.265889761200109,8.485849718132439,8.425188773689941,8.535736166582241],[0,1.225254014938732,6.7364005124142405,6.381516290677599,0.2892065486201516],[6.686923113246988,9.414935967250909,9.404705569985447,9.328163689734472,9.567729268071348],[3.1240565540030105,1.0523334925177719,3.246049233087953,2.0249930784348185,3.0754383295354293],[5.27467992433416,1.0976207017759605,4.0533759279653285,4.9197484699762635,0.08011123432080458],[2.95009878023999,4.994226221206882,3.004584504348331,2.917176116891953,2.9158408242130838],[4.146240623842182,0.3162808053592664,3.801903942137312,1.6249872083605963,3.6982656694437344],[2.495173165749,9.66349710985719,9.696561095840279,9.46422876588854,9.680640211159384],[9.449540014507903,9.710119259349616,9.611257530105892,9.565229047419443,9.526896679127248],[4.922252149447411,7.756344626320061,7.707943722493525,7.40776435597614,7.623883885096288],[9.811596154790504,9.946460313186652,9.809944422079319,9.89479162458015,9.798871761825422],[4.345158065553469,7.531446683224471,7.621469592466159,7.667760769609392,7.663795077208966],[6.669939284657216,6.769904810629403,6.667716077468623,6.726562199754197,6.74338539583812],[1.71497121957393,3.375655370213178,1.8729600374734865,1.8748738872694368,1.7557747825453096],[6.613060319478007,6.839190737620066,6.725748086159116,6.625290232516127,6.709085103610581],[4.462340266044407,8.172861889521087,7.902787834409918,8.153223282880571,8.158602929540535],[7.703839932257467,2.756896720592871,7.408858831356159,7.4654286050035354,7.471019821612806],[7.805080428039874,7.666659991245179,7.776146145042038,7.697591674092991,7.666479048935181]],"times":[[18357,2184,2267,1545,955],[4540,729,561,132,202],[5088,642,204,150,134],[3146,604,1949,1119,1007],[1953,1084,1204,542,606],[2548,2028,512,490,362],[2053,388,76,75,67],[1063,668,2156,449,904],[1484,356,170,74,27],[1903,739,437,1586,677],[1245,559,1020,1679,409],[2903,525,1649,783,589],[1807,698,103,303,291],[1925,308,32,102,57],[1935,824,767,563,43],[1755,945,505,343,398],[1112,609,930,976,1578],[774,657,1163,457,168],[1462,669,1311,390,451],[3321,585,244,31,31],[1088,817,938,323,23],[2290,469,560,340,775],[4277,658,232,123,106],[2494,228,138,106,86],[1447,625,1148,315,210],[1210,611,959,695,390],[1264,613,575,382,902],[837,637,25,69,4],[1093,198,124,88,111],[1990,647,242,122,128],[2104,386,425,300,72],[847,355,896,310,781],[2543,947,320,53,71],[1098,777,438,336,217],[83320,920,1011,296,530],[1154,335,725,414,446],[1105,293,56,28,8],[1456,317,354,434,549],[1469,712,570,69,54],[1085,179,141,128,158],[689,593,739,335,213],[1175,1028,428,156,79],[1637,525,103,39,17],[1110,653,349,470,519],[1658,622,71,60,45],[1048,807,279,262,239],[826,371,386,460,364],[994,385,338,454,144],[1012,714,988,488,58],[846,173,169,21,9],[1483,331,134,104,158],[1705,861,186,65,55],[1061,218,32,29,52],[1729,548,322,42,39],[738,515,298,81,61],[1124,622,858,439,57],[2226,302,57,21,33],[998,615,8,18,8],[1121,342,175,71,44],[2885,178,39,3,32]],