{"actions":[[0,2,4,1,4],[0,2,3,5,1],[0,5,1,4,3],[0,2,4,5,1],[0,2,4,3,5],[3,5,0,2,4],[0,2,4,5,2],[0,2,4,3,1],[0,2,3,5,4],[0,2,1,3,5],[0,2,3,5,5],[1,2,5,3,5],[0,2,3,5,0],[0,2,3,5,4],[0,2,3,3,3],[0,2,3,5,0],[0,2,3,5,0],[0,2,1,5,0],[0,2,5,3,0],[0,0,0,0,0],[0,0,0,0,0],[0,2,3,5,5],[0,1,0,2,0],[2,2,2,2,2],[2,0,2,4,4],[0,2,0,0,0],[2,2,2,0,2],[0,0,0,0,0],[0,2,2,2,2],[0,0,0,0,0],[0,2,2,2,2],[0,0,0,0,0],[3,0,2,2,5],[1,4,2,0,4],[5,0,5,5,5],[5,5,5,5,5],[4,2,1,0,0],[5,0,1,0,0],[0,0,0,0,0],[1,0,1,1,1],[5,5,5,5,5],[5,5,5,5,5],[5,0,5,5,5],[0,5,0,0,0],[0,5,0,0,0],[0,0,0,0,0],[0,0,0,0,0],[0,0,0,0,0],[0,5,0,0,0],[0,0,0,0,0],[0,0,0,0,0],[0,5,5,5,5],[0,5,5,5,5],[0,5,5,5,5],[0,5,5,5,5],[0,5,0,0,0],[0,2,3,2,2],[0,5,0,0,0],[0,5,5,5,5],[5,5,5,5,5]],"rewards":[[4.611413187896393,4.430174675024169,3.039255887551604,3.3150952820335142,2.893034135983407],[6.2211747558254835,5.757415597006267,1.4855296345390987,1.355456986503252,1.4526667334339456],[4.775531971942557,1.1300282178623813,3.2484111231003387,5.255889436111084,1.484405206909955],[8.612654076025573,7.234320117729901,6.330193165423794,5.092097039395665,7.3781474415715875],[2.703897558466635,2.2446454069483406,2.679252751801625,6.4351211110513,6.087217019836816],[6.56750975237845,6.222329698189587,8.469967500918557,7.3225415106726555,2.5264067389141363],[2.906347001752406,5.72207983611602,7.286424824535813,7.10668269933737,5.511433419170431],[10.89642282311203,9.856137862718702,10.139150173618559,3.116175778695452,2.875115069208272],[3.02766880706651,5.688995482138815,3.079943752300358,3.548019486272461,10.059362644805868],[2.712300306455272,3.475666406117472,3.132343467241461,5.157842176374333,6.549847710542955],[3.187705798392619,3.670609219267832,9.857452589643769,10.193221155232804,10.05030342310818],[2.9808607627216253,3.6814030785374214,10.163597990923774,9.797157863102248,10.132408109379028],[5.59355721372809,4.012400591566626,2.6230510041059936,0.47067214734088475,5.576097271379095],[2.575881791999647,2.384695764920114,9.765514407204048,9.033558216878989,2.319599807677532],[5.652987118330808,3.9597798624132854,9.507773034628535,9.51325821789131,9.711004516030027],[3.800922386067943,2.765641488046649,1.6787364273012348,1.2032478439128207,3.4448226875475902],[3.201647515433156,3.2312378194638773,0.6566284816296087,0.2840768333343636,3.271202593449729],[3.6880423086825447,2.8412822842185377,3.6944637690147992,0.24030842964101007,3.669803402225018],[4.0510253866127375,4.224834262001847,2.7371424444209786,3.1482071125350597,4.157417394355026],[1.0149355828113205,0.9387034148193061,0.8744475954046684,0.9708457594014517,1.2208584362662396],[4.049487231124276,4.07381664770772,4.171669572416165,4.040712948248749,4.214448266608178],[2.710677598519972,4.414068518379722,4.5034544662350715,6.110865805106737,6.35007716978093],[4.553165158333245,0.4143980520077536,4.580000451822224,4.033982928368177,4.484024010781336],[4.395859463859647,4.490136661221487,4.385119904315887,4.482603062637488,4.51451046586505],[2.863482205481298,1.592937042094767,2.7942292335144954,4.592866785394318,4.38526858967957],[0.5956162757391131,0.090820695256618,0.837930639246969,0.5413511536923524,0.45748167064346607],[2.9268358053343593,2.9305774263227855,2.734663336123104,1.7244587565979028,2.9802385325725753],[8.706599553588422,8.627596000841958,8.458453244083962,8.756810457342725,8.793273316250856],[1.037956231574033,1.7082435218253302,1.568267392241371,1.6855627216941627,1.6819664573489836],[8.693979928372556,8.681646451594943,8.84160469166617,8.794581146160528,8.72336177666234],[2.721649202061949,5.612833761591466,5.69805111930342,5.5843851953116195,5.573571053270987],[10.468593340375945,10.514509916705178,10.529834407158168,10.394130005497571,10.447002300497257],[3.8910128027734903,2.989048553785155,5.600247631684391,5.606408196854454,3.053470104630417],[3.2700497121952523,6.361455744558403,4.305690031891113,2.579629530181561,6.221350464020734],[9.702441288287066,3.34643809432087,9.67848788792631,9.597645686596564,9.731449573523903],[9.639587286557909,9.67479405257437,9.726319055709219,9.566170709054147,9.64531572699343],[2.6502992273612054,3.9897464796089657,5.502483831695929,5.800571811199727,5.894007233407313],[0.6043997323595085,2.7782886383067633,0.09981434491279198,2.9639559258030097,2.6668869107707778],[5.65583028971444,5.7967791374263475,5.679704611713083,5.7251572965232285,5.584799911143459],[5.563482079413811,3.5725743291132113,5.589030054958463,5.663127336008898,5.715756185286305],[7.184675806612653,7.174270835425255,7.26845470674468,7.229277856463973,7.187492136767952],[7.154668621345091,7.334836755635683,7.291135208210066,7.09304057931782,7.5488766964306375],[7.667182335004657,4.854675250822419,7.621901322147089,7.675922330796266,7.56640406294001],[6.293660439027526,1.4830674157148804,6.422827622220802,6.314103395577502,6.517731124701175],[4.89105886202503,1.3833794038116864,4.8566388263431834,4.938157901133361,5.028947876467517],[8.715356758433666,8.71433199679877,8.925608287830936,8.730007246750477,8.789159009927474],[10.995604492583732,11.005153151297266,11.094926616990836,11.031288998298349,11.021371352803225],[8.622739837557104,8.793701518085351,8.841383487323705,8.837841608394518,8.76757740869576],[5.289566909078883,2.3928176687400233,5.307464032871884,5.4716646745852975,5.316998086226619],[9.514953222916173,9.181795495892423,9.519152806265227,9.465325190728542,9.423545087497011],[5.424580914589205,5.148888204751571,5.283222534938137,5.335281803644898,5.507205159086745],[2.156974054781084,5.848142126595922,5.609388717908908,5.548544731548764,5.635496443924632],[0.9716521457015612,4.147627949892245,4.279735105417115,4.346558229693058,4.295228203180526],[2.1575924524848675,4.269178789453637,4.393022318659036,4.423679150551344,4.425802716627108],[1.0938611770493143,3.8498639359691125,3.9520347729381644,3.9343284855069784,4.018597134998982],[3.6330941549313973,1.28154301390392,3.6267430354741417,3.3817604342253533,3.36153838174002],[1.1922294179555621,2.0450353686275955,0.9440939148403359,2.1578023548523353,2.196860250198854],[4.694938993723347,0.5121783646122022,4.345933030995185,4.458750872592144,4.524624075249593],[2.263829719478246,5.186218004989512,5.175803253448634,5.154033509933933,5.367349885355547],[4.989325708318917,5.1459640543961145,5.163356742177836,5.245085995187267,5.324672883323785]],"times":[[16836,1401,6303,2905,1527],[4433,1300,5722,545,1564],[5226,806,3236,589,2771],[5471,1151,2444,715,1607],[1872,581,4740,494,894],[2950,3021,2095,754,2556],[3238,330,1955,4020,883],[1905,765,1010,494,719],[1860,1345,1205,288,810],[2012,300,1735,1217,1371],[2471,235,1387,221,3066],[10085,188,644,551,315],[2897,230,625,83,1282],[1622,140,697,541,1685],[1852,201,2717,358,465],[2359,215,292,129,313],[2331,206,485,477,279],[2541,1058,242,814,654],[2570,1346,856,703,140],[17302,1138,33,177,109],[5127,350,13,225,76],[7312,156,1658,233,325],[21463,1740,422,231,255],[16825,288,187,156,152],[10025,409,142,1518,266],[7612,646,954,187,242],[1198,134,101,522,274],[38286,137,131,94,121],[9273,93,148,105,59],[2071,102,55,51,52],[1819,2308,174,150,177],[9148,237,105,89,49],[2551,212,1735,415,324],[2570,646,1913,550,240],[5585,1551,266,205,109],[864,95,53,165,151],[5288,729,706,300,95],[5343,361,543,300,127],[2577,162,184,185,179],[7005,282,114,125,134],[1849,104,61,68,26],[760,35,392,7,24],[4356,202,106,29,162],[1137,88,91,252,156],[1704,379,152,205,136],[2426,901,240,123,88],[1089,316,33,47,39],[462,86,26,4,444],[1302,606,50,77,210],[325,234,273,122,259],[254,67,3,433,61],[1195,460,106,155,45],[622,2,152,63,70],[1012,339,182,202,122],[639,57,122,130,114],[631,450,241,40,266],[560,393,424,558,137],[1092,38,249,156,15],[582,366,179,205,224],[418,12,199,176,205]],