{"actions":[[0,0,2,3,4],[5,4,2,3,1],[0,5,4,1,2],[5,0,2,4,1],[0,5,2,1,4],[4,2,1,0,3],[0,1,3,2,5],[5,0,3,2,4],[5,2,1,0,4],[0,5,4,3,2],[0,5,4,2,1],[1,5,4,0,2],[0,1,2,3,4],[5,4,3,1,0],[0,1,2,5,3],[5,1,0,2,3],[3,1,0,2,5],[3,4,0,1,2],[1,0,2,3,4],[3,4,5,1,0],[5,3,0,1,2],[2,1,0,3,4],[4,5,3,1,0],[4,0,1,2,3],[0,5,4,2,1],[5,4,3,1,0],[5,3,2,1,0],[0,1,2,5,4],[5,4,3,1,0],[5,3,0,1,2],[1,0,2,3,4],[5,0,1,2,4],[4,0,1,2,3],[0,1,4,2,3],[4,0,3,5,1],[3,5,0,1,2],[1,0,3,2,4],[3,4,2,0,1],[4,0,1,2,3],[3,2,5,3,1],[1,0,3,5,2],[5,4,3,1,0],[0,1,5,4,3],[1,0,3,5,2],[3,5,2,1,0],[1,0,2,3,4],[2,1,3,5,4],[5,3,0,1,2],[0,1,2,4,3],[3,5,1,2,2],[3,5,2,1,4],[1,0,3,4,5],[2,1,3,4,5],[4,5,1,0,3],[1,0,3,2,5],[4,3,1,5,0],[3,5,2,1,0],[2,1,4,5,3],[2,1,0,4,5],[4,3,0,1,2]],"rewards":[[9.280732394682692,9.547857288443504,7.793496848045365,7.078567496053777,6.893928724782465],[11.517334690543336,5.823591875772097,3.8272657237214833,12.305889693447568,11.961717793407889],[9.552585286599342,11.778280911637955,5.8269018084113755,8.08853508823377,7.972775802965834],[4.622087835727778,9.790876246105753,8.250299489263735,5.660247250111443,7.970210942824029],[5.101554900222376,0.041718410497479035,3.9892886567794825,0,4.344706270537818],[4.4864798798040475,8.220977009205926,8.171552544784062,9.695091641422982,0.11185200291911386],[8.731963201006078,9.096222480892687,6.8342505619846445,6.770953745435652,4.787644318058267],[4.622818108234558,1.67350322699009,5.389524439795023,1.2421528136063582,0.9269053733218522],[4.218997827460691,6.688454431639099,9.047994098384171,8.649809639549526,1.089939684735439],[2.8896509455996537,5.177034459237041,4.586881158048458,3.8142010440824325,3.496657490571212],[0.4316925996264874,6.210974051874805,0,0.4737524967970546,6.972414636630554],[3.2889429743345406,6.165306990196153,0,3.11134809393013,3.6506366416501748],[8.861739289849098,8.547093540060429,8.4091168233537,6.651301466077718,5.611298494086178],[5.872275496535328,0.9579314479937503,5.403567958957074,6.249013334173848,1.1435761631386034],[8.836318921587289,8.371303255708357,8.381087934492479,5.7848462638312315,5.321540021627797],[4.334531667974513,6.942553190640658,7.094208278260691,5.473108254707933,5.575607064776674],[0.2468401495930096,0,5.011594435691315,4.7441423961995355,0.019836287350467607],[0.2905516292560131,4.422444030287925,6.96633056243952,6.911526693116881,5.233848216460624],[7.598532734708682,8.517321433453269,6.75058092715943,6.372820258440976,5.842553979191634],[0,5.82550073128915,1.090646466199028,0,4.761646875737972],[1.1206207773847041,0,8.49878841298939,7.296751812892126,6.608021293067299],[6.893405376391141,7.905781726390282,8.441657758041579,6.288614738490243,4.921613546549068],[6.274714980228854,0.8392904061664919,1.160907306430541,1.3813154887366603,5.648901865258509],[6.259307773841782,8.458508222863674,7.828104646441365,7.098237041331337,1.05460663001742],[1.8362313205565766,3.7466439982893283,3.442609000786011,2.824887768631662,1.7110147768929336],[5.482623641810015,0.48978206496384125,5.929438587558972,5.174131108487279,0.12617412245964005],[5.463518683503049,5.7859527008824125,2.726251942187003,1.7784434182270106,1.9483759074163252],[5.109842520150803,5.176825050183573,5.79338183077317,6.841226622337684,6.007156566649301],[9.243425509287968,2.3532727775744715,9.413913330036179,10.154445352828407,2.0833653306340305],[9.217793709742644,9.463686230911874,5.058282511102293,5.0924727771708564,5.547077031677571],[5.58804996752487,6.1202191752978905,5.750518844261658,4.2929985408872735,4.374223954706409],[2.927462924655603,10.271899537540666,3.114429914636935,9.630124053539518,9.146303462908623],[9.432672264302226,6.107372768300607,5.6504252624020275,6.036022446878671,3.4545744679158434],[6.084429544258031,5.745418112460992,2.722056850029029,5.280993697035864,4.600840039934762],[2.0727887542740113,1.5268435121867994,7.785737132078983,8.29978576499208,7.501701042354934],[8.07980877159393,8.188704576636432,6.081377427975357,5.557647383784081,5.412983067771861],[5.059354923403159,5.136171465174176,3.249944662337919,4.259238687563344,3.173677151190591],[1.3226521046177824,9.49450384757745,9.415027976682788,9.025915244224533,1.9882926265347045],[9.441311310345345,5.088544250216338,4.946165145663485,4.365429235407523,1.2590774073105977],[4.2055191960977,2.4940620258794977,6.188662418076015,4.134637949686638,2.213956668785895],[4.013322144623888,0.23251568316629662,3.0408462254196236,4.617475022752404,0],[4.658698192809654,0.34738191527557527,3.0893920608295615,2.275224207884758,1.200083385227537],[0.8958969300557902,1.5706439012521938,4.07091084396074,4.213808399130488,2.23845291077399],[6.753776287256385,1.5278323526256847,8.034054248532852,7.545598400976131,2.210563530630355],[8.101179530377914,7.458113749931211,2.960904124028013,1.7048235696359781,0.7895182560050044],[7.466738476572957,7.931074037357003,6.525136792272126,5.973811121292982,4.894426502245375],[2.24584318969894,5.557863594858255,5.812857539216336,5.748049299454053,2.169692332280788],[5.630381144368809,5.7556528287991,8.006962717040775,7.253616645167199,6.334199664675614],[4.992449541984287,3.887175498860316,3.6288434600422352,2.427676108166593,2.593544079885714],[10.635158049854597,10.225509259016201,10.127572163132188,4.28397110511332,4.210278328453783],[10.562863943809473,10.275277104218103,3.4293251501214583,3.9294785948007336,3.6787613593601742],[4.708145467457653,4.5289128783076,6.008388029552664,5.55455338822547,6.72446861188772],[5.010610842978183,4.760378569897667,5.903796396600966,5.358742323573123,6.66230525334708],[5.526851717748808,6.6892788603756355,4.611659597743462,4.703446212036817,5.916640711298682],[5.447039203960243,5.284919540501513,3.343246945536478,4.478034751709876,1.8808985274507268],[0.8470277812475858,4.976125766434614,3.6505657875906374,5.370381953677331,0.25659218034148257],[5.005584270681649,5.256291563419263,4.512582118823498,5.582234837303443,5.318619262884076],[4.677413226063723,3.354403005214406,6.184496143531138,5.365153992897904,4.433364745834551],[3.4480499909897646,0.8193614784099037,2.7082118889262907,2.396950353948129,0.7182670332413953],[2.6268299739993677,0.599600851322877,3.1312108553925584,3.43058308905301,4.678751301515481]],"times":[[39699,7775,10020,7720,5070],[3556,3414,3970,5259,6660],[12988,3159,3723,3079,3138],[10365,3520,2802,5143,3507],[8827,3014,3577,2144,3720],[8716,4614,4096,2496,6483],[4254,5633,3516,1888,2738],[2949,2825,3894,1797,1946],[2894,2178,936,2088,3560],[16297,1715,1485,879,1273],[2590,2075,1299,1857,799],[7185,1664,2252,2045,1024],[8757,1072,634,3484,1107],[2630,1367,1030,3483,1742],[1908,714,589,1436,1451],[28809,2937,1007,2206,2478],[8253,2259,855,1046,1666],[1427,1816,2082,477,384],[12452,818,799,1912,1142],[3455,915,713,2531,829],[5699,877,3226,814,457],[5630,510,375,1717,382],[2338,749,1547,4726,603],[2827,2200,691,451,1512],[9457,1597,913,3778,2259],[2343,467,1152,3539,929],[4611,1090,1828,1806,428],[4607,1157,375,2644,610],[1651,1392,800,4862,3788],[2908,1984,2427,1294,770],[13826,1079,1147,971,476],[1317,1768,967,1266,3047],[7628,3335,724,467,1816],[6657,1740,1949,2863,1118],[1608,1686,1341,1283,4769],[3060,744,1563,590,537],[6024,695,2386,1008,2014],[3950,917,5405,1565,3217],[6196,4973,433,349,1879],[3622,2755,2569,1023,3700],[2832,800,1764,1087,2332],[1615,3135,1975,3468,724],[11591,2216,1587,803,651],[3701,1114,1695,1160,2144],[7722,821,1385,542,459],[12160,544,1160,1194,1012],[2394,1438,2145,1678,1955],[1789,1113,1060,439,413],[9354,1344,961,1582,512],[1911,1504,4428,3122,4003],[3293,1613,1381,1050,2013],[16538,703,2300,1745,476],[6091,854,3995,488,576],[3096,657,1968,463,1074],[4373,1066,1882,1203,1390],[2214,2144,1985,2015,3038],[1763,870,1169,382,417],[3199,638,1240,590,957],[2025,778,1020,4539,848],[2392,347,1762,289,399]],