{"actions":[[2,3,3,1,4],[2,2,2,2,2],[2,3,1,2,2],[2,3,3,4,3],[2,3,2,2,2],[2,3,4,3,3],[3,2,2,2,2],[2,3,2,1,0],[3,2,1,0,2],[2,1,0,2,1],[3,2,0,0,2],[2,3,2,1,0],[3,4,3,3,2],[3,2,4,1,2],[2,3,4,3,2],[3,2,3,3,3],[2,3,3,3,3],[2,3,3,3,3],[3,2,1,1,1],[3,2,3,4,5]],"rewards":[[4.804416666402491,9.871533428684966,9.713594080572635,4.482149525558826,2.4568298877947568],[7.389858284639246,7.2901658985952,7.305997614612044,7.150936666882116,7.250800217499931],[4.457402040416843,1.739987815121473,3.5082749335864687,4.639209360760032,4.5217040984792485],[6.578042859570566,10.951220033665619,11.186400508082407,4.1929483270993355,10.994970810665452],[5.692739164554638,2.011237710361105,5.6729091045556705,5.644803083066004,5.751018711068131],[2.9002568464389715,4.7680768747672255,0.5442995446139864,4.660030019638108,4.481148748335672],[0,5.684123206769081,5.638156878153449,5.742475185389923,5.526538472832109],[2.9797028720796876,0.7112176374405778,2.825918937815518,4.8088268897907085,4.9745276487893255],[1.6377325968723915,4.021778962751651,3.332714871734818,2.5647735179536166,3.9428465752133373],[6.517131238714701,7.435803834702752,8.957052503834122,6.484488755756146,7.678081048509813],[2.0709541744785724,3.832198205696684,2.8221397862058195,2.9262140474163556,3.7013216412909564],[6.330136402050316,1.9571250180350939,5.660004602394879,6.697145715941643,6.8066776793605275],[11.840233927561055,4.075289896576287,11.88951240512596,12.042277351845108,4.390065713242943],[6.837203175526289,5.349954355880537,1.1795258852044266,4.457133148643751,5.255613855519096],[3.258157443586956,6.613650055038654,1.914962207102341,6.378645894587159,3.361611320190496],[12.316965913761187,7.983494482204805,11.995549109875945,12.158302381384827,12.153845428110051],[6.229888168838563,8.101435615224323,7.957039281972423,8.064510703109871,8.282774743490835],[3.6113302362720208,6.413966641130364,6.485310776283208,6.433293806044525,6.337335060232055],[1.324063542965123,7.06856957337065,7.809904985143552,7.801268984552664,8.0196541771304],[3.606745863663664,2.798123712949488,3.537646643808198,8.401480988151167,3.2124832903767953]],"times":[[67469,55487,3954,2464,1262],[1819,1103,720,1108,1261],[3387,360,1176,339,338],[2041,972,692,327,242],[3443,374,534,268,115],[5482,202,297,69,71],[2046,475,128,374,240],[3242,220,277,312,264],[3918,476,286,493,376],[3745,441,408,2410,1830],[2911,377,1016,15,1283],[1715,533,529,236,583],[1753,1057,847,298,737],[1615,1096,1155,341,719],[1332,174,488,293,410],[1187,381,912,11,155],[1922,364,521,335,281],[3124,245,280,228,266],[2002,334,665,294,285],[2526,1328,1756,492,730]],"condition":[["posodd"],["negeven"],["poseven"],["negodd"],["poseven"],["posodd"],["negeven"],["negeven"],["poseven"],["negodd"],["poseven"],["negeven"],["negodd"],["posodd"],["posodd"],["negodd"],["posodd"],["negodd"],["negeven"],["poseven"]],"envs":["envs/changepoint/posodd/posodd56.json","envs/changepoint/negeven/negeven73.json","envs/changepoint/poseven/poseven40.json","envs/changepoint/negodd/negodd74.json","envs/changepoint/poseven/poseven65.json","envs/changepoint/posodd/posodd57.json","envs/changepoint/negeven/negeven79.json","envs/changepoint/negeven/negeven75.json","envs/changepoint/poseven/poseven30.json","envs/changepoint/negodd/negodd71.json","envs/changepoint/poseven/poseven39.json","envs/changepoint/negeven/negeven21.json","envs/changepoint/negodd/negodd64.json","envs/changepoint/posodd/posodd43.json","envs/changepoint/posodd/posodd47.json","envs/changepoint/negodd/negodd41.json","envs/changepoint/posodd/posodd58.json","envs/changepoint/negodd/negodd2.json","envs/changepoint/negeven/negeven83.json","envs/changepoint/poseven/poseven80.json","envs/changepoint/poseven/poseven80.json","envs/changepoint/poseven/poseven80.json"],"money":"3.10","age":40,"gender":1,"hand":0,"experiment":"noncompositional","instcounter":1,"subjectID":"616fcc0c0b0b7d49315e9127","studyID":"617b0174ce5353c47cc531c0","eval":[["posodd"],["negodd"],["negeven"],["poseven"]],"regrets":[[4.918421745300293,0,0,5.42223596572876,7.259903907775879],[3.328730583190918,3.328730583190918,3.328730583190918,3.328730583190918,3.328730583190918],[4.23753547668457,7.078654766082764,5.4053754806518555,4.23753547668457,4.23753547668457],[4.281543254852295,0,0,7.008915424346924,0],[0,3.84321391582489,0,0,0],[1.7420227527618408,0,4.264523565769196,0,0],[7.072413474321365,1.4509129524230957,1.4509129524230957,1.4509129524230957,1.4509129524230957],[4.453611373901367,6.723716616630554,4.453611373901367,2.7600669860839844,2.291194438934326],[4.943545460700989,2.571491241455078,3.406350612640381,4.212488889694214,2.571491241455078],[3.9239492416381836,2.944270610809326,1.5418901443481445,3.9239492416381836,2.944270610809326],[3.903881072998047,2.264711618423462,3.1577467918395996,3.1577467918395996,2.264711618423462],[0.8960633277893066,5.10835063457489,0.8960633277893066,0.1464366912841797,0],[0,8.040011644363403,0,0,7.571369171142578],[0.35319948196411133,1.6235647201538086,5.937435746192932,2.728745460510254,1.6235647201538086],[3.3171379566192627,0.14194822311401367,4.77861213684082,0.14194822311401367,3.3171379566192627],[0,4.3876633644104,0,0,0],[2.622875690460205,0.6722126007080078,0.6722126007080078,0.6722126007080078,0.6722126007080078],[2.904634714126587,0.3713340759277344,0.3713340759277344,0.3713340759277344,0.3713340759277344],[7.289378762245178,1.4320640563964844,0.5357699394226074,0.5357699394226074,0.5357699394226074],[5.070507526397705,5.843715190887451,5.070507526397705,0,5.50646185874939]],"maxrewards":[9.761470794677734,10.626154899597168,8.888525009155273,11.047669410705566,5.766685485839844,4.671607971191406,7.047964572906494,7.387933731079102,6.749911308288574,10.521980285644531,5.984905242919922,6.92302131652832,11.989748001098633,7.086849212646484,6.607492446899414,12.168937683105469,8.814760208129883,6.773526668548584,8.4376802444458,8.590726852416992],"bestoptions":[3,4,4,3,2,3,0,4,4,3,4,0,3,5,5,3,5,5,0,4],"rewardorder":0}
