{"actions":[[1,3,5,0,0],[2,3,0,4,0],[3,0,2,0,0],[2,4,5,5,5],[2,3,0,4,2],[2,2,2,2,2],[2,4,0,0,0],[2,3,0,4,2],[3,3,3,3,3],[2,3,0,0,0],[2,3,5,1,1],[1,1,1,1,1],[2,3,5,5,5],[2,3,5,1,3],[1,1,1,1,1],[2,3,0,0,0],[2,3,0,4,0],[0,0,0,0,0],[2,3,5,5,5],[2,3,0,4,2],[5,5,5,5,5],[2,3,5,5,5],[2,3,5,1,5],[1,1,1,1,1],[2,3,4,0,0],[2,3,5,1,5],[1,1,1,1,1],[2,3,5,5,5],[2,3,5,1,5],[1,1,1,1,1],[2,3,0,0,0],[2,3,5,1,5],[3,1,3,3,3],[2,3,5,5,5],[2,3,0,4,0],[0,0,0,0,0],[2,3,0,5,5],[2,3,0,4,4],[5,5,5,5,5],[2,3,5,5,5],[2,3,5,1,3],[5,5,5,5,5],[2,3,0,0,0],[2,3,5,1,3],[1,1,1,1,1],[2,3,0,0,0],[2,3,0,4,2],[3,3,3,3,3],[2,3,1,5,5],[2,3,5,1,3],[1,1,1,1,1],[2,3,0,0,0],[2,3,1,5,5],[1,1,1,1,1],[2,3,5,5,5],[2,0,4,2,2],[2,2,5,2,2],[2,3,0,0,0],[2,3,0,4,2],[2,2,2,2,2]],"rewards":[[6.597040346403247,5.210992296803972,4.370002797955743,6.805406386141135,6.8191677502608385],[5.842122276250153,3.1983560611183868,6.11389897277961,5.7373456012146615,6.177406113011942],[5.439828444264287,6.204945606343993,5.747175926800936,6.148400326534558,6.212339310612031],[2.3747641113183073,3.6457466741773907,3.7310188070248587,3.86434726971322,3.644438810623607],[9.83939755151741,3.3796598811691774,9.431816472948013,8.514095449970133,9.681402375017347],[9.656066889938925,9.603587155348265,9.721599822892896,9.816008993665694,9.719426108591414],[7.60163922019232,6.348119005634772,9.467355479349427,9.478116799176487,9.621480535731036],[4.643861060718429,0.7646464166763038,4.508818610676996,4.552595333046598,4.624709568817199],[7.074260921280803,7.007341911517287,7.020103528919761,7.190142107941794,6.75909661671055],[4.270748298729609,3.396496970091875,5.504568328029144,5.579503548698941,5.5401730963992915],[3.632741483092053,8.684488615749046,8.606280949803262,8.673666669766119,8.815125206113226],[8.771328474215771,8.602429345146613,8.48425484400131,8.679004618940406,8.714777621679586],[4.664218719855968,6.274976353057793,7.151998030436389,7.2824540355446965,7.113132177846301],[2.055531097160758,9.316202164848525,8.349018335673724,8.154363565407325,9.078344349139918],[8.06873097631481,8.262679763671768,8.039285866221329,8.08861941608847,8.064189394008697],[3.8677664543714076,2.9804986824206554,4.752944313681323,4.738450739819141,4.808825757425122],[7.337191297686291,2.2803053708701047,7.591310254811071,7.212860016405435,7.697438612407958],[7.6405979934237775,7.737757912546336,7.718560858204499,7.53188938697945,7.627666030594172],[3.326116883518826,3.6275148168288345,5.37118560606649,5.365214589299924,5.35139524681731],[4.821823436224873,1.4516080215071505,4.53008625728056,4.276208078192514,4.562971664751719],[5.169838403524719,5.315688705274675,5.332614800680253,5.389380147747861,5.397498574599352],[5.90443225868443,6.59364096936054,7.877125486611005,8.162493619626483,8.113581260365581],[1.9091062612756309,8.751188980874407,9.083225080331443,8.838265079313809,9.163637585102682],[8.77047475369152,8.803042983418178,8.77608232143805,8.600581202554476,8.803151394290806],[4.136649753463771,4.0538642215660845,3.0657854631978476,5.078991546555711,5.14549754369605],[1.4811055665794062,6.4860691941813,6.244937591763402,5.855626351267346,6.2478696587763585],[5.986533255360646,5.794084611861611,5.823859500888593,5.9920391199274965,5.565850770924045],[3.6980116839638995,4.47098301881049,4.899088264218991,4.944349478847043,5.188263800262991],[2.254843395563589,7.226700501805065,7.673477369331881,6.931881922906694,7.787504355463754],[6.841786602977873,6.768213169916384,6.834053940934583,6.758200789860378,6.817393260258183],[7.10060204654636,6.057905758870387,9.098504460508954,9.161184990278603,9.08895180636446],[1.0319328961822007,5.269186673535505,6.402083346738482,4.943265465081223,6.384605429289836],[5.90681202226789,4.9460922873565405,6.114347823302274,5.957692968445701,6.0255123780650495],[6.3002984922396035,6.521417797570807,8.263308742955456,8.22995221307071,8.42929036834012],[8.012819373756315,1.0486285357211123,8.395666094292956,8.448812798036688,8.402412453011681],[8.669535603334868,8.415648936344212,8.473384259594827,8.411260669189467,8.595082124273961],[5.947678480147979,4.813966066450685,4.2388530415293975,6.245993622305545,5.998934937178116],[4.829325183899549,1.3221840517123347,4.363055953463649,4.7196206990804725,4.6510188956174146],[6.055460663906081,6.04037012297261,5.976997108352127,6.141346378064382,5.8298512526420065],[6.122481622769548,6.193101332186404,8.044601431569504,7.854995276239124,7.983696497032322],[0.6935654803886214,4.968726766169713,3.8342080051390197,4.901097006331913,5.106548879467441],[8.10232757673742,7.934864865836502,7.986838289318527,7.989364562855764,7.927422675159041],[6.1127862395529915,5.742573985007899,7.342114479098789,7.26415099645255,7.295807981336598],[3.730131799007213,10.193142168890414,10.077313878406294,10.197557593474773,10.213602483244156],[10.136490840117588,10.241512265253569,10.135897075621505,9.960501609286975,10.098787533404696],[6.4969545648101965,6.326252301857705,9.037167542168794,9.203902206585534,9.30802560398275],[6.458692036689631,1.1795065188674174,5.740755761926302,6.248718655159768,6.48091059535611],[6.315654104365366,6.337367118729341,6.297458276980758,6.304127569652091,6.3278208682664046],[3.7784578113258007,3.8116638258435027,2.9894265559637905,6.312264519716029,6.077210349984279],[2.8515571220402154,9.978217394274067,9.405041730948934,9.1288812851141,9.925814057130662],[9.152854285470621,9.075947140673186,9.049691465767024,9.188970375816346,9.240061952707034],[7.936851815184661,7.16449574942743,9.354381777128584,9.096874464837803,9.326656990940728],[0.03046344975654819,7.141625095204949,6.500149073704954,7.803609381003776,7.914577826561442],[6.6007336672275585,6.53035951093311,6.608847981368283,6.748001224928615,6.667196274595178],[5.554012102213908,6.660350688097801,8.155263967341893,7.930990892897768,7.9874483890409955],[8.245317053404822,7.080686490914326,7.213953130034015,8.42929566580633,8.351007712437365],[8.462202014658262,8.525646949517233,8.02489781269304,8.635691593104415,8.594371348108842],[4.087108510139252,2.3423509431295915,4.6984886140904525,4.601898669410001,4.521138858581463],[5.287313963790955,0.34407980639575986,4.716150237951125,4.335493567490401,5.071791406118462],[5.156307215650354,5.115889490498955,5.165272229834928,5.429616999679551,5.049956352455595]],"times":[[18382,14144,7462,5200,1516],[5013,1087,3597,3774,3895],[10979,1343,1439,1343,809],[12623,4095,6379,5266,705],[7109,1311,2564,2531,597],[2871,2557,314,491,297],[2662,1902,1326,578,606],[2526,381,1736,2508,677],[5111,609,305,286,277],[6505,314,987,2717,339],[9931,661,2048,2726,441],[9631,309,377,338,411],[5347,1045,1752,835,261],[1871,1222,932,2276,471],[10085,169,310,136,341],[2230,180,874,633,1419],[878,533,1936,1562,1462],[2307,34,304,403,367],[1535,338,895,320,4821],[1132,180,850,854,807],[6340,206,102,467,230],[656,770,897,136,558],[913,1033,1955,1876,1139],[6719,203,183,221,354],[1080,252,1689,2053,414],[1679,1133,2004,1555,635],[3063,275,509,321,304],[1324,496,1656,302,337],[754,310,1368,1326,308],[2598,255,240,223,345],[1738,741,630,364,808],[1382,578,1380,1163,926],[2482,2859,429,196,159],[674,372,526,309,345],[1963,2773,3283,1461,831],[4232,188,260,229,279],[1117,487,688,4990,1172],[1567,454,1273,1909,1772],[946,142,103,115,203],[1229,393,982,411,268],[819,2166,1432,1775,286],[641,67,112,99,171],[865,136,296,276,232],[942,286,1890,955,292],[1444,141,56,169,198],[602,266,401,212,166],[884,227,1145,1561,1102],[2199,833,335,230,196],[637,164,1618,667,385],[1249,160,690,962,145],[2032,60,107,240,136],[590,200,318,191,260],[882,1309,938,669,222],[4704,19,399,270,447],[505,116,141,200,64],[1306,2995,620,287,672],[1863,738,667,214,368],[1331,414,922,1596,306],[1245,814,740,1082,240],[1722,18,506,347,318]],