{"actions":[[3,0,1,4,1],[4,1,3,2,5],[3,2,5,0,1],[1,4,0,5,2],[1,4,4,4,1],[1,4,4,3,2],[0,5,1,4,4],[2,3,1,5,0],[1,5,5,4,3],[4,1,5,0,2],[4,5,0,1,2],[3,4,5,2,1],[5,1,2,3,0],[0,5,4,3,1],[2,1,4,5,3],[0,5,2,3,4],[5,0,4,1,2],[5,1,3,4,2],[0,5,5,1,2],[0,3,5,5,5],[3,4,5,1,2],[0,4,3,2,0],[3,4,1,2,0],[3,4,5,1,0],[5,0,1,2,3],[5,4,3,2,0],[0,2,3,4,5],[0,2,1,2,1],[5,3,4,4,4],[0,5,4,1,2],[0,2,1,3,4],[3,4,5,1,2],[1,4,5,3,0],[0,1,2,3,4],[2,1,3,4,5],[2,3,0,5,5],[1,2,0,3,4],[3,5,4,0,1],[1,2,4,3,5],[0,1,2,5,4],[3,5,4,1,1],[3,4,5,0,0],[1,2,0,3,4],[2,4,5,0,1],[1,4,5,3,3],[3,4,5,0,0],[1,2,2,4,3],[3,4,5,1,2],[2,1,0,3,4],[2,1,0,3,4],[2,1,2,3,4],[3,4,5,3,4],[2,1,1,1,1],[3,3,4,3,4],[3,4,5,3,4],[2,1,1,0,1],[3,4,3,4,4],[2,2,2,1,1],[2,2,1,0,2],[3,1,5,3,3]],"rewards":[[2.510694310419648,4.943212782869022,3.634149704219934,2.0943484360706743,3.8634554250393696],[2.8090941766514455,9.380711339927327,8.738438856620048,2.8492471249675395,8.263004788147322],[2.630336608408934,2.9221157999434983,1.3072930583485305,3.647756972183501,9.49235251854524],[4.178654137595704,5.905930748796473,2.5093661067997863,6.3130692526370105,3.729645026707542],[3.0455794555655027,9.002774059825327,9.05607772910268,8.959143628905275,2.9943610692002913],[2.899051454928346,5.832546170162998,5.586610980129045,6.033401500486798,8.8603627006516],[3.9341268838238754,7.100197660769984,4.673033959058824,6.114229610523382,6.038746740799687],[5.339193481925292,2.1341023267315995,0.5277266535061585,1.5513790752887113,4.716009272972813],[0.6652833090811082,7.050160118017144,7.046312712346274,5.958288537351966,6.12300012748856],[6.799328909588454,6.109985489333887,8.58819299634492,5.3459147988615765,5.665267800223397],[2.790866129380237,8.915022016249583,3.721864652921414,9.887059361295078,2.1464289969616783],[6.649623325432927,6.936326233122475,8.434889342616234,2.341708200720821,9.847891778326007],[1.3541756651394625,3.154234527579907,2.6127463729170475,1.786996456291369,4.231939729357378],[3.5915557988553055,0,3.5720788453952657,0,0.010169245951671173],[3.97722920813516,0,2.0792005667977023,1.3639491472528058,1.6876715241330045],[7.098822621046408,4.3046006806384645,5.91798768957164,5.248162492021047,4.123933175810383],[3.0350095714902694,6.252926597456485,5.319211304135801,2.0071483901962157,5.769295206586153],[4.2505999348323344,1.7301439554158677,5.27940600443775,4.0401660870434375,5.609511828485454],[5.522016001886848,1.4664214946856227,1.4742685054505753,5.892164925258195,4.443609301012996],[1.723720477972649,6.213657109738109,5.9934603534821225,5.9092655725860626,5.928437611870624],[3.704503529821211,3.2522484894705292,1.4828602530751955,6.677112684226791,2.2331297986012535],[4.964214843738261,6.396164728314516,5.813285502781362,4.691230863132688,5.1173598492234715],[5.855621313658079,2.324397728563624,6.066515060437769,1.809021206447916,1.7577750062194148],[5.542940563206728,6.449111087490362,6.366096809186542,5.801830341692591,1.9363257061468204],[3.5329685706647918,7.102847046071605,7.6364615633543345,6.606395450412765,5.780397657016373],[8.950043432845538,2.585091998033011,8.424608196702971,2.9007414979473007,3.6745825532681473],[3.585538166823905,3.056752061901365,5.864898424337249,4.5310669336266916,3.4783403474595467],[6.766696226717572,5.539459701113444,6.674119450170311,5.494777984520506,6.6547350292875365],[0.8477130092544898,2.512726430316551,7.008415211870937,7.081458561675041,7.002795645874599],[8.171976789298972,0.9822226493725547,6.941479415504619,0.8399798282221138,7.769669819714175],[8.103303564253899,7.755063916670938,0.8612689453976544,6.034253768464764,5.244486260922887],[8.626672902375653,2.4677258106810647,8.354385840613189,8.864838311450729,2.0340255825822036],[8.659702381955606,5.153470597424351,5.993791835728381,4.68748528466299,1.9133596045690275],[8.356101850380018,6.540368442691437,6.216826484517721,6.717827807138886,6.067133411546252],[6.336750670159514,6.461908409109468,6.80939615515921,5.902191839974015,5.208471465125599],[2.08831577759591,6.801373807038777,2.913029232751652,5.309366603454716,5.287691481956737],[6.082671504378565,2.06084363163614,2.855540295059094,6.6795305417705375,2.417238706912071],[6.014098410245388,6.6168636536667425,2.611898058368068,2.8179653629659107,6.503172422997984],[6.487775220000897,3.1974083275112632,4.6256794012553515,3.5385534061314523,6.085496870808291],[0.4300004944719279,1.7519420536655088,2.239061479248675,3.8436314162965695,3.4518854069986995],[3.473554022586941,3.498911305393121,8.599016595567702,3.1334876169837496,2.9760608700085824],[2.520242326847935,3.4670224944559926,3.620402438740065,9.2463193654129,9.380605252837096],[4.406927244016819,4.33127620693076,2.4016917217158795,4.573936156705079,6.644935319992751],[2.691862867473455,3.928858476240531,1.4014037215678885,4.057733757052238,0.336671351552356],[0.32424986305144743,6.677720770466548,7.324812883547549,4.46217856534843,4.289487032413111],[3.218700707845043,2.3486265178813244,1.6104566793819244,6.120082866426469,6.174100597239794],[0,7.538296525467217,7.411032078726471,7.677161525623557,0.9481774721407671],[3.2882690819962668,2.7112897999005554,1.4919929032342174,0,7.539184148346912],[3.7149057230514932,3.74960846027287,2.5943631174572634,5.217842580445441,4.929041946714692],[3.5500195570242266,3.7124474618038605,2.9348441635831244,5.32384042662767,4.997927617992589],[3.959593070604958,1.086673735166816,4.136713726893087,5.397549304929186,3.9142262026800574],[5.93291405088737,4.318760233718399,4.611508308262692,5.874767421094744,4.364528016940493],[3.1225226138455975,9.300582278973907,9.308905487097002,9.471877307185597,9.216739274203466],[6.01017725320467,6.1160366334263685,4.240349343249039,5.901328397508197,4.417609825186208],[3.9997769526680926,4.205426796590107,6.172117648246187,4.269626664596299,4.192808576874027],[0.9651642820061145,5.191389935762351,5.029992220816411,1.9888279536066362,5.1571559204480355],[4.295595854951683,4.3536027541247995,4.089397939538859,4.363013210119874,4.289813962842243],[6.431404309217358,6.4592848982528,6.617396976954164,7.338204261215464,7.26072608876462],[8.397672803076315,8.405342336300933,1.8385033255791428,7.097405735257948,8.343336592204455],[4.668070525505631,1.907482272660506,4.0072177435005605,4.751676044392532,4.760447789723694]],"times":[[33431,14047,2159,4328,6888],[6793,2075,1894,1410,3311],[4629,1778,1671,1942,2347],[9449,2060,4939,1801,2562],[6811,2236,2877,2315,3556],[6237,1277,557,1753,3285],[4978,1685,4156,503,2889],[9579,1017,1347,1903,1072],[4855,1048,884,1177,2280],[5859,2795,1871,1679,2534],[4564,1006,1602,1403,6191],[6668,1802,475,1951,311],[3405,1240,889,538,3537],[4067,1360,872,777,422],[3536,1473,1252,672,598],[4323,1513,1560,626,869],[11783,1400,2798,891,1963],[8849,1496,1224,1194,1052],[11186,2578,793,528,403],[3063,1550,748,1094,90],[10138,1334,1063,1706,429],[13546,4039,1194,904,1361],[2729,591,1172,642,1342],[4091,902,663,1587,1271],[6761,2239,1330,1163,447],[6987,856,723,3255,1537],[4341,599,948,94,118],[3659,16,234,344,74],[4478,583,498,574,159],[5645,400,377,379,376],[7278,461,327,1454,677],[28074,1173,830,2186,1910],[2137,1795,873,620,3409],[2194,426,398,1673,515],[3623,579,982,412,712],[2702,549,350,561,4],[4100,232,1222,1323,54],[10198,755,30,617,353],[2281,1057,1089,36,1404],[4816,2741,500,383,295],[7573,467,1201,1029,68],[5253,1078,698,1554,1019],[3022,937,1016,1236,212],[3775,1532,794,1419,275],[3264,1520,1876,940,1135],[2163,311,500,1277,552],[2234,2155,679,1972,958],[5543,547,401,1089,201],[1331,803,82,1664,0],[2041,909,878,1694,243],[2659,302,1288,954,543],[2508,504,592,350,277],[2625,65,568,222,793],[23548,417,34,213,398],[2950,95,152,491,73],[2109,506,534,432,265],[21191,467,408,338,707],[3434,932,957,1858,1187],[1075,911,510,928,271],[3524,1045,872,1134,273]],