{"actions":[[0,1,2,0,3],[0,1,0,0,0],[0,5,1,3,4],[0,5,2,1,3],[0,1,0,0,0],[0,2,4,2,2],[0,1,5,2,2],[0,0,0,0,0],[2,2,2,2,2],[0,2,4,3,3],[3,3,3,3,3],[4,5,4,1,2],[4,4,4,4,4],[1,0,0,0,0],[3,4,5,4,4],[1,0,2,0,0],[3,4,5,1,0],[2,1,0,3,4],[4,3,0,0,1],[0,3,4,3,2]],"rewards":[[6.059137027660801,4.625198376482176,3.9985641976933133,6.235302015987651,6.619332287355148],[9.059652451423863,7.808609901711759,9.124298039116725,8.988115620946639,8.83405360457689],[1.8026784675923655,0.9262086826056795,1.824562777097406,1.497699213952239,8.599141154735872],[2.1792706824751122,1.3395196177893722,2.5050952648140434,2.924477370652557,2.3788885190437457],[7.004594320511084,5.406489730292902,7.004368824892972,6.713906205083914,6.944493046601042],[5.605052158001167,7.028346803930427,0.2903578403857331,7.325581937404156,7.215428971825938],[5.8540383611074995,6.090996048517425,0.6194702511187307,6.922823304048762,7.0344526257490045],[7.945985409731098,8.062102590789099,8.12857198506086,8.02921404169391,7.74221953605548],[6.9057137779102415,6.731173723323575,6.831713034240637,6.811512090651676,6.879734465612741],[1.442936739646411,3.102180929563697,0.6628597896209196,4.949086223654323,4.831355536932723],[10.706230275401696,10.637203050625049,10.604099613973185,10.522818072203934,10.729547482652395],[6.406590417108631,2.6658844267964854,6.406734869677539,2.805817656011414,3.7767179349205335],[11.341085175096572,11.434876112462494,11.60716119318098,11.499532069106607,11.51417622524039],[7.250478441838659,8.537590849062454,8.440674900050983,8.507391700713795,8.130539040301436],[3.0370230838478003,7.528792597891977,2.403197563568457,7.676619610843264,7.675310337226145],[5.409771568177046,6.814888041541215,4.005599963997351,7.07195414824952,6.99155654922193],[0,5.056075037676762,1.2342528364945227,3.174801127823136,2.9531103499372344],[2.73131392286162,3.042887624720579,1.7102214755573217,0.2836681129940155,5.39565395687205],[0.18048584684941743,6.5742300731820995,6.699828304653922,6.659429150668823,6.357193933601488],[4.834474596185326,6.095326677297013,2.9997304077776867,5.940867679998073,5.562122306918677]],"times":[[18039,896,1339,2108,790],[1935,440,487,397,298],[590,1123,1559,707,253],[1051,1205,3067,593,470],[1035,671,252,250,347],[3250,1590,2152,1337,336],[953,1386,1001,454,318],[3234,698,241,259,346],[5200,743,230,273,304],[758,1309,912,368,510],[452,563,295,467,370],[2117,579,386,671,187],[645,359,280,336,244],[1234,883,265,660,279],[1359,362,639,114,312],[432,372,519,294,262],[1459,323,353,2049,108],[522,588,207,830,659],[595,228,1554,738,493],[635,808,381,399,912]],"condition":[["negodd"],["negodd"],["poseven"],["poseven"],["negodd"],["posodd"],["poseven"],["negodd"],["posodd"],["posodd"],["posodd"],["poseven"],["negeven"],["negeven"],["negeven"],["negeven"],["negeven"],["poseven"],["negodd"],["posodd"]],"envs":["envs/changepoint/negodd/negodd2.json","envs/changepoint/negodd/negodd15.json","envs/changepoint/poseven/poseven95.json","envs/changepoint/poseven/poseven75.json","envs/changepoint/negodd/negodd46.json","envs/changepoint/posodd/posodd26.json","envs/changepoint/poseven/poseven67.json","envs/changepoint/negodd/negodd90.json","envs/changepoint/posodd/posodd64.json","envs/changepoint/posodd/posodd76.json","envs/changepoint/posodd/posodd85.json","envs/changepoint/poseven/poseven0.json","envs/changepoint/negeven/negeven62.json","envs/changepoint/negeven/negeven73.json","envs/changepoint/negeven/negeven42.json","envs/changepoint/negeven/negeven27.json","envs/changepoint/negeven/negeven69.json","envs/changepoint/poseven/poseven45.json","envs/changepoint/negodd/negodd53.json","envs/changepoint/posodd/posodd92.json"],"money":"3.12","age":30,"gender":1,"hand":0,"experiment":"noncompositional","instcounter":1,"subjectID":"61723191b52d2b9d845f433e","studyID":"617b0174ce5353c47cc531c0","eval":[["negeven"],["poseven"],["negodd"],["posodd"]],"regrets":[[0.6796474456787109,2.3296828269958496,2.904634714126587,0.6796474456787109,0.3713340759277344],[0,0.8762054443359375,0,0,0],[6.9062511920928955,7.73940110206604,6.857536315917969,6.992203116416931,0],[6.471605062484741,7.438567280769348,6.332624912261963,5.917832612991333,6.385576248168945],[0,1.4472713470458984,0,0,0],[1.68119478225708,0,6.80972495675087,0,0],[1.3302192687988281,0.9003562927246094,6.5292447209358215,0,0],[0.4271693229675293,0.4271693229675293,0.4271693229675293,0.4271693229675293,0.4271693229675293],[4.758071422576904,4.758071422576904,4.758071422576904,4.758071422576904,4.758071422576904],[3.6390321254730225,2.000664234161377,4.62645697593689,0.2446908950805664,0.2446908950805664],[0,0,0,0,0],[0,3.76346492767334,0,3.6164705753326416,2.52176570892334],[0,0,0,0,0],[3.4392199516296387,2.2800607681274414,2.2800607681274414,2.2800607681274414,2.2800607681274414],[4.74399209022522,0,5.25203013420105,0,0],[4.3685622215271,2.798360824584961,5.502521991729736,2.798360824584961,2.798360824584961],[5.319974929094315,0,3.7613898515701294,1.8470687866210938,2.0093231201171875],[2.458566904067993,2.1748435497283936,3.446922540664673,4.903242886066437,0],[6.249324649572372,0.21219444274902344,0,0,0.33107948303222656],[1.506312370300293,0,3.0348455905914307,0,0.3892240524291992]],"maxrewards":[6.773526668548584,8.948176383972168,8.594832420349121,8.754888534545898,6.83311653137207,7.222411632537842,7.062108516693115,8.412286758422852,11.561854362487793,5.145359992980957,10.627580642700195,6.381835460662842,11.524038314819336,10.626154899597168,7.641726016998291,9.716233253479004,4.966946125030518,5.287034511566162,6.693660736083984,6.098354339599609],"bestoptions":[5,0,4,4,0,2,2,1,3,5,3,4,4,4,4,4,4,4,0,3],"rewardorder":0}
