{"actions":[[0,2,0,0,1],[3,4,5,0,1],[3,4,5,3,4],[3,4,5,3,4],[3,4,5,3,4],[3,4,5,0,1],[3,4,5,3,4],[3,4,5,3,5],[3,4,5,3,3],[3,4,5,5,5],[3,1,0,0,0],[2,5,0,5,4],[4,4,4,4,4],[3,4,5,4,4],[0,0,0,0,0],[1,0,4,3,5],[0,1,1,1,1],[0,1,4,4,4],[3,5,4,1,2],[2,4,3,5,0]],"rewards":[[2.15826745825339,1.104006508327625,1.9733618885827524,1.8352375501980889,6.351514391696147],[5.244649565031683,4.534810193655701,3.778204451109867,8.291732312083107,2.0757343120224174],[7.393827820791855,9.39243897690995,9.284009061863234,7.666704607753318,9.421354148957136],[7.18762063414779,5.806370182985485,5.700628487150287,7.037300312575473,5.898303852418146],[5.60887640413722,6.281553777629074,6.415651711718892,5.784585523506777,6.478726534092616],[2.9303203266434132,1.2294895842856723,0,5.8174242925610855,1.3034132458554606],[5.040982132051239,6.620501329537948,6.256321426665834,5.017708123199626,6.590106142991763],[6.540803590451218,7.749004868361085,8.185620591979314,6.71917422883479,8.14335801760518],[7.367975390654356,5.020363712098337,5.982610158719336,7.221903458457141,7.194605597067408],[7.511779051537091,7.892972570996438,8.099433124492304,8.06906572378923,8.081119442433442],[3.051183056730683,3.5806523731195377,9.92294375088995,10.238146582866666,10.065674219114886],[2.733364459195176,1.2948069128567663,1.3231942034154667,1.2250420789646936,1.9297114983260997],[8.451647091499284,8.202922677344201,8.337095135759938,8.051789513201985,8.30464654060817],[7.890111263506998,8.607466537359546,8.183780060043409,8.559904038457633,8.596300113963208],[11.393532399532818,11.295843090188434,11.077205257512638,11.249457781843784,11.032425996070085],[3.816540625999039,0,3.6079525751914963,3.3105046872174024,2.6030341518308058],[4.491109258353847,10.876103231911529,10.813830784820622,11.00339544767312,10.997159976238125],[4.586382971205859,0.10979023260916099,6.569678991075237,6.785862219337754,6.581741696365392],[2.6441477700736766,3.7030058663113463,3.549205745512018,3.075900227424873,9.60153136483433],[0,5.326615021127255,5.784381262411035,4.840613758996862,1.303920041833687]],"times":[[41815,34,1227,1338,2116],[3618,1359,605,1730,460],[2540,318,324,998,247],[1718,45,107,468,83],[1519,219,80,796,269],[808,566,313,808,501],[2240,142,252,663,176],[2899,258,64,365,360],[814,173,584,341,419],[1835,601,344,342,321],[1180,1273,376,520,355],[1581,1144,911,924,1870],[673,480,309,308,242],[832,291,650,756,485],[1321,604,461,324,344],[1004,758,649,550,898],[733,641,463,357,415],[1291,336,323,308,281],[884,374,580,580,344],[732,557,398,259,683]],"condition":[["oddneg"],["evenneg"],["oddpos"],["evenneg"],["oddpos"],["evenneg"],["oddpos"],["evenpos"],["oddneg"],["evenpos"],["evenpos"],["oddneg"],["oddpos"],["evenpos"],["evenneg"],["oddneg"],["oddpos"],["evenneg"],["evenpos"],["oddneg"]],"envs":["envs/changepoint/oddneg/oddneg73.json","envs/changepoint/evenneg/evenneg47.json","envs/changepoint/oddpos/oddpos38.json","envs/changepoint/evenneg/evenneg25.json","envs/changepoint/oddpos/oddpos1.json","envs/changepoint/evenneg/evenneg15.json","envs/changepoint/oddpos/oddpos65.json","envs/changepoint/evenpos/evenpos83.json","envs/changepoint/oddneg/oddneg76.json","envs/changepoint/evenpos/evenpos70.json","envs/changepoint/evenpos/evenpos64.json","envs/changepoint/oddneg/oddneg31.json","envs/changepoint/oddpos/oddpos14.json","envs/changepoint/evenpos/evenpos16.json","envs/changepoint/evenneg/evenneg90.json","envs/changepoint/oddneg/oddneg3.json","envs/changepoint/oddpos/oddpos87.json","envs/changepoint/evenneg/evenneg10.json","envs/changepoint/evenpos/evenpos78.json","envs/changepoint/oddneg/oddneg62.json"],"money":"3.17","age":30,"gender":2,"hand":0,"experiment":"noncompositional","instcounter":0,"subjectID":"61743e9dc0bc8b79dc07f38b","studyID":"617b0174ce5353c47cc531c1","eval":[["oddpos"],["evenneg"],["evenpos"],["oddneg"]],"regrets":[[4.664922833442688,5.48393988609314,4.664922833442688,4.664922833442688,0],[3.040757656097412,3.8137078285217285,4.713339328765869,0,6.475293159484863],[1.9985337257385254,0.05519294738769531,0,1.9985337257385254,0.05519294738769531],[0.844174861907959,2.142819404602051,2.1151227951049805,0.844174861907959,2.142819404602051],[0.9587345123291016,0.15224885940551758,0,0.9587345123291016,0.15224885940551758],[2.667560577392578,4.551194190979004,6.028752684593201,0,4.504827976226807],[1.5364246368408203,0.07675027847290039,0.3843059539794922,1.5364246368408203,0.07675027847290039],[1.524763584136963,0.29550981521606445,0,1.524763584136963,0],[0,2.235001564025879,1.2802081108093262,0,0],[0.34028148651123047,0.28268957138061523,0,0,0],[7.932676553726196,7.248300552368164,0.9345197677612305,0.9345197677612305,0.9345197677612305],[2.560610294342041,4.000035881996155,3.7732375860214233,4.000035881996155,3.243838310241699],[1.2317895889282227,1.2317895889282227,1.2317895889282227,1.2317895889282227,1.2317895889282227],[0.8692808151245117,0,0.47109222412109375,0,0],[0.7274703979492188,0.7274703979492188,0.7274703979492188,0.7274703979492188,0.7274703979492188],[0,3.64972847700119,0.05791020393371582,0.12462759017944336,0.9524905681610107],[6.547577381134033,0,0,0,0],[2.5071377754211426,6.9542319774627686,0.42075061798095703,0.42075061798095703,0.42075061798095703],[7.060011386871338,5.970130920410156,6.09470534324646,6.595348596572876,0],[6.388845801353455,1.1309943199157715,0.6575970649719238,1.5797557830810547,5.188208818435669]],"maxrewards":[6.608556270599365,8.383967399597168,9.488717079162598,7.9752302169799805,6.529449939727783,5.743875980377197,6.638847351074219,8.122771263122559,7.219463348388672,8.105058670043945,10.887481689453125,5.240998268127441,9.563997268676758,8.573287010192871,11.90861701965332,3.627657175064087,10.911416053771973,6.94425630569458,9.612478256225586,6.410907745361328],"bestoptions":[1,0,5,0,5,0,1,5,3,5,2,1,5,4,2,1,1,3,2,1],"rewardorder":1}
