{"actions":[[1,5,0,1,1],[0,5,5,4,5],[5,0,4,1,1],[1,5,0,1,0],[5,0,0,1,0],[0,0,0,0,0],[5,5,5,5,5],[0,4,5,4,4],[4,4,4,4,4],[0,1,0,0,0],[0,5,5,5,5],[5,0,4,1,1],[1,5,0,4,4],[1,0,5,5,5],[5,0,4,4,4],[5,0,0,0,0],[0,0,0,0,1],[1,1,1,1,1],[1,5,0,1,1],[0,0,1,1,1],[5,1,0,1,1],[2,1,1,5,5],[4,5,0,1,2],[3,5,5,5,5],[0,5,5,5,5],[5,5,5,5,5],[5,5,5,5,5],[5,4,1,1,1],[1,0,5,4,1],[0,5,0,0,1],[4,1,0,5,5],[3,4,5,0,0],[1,0,5,5,5],[5,5,5,5,5],[1,5,5,4,4],[4,4,4,4,4],[4,0,1,5,5],[4,5,5,5,5],[0,5,5,4,5],[1,1,1,1,1],[0,0,0,0,0],[0,0,0,0,0],[0,5,5,4,5],[5,4,0,4,1],[0,0,4,0,0],[0,0,1,1,1],[1,1,1,0,0],[5,4,1,0,4],[0,4,5,1,2],[0,5,4,1,1],[3,2,3,5,4],[0,5,4,5,1],[5,4,4,4,4],[4,5,0,0,0],[0,4,5,5,5],[1,5,4,3,0],[1,0,5,4,3],[5,0,4,4,4],[5,4,4,4,4],[0,1,0,0,0]],"rewards":[[5.671847912780003,2.866044298143461,5.595590466404074,5.740439898362682,5.544029724574975],[2.7163193032439743,7.543226332871004,7.4945582145163785,2.1402663729731706,7.337401660594752],[2.9982321163013737,2.7426173102743157,3.459637953898315,6.801400002126124,6.767624446863711],[3.771867606315766,0.6505611850458533,4.870840779665772,4.059009383763393,4.830095343775665],[3.330964968607224,7.654669136143188,7.770867210026257,4.180363118072296,7.604941875852152],[7.872027768834369,7.826558368374127,7.766369685733876,7.8299865042780015,7.691706400217565],[7.193446685048258,7.266653819339311,7.1024183305239905,7.145185742547873,7.109344480709113],[3.9825602080151867,6.110442676268127,1.934075086545105,7.330106693260294,7.5467978324021665],[6.207344415819824,6.199628908500274,6.2668050464647616,6.272002619239256,6.208332927019471],[6.851774343559721,6.464937198171643,6.609889511775449,6.631710754730002,6.582109612452645],[3.0294190620694668,8.022243064787789,8.165703100621423,7.931887149704717,7.9412632291348135],[3.7468592243658208,2.986396811749471,3.7502705034278074,8.130985169233933,8.128756275474323],[3.8616260904216926,4.973463264369103,4.204616227289697,6.192588901014354,6.054389766538122],[3.878131994190794,4.003004587892989,7.6942121112375546,7.778780167951543,7.612878348926079],[4.829499264621636,2.1901907467645083,6.066105496722014,6.048981077951695,6.073544782401068],[5.072967409213527,8.665185639421182,8.825895805129951,8.560310441714988,8.805685990826639],[8.83291416664618,8.599285561226313,2.273468719907832,2.275601170066049,7.300008873024883],[7.21394135978362,7.322700989555694,7.396346256180986,7.283430668698194,7.3000966055804195],[4.79439838565819,0.6339907874057248,5.73884209401243,4.647086898928597,4.718253294141724],[5.850445023775042,2.1363148735223025,5.633667096430694,5.56463583174229,5.8098068668981835],[0.7246154304443715,5.685046203800822,2.0662324570386925,5.594957230134046,5.635676923276901],[3.3297995942577443,5.628743739047118,2.699832153873993,5.899786142417906,6.153626705270646],[1.1996316406595575,5.440565816541085,2.119473435682414,5.029566522843776,1.081303324142079],[5.185252977522527,5.647026585143535,6.010469636549112,5.915653319159205,6.018577581323763],[4.035538039934829,7.033958208937576,6.860003570588638,6.698860731358141,6.918771588391358],[7.005527093305328,6.910067435577818,7.181532408446024,6.962095332835008,7.123201817928035],[7.1132983731644,6.773224695589026,6.887026563452211,6.837002252163742,6.766388880011054],[3.642482639366136,5.141296693994056,7.739649168269175,7.760168842526323,7.9309523020862285],[0.13423267166869904,3.553371568533468,0.04372823529287034,3.3064587875269975,0.19327939428758883],[3.5164800963266414,0,3.5288706036690236,3.527271187400425,0.1436391324251753],[4.378747899795467,3.392377459955927,1.8499369732846815,4.482122799580274,4.436316463750318],[0.05752421996279596,5.3926103158661265,0.2678966172792884,4.103423528969952,4.183958152276411],[1.4633815368612306,4.136421161246603,4.338707230939307,4.560090137304378,4.272365822393843],[4.47673098405306,6.929593651935805,6.7688985534710655,6.803421494681474,7.009153986710555],[0,1.0488341353955644,0.9634859632945982,7.102050140094193,6.88795786760472],[7.477573732136986,7.3336195836444995,7.527299910026852,7.48637141219703,7.449196647909012],[4.22819691961311,0,1.6395726249861995,5.5414077010860225,5.6078094125802185],[4.260449311053959,5.575716100769622,5.589882858329305,5.708930653071445,5.705192170731405],[1.2295524851510997,5.674379689295654,5.751328065786619,4.08236057129804,5.622823156055163],[7.4950420686968675,7.751479991846878,7.695216051435513,7.523701688978389,7.626085036078149],[6.873441004246212,6.7557504499792875,6.8094023646745905,6.905787583607438,6.87226166125353],[6.875936827653425,6.995921128292801,6.6618912092598945,6.815018379364897,6.862875565902929],[2.5238032249186646,5.476797509829605,5.520376515708016,4.283397591115031,5.79948326125363],[0.34999382309645344,4.576664942517116,4.540409581489658,4.530143216236356,0],[4.551082947389291,4.5024619763574085,4.108730459535482,4.417188891971491,4.263154081914546],[6.0752784968117375,6.089981194014164,6.288116093759381,6.331357101239553,6.43083856163876],[6.553065651359161,6.346666199662176,0,2.952073280617655,3.0356468085358537],[4.742756124442929,4.49200774432971,0,3.0609226154347153,4.577586298359028],[5.342591277752427,2.825334387923186,2.397805792385469,4.189181679971673,4.0201851330409175],[0.8593154629647308,5.032545522496161,0.7911527724059513,5.63536393029947,5.672339612800325],[6.002610435376636,0.11852806452743969,3.203570762711495,2.356723355289,2.6500498594528668],[3.202435618080579,5.468297428549891,5.378911754284184,5.444094611369528,3.9084029321159037],[3.3501592232587467,8.20959593574738,8.354236381920416,8.381154907990647,8.36977850394189],[5.419018858397048,5.353977409750406,8.1891919779522,7.808515948681095,7.911062843388863],[1.8997314716037677,4.054525472981142,4.603527681827434,4.517147847457227,4.466540850162923],[3.3731208255052274,2.554964550679354,0.28641005485184345,2.128547962580261,0.31406491601353237],[3.067706057555385,0.32827605575680124,4.576303301252428,4.236260818234383,3.7244360920796997],[4.356378705972489,0.3506381222552875,3.9447273295675003,1.8735442910850064,1.924069648410687],[0.35755007313232756,5.765863086631393,5.876508181898258,5.748052744854711,5.853255103687679],[6.017066943545842,1.2483293135497897,5.981970003887404,6.164523667796584,6.069701202732174]],"times":[[24182,905,274,385,137],[3936,664,131,393,204],[1852,542,686,981,222],[625,509,6,905,335],[2235,144,149,137,291],[462,224,23,29,187],[1852,731,74,300,146],[665,897,241,94,113],[1114,271,19,77,70],[609,695,16,199,8],[238,661,134,94,170],[1040,647,202,235,110],[541,405,254,277,104],[708,145,292,31,139],[484,122,69,45,116],[955,641,20,231,262],[280,244,2,198,5],[589,233,150,18,261],[454,382,240,384,226],[189,187,266,341,177],[1086,714,746,275,89],[1174,133,171,59,132],[842,314,333,144,593],[1355,129,316,249,116],[765,83,240,203,74],[1070,168,156,205,155],[507,50,114,74,255],[2623,115,373,163,100],[1251,6,340,45,356],[226,255,60,209,386],[922,507,945,55,27],[895,63,136,21,299],[417,54,227,49,166],[293,467,139,97,114],[531,32,4,673,98],[601,133,69,110,63],[413,532,144,118,256],[161,19,185,33,165],[137,76,10,170,94],[7,290,172,179,265],[473,56,164,169,163],[362,228,226,28,275],[471,32,28,119,50],[467,15,44,59,202],[442,137,308,159,58],[360,85,200,110,163],[581,326,617,190,12],[349,96,27,153,302],[428,72,382,135,397],[293,388,172,213,448],[468,269,281,447,40],[155,311,311,80,5],[476,40,228,72,134],[1489,107,760,190,135],[481,56,1210,14,436],[603,71,6,131,349],[424,82,478,136,271],[290,8,17,397,119],[314,191,246,247,150],[492,337,208,139,189]],"condition":[["neg","odd","oddneg"],["neg","even","evenneg"],["pos","even","evenpos"],["neg","odd","oddneg"],["pos","odd","oddpos"],["neg","odd","oddneg"],["neg","odd","oddneg"],["pos","odd","oddpos"],["pos","odd","oddpos"],["neg","even","evenneg"],["pos","even","evenpos"],["pos","even","evenpos"],["pos","odd","oddpos"],["neg","even","evenneg"],["pos","even","evenpos"],["neg","even","evenneg"],["neg","odd","oddneg"],["pos","even","evenpos"],["pos","odd","oddpos"],["neg","even","evenneg"]],