{"actions":[[3,0,1,2,5],[5,4,3,1,2],[0,4,1,5,1],[1,2,3,4,5],[5,0,2,4,0],[0,2,4,4,4],[0,1,0,0,5],[5,5,5,5,5],[0,2,4,1,1],[0,1,2,3,4],[5,0,2,1,4],[4,4,4,4,4],[5,4,0,5,0],[0,5,5,5,5],[1,4,3,1,1],[0,5,4,1,4],[0,5,0,0,0],[0,5,2,2,3],[0,2,4,0,0],[5,0,4,5,5],[1,0,2,4,4],[5,0,0,0,0],[5,0,0,0,0],[1,0,4,4,4],[0,0,0,1,0],[5,4,4,4,4],[0,0,0,0,0],[5,1,4,3,2],[0,5,1,0,0],[5,1,5,4,3],[5,0,0,0,1],[5,0,0,1,0],[1,2,4,2,2],[0,1,0,0,0],[5,1,0,4,3],[5,3,1,5,3],[5,0,1,0,0],[5,4,1,5,5],[1,4,3,1,0],[5,0,2,4,0],[0,5,1,2,0],[2,0,5,2,0],[0,5,1,3,4],[0,5,5,5,5],[4,0,1,1,1],[5,5,5,5,5],[0,0,0,0,0],[5,5,5,5,5],[0,4,4,4,4],[1,4,5,0,0],[3,1,3,3,3],[5,0,0,0,0],[5,1,4,3,2],[4,1,0,0,2],[5,0,0,0,0],[5,5,5,5,5],[4,1,1,1,1],[1,2,2,3,3],[1,0,2,1,1],[5,5,4,2,5]],"rewards":[[4.351802321329907,5.388782948463686,4.97598146812853,3.986263648539255,2.3462715361151734],[4.9375697356992365,1.5976283567568739,5.2047763408093255,4.913680842923688,0.3789422702203814],[0.6973552578129576,2.895946859111558,5.1171985878258255,2.354277311513806,4.948923466337722],[6.411352489299496,7.1732736254918805,7.18930153541645,8.859572266094975,8.621711856609519],[0.4287722708881657,5.3101713373263655,5.1359797015584,5.167978199382742,5.159725734586582],[5.124563730936566,5.310790248608619,8.801912108466148,8.761280318101878,8.965273032304939],[7.468321472969931,6.554085043845244,7.394124112919582,7.448089905750451,3.4299110868070084],[11.184370424514595,11.329943400938216,11.431061072787141,11.203417391285747,11.284624929249231],[5.169602596748472,3.0954598646900426,5.58925999457775,11.129739879932506,10.954492082322723],[5.103389323244472,6.568415341472105,6.665371244842543,7.786496914669633,7.91849972005414],[0,3.270180675454299,3.309482611987445,0,3.0409464249725118],[8.077201055564466,8.008242463858831,7.989043324148051,8.07618588801775,8.088375727208714],[6.695191591633483,6.078937700820074,7.782595638813925,7.035611695420804,7.950962830396676],[2.280694225776022,8.398583748956323,8.118056621341497,8.26586563212591,8.15000170246977],[8.22045499149171,5.974272775247636,5.922659155893658,8.378912816142481,8.324283442044752],[1.4082308084421984,4.869568511376148,4.372697390050916,2.528976194700488,4.039385575685715],[7.361406934708214,1.2029540870140203,7.398357030512467,7.350469282211976,7.326982521591372],[7.436012091892604,4.653328538550711,8.053529247046097,8.106107271880557,3.0399376417942263],[6.988036565396445,6.263798142708573,3.980613533079469,7.003560344649753,6.9905534244800664],[4.287181360582737,1.337628955408062,1.6302008979481712,4.368339683812615,4.187087007358458],[3.8984473182893655,1.5340775062616367,1.1796697131359448,4.069341212831666,3.9741711517118623],[4.400546676863339,9.403866785061698,9.478089095102723,9.65968905713741,9.590209667253703],[1.0785071333211336,4.501673722081893,4.5142044836915485,4.510273998239484,4.299037902339173],[0,4.4698053558797,6.5219947832359715,6.603536822200025,6.58202741934669],[8.282987713788275,8.198201537504788,8.278019992170394,7.472021226575547,8.157057202434244],[5.018451413254718,11.17955030431401,11.354048960396744,11.173188519872532,11.328749487349429],[12.487911597943187,12.589400735260762,12.599596069419079,12.833559962807502,12.583036364171761],[5.778568174145064,3.8677512511923697,5.088796752910846,5.270922579918395,3.655361815125027],[5.8659449937185695,0.5490989085551226,0.6565764096902533,5.862572764636112,5.583874079620821],[5.726188719976328,0.7458029112548823,5.704970968734113,5.136570855815703,4.968481579618808],[3.527461809724137,6.74386183631781,6.417316673259685,6.448749736835532,5.738347531104729],[4.374656084391131,8.238694904581829,8.35844316789587,1.818830617402177,8.409561718504618],[1.6493403136399876,8.381234836917221,4.588618782977954,8.540355116772655,8.286075387289435],[8.62955460894248,7.554131917395205,8.830617199660345,8.647824882172573,8.869841406927431],[0,0.3785691789465085,5.159021907203348,5.296833484704419,0],[5.068174674263534,5.7627840544273985,0.35819033592535576,4.91331495499164,5.65265581808883],[2.8978614279608244,6.785199543822302,6.800244826829858,6.794834385478203,6.827545643535286],[4.770076009990949,0.7655800024706337,4.111185647557589,4.614221161318069,4.827730369190835],[4.166596853283766,2.5892746098273562,4.255744975386066,4.161257747930187,0.7385039064629824],[1.947295171321036,3.8487767921301645,3.7573202233403644,3.0599611997549414,3.8130249009798325],[5.970972252392763,1.5536991283499584,1.07440549974512,6.008826633980013,5.715232152091188],[5.831478760331035,5.946009175178521,1.7624671070303977,5.816094655201613,5.991384648393857],[4.255248651892156,2.5582190324783074,4.129518822128789,3.197687982125955,2.7926432493993123],[2.3578745968407135,7.476913401985379,7.266175117007532,7.225753801935151,7.473006405061726],[2.766328881414541,2.7045604205345906,7.323658841800941,7.3414751240088245,7.315931811868278],[8.843706899576048,8.7602267746656,8.957091037232615,8.725299874801628,8.595368212290131],[9.89108547337314,9.917930516796183,9.942258454967032,10.06831503024634,10.011954666010977],[8.793167486877218,8.668915323019041,8.77577550329464,8.887267006148697,9.034109124962866],[4.714634024602525,6.981173936692794,6.714062745168468,6.865224459331196,7.010970335660595],[1.0862371735258887,5.39997771171498,1.287895593632566,5.353073933117742,5.104108006622167],[5.702164237678272,1.2573024526387353,5.739542285137488,5.732294193048776,5.750867574501526],[1.0600469615548178,5.836550161657288,5.857975198646938,5.9348403923828315,5.866438916652041],[1.740547128913402,0.7037763409056015,4.406038083045416,1.77078027445611,3.9570433916398478],[1.4968239687472027,0.8855581910746687,3.422686778596719,3.377420641883543,3.827154773026184],[1.3132433130622436,5.45094816448457,5.204174507492015,5.549157091720642,5.513011169543674],[5.623664774687389,5.49148967086191,5.705396986436772,5.552258369190936,5.607795627908034],[1.8310788382743926,5.217415478492921,5.180393400342183,5.142680443002474,5.390220954093833],[5.521773810344328,6.056840764952119,5.817498226735488,6.666884901450318,6.650033362160225],[8.972193742156403,2.083275737893023,1.7625640547243546,9.05256414196392,8.844187832040346],[8.15739118392504,8.031125739790282,7.189992767785981,1.6667059245818545,8.178264114897427]],"times":[[9691,2009,3261,496,1846],[1331,326,304,941,781],[1174,861,785,1405,651],[826,1163,1206,212,9],[737,269,1497,1092,776],[659,692,121,245,250],[689,271,750,191,637],[816,217,39,306,314],[1099,1004,26,1179,251],[619,583,287,276,97],[376,301,1349,396,310],[537,635,356,165,99],[506,313,456,142,203],[511,175,270,118,123],[980,803,1168,147,96],[762,244,369,318,303],[770,534,27,89,11],[482,545,440,351,531],[743,789,1140,278,167],[451,1746,144,172,229],[718,410,403,66,403],[473,179,517,319,385],[447,326,257,778,216],[698,265,707,383,183],[755,1558,290,355,467],[717,400,413,152,21],[564,322,114,103,72],[894,696,247,390,641],[498,140,308,209,438],[537,693,246,166,156],[546,179,184,168,365],[399,386,246,76,101],[1466,302,700,147,92],[457,630,93,184,219],[299,692,182,597,325],[536,1519,734,227,144],[398,217,522,249,133],[348,165,483,248,67],[929,423,1128,398,98],[458,371,965,753,499],[382,414,286,316,56],[824,364,1383,263,176],[432,253,318,865,91],[280,140,79,141,278],[908,834,114,521,77],[635,222,225,325,87],[269,92,292,97,191],[397,38,262,173,32],[416,523,166,37,329],[449,163,240,326,659],[799,819,304,192,150],[497,395,378,214,192],[192,620,121,577,355],[807,365,316,662,637],[466,247,350,65,199],[300,191,93,129,86],[857,307,209,21,120],[723,1067,581,579,274],[672,733,247,155,265],[1812,481,480,1470,73]],