{"actions":[[2,2,0,1,2],[3,4,5,0,1],[0,1,3,5,4],[1,3,4,0,1],[2,3,1,0,4],[1,0,3,0,5],[1,2,0,4,3],[2,4,1,5,0],[2,4,3,0,1],[3,1,4,2,0],[5,3,2,1,0],[2,4,3,0,1],[1,2,4,5,0],[1,3,2,5,4],[0,5,4,1,2],[1,3,2,4,1],[0,5,4,1,3],[2,3,4,1,0],[3,4,5,2,1],[0,1,2,3,4],[2,4,3,0,1],[2,3,4,1,0],[1,4,2,0,3],[1,4,2,0,3],[2,1,0,3,4],[3,4,2,5,1],[0,5,4,1,2],[1,4,2,3,0],[4,3,2,1,0],[2,3,4,1,0],[0,1,2,3,4],[5,4,3,2,1],[2,3,4,1,5],[1,4,3,5,2],[2,1,3,4,5],[0,2,3,4,5],[1,4,3,5,5],[1,2,0,3,4],[2,3,4,1,0],[1,3,2,4,0],[5,4,2,1,3],[0,2,1,3,4],[4,1,2,0,3],[3,4,2,1,5],[2,3,4,0,1],[1,4,3,2,5],[0,1,2,4,5],[2,3,1,5,0],[1,3,4,2,0],[3,1,2,0,5],[1,2,3,4,5],[0,1,2,3,4],[5,4,3,2,1],[1,4,3,2,0],[3,2,1,4,0],[3,4,2,1,0],[3,2,1,0,5],[5,4,3,2,1],[3,2,1,5,4],[0,1,2,3,4]],"rewards":[[6.883794177300053,6.742720902755309,7.381120634092618,8.253963198431567,6.6861497174899185],[10.869312584821438,4.252462207137171,10.395249217431205,3.687440395487338,10.414261092521084],[7.086404098193838,8.147349049682036,11.02287332376299,10.427069299446508,4.00240579171421],[4.43385514424059,5.226234249362636,6.911015508664066,4.936827010334754,4.275509935742314],[8.37858629317846,1.8781849012255782,3.461587895654921,8.558790579619057,8.277798777095278],[4.486527525381535,4.863952832360554,1.878394779417112,5.066481951949773,3.208342579762338],[1.8773376225249687,2.7167941123194335,1.7181550318595458,4.870572007233559,3.8396907494950296],[5.137845986449278,3.9797089160701207,0.5174249923133675,0.7441662299957984,4.334324750443425],[2.713338348264549,4.076272486935749,0,1.5903358880984304,1.8904848289427356],[4.449747917044394,2.041917009573347,3.554672205433493,2.1738840835592623,1.8151485628506159],[6.765680830959273,5.455278717135784,2.3587769973203967,6.447730576839463,2.6993577945701777],[2.1488410823267974,1.915180691509738,5.333880090027081,1.766866780290345,1.937550784365666],[3.4645805577250286,3.9675867678918983,5.350857976527543,6.216152385478267,3.3954558864371096],[0.6658049730718509,1.4372585542762562,4.025937073325769,0.16939269916408295,3.8623118671100203],[3.2030999628472556,0.22865101791108502,3.9554386377114765,3.4732575938057875,3.9065879900574534],[2.403659617065251,4.7569305821207655,3.602980647965509,5.3847762786785855,2.233019562035387],[1.4682323730973181,5.339390179132388,1.17108096123754,6.456105781315256,5.485783112410502],[3.5480437174141874,5.304336597025527,1.221706366267389,2.3838358009308838,2.0532441506985073],[3.4585064408082165,4.396830591719983,5.291575803800853,2.9506548211065287,1.2784189529084764],[5.186197806094801,0.8540945652820378,6.249049069286591,0.7762744383863629,5.3090621828144275],[3.040113292333102,5.204315738501225,0.6087816451658022,1.0942835990029878,1.750167206224391],[5.912604774710748,7.171731618067871,6.644183683970189,5.226691241781525,5.146483238802373],[8.066529064769478,1.1563893292353131,0,0.9606681802364823,8.00861164647647],[5.248338044364827,1.3970815409884132,5.783473797171401,5.068941128342808,8.070675667523837],[5.306316269687385,4.273515997720107,4.3074989092527,6.041354669277785,6.881185595927615],[6.867979726764116,1.8892204172372558,1.900523925005656,6.739196715867581,6.653482052646566],[4.103033932332031,6.851212931060059,1.8866279499143745,4.249955899358176,5.573496906246611],[5.270294001407514,6.2811557128703415,5.950874065446038,7.063065303841172,4.233934446864634],[2.0247650350531354,8.461048156114733,1.894551791616502,8.968686919951251,3.5067652037748642],[6.2636575541959,8.43642564405749,1.8734260176785515,5.528179186039209,4.264081802545824],[6.425790337725131,4.095176229269668,3.7041849624605967,3.200043173620458,1.9925072917718518],[5.030829354540905,1.749972488469377,4.973847806902447,0.8343915557430567,4.83177768629425],[3.734111175705168,4.97403269809327,1.7225747844779207,4.458685854807864,5.0005963011595],[2.6981539183691385,5.87088811527974,4.741847724689586,5.907444148588008,2.7723478849810714],[5.884240297287675,1.7559196071885141,2.1071438338939825,5.600901531663771,1.4417308765336618],[2.1767054840572135,2.689483163182282,2.008169768854151,5.5733678387544145,1.552294253510834],[2.6118072946396182,4.698164342985598,5.479035477256284,5.5840162618073865,5.824964611268781],[10.336457259524169,2.9813218211441836,3.783772808018337,11.446472838515067,3.596993951492179],[3.454708098980548,11.401977936555959,3.8357289961449834,2.3542050350109056,1.2514840221533872],[8.383207116421739,6.705824238694161,7.622708604206519,6.509366848854053,9.71115693325058],[6.800849071582183,2.1194493815363686,2.8781611599667056,6.882844681948516,7.797952072748145],[9.7084561828773,7.510438096956997,8.541643360059997,7.791821379878731,2.030974443521483],[1.3451984483152384,3.6169471196153373,3.7457347210827594,4.435922377105546,2.104679769315918],[4.802467058321236,1.7768247632658734,1.233984545385725,4.813936451773041,4.983413315925269],[3.4830545345842534,4.8991208056728155,1.8857403127418666,4.500156832728733,3.5799373088266724],[6.205194833375019,8.053671483776101,6.558675778644513,7.177006526884265,8.047284511767797],[4.3782254052524925,0.5406708522966505,3.579709631502464,5.201636311853092,0.4006638958483047],[7.199419644483906,0,6.1489973356000425,0.5108871674808582,5.776877138391034],[4.859625597225812,3.153227216346792,2.5570761073056922,3.3746958193655487,6.150741756175349],[4.651238359520721,4.931490356158399,1.8297753201303235,0.5047601265332147,4.614487472463641],[4.761154204696843,3.340069722008771,4.871771798134098,1.3001945746593122,4.547686318375147],[9.606849238368765,7.829699098994441,7.49763708301585,6.496396670780765,5.1003315581324165],[2.7335359343967327,1.1431576529432217,4.092557017369523,1.1954487111609675,2.7452571267621],[7.723663080761398,0.7719387457436835,4.029871440949421,7.522780237543498,9.48982373957863],[6.496966338329782,6.804786574393125,8.072432428330526,6.0077678660872715,8.797811199467326],[4.190762239455329,1.603322898872805,1.566736429359391,4.016364637284235,0.7921866376352366],[4.315640806480958,6.765545855742976,8.011416902388227,8.497788573788867,3.5674115494617107],[3.1254262280241085,3.3614763962204854,3.331015824051672,4.242469688721764,4.990412469072483],[1.1178089736321022,9.294102506332953,1.7639423328645065,2.332272078712573,9.571852595241428],[5.223071649380234,4.988431420200826,4.173752004121074,1.2672285405419992,9.564599624068231]],"times":[[15261,2950,3414,723,174],[2850,1374,729,1102,189],[1268,135,1055,387,148],[1076,678,141,113,497],[1276,77,682,401,1206],[1094,457,1136,366,997],[1004,1080,594,1084,1084],[1157,864,655,1025,481],[745,905,907,855,452],[1157,74,320,698,376],[1089,934,1134,417,620],[1098,447,380,1060,314],[1189,606,763,431,819],[668,691,565,323,456],[1203,1010,207,217,220],[797,490,777,633,448],[573,523,256,178,320],[560,637,686,339,401],[1085,109,315,795,443],[554,355,358,909,1601],[1056,301,459,422,280],[1086,711,453,386,513],[1312,703,600,355,340],[764,824,465,809,862],[1528,544,555,1523,502],[1055,504,541,529,477],[630,765,601,368,463],[547,654,407,626,643],[1155,504,1394,435,675],[1855,670,897,437,395],[1650,440,511,452,398],[1575,187,262,247,224],[1565,277,421,333,680],[910,128,175,256,470],[831,451,981,472,407],[761,816,612,246,737],[639,212,181,305,893],[617,792,430,908,654],[1081,690,490,467,384],[1365,1824,607,620,572],[1473,443,457,401,904],[553,1395,474,1036,833],[1632,328,571,385,560],[1199,563,429,586,404],[1070,796,354,219,238],[1116,1061,537,498,867],[1245,521,499,706,1147],[843,738,321,342,920],[737,1062,190,469,46],[1282,770,438,272,329],[579,252,502,37,603],[1100,667,737,965,715],[1211,319,197,193,318],[914,893,224,76,184],[1783,934,437,336,402],[981,310,284,134,98],[1155,270,408,364,1156],[1789,288,54,89,337],[963,442,314,422,135],[863,562,570,761,932]],