{"actions":[[3,3,4,2,2],[3,4,4,4,4],[4,4,4,5,3],[5,4,2,1,0],[1,1,1,4,4],[3,4,5,0,0],[0,0,0,0,0],[0,1,2,5,4],[3,2,2,2,2],[1,0,4,5,3],[2,2,0,0,4],[1,2,5,5,5],[5,5,5,5,5],[5,4,4,4,4],[3,2,1,0,0],[0,1,1,1,1],[3,3,3,3,3],[4,4,4,4,4],[5,2,2,2,2],[1,1,1,1,1]],"rewards":[[0.5096840238313155,0.27902256506547607,4.45726235727486,3.202909371691421,3.229662969680709],[0.6973373421817417,4.369971400894122,4.4784734470890495,4.2878867767233855,4.465963239273414],[4.359301483913852,4.19309649083184,4.351322916966375,0.5549902444804973,0.44764281972953285],[0.5190187257645296,4.203020358923033,3.2186486404198433,3.012727947708429,2.0835436332731074],[3.027333821548328,2.979760341094586,2.9330027865281902,8.979749846801786,9.086447762686996],[3.402876458541938,0,4.100856568901899,8.461297144905574,8.5564617803284],[8.885051059997775,8.766837446561425,8.908556291115376,8.808540576202455,8.748604472784235],[2.045686353757458,3.4004824530261906,3.8480934419755934,1.2145027070425631,4.688161625764088],[3.141533003804405,6.587309369622912,6.316773825860058,6.3262136868448255,6.50081755393704],[4.941856719436065,3.2179515827443903,1.7240223957270733,4.178226790292371,4.7616081062314715],[5.131342181184729,2.040553157733094,1.2544977717102566,1.1109517748448254,3.950530645184959],[2.2727590541782727,2.842667000723411,8.491363729362442,8.527964048947668,8.587380793773056],[6.211449981220346,6.2940551990296,6.058853119676297,6.282113310051116,6.114206050622501],[0.760068388786651,7.54291015715783,7.348254108577016,7.446800349925048,7.283214763142145],[1.5050318521130008,3.438789677609446,4.020234368032453,5.107957354180874,5.309486112057817],[4.644866906760007,5.552670446057861,5.512500035102642,5.458990405660486,5.406637595686528],[6.102023048804104,6.245007932277598,6.021363251796804,6.1364204421686654,5.9681714948711555],[6.248386734278604,6.367226399628594,6.400677683640051,6.2604259939658435,6.511562188337326],[0.7140721523949147,7.146713900828076,7.120103729758002,6.836475027688479,7.003679923953162],[7.890152904370997,2.091880805610646,2.0321219007841225,2.0063652854581893,2.299738534888038]],"times":[[114634,3090,2392,2288,3880],[9320,953,624,991,596],[4530,376,229,261,814],[2949,677,5048,1015,1882],[7315,975,971,1655,970],[7398,971,857,1642,1408],[926,1062,410,430,675],[916,844,662,1675,706],[1809,853,953,1446,440],[1474,1139,903,654,1019],[65,6707,1580,1979,1127],[2992,1060,808,767,448],[1294,660,302,326,316],[1264,1042,411,336,331],[7017,1230,687,840,1233],[2140,983,1073,28,807],[1248,389,346,343,330],[1472,356,366,381,471],[1423,2168,502,342,364],[1652,439,398,381,338]],"condition":[["poseven"],["posodd"],["negodd"],["negodd"],["poseven"],["negodd"],["negodd"],["poseven"],["negeven"],["posodd"],["poseven"],["posodd"],["posodd"],["negeven"],["negeven"],["negeven"],["negodd"],["poseven"],["negeven"],["posodd"]],"envs":["envs/changepoint/poseven/poseven71.json","envs/changepoint/posodd/posodd35.json","envs/changepoint/negodd/negodd13.json","envs/changepoint/negodd/negodd36.json","envs/changepoint/poseven/poseven37.json","envs/changepoint/negodd/negodd31.json","envs/changepoint/negodd/negodd4.json","envs/changepoint/poseven/poseven17.json","envs/changepoint/negeven/negeven55.json","envs/changepoint/posodd/posodd40.json","envs/changepoint/poseven/poseven64.json","envs/changepoint/posodd/posodd5.json","envs/changepoint/posodd/posodd19.json","envs/changepoint/negeven/negeven75.json","envs/changepoint/negeven/negeven86.json","envs/changepoint/negeven/negeven30.json","envs/changepoint/negodd/negodd60.json","envs/changepoint/poseven/poseven62.json","envs/changepoint/negeven/negeven83.json","envs/changepoint/posodd/posodd8.json"],"money":"2.92","age":30,"gender":1,"hand":0,"experiment":"noncompositional","instcounter":0,"subjectID":"6175db12b41a9de303906935","studyID":"617b0174ce5353c47cc531c0","eval":[["negodd"],["poseven"],["negeven"],["posodd"]],"regrets":[[3.866518259048462,3.866518259048462,0,1.1302461624145508,1.1302461624145508],[3.866518259048462,0,0,0,0],[0,0,0,3.75644713640213,3.866518259048462],[3.75644713640213,0,1.1302461624145508,1.3549509048461914,2.3899104595184326],[6.137099027633667,6.137099027633667,6.137099027633667,0,0],[5.274172067642212,8.60815179347992,4.479710102081299,0,0],[2.630242347717285,2.630242347717285,2.630242347717285,2.630242347717285,2.630242347717285],[2.472062349319458,1.2167155742645264,0.8456428050994873,3.2096107006073,0],[1.7794849872589111,2.4384570121765137,2.4384570121765137,2.4384570121765137,2.4384570121765137],[0.2496962547302246,2.0642833709716797,3.4695616960525513,1.0610651969909668,0.5498294830322266],[0,1.9091262817382812,2.767980456352234,2.767980456352234,0],[6.786558151245117,6.03806734085083,0.43677425384521484,0.43677425384521484,0.43677425384521484],[0.5394659042358398,0.5394659042358398,0.5394659042358398,0.5394659042358398,0.5394659042358398],[6.67808073759079,0,0,0,0],[3.744492769241333,1.8634555339813232,1.271425724029541,0,0],[1.3526196479797363,0.5772590637207031,0.5772590637207031,0.5772590637207031,0.5772590637207031],[3.0312600135803223,3.0312600135803223,3.0312600135803223,3.0312600135803223,3.0312600135803223],[0,0,0,0,0],[7.68318110704422,1.4320640563964844,1.4320640563964844,1.4320640563964844,1.4320640563964844],[0.5357699394226074,5.921179533004761,5.921179533004761,5.921179533004761,5.921179533004761]],"maxrewards":[4.319235801696777,4.319235801696777,4.319235801696777,4.319235801696777,9.012216567993164,8.597288131713867,11.408596992492676,4.671388626098633,8.828396797180176,5.222474098205566,3.9652256965637207,8.979390144348145,6.6873698234558105,7.387933731079102,5.340578556060791,6.056488513946533,9.110998153686523,6.342509746551514,8.4376802444458,8.00334644317627],"bestoptions":[4,4,4,4,4,0,3,4,4,2,4,3,3,4,0,4,0,4,0,3],"rewardorder":0}
