{"actions":[[1,4,3,5,5],[0,1,2,4,4],[1,5,0,5,5],[0,1,0,0,0],[1,0,2,2,2],[2,2,2,2,2],[1,4,5,4,4],[0,2,4,3,3],[3,1,1,1,1],[1,4,0,0,0],[1,4,2,3,4],[0,5,0,0,0],[0,0,0,0,5],[1,4,3,5,5],[0,2,4,3,3],[1,4,0,0,0],[1,2,4,0,0],[0,3,5,4,0],[0,1,5,5,5],[1,1,1,3,5],[2,5,3,4,5],[5,0,1,0,0],[1,2,3,5,5],[3,5,0,1,2],[0,1,0,0,0],[0,1,3,5,5],[5,3,4,2,0],[0,5,5,5,5],[0,1,2,4,2],[2,2,2,2,2],[0,1,5,5,5],[0,1,4,3,5],[2,5,5,5,5],[0,1,5,5,5],[0,1,2,0,0],[0,0,0,0,0],[0,1,5,5,5],[0,1,3,5,3],[0,3,5,5,5],[0,1,0,0,0],[0,1,5,3,1],[1,3,5,1,1],[1,0,0,0,0],[0,1,2,4,4],[0,3,5,3,3],[0,1,0,0,0],[0,1,2,4,0],[0,0,0,0,0],[0,1,0,0,0],[0,1,3,5,5],[5,0,3,5,3],[0,1,0,0,0],[1,0,0,0,0],[0,0,0,0,0],[0,1,0,0,0],[0,1,2,0,0],[0,0,0,0,0],[0,1,0,0,0],[0,1,3,1,1],[1,1,1,1,1]],"rewards":[[4.990920283861618,6.745455268570087,5.815255600343634,6.89818887823968,6.842999248107961],[5.116537326575299,1.0134654279101665,5.465881322197536,5.596311370716824,5.617635602276315],[1.2589175612204575,6.943158765030084,5.3124047098164935,6.891871166685841,6.804073613124327],[5.408152179507489,5.077238785131792,5.519082277529364,5.479336268580197,5.482014076038542],[0.8345686072403053,4.363359255593678,5.538355133664198,5.613716419861316,5.741460298243474],[5.6490142024984795,5.398834212187841,5.625253740270883,5.605083343981852,5.671835309496414],[3.757667510746681,6.909867870109631,6.320830176778633,6.74663574293606,6.785114793667556],[2.9705084096064844,2.8703368963890004,3.779901484761416,8.02915369197566,7.9251868034291215],[4.494234902996064,8.26952061461213,8.129869887689363,8.212291982709768,8.29507217589044],[6.990930175305227,4.748579846692915,7.263271444809197,7.0936762284864745,7.022291881488784],[2.367333453213983,6.422870927771197,6.528216529293645,0.8508605348875112,6.24741618681688],[7.143016687317561,4.837118016458226,7.262333706987435,7.34061457324283,7.3376629302201835],[8.940322723319765,9.054614672829006,9.084136425654085,9.021133655318357,4.209868407726425],[4.956335771367512,0.3723280432971673,5.49005486764805,6.372915879626855,6.247343547406181],[0,1.1087587030901345,4.947324548889426,6.019777882586702,6.032309010646471],[6.460434588038718,4.189942333834501,7.0492818723801705,7.070147563400765,6.993374794109427],[1.7754585789860542,5.592132053095482,5.608158499046308,6.331548694007534,6.077288673814536],[6.209787565006592,5.332165693776173,4.228200737572172,4.222906393781108,6.250317235867676],[4.37344821047157,5.114743477684953,9.366783230473272,9.518672518165646,9.373143242628887],[9.627636535312625,9.469958974937716,9.560176634508002,10.092573677791481,10.467105971169282],[4.168879102124151,9.284869686088273,7.907500060946248,8.573624898220308,9.495325123659871],[2.675021581776985,5.409385747684878,4.608940700866325,5.458371127130741,5.558663980251305],[3.6916738013914,0,3.6659967988730906,4.434696970342561,4.4734503930335245],[3.4521740542655612,2.6045965527547343,0,3.6094595805006615,0],[4.296644530262012,3.833622836994748,4.397644456510264,4.280052317869993,4.061550037522014],[4.174395967021461,10.683466415920549,11.032809923936043,11.05699942300801,11.188797816560783],[0.2492925338300471,2.5773883327036904,2.6331628716509994,3.9495919208652333,3.9946599430914413],[2.6585370351285342,6.343400528649947,6.220408507476664,6.529868478988641,6.352374980775785],[8.43785432373633,3.0037597188112324,9.27411523553419,8.983279999202585,9.113277056104362],[8.928075444172059,9.139061826631032,9.355937477335274,9.025461575489151,9.344268540722055],[5.849714413856446,6.671616762202096,8.035964404963131,8.112850912448042,8.186994259800853],[2.5151650617994705,7.782387140332137,3.002910963232717,8.254247763800734,7.759809300413499],[3.2787907456536707,8.147814692234306,8.190091443902396,8.141990895921806,8.237639531113468],[1.5084602090453403,2.423027107922953,4.252928540074848,4.453288593133615,4.278274678738951],[5.319960166730424,0.862525641733582,4.52899425269367,5.378955759146659,5.3263741433426155],[5.564242660172949,5.488860360685346,5.317522587580943,5.404703266158071,5.428195943346419],[2.209115408839325,4.555351991746041,7.452608524925458,7.633079106343675,7.608354554563741],[4.240028133744162,10.986230121121036,11.049031041874644,10.898324120514602,10.91845907484431],[4.301618175502734,5.702279170332453,7.657175791259704,7.601119427564066,7.526072884166867],[6.398925906148536,5.629670856396684,6.111123078633092,6.04999752979392,6.100716502477797],[0,4.84185791507343,4.390153882569867,3.763591731843687,4.740376343917966],[4.897981747272104,4.399988484168268,3.403560157554602,4.942469928515561,4.854930066971671],[8.324017977083633,9.285802845564755,9.418107053114687,9.355616079185152,9.30899181429994],[4.499445589617884,0.18523045706391975,3.3517292357236395,5.094273293400738,5.21191460897457],[4.652343999553496,5.453645679337043,4.242762513546395,5.565062059200575,5.689158908078593],[4.632550496317301,4.467311686850646,4.543050427953061,4.402358461552207,4.5605650476445305],[6.148065437207495,1.4467173019682458,7.0658404744448395,5.877387297823678,6.046355752569101],[6.146916394944878,6.204522875591576,6.0504415784961845,6.071275917078494,6.1720322654922395],[8.87472191355574,7.557125622738986,8.891157105697793,9.01075028755002,8.87998689104683],[0.9901623262351371,6.292997389944891,6.879820070538222,7.128474522074302,6.975928591285229],[4.228168332890305,0.7841451957812253,6.413641075094284,4.413895737333086,6.445101927598048],[4.030607604210199,3.779152046384726,3.9646510061311244,3.8278911280220664,4.051354748760342],[1.0058622650100935,9.155702180751344,8.914508543967672,9.02479077261824,9.073939440674216],[8.811734796996761,9.197642308417947,9.04193272031353,8.962909528888469,9.124277881838578],[4.229905868690077,3.8307454724784695,4.405796743932396,4.374956831926956,4.41292656639564],[5.960258125830299,1.2164728081738403,5.91930537591416,6.101904505890509,5.876681478671808],[6.004253762702273,6.123707247516667,5.866023293639997,6.288368575741985,5.752582268836784],[4.776247717327681,4.362339750265362,4.762781597551219,4.997301047184392,4.962184789185654],[0.5561846403059235,6.016607495941385,4.954555548366564,5.9920277298660425,6.026797732786977],[5.959755561888115,6.043910317070557,6.022829043580882,6.123469810372231,6.1042777164162505]],"times":[[20053,3085,4370,773,1934],[3534,637,2376,2329,1396],[2726,2433,2250,376,850],[3251,1884,5386,324,252],[3599,2103,1037,515,711],[1831,2357,489,307,400],[1995,2203,411,2232,1642],[1738,918,1019,1144,481],[2160,677,366,302,343],[3886,588,1091,572,309],[619,201,1476,968,465],[636,1389,480,235,126],[1381,315,182,115,1934],[505,485,276,750,237],[1929,1246,513,337,357],[5748,2505,1515,293,242],[921,2692,329,1900,190],[2044,1214,881,28,123],[1491,179,1023,263,177],[417,735,162,2639,1723],[3653,573,1102,23,300],[1816,771,1734,256,88],[1144,2652,1140,170,597],[3446,368,1085,964,1043],[2473,308,4450,125,63],[1083,444,2243,764,260],[3934,318,859,1033,1658],[709,1110,1390,111,499],[3274,543,3960,842,665],[1210,278,315,144,190],[5667,923,688,103,4],[1239,472,1729,2075,848],[2079,881,276,278,19],[2787,279,458,101,49],[1464,305,1605,1239,104],[1426,148,892,385,201],[1337,256,1715,183,48],[2672,414,3098,861,687],[3867,638,402,354,117],[2495,1120,517,55,76],[2613,1964,2347,1150,506],[2551,1375,266,309,343],[1995,1068,798,157,66],[1556,649,1370,605,298],[3109,1832,1468,61,18],[4707,227,957,79,1635],[672,2293,516,857,701],[5782,219,104,88,80],[1535,4973,272,81,292],[2546,369,618,820,338],[1748,700,687,504,79],[916,386,961,184,164],[1704,1494,335,129,69],[1052,36,171,170,271],[1309,1674,590,87,198],[1196,288,2433,289,133],[482,307,13,231,179],[855,764,309,19,160],[445,550,2758,249,332],[383,78,55,525,102]],