{"x": [0, 1, 2, 3, 4, 5], "y": [-0.2449326366186142, 5.853725910186768, -0.0011692345142364502, 5.81793737411499, 0.2713300883769989, 6.0730109214782715], "params": [5.715692520141602, 0.25, 0.0, 6.317943572998047]}