{"x": [0, 1, 2, 3, 4, 5], "y": [1.7253235578536987, 6.133514404296875, 1.794821858406067, 6.6873698234558105, 1.5646110773086548, 6.147903919219971], "params": [4.510044097900391, 0.25, 0.0, 5.122758865356445]}