{"x": [0, 1, 2, 3, 4, 5], "y": [3.7272329330444336, 8.87770938873291, 3.3761372566223145, 9.357783317565918, 2.4600164890289307, 9.371881484985352], "params": [5.633422374725342, 0.25, 0.0, 6.911865234375]}