{"x": [0, 1, 2, 3, 4, 5], "y": [1.6368520259857178, 4.381063461303711, 1.0698240995407104, 4.796502590179443, 1.2568241357803345, 4.137762546539307], "params": [2.958810567855835, 0.25, 0.0, 3.7266783714294434]}