{"x": [0, 1, 2, 3, 4, 5], "y": [1.5750973224639893, 6.5616455078125, 1.8244664669036865, 6.733649730682373, 1.1494134664535522, 7.086849212646484], "params": [5.084370136260986, 0.25, 0.0, 5.937435626983643]}