{"x": [0, 1, 2, 3, 4, 5], "y": [1.5847713947296143, 4.610987186431885, 1.1753886938095093, 4.67264461517334, 1.7529124021530151, 4.1614089012146], "params": [3.412381410598755, 0.25, 0.0, 3.497255802154541]}