{"x": [0, 1, 2, 3, 4, 5], "y": [0.4420228898525238, 4.5807600021362305, 0.6934882998466492, 4.9509477615356445, 0.11467799544334412, 4.760708808898926], "params": [4.47075080871582, 0.25, 0.0, 4.836269855499268]}