{"x": [0, 1, 2, 3, 4, 5], "y": [3.105283260345459, 8.127884864807129, 2.0169272422790527, 8.142547607421875, 2.71578049659729, 8.814760208129883], "params": [5.96682596206665, 0.25, 0.0, 6.79783296585083]}