{"x": [0, 1, 2, 3, 4, 5], "y": [1.6658004522323608, 6.761682033538818, 2.3466811180114746, 6.834514617919922, 2.0169239044189453, 7.173186779022217], "params": [5.260174751281738, 0.25, 0.0, 5.507386207580566]}