{"x": [0, 1, 2, 3, 4, 5], "y": [0.5341338515281677, 4.174272537231445, 0.9190773963928223, 4.3468337059021, 1.5067329406738281, 4.497175216674805], "params": [2.8864619731903076, 0.25, 0.0, 3.963041305541992]}