{"x": [0, 1, 2, 3, 4, 5], "y": [0.7672959566116333, 7.304381847381592, -0.09772133827209473, 7.743135452270508, 0.9827932715415955, 7.020376682281494], "params": [5.9179840087890625, 0.25, 0.0, 7.840856552124023]}