{"x": [0, 1, 2, 3, 4, 5], "y": [3.4594035148620605, 9.05076789855957, 1.9001318216323853, 8.360651969909668, 2.060723066329956, 8.971355438232422], "params": [5.927216529846191, 0.25, 0.0, 7.150636196136475]}