{"x": [0, 1, 2, 3, 4, 5], "y": [4.3170013427734375, 10.673972129821777, 4.469614028930664, 10.603833198547363, 4.420713424682617, 10.709036827087402], "params": [6.351283550262451, 0.25, 0.0, 6.392035484313965]}