{"x": [0, 1, 2, 3, 4, 5], "y": [4.1390061378479, 10.932645797729492, 4.444146633148193, 12.026665687561035, 4.060164451599121, 10.748126983642578], "params": [6.96579122543335, 0.25, 0.0, 7.966501235961914]}