{"x": [0, 1, 2, 3, 4, 5], "y": [4.179947853088379, 4.666532516479492, 5.050685405731201, 5.5365095138549805, 5.808342456817627, 6.51690673828125], "params": [1.0782313346862793, 0.16896188259124756, 2.336958885192871]}