{"x": [0, 1, 2, 3, 4, 5], "y": [1.4573570489883423, 2.4071555137634277, 2.658292770385742, 4.240765571594238, 4.490102767944336, 5.49005651473999], "params": [2.4768028259277344, -1.5333253145217896, 4.0326995849609375]}