{"x": [0, 1, 2, 3, 4, 5], "y": [2.0849123001098633, 2.094459295272827, 3.3360178470611572, 4.429762840270996, 4.406475067138672, 5.651971817016602], "params": [1.315526008605957, -0.9594747424125671, 3.5670595169067383]}