{"x": [0, 1, 2, 3, 4, 5], "y": [3.18855881690979, 4.246476173400879, 4.292442798614502, 5.9557976722717285, 6.068918228149414, 7.024986267089844], "params": [1.9588311910629272, 0.4763057827949524, 3.8364274501800537]}