{"x": [0, 1, 2, 3, 4, 5], "y": [5.541216850280762, 6.722705364227295, 7.222411632537842, 7.5677313804626465, 7.661468505859375, 8.5604829788208], "params": [1.3028388023376465, 2.382795810699463, 3.019266128540039]}