{"x": [0, 1, 2, 3, 4, 5], "y": [3.707019567489624, 4.312837600708008, 4.917376518249512, 4.893701553344727, 5.437563896179199, 6.879656791687012], "params": [1.6443473100662231, 0.37290990352630615, 3.1726372241973877]}