{"x": [0, 1, 2, 3, 4, 5], "y": [5.507163047790527, 6.069620132446289, 6.278764247894287, 7.0470147132873535, 7.645730495452881, 8.627765655517578], "params": [1.1685237884521484, 1.865112543106079, 3.120602607727051]}