{"x": [0, 1, 2, 3, 4, 5], "y": [2.1078500747680664, 2.423332452774048, 3.59458065032959, 4.867865562438965, 5.374041557312012, 5.461392879486084], "params": [2.2563364505767822, -1.3080499172210693, 3.3535428047180176]}