{"x": [0, 1, 2, 3, 4, 5], "y": [1.8925420045852661, 3.53432035446167, 3.8240294456481934, 5.849787712097168, 5.896336555480957, 7.062035083770752], "params": [2.4394664764404297, -0.10577350854873657, 5.169493198394775]}