{"x": [0, 1, 2, 3, 4, 5], "y": [4.151506423950195, 4.927903175354004, 7.0096516609191895, 6.884735584259033, 8.644402503967285, 8.701465606689453], "params": [2.283625364303589, 1.7358332872390747, 4.549959182739258]}