{"x": [0, 1, 2, 3, 4, 5], "y": [2.5951924324035645, 2.8079097270965576, 3.3844504356384277, 4.568167209625244, 6.448033332824707, 7.308516502380371], "params": [1.9895658493041992, -0.7083359360694885, 4.713324069976807]}