{"x": [0, 1, 2, 3, 4, 5], "y": [3.137068510055542, 3.2890946865081787, 5.1324462890625, 5.199670791625977, 6.305335998535156, 7.09953498840332], "params": [1.9338420629501343, 0.02366393804550171, 3.9624664783477783]}