{"x": [0, 1, 2, 3, 4, 5], "y": [4.257644176483154, 4.899801254272461, 6.588045597076416, 7.28544807434082, 7.905683994293213, 8.848183631896973], "params": [2.345668077468872, 1.6344962120056152, 4.590539455413818]}