{"x": [0, 1, 2, 3, 4, 5], "y": [1.96217679977417, 2.4572560787200928, 4.162723541259766, 4.950156211853027, 5.715256214141846, 7.456429481506348], "params": [2.473598003387451, -0.5977818369865417, 5.494252681732178]}