{"x": [0, 1, 2, 3, 4, 5], "y": [6.303507328033447, 5.839696407318115, 6.804309844970703, 7.880745887756348, 8.932673454284668, 9.05892276763916], "params": [1.3012208938598633, 2.354400634765625, 3.219226360321045]}