{"x": [0, 1, 2, 3, 4, 5], "y": [0.4489400088787079, 1.6439577341079712, 2.515446901321411, 3.776155948638916, 3.7195234298706055, 4.29518985748291], "params": [2.322521448135376, -2.0139222145080566, 3.84624981880188]}