{"x": [0, 1, 2, 3, 4, 5], "y": [2.630138874053955, 2.9101266860961914, 3.6329405307769775, 5.333630084991455, 6.397616386413574, 6.553493022918701], "params": [2.375947952270508, -0.48351943492889404, 3.923354148864746]}