{"x": [0, 1, 2, 3, 4, 5], "y": [4.533601760864258, 4.715322494506836, 5.002646446228027, 5.966294288635254, 5.421226501464844, 6.704354286193848], "params": [1.019370675086975, 0.5055686831474304, 2.17075252532959]}