{"x": [0, 1, 2, 3, 4, 5], "y": [2.1620659828186035, 2.4307901859283447, 3.7453901767730713, 3.3766770362854004, 3.764270544052124, 4.340749740600586], "params": [1.1363567113876343, -1.869584560394287, 2.1786837577819824]}