{"x": [0, 1, 2, 3, 4, 5], "y": [2.603363513946533, 3.3170063495635986, 4.38476037979126, 6.029616832733154, 6.3248162269592285, 8.282305717468262], "params": [2.204974889755249, 0.29561281204223633, 5.6789422035217285]}