{"x": [0, 1, 2, 3, 4, 5], "y": [3.261431932449341, 4.369851589202881, 4.397943496704102, 3.7551653385162354, 5.550622940063477, 6.037688255310059], "params": [1.197000503540039, -0.548785924911499, 2.7762563228607178]}