{"x": [0, 1, 2, 3, 4, 5], "y": [5.87410831451416, 6.9561028480529785, 7.581789970397949, 6.9104437828063965, 7.898730278015137, 9.381197929382324], "params": [1.0712640285491943, 2.3122060298919678, 3.507089614868164]}