{"x": [0, 1, 2, 3, 4, 5], "y": [5.6674418449401855, 6.8035969734191895, 6.99106502532959, 5.7904815673828125, 0.8061184883117676, 4.511363983154297], "params": [1.4461827278137207, 2.0491840839385986, 3.014321804046631, 3.7695693969726562, 0.25, 0.0, 5.103027820587158]}