{"x": [0, 1, 2, 3, 4, 5], "y": [5.212898254394531, 5.816642761230469, 6.128504753112793, 11.561872482299805, 4.348540782928467, 11.78577709197998], "params": [2.271872043609619, 1.8890347480773926, 3.1521072387695312, 7.435816764831543, 0.25, 0.0, 8.79721450805664]}