{"x": [0, 1, 2, 3, 4, 5], "y": [3.804414749145508, 5.788707256317139, 6.803782939910889, 11.561854362487793, 3.881056785583496, 10.51857852935791], "params": [2.3281779289245605, 2.222839832305908, 5.848329544067383, 7.015604019165039, 0.25, 0.0, 8.51025390625]}