{"x": [0, 1, 2, 3, 4, 5], "y": [3.35029673576355, 4.180966377258301, 5.045207977294922, 5.81793737411499, 0.2713300883769989, 6.0730109214782715], "params": [1.9342048168182373, 0.26737719774246216, 3.7697112560272217, 5.715692520141602, 0.25, 0.0, 6.317943572998047]}