{"x": [0, 1, 2, 3, 4, 5], "y": [3.019212484359741, 3.69972825050354, 5.259517669677734, 9.703335762023926, 2.3603157997131348, 9.530668258666992], "params": [1.8966583013534546, 0.43016791343688965, 4.213681221008301, 7.310297012329102, 0.25, 0.0, 8.006617546081543]}