{"x": [0, 1, 2, 3, 4, 5], "y": [5.058223724365234, 5.230050086975098, 5.865322113037109, 8.152677536010742, 1.312199592590332, 8.039859771728516], "params": [1.1289818286895752, 1.1136245727539062, 1.9808435440063477, 7.1563310623168945, 0.25, 0.0, 8.47055435180664]}