{"x": [0, 1, 2, 3, 4, 5], "y": [1.6408474445343018, 1.7770414352416992, 2.899388074874878, 6.930267333984375, -0.020127832889556885, 6.337405204772949], "params": [1.4845852851867676, -1.9133561849594116, 2.7519986629486084, 6.200536727905273, 0.25, 0.0, 6.950395107269287]}