{"x": [0, 1, 2, 3, 4, 5], "y": [5.330471038818359, 5.615527153015137, 6.558837890625, 8.203624725341797, 3.2022769451141357, 8.260817527770996], "params": [1.7049812078475952, 2.4181690216064453, 4.21746826171875, 5.196806907653809, 0.25, 0.0, 5.890616416931152]}