{"x": [0, 1, 2, 3, 4, 5], "y": [1.286989450454712, 2.146873712539673, 2.5394606590270996, 3.078845739364624, 0.3454652726650238, 4.582310199737549], "params": [2.089312791824341, -1.746230125427246, 4.882045745849609, 3.5327391624450684, 0.25, 0.0, 4.750802040100098]}