{"x": [0, 1, 2, 3, 4, 5], "y": [4.4620442390441895, 4.419286727905273, 5.368547439575195, 5.5009260177612305, 1.432642936706543, 5.308136940002441], "params": [1.510342001914978, 0.8204108476638794, 2.5432238578796387, 4.092104434967041, 0.25, 0.0, 5.623882293701172]}