{"x": [0, 1, 2, 3, 4, 5], "y": [4.212238788604736, 4.1767964363098145, 4.527286529541016, 10.250022888183594, 3.6630308628082275, 10.089404106140137], "params": [1.2225326299667358, -0.23740679025650024, 1.823962688446045, 6.460926055908203, 0.25, 0.0, 7.6964240074157715]}