{"x": [0, 1, 2, 3, 4, 5], "y": [2.8652472496032715, 4.660690784454346, 5.2131667137146, 11.149803161621094, 3.926130771636963, 10.182852745056152], "params": [1.5458470582962036, 0.7498261332511902, 4.490866661071777, 6.175455093383789, 0.25, 0.0, 7.9837965965271]}