{"x": [0, 1, 2, 3, 4, 5], "y": [2.1163620948791504, 2.7483677864074707, 2.7148962020874023, 10.89236831665039, 4.402980804443359, 10.990621566772461], "params": [1.608056902885437, -1.66945219039917, 2.8362393379211426, 7.160003185272217, 0.25, 0.0, 7.507920265197754]}