{"x": [0, 1, 2, 3, 4, 5], "y": [5.98891019821167, 6.189340591430664, 6.837469100952148, 7.558506965637207, 2.2762014865875244, 8.863754272460938], "params": [1.0319056510925293, 1.8967881202697754, 2.224550724029541, 5.261332035064697, 0.25, 0.0, 6.587553024291992]}