{"x": [0, 1, 2, 3, 4, 5], "y": [0.40008848905563354, 1.3700964450836182, 2.97841477394104, 6.336878776550293, 1.6676342487335205, 6.568918704986572], "params": [2.448503255844116, -1.7563027143478394, 4.653077602386475, 4.448985576629639, 0.25, 0.0, 4.9835333824157715]}