{"x": [0, 1, 2, 3, 4, 5], "y": [3.409520387649536, 3.2861931324005127, 3.8201489448547363, 6.834514617919922, 2.0169239044189453, 7.173186779022217], "params": [1.7029207944869995, -0.4782521724700928, 3.0785892009735107, 5.260174751281738, 0.25, 0.0, 5.507386207580566]}