{"x": [0, 1, 2, 3, 4, 5], "y": [1.0927581787109375, 3.3874640464782715, 3.429537534713745, 2.3785767555236816, -0.08228589594364166, 3.2886962890625], "params": [2.0923023223876953, -0.8377063274383545, 5.601947784423828, 2.7659356594085693, 0.25, 0.0, 3.578472137451172]}