{"x": [0, 1, 2, 3, 4, 5], "y": [6.303507328033447, 5.839696407318115, 6.804309844970703, 10.603833198547363, 4.420713424682617, 10.709036827087402], "params": [1.3012208938598633, 2.354400634765625, 3.219226360321045, 6.351283550262451, 0.25, 0.0, 6.392035484313965]}