{"x": [0, 1, 2, 3, 4, 5], "y": [4.392442226409912, 4.591738224029541, 5.014513969421387, 10.122204780578613, 3.5131702423095703, 9.529350280761719], "params": [1.5666450262069702, 0.5780777335166931, 2.8839316368103027, 6.876103401184082, 0.25, 0.0, 7.35053825378418]}