{"x": [0, 1, 2, 3, 4, 5], "y": [6.112729072570801, 6.361353397369385, 6.974147319793701, 10.912384986877441, 4.336109161376953, 10.394237518310547], "params": [1.9106931686401367, 2.155141830444336, 3.5671567916870117, 7.076454162597656, 0.25, 0.0, 7.755374908447266]}