{"x": [0, 1, 2, 3, 4, 5], "y": [5.87410831451416, 6.9561028480529785, 7.581789970397949, 8.182381629943848, 3.0634572505950928, 7.923945426940918], "params": [1.0712640285491943, 2.3122060298919678, 3.507089614868164, 4.611715316772461, 0.25, 0.0, 5.814155578613281]}