{"x": [0, 1, 2, 3, 4, 5], "y": [5.9825334548950195, 5.590686798095703, 6.655925273895264, 5.055567741394043, 0.4005619287490845, 3.410231828689575], "params": [2.0712530612945557, 2.373251438140869, 4.3481950759887695, 4.557401180267334, 0.25, 0.0, 4.9535017013549805]}