{"x": [0, 1, 2, 3, 4, 5], "y": [4.592041969299316, 5.420365810394287, 5.70913028717041, 6.098354339599609, 3.0635087490081787, 5.972916126251221], "params": [1.780482292175293, 1.4113738536834717, 3.3523497581481934, 3.804476022720337, 0.25, 0.0, 4.353960037231445]}