{"x": [0, 1, 2, 3, 4, 5], "y": [2.630138874053955, 2.9101266860961914, 3.6329405307769775, 9.854580879211426, 3.5653345584869385, 10.223878860473633], "params": [2.375947952270508, -0.48351943492889404, 3.923354148864746, 6.061721324920654, 0.25, 0.0, 6.970451354980469]}