{"x": [0, 1, 2, 3, 4, 5], "y": [3.6143224239349365, 3.870093822479248, 4.796621799468994, 9.797971725463867, 2.166806936264038, 9.788395881652832], "params": [2.258303165435791, 0.7181975245475769, 3.9870307445526123, 6.876866340637207, 0.25, 0.0, 8.130805969238281]}