{"x": [0, 1, 2, 3, 4, 5], "y": [0.2538501024246216, 0.9026012420654297, 2.5532586574554443, 4.501624584197998, 0.4451151490211487, 4.547489166259766], "params": [2.381457567214966, -2.4914119243621826, 4.9355316162109375, 3.7110016345977783, 0.25, 0.0, 4.487115383148193]}