{"x": [0, 1, 2, 3, 4, 5], "y": [3.707019567489624, 4.312837600708008, 4.917376518249512, 4.634876251220703, 1.4839726686477661, 5.518543243408203], "params": [1.6443473100662231, 0.37290990352630615, 3.1726372241973877, 3.0827455520629883, 0.25, 0.0, 4.034570693969727]}