{"x": [0, 1, 2, 3, 4, 5], "y": [2.771639347076416, 3.234135627746582, 4.084807395935059, 5.026320934295654, 1.533372163772583, 4.518834114074707], "params": [2.222752332687378, -0.10067075490951538, 5.073514461517334, 3.004363536834717, 0.25, 0.0, 3.6190900802612305]}