{"x": [0, 1, 2, 3, 4, 5], "y": [3.137068510055542, 3.2890946865081787, 5.1324462890625, 4.0523247718811035, 2.029616355895996, 4.083338737487793], "params": [1.9338420629501343, 0.02366393804550171, 3.9624664783477783, 3.106860637664795, 0.25, 0.0, 4.463027477264404]}