{"x": [0, 1, 2, 3, 4, 5], "y": [1.3207557201385498, 1.655501365661621, 2.3416597843170166, 5.02921199798584, 2.21308970451355, 5.574390411376953], "params": [1.0252325534820557, -2.2108588218688965, 2.907512903213501, 3.4721450805664062, 0.25, 0.0, 3.529867172241211]}