{"x": [0, 1, 2, 3, 4, 5], "y": [2.166659355163574, 2.6506476402282715, 1.9429426193237305, 6.011954307556152, 0.49522164463996887, 5.326456069946289], "params": [1.766148567199707, -1.6005561351776123, 3.392540454864502, 5.1580610275268555, 0.25, 0.0, 5.516732692718506]}