{"x": [0, 1, 2, 3, 4, 5], "y": [5.507163047790527, 6.069620132446289, 6.278764247894287, 6.584590911865234, 0.5869529843330383, 6.393786430358887], "params": [1.1685237884521484, 1.865112543106079, 3.120602607727051, 6.248855113983154, 0.25, 0.0, 6.693708896636963]}