{"x": [0, 1, 2, 3, 4, 5], "y": [1.240772008895874, 2.4961822032928467, 3.4470934867858887, 11.451468467712402, 3.722057819366455, 10.504364967346191], "params": [2.39089298248291, -0.983833372592926, 4.510765075683594, 7.300110340118408, 0.25, 0.0, 8.399221420288086]}