{"x": [0, 1, 2, 3, 4, 5], "y": [2.9576659202575684, 3.6740305423736572, 5.405617713928223, 11.57895565032959, 3.661766290664673, 11.739335060119629], "params": [2.486356496810913, 0.5701425671577454, 4.73131799697876, 7.31282901763916, 0.25, 0.0, 8.090188026428223]}