{"x": [0, 1, 2, 3, 4, 5], "y": [2.1620659828186035, 2.4307901859283447, 3.7453901767730713, 4.729490280151367, 1.4771809577941895, 5.4400315284729], "params": [1.1363567113876343, -1.869584560394287, 2.1786837577819824, 4.263052463531494, 0.25, 0.0, 4.50282096862793]}