{"x": [0, 1, 2, 3, 4, 5], "y": [1.2807539701461792, 1.7650448083877563, 2.9295852184295654, 4.671607971191406, 0.4070844054222107, 4.3162922859191895], "params": [1.8526337146759033, -1.9907054901123047, 3.229309558868408, 4.355445861816406, 0.25, 0.0, 4.9280924797058105]}