{"x": [0, 1, 2, 3, 4, 5], "y": [1.8925420045852661, 3.53432035446167, 3.8240294456481934, 9.357783317565918, 2.4600164890289307, 9.371881484985352], "params": [2.4394664764404297, -0.10577350854873657, 5.169493198394775, 5.633422374725342, 0.25, 0.0, 6.911865234375]}