{"x": [0, 1, 2, 3, 4, 5], "y": [3.5264248847961426, 4.114131927490234, 4.830350875854492, 5.754167079925537, 0.3932209610939026, 5.76384973526001], "params": [2.3080780506134033, 0.7626810669898987, 4.293951511383057, 5.164521217346191, 0.25, 0.0, 6.367610454559326]}