{"x": [0, 1, 2, 3, 4, 5], "y": [3.053004741668701, 5.234477519989014, 5.944389820098877, 4.719448566436768, 1.2529906034469604, 5.314673900604248], "params": [2.3340444564819336, 1.5174204111099243, 5.947816371917725, 4.578128337860107, 0.25, 0.0, 5.6463823318481445]}