{"x": [0, 1, 2, 3, 4, 5], "y": [3.742443323135376, 4.339234828948975, 4.843049049377441, 9.761470794677734, 2.5015668869018555, 9.582249641418457], "params": [2.070326328277588, 0.7466018199920654, 4.2465314865112305, 7.184558391571045, 0.25, 0.0, 8.052264213562012]}