{"x": [0, 1, 2, 3, 4, 5], "y": [1.96217679977417, 2.4572560787200928, 4.162723541259766, 7.743135452270508, 0.9827932715415955, 7.020376682281494], "params": [2.473598003387451, -0.5977818369865417, 5.494252681732178, 5.9179840087890625, 0.25, 0.0, 7.840856552124023]}