{"x": [0, 1, 2, 3, 4, 5], "y": [1.7532535791397095, 1.659649133682251, 2.7473275661468506, 5.77754545211792, 0.5625487565994263, 5.46377420425415], "params": [1.4010101556777954, -2.0238962173461914, 2.6946370601654053, 4.319389343261719, 0.25, 0.0, 5.798684597015381]}