{"x": [0, 1, 2, 3, 4, 5], "y": [3.240420341491699, 4.3581037521362305, 5.463284492492676, 6.733649730682373, 1.1494134664535522, 7.086849212646484], "params": [2.236130952835083, 0.6232520937919617, 5.138181686401367, 5.084370136260986, 0.25, 0.0, 5.937435626983643]}