{"actions":[[5,4,3,0,4],[5,4,4,4,4],[4,4,4,4,4],[5,4,0,0,1],[0,1,1,1,1],[1,1,1,1,1],[5,4,3,0,0],[0,1,1,1,1],[1,1,1,1,1],[5,4,0,0,0],[0,1,0,0,0],[0,0,0,0,0],[5,4,3,0,0],[0,1,0,0,0],[0,0,0,0,0],[5,4,3,5,5],[5,0,4,4,4],[4,4,4,4,4],[5,4,3,5,5],[5,4,4,4,4],[4,4,4,4,4],[5,4,3,5,5],[5,4,4,4,4],[4,4,4,4,4],[5,4,0,0,0],[0,1,0,0,0],[0,0,0,0,0],[4,5,0,0,0],[0,1,0,0,0],[0,0,0,0,0],[5,4,0,0,0],[0,1,1,1,1],[1,1,1,1,1],[4,5,5,5,5],[4,5,4,4,4],[4,4,4,4,4],[5,4,0,0,0],[0,1,0,0,0],[0,0,0,0,0],[5,4,0,0,0],[0,1,1,1,1],[1,1,1,1,1],[5,4,5,5,5],[5,4,4,4,4],[4,4,4,4,4],[5,4,5,5,5],[5,4,5,5,5],[5,5,5,5,5],[5,4,0,0,0],[0,1,1,1,1],[1,1,1,1,1],[5,4,0,0,0],[0,1,0,0,0],[0,0,0,0,0],[5,4,5,5,5],[4,4,4,4,4],[4,4,4,4,4],[5,4,5,5,5],[5,4,5,5,5],[5,5,5,5,5]],"rewards":[[4.813757294731298,4.821118828177076,4.12868182402176,2.283501152459249,4.687897444581324],[1.1622687105489364,6.800135144778641,6.49101255014723,6.768624103273398,6.5206785392673945],[11.609460305043697,11.542830278707832,11.570235133032366,11.699080541605055,11.484945391920865],[1.4869784373041004,2.9167727843443014,5.287078532771293,5.336661408250769,5.552193291559076],[0.7827706857208261,5.0563550503621775,4.987116810179917,4.81640638962365,4.898550397026995],[10.746669144121983,10.588572961177242,10.4872835738908,10.46559392111114,10.588828857621278],[3.3410212518067683,4.054048031658843,5.0753367235211835,7.246022603871077,7.252258075552342],[3.1360797340001003,10.027595039591008,9.958831546508693,10.02284176995935,10.145707942194836],[16.268679735216693,16.227428702512967,16.140483615635787,16.29580582815465,16.169069749950513],[1.5205920521904577,2.4838644785708643,6.5459408569235515,6.401240111149897,6.477822339912498],[7.111824062461887,0.22024353668775015,7.318573834560923,7.199168059219551,7.063606240986754],[13.49373065834597,13.486632829332759,13.500967239647263,13.664081349357303,13.553246505394156],[6.0319043869297975,6.422226642264169,6.761600080676844,7.235598464143991,7.224557718066717],[11.239711873689236,4.0883764563127905,11.096764972999567,11.148613082522337,11.162170041650986],[18.495261885021456,18.44171670912682,18.51846614593937,18.57936581992315,18.458922261672623],[5.345947574343416,4.571278427373584,4.809985494319499,5.403932963698293,5.294356665308397],[1.504914931047047,5.273449596033528,6.3997047687988315,6.490156648113412,6.303605049051596],[10.815822416119964,10.764473181608677,10.886299604053654,10.652690115792616,10.918978673683476],[3.489241272264448,3.235904297443694,2.4519153847415667,3.5669014906796237,3.780469666330176],[4.238561434748618,11.151262078804681,11.002437790477222,11.150156415243364,11.053344283658063],[14.420307059221638,14.20327958390083,14.296411371085577,14.342450063296972,14.292662023852783],[5.604117331348314,5.4565269700677375,4.01463318188779,5.458094773960528,5.60324841814692],[0,6.961572091167649,7.087250263422115,7.0793462951235835,7.008427929685034],[12.194412899515308,12.008942483525253,12.055306227753281,12.17742052037842,12.149621721935384],[0.56173782025141,0.8249189903512324,4.795310722683767,4.76223551518004,4.728900347618458],[6.4436621517743955,1.6884119114982254,6.545954820989941,6.372133965052475,6.453099121662719],[11.243382807499614,11.106956091827987,11.25874013265941,11.245852022352505,11.34964764254874],[2.2419108769343317,1.9803292898828422,4.995370280025736,4.822286302184163,4.77989263959456],[8.74341373466783,4.744498056262176,8.779034863991674,8.6999572284915,8.814758535836038],[13.571161670560237,13.703107781042672,13.806113605215243,13.74901630213219,13.898586978618315],[5.606481443466884,6.0340389667161425,9.98923198033241,10.066798521609014,10.322436503621205],[0.29011058643695964,6.144231074071608,6.210311771951998,6.117567052535101,6.150561328861427],[14.80338285223568,14.82464461462824,14.72388134695242,14.635056599026402,14.661832005123152],[8.791188428880004,8.945564521557326,8.897501815792745,9.026414810587482,9.011480491468562],[8.711397428119946,2.942333559860595,8.699043366817245,8.596960925476504,8.753140713707973],[17.525992588866693,17.52569470665735,17.38703224719535,17.43347336107314,17.330615383501865],[0.19577508793578816,1.0173206729074702,4.360201191276787,4.532437205188733,4.656569549910683],[4.977422209041534,1.5458047437412936,5.209256965707204,5.2857584011325205,5.081953506644296],[9.552308080909759,9.747428096730056,9.650491567381522,9.60293058989176,9.651423762055366],[0.7495438100256642,1.7134548034173416,5.336961386600358,5.625940046151347,5.3446112724993124],[0.7070466821423405,7.556964452774853,7.681109751359862,7.721414996612269,7.773693632182775],[12.29107429312425,12.154868027714823,12.243653992857364,12.177278671275333,12.175713784255008],[6.8388145062463455,5.0433606839437015,6.713105158598402,7.039097539142496,6.698081478408718],[0.494055133043879,3.9238156397690616,3.8035168159079413,3.8890525840554395,3.7602203854609355],[9.047226233042249,8.912268186255808,8.973862124773477,8.773369638323699,9.091242243216968],[3.248759494031306,2.3494504047824063,3.1189713283663423,3.2271966649168844,3.1363426853595033],[8.282999353414455,1.6878005303838686,8.408222134371966,8.377252837551927,8.306899404251807],[11.377819280545832,11.552489289811678,11.438343673589982,11.473851612573037,11.38588360708214],[2.0455506480625822,2.4238962170092964,3.7452133302355097,3.6353642549667797,3.57825794718721],[1.4636419686891606,3.7087830133975292,3.7772353338088505,3.691850685894473,3.45170187760708],[7.142051921758458,7.21987843320712,7.287192738505981,7.026963397960515,7.033988486408486],[1.8092444121832503,2.4530070569110043,5.659183388843964,5.638617846789462,5.655259132741469],[6.261076133951457,0.3839628053262992,5.841949179850772,6.0379679288762675,5.89350902118646],[11.476355384909272,11.600628115592013,11.476292440510377,11.529068572508775,11.715142703514557],[4.523989260106431,4.39538807296382,4.518944669745601,4.560727320652251,4.664501144047796],[13.150886177378567,13.186043647802148,13.078861104494525,13.251168601329734,13.104083903413237],[17.610030367717783,17.58821756277363,17.69230072008828,17.749633329282588,17.513757661451674],[8.76329322878365,7.8746347782387565,8.971284094555662,8.857956902731695,8.683138963044922],[5.330193355720572,1.3240200793003782,5.326999589460535,5.229629766806008,5.244501810018708],[14.138745191958822,14.098624920985353,14.147864092951002,13.956152228503495,13.949355187394517]],"times":[[22425,1755,8591,1569,3275],[6031,660,2301,469,489],[2460,336,341,353,374],[4974,346,215,1198,1519],[2185,353,918,250,73],[3068,146,109,120,196],[2480,371,2398,489,775],[3678,237,440,357,177],[2130,479,111,123,102],[3539,926,773,263,992],[1628,312,340,129,122],[1196,82,137,136,310],[3562,2963,745,399,337],[2721,3029,459,36,177],[916,453,258,199,149],[4224,2037,1185,1211,80],[1960,387,1045,200,142],[1299,16,115,85,79],[3008,425,1430,371,280],[1551,233,245,304,251],[1254,122,143,134,152],[3372,292,2404,581,265],[1793,428,281,187,147],[2011,165,107,96,146],[3253,398,671,593,694],[3228,360,211,153,227],[611,91,123,49,166],[2058,94,439,267,202],[962,397,1149,131,171],[971,512,115,73,102],[1656,551,547,222,155],[1337,247,1704,247,191],[562,156,177,137,245],[3087,97,1557,72,148],[2226,59,103,83,76],[930,105,8,54,63],[2360,135,461,234,133],[1245,61,187,125,178],[3108,75,125,88,111],[2071,131,461,186,105],[1630,1025,196,105,131],[388,520,115,46,60],[2025,159,84,58,59],[2571,129,36,64,5],[1167,65,383,59,51],[3073,89,1416,419,131],[1934,531,676,73,427],[1083,1,353,100,204],[3607,88,293,372,100],[1027,116,87,138,137],[569,98,87,96,115],[4178,225,749,187,219],[1803,224,30,79,167],[1927,13,112,68,163],[1446,77,655,81,213],[1886,2783,137,83,95],[1143,459,125,106,192],[2156,4445,33,86,411],[2883,153,8,20,5],[1382,95,55,45,65]],