{"actions":[[0,1,2,1,3],[1,0,3,3,3],[5,0,5,0,5],[1,4,1,5,0],[5,4,1,4,4],[0,0,0,0,0],[0,0,0,0,0],[0,2,4,5,5],[0,2,3,1,0],[2,5,1,2,2],[0,2,2,2,2],[2,5,5,5,5],[5,1,2,2,2],[0,2,5,5,5],[4,4,4,4,4],[0,1,1,1,1],[1,1,2,2,2],[5,5,5,5,5],[0,2,4,5,5],[5,0,0,0,0]],"rewards":[[7.952847744027474,12.35649577174127,5.5839200244770915,12.494982012381959,11.005076066215109],[4.878372474191464,8.118394069788808,8.496981556781062,8.367287975403961,8.2517940856644],[10.031483989725878,11.036179701583933,10.183685260382896,11.092683560129883,10.188226053501968],[8.231432246298741,8.348074457060674,8.271400546347111,11.059291640637726,3.653779180730357],[5.290446059196478,10.778934578167235,4.026607451421172,10.838310768397266,10.738406337351366],[13.68194957485462,13.481739761771419,13.567189792529522,13.41850975193419,13.461870701457075],[12.132402047616132,11.907496589545813,12.217672858067559,12.168566627658599,12.120666099459376],[6.32993508735867,5.3710175486276475,3.550742293505346,6.673466700181047,6.747396378716096],[12.725550418452302,12.392598403472476,5.546227343080733,6.733448999940929,12.856408047173407],[9.477917382396239,5.279450520182837,4.952512127734072,9.484577800821008,9.611980032404366],[6.9869921222541995,8.354729514162939,8.476384880295408,8.482421496158475,8.342771554007658],[9.522408370119418,17.438494866725954,17.40142586729078,17.472358649265836,17.662128550161537],[3.5986149051428797,6.115422973651339,7.296654893582855,7.185144106079188,7.049754331852231],[4.5134610518748115,4.551341192105951,11.487311945757927,11.492409804739154,11.722094020996689],[12.167436935084233,12.192257917483484,12.52214021974002,12.296924781999767,12.234584230304556],[7.525441738615705,13.156762448014948,13.260457546034537,13.304453602512188,13.30046844915378],[7.706217053404895,7.721760638831901,13.167338662936151,13.06037399089217,13.054636307873459],[12.594464876549237,12.848012929444073,12.724886050607768,12.695692477441918,12.645568339219448],[7.375986990489622,5.443551872412814,4.699228529566337,10.856440726595281,10.889519896483572],[9.72356269565649,12.266743696815375,12.099958219722264,12.164700818430822,12.262073443241803]],"times":[[28876,907,696,586,259],[2628,515,730,514,723],[1784,550,369,244,227],[2605,910,496,228,247],[1409,593,622,399,219],[1283,511,221,89,278],[1413,550,280,364,364],[1775,965,645,157,384],[1457,605,745,380,290],[1572,2571,875,224,512],[1230,511,416,107,385],[1784,535,324,233,312],[3080,522,523,305,286],[1212,206,388,54,95],[1378,156,6,404,314],[2261,261,204,203,101],[1418,164,164,141,17],[1234,1685,38,136,15],[2068,480,460,188,21],[1534,402,208,5,153]],"condition":[["negodd"],["poseven"],["poseven"],["posodd"],["poseven"],["negeven"],["negodd"],["negodd"],["negeven"],["poseven"],["posodd"],["posodd"],["negeven"],["posodd"],["negeven"],["negodd"],["negeven"],["posodd"],["negodd"],["poseven"]],"envs":["envs/add/negodd/negodd91.json","envs/add/poseven/poseven11.json","envs/add/poseven/poseven5.json","envs/add/posodd/posodd52.json","envs/add/poseven/poseven30.json","envs/add/negeven/negeven93.json","envs/add/negodd/negodd94.json","envs/add/negodd/negodd67.json","envs/add/negeven/negeven20.json","envs/add/poseven/poseven62.json","envs/add/posodd/posodd18.json","envs/add/posodd/posodd87.json","envs/add/negeven/negeven16.json","envs/add/posodd/posodd79.json","envs/add/negeven/negeven6.json","envs/add/negodd/negodd81.json","envs/add/negeven/negeven46.json","envs/add/posodd/posodd19.json","envs/add/negodd/negodd61.json","envs/add/poseven/poseven10.json"],"money":"3.88","age":30,"gender":1,"hand":0,"experiment":"noncompositional","instcounter":0,"subjectID":"583862506be00b0001cf8506","studyID":"6168186185dddf5426605410","eval":[["negeven"],["posodd"],["negodd"],["poseven"]],"regrets":[[4.445858955383301,0,6.974422454833984,0,1.3004579544067383],[6.422243595123291,3.0610198974609375,2.9390316009521484,2.9390316009521484,2.9390316009521484],[2.94608211517334,2.0667572021484375,2.94608211517334,2.0667572021484375,2.94608211517334],[2.8995656967163086,2.847921371459961,2.8995656967163086,0,7.51461935043335],[5.461804389953613,0,6.850797891616821,0,0],[0,0,0,0,0],[6.2671918869018555,6.2671918869018555,6.2671918869018555,6.2671918869018555,6.2671918869018555],[4.438443183898926,5.184544086456299,7.159524440765381,3.7938756942749023,3.7938756942749023],[0,0.3531160354614258,7.3052144050598145,6.069311141967773,0],[0,4.006507396697998,4.3218488693237305,0,0],[10.638113975524902,9.159793853759766,9.159793853759766,9.159793853759766,9.159793853759766],[8.546167373657227,0.5404796600341797,0.5404796600341797,0.5404796600341797,0.5404796600341797],[3.4085757732391357,1.1263809204101562,0,0,0],[7.136333465576172,6.895143985748291,0,0,0],[1.4951610565185547,1.4951610565185547,1.4951610565185547,1.4951610565185547,1.4951610565185547],[5.613039970397949,0,0,0,0],[9.433418273925781,9.433418273925781,4.080493927001953,4.080493927001953,4.080493927001953],[0,0,0,0,0],[5.459500312805176,7.362626552581787,8.335971355438232,2.0123157501220703,2.0123157501220703],[5.883946418762207,3.220564842224121,3.220564842224121,3.220564842224121,3.220564842224121]],"maxrewards":[12.456997871398926,11.310850143432617,13.071096420288086,11.182873725891113,10.778783798217773,13.488704681396484,18.411006927490234,10.56743049621582,12.826024055480957,9.432839393615723,17.53896713256836,17.99295997619629,7.126043319702148,11.542171478271484,13.734323501586914,13.215095520019531,17.22380828857422,12.664810180664062,12.888118743896484,15.50332260131836],"bestoptions":[1,4,4,5,4,0,1,1,0,2,5,3,2,5,0,1,0,5,1,4]}
