{"actions":[[3,2,5,0,1],[1,3,2,5,0],[3,1,5,0,4],[3,2,0,3,0],[3,2,3,1,1],[3,1,2,2,2],[3,1,2,2,2],[3,2,4,3,3],[1,0,3,0,5],[2,1,1,1,1],[3,3,3,3,3],[2,1,1,1,1],[5,3,2,2,2],[2,2,2,2,2],[1,3,2,5,2],[3,2,0,5,4],[2,1,4,3,3],[1,2,2,2,2],[3,3,3,3,3],[5,5,5,3,5]],"rewards":[[4.218325034978795,8.668844815840096,2.1994240281063004,11.647968450322667,5.045605142041505],[17.59340695896543,15.295148825141174,8.53629468928696,14.691060009006693,10.967424534532046],[5.4708676007549695,4.429392302039159,7.673542770732182,5.491882331940045,8.522399346000897],[11.622007089547779,8.062970683599259,7.1490909670039775,11.646762772074913,7.189129885068158],[11.356870828920368,6.3710070189619055,11.410121494948957,9.707140605088016,9.553260669285411],[8.834247849750325,5.617119244562266,14.391169304939694,14.325931690087657,14.520310584025774],[7.547391650259279,8.075245426202974,13.483846476804718,13.517422248603483,13.311426990329434],[11.757593129427935,8.02816157988195,8.569340082662745,11.97073757745022,11.891950811906579],[4.066315180906776,10.555220332183584,4.928466725163239,10.535236165397642,5.195477084829959],[7.028780867978009,12.273149626817759,12.29379194347177,12.262706791561442,12.234465511842647],[15.409843566576098,15.542743868803777,15.433924240376902,15.472144497855528,15.336699770447304],[6.62712643926586,13.961021416397552,13.997790613562584,13.850419382439807,13.849809358679696],[7.127643887848685,9.378848072454762,15.120680494319414,15.007338913475929,14.814738982244497],[12.570225293527182,12.67723318074789,12.582440922191886,12.95312942070105,12.706532337822356],[4.3809257770562535,5.48179374137484,9.429328701901253,6.385068064531434,9.472607204492604],[9.354001025229698,2.474187296588758,5.6731089481453285,8.249419781351744,2.8363511299841493],[6.321036189508584,9.63222501442006,8.485669623081343,10.946058329286906,11.096589325836783],[6.279005945944068,13.30346063445083,13.477733905226186,13.400127758378483,13.486671298674224],[10.934232447467664,10.913452890482667,10.96951306162954,10.925919794372403,11.057875624854194],[10.361407728363032,10.0903930547748,10.346218152546909,8.201730610100775,10.13926673588777]],"times":[[525907,1483,1140,1485,1062],[3520,1812,1639,1498,1234],[3830,998,1030,1062,1157],[3330,869,889,1235,1140],[2420,825,953,735,843],[2341,717,592,781,1155],[3168,1093,595,640,640],[3196,733,1218,438,750],[2638,749,1015,470,750],[3112,843,610,1062,1221],[2190,641,670,688,951],[3930,749,547,755,688],[2926,657,874,640,516],[2100,500,500,640,720],[4958,560,373,658,687],[1911,579,622,624,703],[2734,486,1312,892,531],[2582,486,469,217,516],[2288,889,688,672,1376],[2158,656,655,1064,577]],"condition":[["negeven"],["negodd"],["poseven"],["posodd"],["posodd"],["poseven"],["negeven"],["posodd"],["poseven"],["negodd"],["negodd"],["posodd"],["negeven"],["negeven"],["poseven"],["negodd"],["posodd"],["negeven"],["negodd"],["poseven"]],"envs":["envs/add/negeven/negeven3.json","envs/add/negodd/negodd84.json","envs/add/poseven/poseven96.json","envs/add/posodd/posodd66.json","envs/add/posodd/posodd40.json","envs/add/poseven/poseven7.json","envs/add/negeven/negeven41.json","envs/add/posodd/posodd99.json","envs/add/poseven/poseven51.json","envs/add/negodd/negodd9.json","envs/add/negodd/negodd80.json","envs/add/posodd/posodd56.json","envs/add/negeven/negeven88.json","envs/add/negeven/negeven68.json","envs/add/poseven/poseven31.json","envs/add/negodd/negodd70.json","envs/add/posodd/posodd37.json","envs/add/negeven/negeven85.json","envs/add/negodd/negodd0.json","envs/add/poseven/poseven69.json"],"money":"3.94","age":40,"gender":0,"hand":0,"experiment":"noncompositional","instcounter":1,"subjectID":"58fd1e751178370001dd35bb","studyID":"6168186185dddf5426605411","eval":[["posodd"],["negeven"],["negodd"],["poseven"]],"regrets":[[7.350471496582031,2.9892406463623047,9.646032571792603,0,6.4088897705078125],[0,2.504209518432617,9.057611465454102,2.9157752990722656,6.563676834106445],[3.1817469596862793,4.09941291809082,0.8233108520507812,3.3113951683044434,0],[2.2418832778930664,5.661794662475586,6.679898262023926,2.2418832778930664,6.679898262023926],[0.3321399688720703,5.341951847076416,0.3321399688720703,2.1560497283935547,2.1560497283935547],[5.680254936218262,8.843093872070312,0,0,0],[9.361591339111328,8.590568542480469,3.2932300567626953,3.2932300567626953,3.2932300567626953],[1.167379379272461,4.835573196411133,4.41690731048584,1.167379379272461,1.167379379272461],[8.000503540039062,1.5794610977172852,7.125133514404297,1.5794610977172852,6.876538276672363],[5.2221527099609375,0,0,0,0],[0.07216262817382812,0.07216262817382812,0.07216262817382812,0.07216262817382812,0.07216262817382812],[11.01896858215332,3.618783950805664,3.618783950805664,3.618783950805664,3.618783950805664],[8.645469665527344,6.189811706542969,0.7432079315185547,0.7432079315185547,0.7432079315185547],[1.404250144958496,1.404250144958496,1.404250144958496,1.404250144958496,1.404250144958496],[5.868841171264648,4.637385368347168,0.7494173049926758,3.836545944213867,0.7494173049926758],[0.8860607147216797,7.770023822784424,4.48748779296875,2.1219043731689453,7.302612543106079],[6.403504371643066,3.1201324462890625,4.21878719329834,1.6531639099121094,1.6531639099121094],[7.41372013092041,0.5079917907714844,0.5079917907714844,0.5079917907714844,0.5079917907714844],[1.5857477188110352,1.5857477188110352,1.5857477188110352,1.5857477188110352,1.5857477188110352],[2.6633338928222656,2.6633338928222656,2.6633338928222656,4.707235336303711,2.6633338928222656]],"maxrewards":[11.649911880493164,17.575435638427734,8.570419311523438,13.786097526550293,11.739814758300781,14.475752830505371,16.697006225585938,12.966524124145508,12.147195816040039,12.271322250366211,15.538280487060547,17.571224212646484,15.658353805541992,14.140832901000977,10.137138366699219,10.208272933959961,12.735908508300781,13.877506256103516,12.619319915771484,12.883953094482422],"bestoptions":[0,1,4,5,5,2,0,5,4,1,1,5,0,0,4,1,5,0,1,4]}
