{"actions":[[0,3,4,5,5],[0,3,4,5,5],[5,5,5,5,5],[0,3,4,5,5],[1,3,2,5,1],[0,3,5,5,5],[0,3,5,5,5],[0,5,1,0,0],[0,3,5,5,5],[0,2,5,0,0],[0,3,5,5,5],[5,5,5,5,5],[0,3,5,5,5],[0,3,4,0,0],[0,0,0,0,0],[0,3,5,0,0],[0,5,5,5,5],[5,5,5,5,5],[0,5,5,5,5],[0,3,5,0,0],[0,0,0,0,0],[0,4,0,5,0],[0,3,5,5,5],[5,5,5,5,5],[0,4,0,0,0],[0,3,5,0,5],[5,0,0,0,0],[0,3,5,5,5],[0,3,5,3,3],[3,3,3,3,3],[0,3,5,5,5],[0,3,0,1,0],[5,5,5,5,5],[0,3,5,4,5],[5,0,3,3,3],[3,3,3,3,3],[0,3,5,5,5],[0,3,5,5,5],[5,5,5,5,5],[0,3,5,5,5],[5,0,1,0,0],[5,5,5,5,5],[0,0,0,0,0],[0,3,3,3,3],[3,3,3,3,3],[0,3,0,0,0],[3,5,0,3,4],[0,0,0,0,0],[0,3,5,5,5],[0,5,3,0,0],[5,5,5,5,5],[0,3,5,5,5],[0,5,5,5,5],[5,5,5,5,5],[0,3,5,5,5],[0,3,5,5,5],[5,5,5,5,5],[0,5,0,0,0],[0,1,5,3,0],[0,0,0,0,0]],"rewards":[[4.1828365781546974,7.21462992076347,6.1808673051940834,7.848928831038898,8.08140931615132],[3.648277659077731,8.39285423354493,2.0918359052511444,9.010268813543014,8.90466187946181],[16.82684305753854,16.924129689729725,16.73703163226683,16.822133080991506,17.016442432566667],[4.6112911818647495,6.405377741218079,6.287891343682626,6.920119986934016,6.949426122342209],[6.546626406824361,5.395691464813302,1.87595997070862,5.050651649982382,6.632455309633581],[5.126042831283991,12.019037799386705,12.407067394949163,12.366507827141012,12.353037689957885],[0.0713236339155361,3.5737744835298217,5.712258254766058,5.574842861886744,5.725693105013286],[5.007407801081393,1.3986968818074033,0.22930780360094768,5.0312933463928236,5.121150696034906],[5.109474279489393,4.473339300286956,6.929569047049715,6.987401066617233,6.816663750731412],[7.231881811785156,6.192046272824748,3.225034368062367,7.223810824646236,7.377430952626716],[3.1496258230404592,9.71430617374254,9.905772939077654,9.965711262833427,9.897620919093558],[13.064586639784881,13.312172038739359,13.021808755643626,13.17516213001647,13.006994640754424],[2.405987118045075,5.422609977916391,6.987148570916115,6.973863973934238,6.847815438682463],[5.997575266711082,0.46995483782872655,4.968631765855976,6.202238529058763,6.120710070354576],[8.397772017629473,8.401925159149771,8.264114026363703,8.30548952347409,8.452340026227153],[6.530896385281399,3.441176292865416,1.9904666074465056,6.516015186344555,6.625082892681696],[1.8637671386360117,7.088376965385949,7.24315725020938,7.352345178785991,7.328096309401398],[9.276690226167586,9.206511729214695,9.242077861130715,9.235088956207226,9.345755838973062],[6.399844458290016,8.886720586591764,8.876844089659564,8.87300527703266,8.76372780683153],[6.901843805217735,0.7709031738802739,1.069821515257408,6.895979547914348,6.8029773807030836],[13.270174898898606,13.109136242102776,13.003311014734022,13.15526710576156,13.08339244037294],[4.473608125729826,1.9105868261443395,4.615444029851868,1.5619312062509307,4.602444332115443],[3.84035346667874,8.371172143198045,9.675075570520804,9.510911096050389,9.65531074130453],[11.27258512962682,11.301750171030687,11.497617777315979,11.382887948248516,11.14718917312004],[8.061127597699329,4.4275118669454026,8.214478509309242,8.11393802758533,8.201314500871296],[2.4946415212256805,5.138913669393069,5.419591908365188,2.5175690739140135,5.491492903278726],[9.682906514333945,10.678703051308359,10.78278743059219,10.901219742747573,10.868228302289284],[0.7985060266917524,3.5722237359355073,5.282904210333502,5.351793363461711,5.314751739071506],[2.747077539507213,9.003098129914392,8.591157571844374,8.707795293965034,9.010645213274266],[12.473035468450112,12.509282709281647,12.214609358907754,12.558187700398715,12.493421423204232],[3.4211042594426315,6.512192056990665,7.98317408708478,7.886819440921551,8.118393733003707],[4.278943890738246,0.3299101797703273,4.338615787128254,0,4.466421161727171],[8.302736464207662,8.613706570458303,8.610988155514477,8.503481751450984,8.728113264312949],[1.061159035156689,3.210148617284962,4.159018179592402,2.9692855843824453,4.414437492022705],[5.727971239124732,2.9420124689504776,5.029238245556724,4.95106415538356,5.041426453034719],[8.310876702727947,8.368432891261278,8.358392515264024,8.306994466661324,8.274181208223759],[3.1859699344971886,4.035267728235469,5.467877432890373,5.489968109555967,5.588600452637864],[4.269679940638798,9.708918234822738,10.274264270178216,10.572139798157961,10.510033438018786],[16.002033579845417,15.920765249282272,15.961739319831322,16.14098264109762,15.886633277224032],[1.072584588124316,4.234255220925737,6.728755000988171,6.956538413993878,6.644642512608748],[0.725348076826786,3.7229427272412376,1.5321683311344523,3.458865924409665,3.5568288578111704],[7.280969139821363,7.470257175117638,7.616382778307173,7.359632989866726,7.495896224709868],[9.843900457170504,9.87924551516521,9.81113903937572,9.902994724004815,9.79439710545234],[2.2691404334579683,10.02563301719224,10.089138292136584,10.148745690643267,10.256931253210556],[16.82447503086653,16.64909619425942,16.835042877668585,16.60662650244332,16.937959638964763],[8.887225250918831,6.069147150728409,8.616545380739547,8.87217173020238,8.346435514736532],[6.534602584558172,6.211529351422052,0.39569230269335814,6.273022950386242,0.7765874700472608],[9.061735454910844,9.217501209687025,8.999968409390368,9.015380953531198,8.977243513167002],[4.935581167100575,7.094507647001713,7.773474012435365,7.6428228028351715,7.578802352506729],[5.17813722960319,1.1327880939442991,0.3551544860497285,5.031358707339585,4.980022521507716],[8.683325803031035,8.68093974294051,8.703377239098366,8.629402263484776,8.610700208696164],[6.329797044470575,7.7836023564853685,9.12232778186877,9.126035703207434,9.106801117239584],[4.2110838192366336,10.77871897933058,10.76399093978814,10.752753941071946,10.759441851323716],[19.648720642168374,19.854114225603713,20.04603198857595,19.909327877845488,19.730551456825754],[2.11840569848532,4.528027552427158,5.515492544108906,5.486397456393442,5.485473626336336],[1.0150563826694003,3.3670862791699787,4.303213750240506,4.350675206431281,4.290070260948181],[10.034026418242306,9.915679650207755,9.951374206773,9.869738685720357,9.940246371798311],[8.361242257329417,5.164759969848284,8.220832511209569,8.431691941474273,8.417372378591812],[2.3010431506536637,0,0,0.304412751258021,2.504570427200987],[10.964208240877399,10.939700941019826,10.94933144296012,10.806546122072081,10.849297790307844]],"times":[[22691,1839,3102,7859,722],[2713,2238,842,1408,293],[1487,842,917,964,594],[3289,723,2541,489,40],[2845,2263,1851,1269,237],[1205,2084,775,71,929],[3493,765,521,141,688],[4224,572,3011,253,192],[1194,2927,1248,51,701],[1276,3234,1175,112,179],[1439,1088,561,10,313],[581,132,226,279,310],[2184,276,284,29,68],[1845,573,4445,201,96],[1137,126,127,178,412],[1604,327,427,132,77],[3312,1463,47,110,313],[1495,275,84,61,39],[661,574,239,232,181],[746,887,307,177,87],[702,975,110,74,279],[621,1469,485,494,197],[461,695,1333,270,56],[357,50,77,199,12],[712,1892,1791,235,353],[467,500,66,106,556],[610,15,219,167,67],[594,500,10,201,234],[509,326,916,157,322],[712,80,208,22,37],[415,580,206,251,203],[602,161,909,277,66],[286,147,181,73,129],[378,511,146,592,180],[257,714,598,819,4],[394,207,171,176,15],[404,342,99,5,188],[335,181,595,132,322],[282,57,6,3,2],[311,106,72,10,88],[847,168,263,641,137],[301,219,152,129,268],[668,893,205,227,244],[571,172,285,73,5],[247,114,125,168,170],[429,1667,72,118,111],[580,136,253,108,494],[404,153,81,106,209],[350,176,431,79,202],[340,171,260,178,172],[270,99,4,3,202],[404,609,1230,126,125],[397,373,109,23,190],[239,26,145,71,88],[396,211,13,131,78],[302,446,439,211,190],[380,84,81,311,436],[528,475,69,43,219],[489,315,348,369,362],[293,158,157,209,450]],