{"actions":[[3,3,4,5,0],[0,5,1,2,4],[1,0,2,1,0],[0,5,1,2,0],[0,1,2,0,0],[0,1,0,0,0],[0,5,4,5,1],[4,0,5,1,4],[4,2,4,4,4],[0,5,1,0,0],[0,1,3,1,1],[1,0,1,1,1],[0,5,1,0,1],[1,0,0,0,0],[0,1,2,4,0],[1,0,2,0,0],[0,5,4,3,3],[3,0,2,3,3],[0,5,0,0,0],[0,5,4,3,1],[5,0,0,0,0],[5,0,1,0,0],[0,2,4,1,2],[2,1,2,2,2],[5,0,1,2,0],[0,5,5,5,5],[4,5,5,5,5],[5,0,4,5,5],[0,5,0,0,0],[0,1,0,0,0],[5,0,1,3,1],[5,0,1,0,0],[0,0,0,0,0],[5,0,4,5,5],[4,5,2,4,4],[4,4,4,4,4],[0,5,1,0,0],[1,0,1,1,5],[1,3,1,1,1],[5,0,1,0,0],[1,0,5,4,1],[1,1,1,1,1],[0,5,4,5,5],[4,5,0,4,4],[4,4,4,4,4],[5,0,4,5,5],[4,5,4,1,4],[4,4,4,4,4],[5,0,1,0,0],[1,0,0,0,0],[0,0,0,0,0],[5,0,4,5,5],[4,5,4,1,4],[4,4,4,4,4],[0,5,1,0,2],[0,5,0,0,0],[0,0,0,0,0],[0,5,4,3,5],[4,5,3,5,5],[5,5,5,5,5]],"rewards":[[4.6262870901358175,4.5712888519193555,4.103702801168922,2.5578840677385832,7.319934603404349],[5.083261990722825,0.3590114837326352,0.12985473213393825,5.161494949144891,4.58977115151916],[7.285038578232362,12.114035866884343,10.701269053343925,7.13175600593798,12.066435082874092],[9.127921954611129,5.1596066328585675,8.23663016092644,6.884032232260875,9.007889816580152],[7.179726797751774,1.0076802425766347,6.994626896954475,7.173713448537949,7.308342725398958],[16.178676535655764,9.168261396740078,16.27859407742408,16.20546020269066,16.072845552953012],[4.828843730828277,7.923971504807599,7.943610595853414,7.799003604147637,6.1552012868792145],[3.584942665165598,4.11509694834007,0.15526664040441854,0.8800370801920893,3.52641206846465],[11.765091371149605,10.141455115549471,11.852423429836266,11.74865341084482,11.681237210060512],[6.431828210357597,4.177164869845118,6.119854225267669,6.230381657809506,6.37468039741071],[1.1262826811664186,6.728428855128433,5.857783108260026,6.710650768683083,6.60136504674444],[12.700437258393897,7.654794205787273,12.745250188825583,12.802700459572307,12.767942789164744],[4.283447454693599,1.6773292671510098,4.336924996401031,4.1024053090148485,4.172627070083224],[2.614511770013472,9.47190885538968,9.54730261484308,9.434505979090229,9.47365391080871],[13.636541689893644,7.079827378149189,13.454939112126624,11.655977221746902,13.890673793057951],[5.101555302651674,5.73033859508745,3.92884715145178,5.503890464169692,5.708280050766225],[0.9590215188580195,4.757924082769588,1.3876636213623632,5.523230462254188,5.3630305517372285],[8.06161620879408,6.665296129412611,4.717827251412452,8.042465982112272,7.924758850882347],[7.991777460293468,3.6635053746661366,8.005185475514644,7.836753164509193,8.139528844453473],[0.8794009133556634,3.88932397870808,0.4090790970972835,3.686743604418257,3.222764107406234],[7.620804069648379,8.928104566446672,8.799114327327732,8.675971317596456,8.986081525203671],[5.008909192242382,7.54394447790275,7.0171665541304185,7.648197497325972,7.6416655217001415],[5.032770789196794,5.7917973765634905,5.559220381907679,2.7422194808935147,5.963380832650344],[13.448141688535737,9.54597032541312,13.457495953969106,13.533809076823925,13.426941415254932],[6.531405206352881,8.789210596906239,7.753372378161972,7.9561863246881,8.952752658228874],[3.7558872979139846,8.963656291752608,9.109436726157044,8.986041091632021,9.182456456732265],[9.475168103528182,15.495012691434592,15.509923746152717,15.456246056650919,15.474837702680768],[7.880897331777049,4.980685531463974,7.793637746680933,8.042104381247873,7.957320407983475],[11.963726500533168,3.7834606614437662,11.78783719492057,12.0345124190074,11.828883699088664],[16.87807421347963,10.381497303425306,17.016821869290073,16.69126262578026,16.94383830134742],[4.508923928735757,7.267965103331575,7.604598323535722,6.0385451936516095,7.649095615392907],[0.988170035179896,6.678510451212179,0.6202112436037093,6.440922930523497,6.614418930672592],[13.82185813455971,13.723635917738969,13.77692267907053,13.438904647186904,13.7023019039513],[9.430830693933279,4.882799377043497,8.73571794123832,9.559305481117462,9.510914141014647],[7.241015925513323,1.5415170549458908,6.661886541941693,7.189927494260392,7.341263140279979],[15.95178572870521,15.945142560939948,16.017380991565705,15.825876911327994,16.095309640183046],[5.179854975732851,1.3154200333316446,4.982708498580338,4.975554434864866,4.8972835563967365],[7.502771745025478,0.7314201779079574,7.427643531631496,7.441470497822812,7.345104894313888],[12.200087145979793,11.229813102224668,12.223027124957273,12.281356268159142,12.131772223246989],[4.272083332823244,8.832181949595908,8.022698615164911,8.737651569932337,8.839628581574203],[3.1441185640906113,0,3.721160801631681,1.3229595508336625,3.0406686890858436],[11.252075758950987,11.041779805296436,11.289018554991541,11.442192174174846,11.205216594524114],[3.353305021381499,7.896190245033903,7.0670850416338435,7.9308405668988975,7.920009221150829],[2.929207388649844,0,2.0837025592993066,2.9137745415427583,3.0565976514283384],[9.969729853388376,10.05283731129965,10.024419211600055,10.093670439378391,9.982577157109327],[5.435144322206284,1.0648334781458484,4.00262953223102,5.302293645431666,5.344643474925818],[5.379099966338961,1.2870154208925362,5.383617491824115,1.9123875757266204,5.257764715773368],[9.31089592783453,9.235446789189014,9.329055296516556,9.19309612960269,9.331105386434203],[1.9921731556666264,5.151335057774306,4.410297845161476,4.994731443455776,5.1897252861931085],[4.736996589856265,8.738294902884528,8.714455062835565,8.66041047735735,8.640779829188705],[13.558604648786309,13.630290286461554,13.62634835669935,13.674332810695844,13.682755657182543],[4.313719948098692,0.7198811425092723,3.982474175689177,4.518471048671849,4.276541531034253],[5.412444904930967,0.8272665125079866,5.255395252686079,1.9807366339749863,5.422848918408726],[9.31309128151895,9.430608695597297,9.325196777566493,9.461058475308812,9.425791815531815],[9.517024201928445,6.345387586669698,7.765268753140073,9.564746280038385,7.37105568759438],[5.097471024589103,0,4.963526627221022,5.154828873521159,5.138049010908179],[14.605787847083963,14.433638444070771,14.583021827975406,14.542042251230814,14.374973720646086],[0.0989991724597864,5.399666214170216,3.770919010149752,3.3612078574268174,5.33053885740806],[0.40545249963219065,4.5025244285829515,4.3967231190747516,4.529181952529042,4.759338426616452],[9.711688751643004,9.842449741343046,9.653307917543021,9.79704555772519,9.82596209897969]],"times":[[11984,15,339,10108,3115],[6351,1201,1834,2235,906],[2934,1275,4178,652,1577],[5501,809,1898,619,963],[1753,706,1091,458,1602],[3472,977,499,570,1066],[2820,923,1451,1340,1314],[1816,651,1003,1548,1307],[2697,2459,307,866,818],[4329,898,1051,714,1306],[1561,857,4171,739,811],[2708,458,226,818,626],[3303,851,1195,419,1171],[1645,601,970,770,697],[2181,570,1011,1747,683],[2225,800,1667,257,802],[2252,664,1043,1452,608],[2086,985,994,314,554],[1839,604,657,9404,690],[1337,882,626,1306,731],[1121,387,442,674,874],[2582,3026,1930,1193,752],[3654,1074,915,641,1258],[1620,682,203,227,314],[1437,2338,2026,1850,452],[1813,626,922,426,555],[1456,273,420,311,385],[1576,667,2544,378,1282],[1459,611,353,554,1881],[830,291,139,259,275],[2689,3579,940,2586,147],[1828,394,259,1964,609],[569,571,227,234,515],[2480,594,1698,450,386],[1881,745,2121,146,674],[1072,290,403,273,282],[2029,1370,1724,393,516],[1709,442,202,234,786],[854,5025,442,394,242],[1518,1722,1979,370,1123],[2370,338,1194,467,618],[367,1106,411,292,329],[2235,427,1012,282,395],[2313,450,1027,842,388],[1063,194,178,186,219],[2068,465,1123,394,459],[1186,314,178,275,225],[846,138,154,122,114],[1930,555,816,322,322],[1448,346,442,330,240],[289,210,250,210,282],[1026,275,1036,90,212],[1489,466,315,283,194],[818,147,154,179,187],[903,259,907,75,932],[2185,739,202,154,210],[270,75,220,234,131],[1165,298,291,771,474],[1055,266,707,107,296],[806,250,154,122,162]],