{"actions":[[0,5,0,2,3],[0,5,2,0,0],[0,0,0,0,0],[0,0,0,0,0],[0,0,5,1,0],[0,1,4,1,1],[0,1,2,0,0],[0,0,0,0,0],[0,5,5,4,5],[0,5,0,0,0],[0,5,0,0,0],[0,5,5,5,5],[0,5,0,0,0],[0,5,5,5,5],[0,5,0,0,0],[0,5,4,5,5],[0,5,5,5,5],[0,5,0,1,0],[0,5,0,0,0],[0,5,1,1,1]],"rewards":[[7.324500603081275,15.899296777484388,7.366734371437135,6.017574037315152,14.078537421338623],[13.555080807632887,2.5627319236471395,11.521292082256219,13.534971415039692,13.568041915763493],[10.631087412920005,10.711603454863392,10.65224443385729,10.742105933221577,10.720704916606072],[16.730387823372844,16.83008455141221,16.79471690538181,16.695047949746684,16.66961604463063],[10.279120178201476,10.317743127840101,8.104604710146612,4.299811309931427,10.4203441219207],[9.835486828885236,11.889332590703152,5.714657600496916,11.816733291372685,12.101015969690279],[10.760791008774078,4.112414576719987,9.861441766899423,10.704002730641427,10.656542672915448],[9.728419236114354,9.825489766035773,9.913969701851943,9.822053873673216,9.755026886677348],[1.9805633718013762,11.733302251149446,11.732522140666187,6.069142374012119,11.658275761464598],[12.973012173788739,9.420876011435478,12.797553108039132,12.734080658588724,12.771868215251715],[18.63612264131404,9.774191373620138,18.44299031839925,18.482921307738827,18.524610092906507],[11.067838776002937,12.36576837358791,12.156365878459985,12.25792148752092,12.420077543287967],[12.17652511094527,6.735057494684668,12.342834440012997,12.235855706007001,12.323114349142038],[5.328003730169111,14.18034839090163,14.056444342877676,14.029666193662667,14.045119827923122],[16.67339297468934,13.53200004113276,16.68624382144362,16.69047611411891,16.557398029974635],[3.9882428038967883,12.26995796683897,6.517838882446764,12.194839848993572,12.107577487274217],[5.77946539616881,17.988431705754202,18.023676347896394,17.99267479448883,18.05837338856717],[12.355173195127524,4.017556173115766,12.236595290341132,6.257522309376595,12.41288190845348],[10.263865636770452,8.528550471449618,10.256294592144467,10.535790399110523,10.265942732933881],[8.609233188286217,6.90768892059711,10.391805095258169,10.353779792465632,10.245809748667382]],"times":[[17743,744,3586,906,1755],[3007,689,3057,2458,531],[1665,778,442,882,523],[1559,539,291,385,650],[1586,538,1626,794,747],[4336,1250,2768,536,522],[1688,1640,3988,1130,898],[1359,347,247,240,392],[2239,384,4040,984,312],[1871,1976,337,322,471],[1393,531,274,228,354],[1924,290,435,250,275],[1288,347,227,203,202],[1306,283,283,210,203],[1282,625,138,163,89],[1330,273,1954,112,193],[1687,225,201,170,176],[1503,225,188,673,243],[1375,258,188,152,242],[1367,216,586,336,248]],"condition":[["posodd"],["negeven"],["negodd"],["negeven"],["poseven"],["negodd"],["poseven"],["negodd"],["posodd"],["poseven"],["negeven"],["negodd"],["negeven"],["posodd"],["poseven"],["posodd"],["posodd"],["negeven"],["poseven"],["negodd"]],"envs":["envs/add/posodd/posodd46.json","envs/add/negeven/negeven93.json","envs/add/negodd/negodd47.json","envs/add/negeven/negeven56.json","envs/add/poseven/poseven61.json","envs/add/negodd/negodd97.json","envs/add/poseven/poseven51.json","envs/add/negodd/negodd17.json","envs/add/posodd/posodd38.json","envs/add/poseven/poseven76.json","envs/add/negeven/negeven64.json","envs/add/negodd/negodd66.json","envs/add/negeven/negeven99.json","envs/add/posodd/posodd74.json","envs/add/poseven/poseven75.json","envs/add/posodd/posodd8.json","envs/add/posodd/posodd98.json","envs/add/negeven/negeven13.json","envs/add/poseven/poseven20.json","envs/add/negodd/negodd11.json"],"money":"4.20","age":30,"gender":1,"hand":0,"experiment":"noncompositional","instcounter":0,"subjectID":"5b5a51302b05780001a8ae0b","studyID":"6168186185dddf5426605410","eval":[["posodd"],["negeven"],["poseven"],["negodd"]],"regrets":[[8.617583274841309,0,8.617583274841309,9.898077011108398,2.095968246459961],[0,11.054930210113525,2.122507095336914,0,0],[1.8329715728759766,1.8329715728759766,1.8329715728759766,1.8329715728759766,1.8329715728759766],[0,0,0,0,0],[2.7235279083251953,2.7235279083251953,4.982963562011719,8.570648670196533,2.7235279083251953],[2.1412010192871094,0,6.020865440368652,0,0],[1.5794610977172852,8.000503540039062,2.3132591247558594,1.5794610977172852,1.5794610977172852],[5.887177467346191,5.887177467346191,5.887177467346191,5.887177467346191,5.887177467346191],[9.636610984802246,0,0,5.585770606994629,0],[1.5482120513916016,4.760322570800781,1.5482120513916016,1.5482120513916016,1.5482120513916016],[0,8.834800720214844,0,0,0],[3.8583192825317383,2.5322017669677734,2.5322017669677734,2.5322017669677734,2.5322017669677734],[0,5.5197601318359375,0,0,0],[8.774247169494629,0,0,0,0],[2.840761184692383,5.852378845214844,2.840761184692383,2.840761184692383,2.840761184692383],[8.209866046905518,0,5.780122756958008,0,0],[12.013419151306152,0,0,0,0],[0,8.343729019165039,0,5.902056694030762,0],[1.9457645416259766,3.882413864135742,1.9457645416259766,1.9457645416259766,1.9457645416259766],[2.4658203125,4.018072128295898,0.6832113265991211,0.6832113265991211,0.6832113265991211]],"maxrewards":[15.992610931396484,13.488704681396484,12.50186538696289,16.686077117919922,13.005456924438477,11.856703758239746,12.147195816040039,15.636456489562988,11.622084617614746,14.290048599243164,18.490520477294922,14.848255157470703,12.257087707519531,14.095762252807617,19.506879806518555,12.170286178588867,17.942169189453125,12.321056365966797,12.29117202758789,10.943734169006348],"bestoptions":[5,0,1,0,4,1,4,1,5,4,0,1,0,5,4,5,5,0,4,3]}
