{"actions":[[0,1,2,1,2],[3,2,3,3,3],[2,3,3,3,3],[4,5,3,4,1],[0,1,1,2,1],[1,5,5,1,5],[1,3,2,1,5],[0,2,4,3,1],[1,1,1,1,1],[3,1,5,2,0],[1,3,1,3,1],[1,3,3,3,3],[0,2,4,3,4],[1,5,2,3,2],[4,2,4,2,4],[3,2,1,4,3],[1,2,1,4,1],[1,4,3,3,3],[1,4,3,1,0],[1,3,2,4,2],[2,1,4,3,2],[1,5,4,2,0],[1,4,3,5,3],[4,5,3,4,4],[1,3,2,1,0],[5,4,3,4,2],[4,2,2,2,4],[4,1,3,2,5],[4,0,1,2,1],[1,4,3,1,3],[0,3,0,1,2],[4,3,2,1,0],[0,4,0,0,0],[0,4,1,3,2],[5,1,3,2,2],[0,2,0,0,0],[1,4,3,4,3],[5,3,2,1,1],[4,3,2,4,2],[3,1,2,5,4],[0,1,4,3,4],[5,4,4,4,4],[0,2,1,4,3],[3,1,2,0,3],[3,0,3,3,3],[5,3,4,2,5],[0,1,5,3,2],[1,4,1,5,5],[1,4,3,5,0],[1,4,3,5,2],[0,1,1,1,1],[3,2,0,5,0],[1,5,3,1,2],[2,2,2,2,2],[0,2,4,3,5],[3,4,1,5,0],[5,3,4,3,5],[2,3,4,5,3],[1,2,3,4,4],[1,3,5,1,4]],"rewards":[[8.048953012135724,8.449113778086431,8.129564837465184,8.250159772839977,8.176323568119267],[9.86646935069429,3.304315883893628,9.95568522908214,9.980023787913279,9.944770750806319],[11.377930608619678,16.83731497669426,16.615807880266637,16.637192562347256,16.678984015919205],[6.395477630898502,7.886776989235974,6.9385619446329905,6.4900357763233885,5.324488647524662],[3.540582812363061,9.01895676089135,8.882998368089918,1.813679211549642,9.13496131984021],[14.406081335461838,16.973166800567263,16.913657596652776,14.217615247870626,16.71347099100856],[8.186533048034287,5.817649656785547,7.826954398499775,8.306130118247097,4.26751443322401],[0.4332876917443528,0,0.09462598246261458,3.3074063029979683,4.727306379252623],[12.844175386040634,12.852477028652874,13.0380494315182,12.794652889053918,13.016582352646193],[3.317644105525431,2.0420596525930974,4.79283014632796,2.8531651739123856,2.139835514939445],[7.397085892216657,7.844224268115512,7.303319998458575,8.217890564516312,7.217018028914732],[9.348450567829683,11.224927476610782,11.22137648131543,11.364895043194903,11.108538203769944],[4.350672495787756,5.840451114083608,7.7523917836525955,5.741891152589729,7.775110936504493],[2.952808909301986,3.2523059320471446,8.563271066542487,2.3980803075222497,8.67545749282578],[15.86355216815584,14.686018270488018,16.21621287685793,14.79273411193479,16.10479827839148],[4.220166719200172,2.81058379305619,1.27766479742027,4.404223891359794,4.235984944331561],[6.017519278027534,1.9305686622280973,5.95478490362085,1.650913919035911,5.8658689903508225],[7.435615930420371,6.021575781787987,10.582183175762518,10.450323739291543,10.561568491789988],[5.478773863694552,2.4750125286810003,2.9838322289632178,5.416434864729046,6.324146089475945],[0.34895986674125806,1.180412054585881,7.348217422654678,6.20515166320474,7.085311964571952],[11.550881131579432,5.876417916252072,8.649738738375254,4.080907226629279,11.797113925085087],[2.5528491730940934,4.666682172925178,4.8975685287106625,2.712227307868007,2.0412800500498656],[1.0774266259413416,6.638509892208746,1.503702120987609,1.2160218796744153,1.285758792172774],[11.620106158155828,5.869371098396779,5.5015016355655,11.445185304273949,11.594937168758658],[6.38827730014836,4.985260395909112,5.582715661943959,6.49046358201364,7.1873619374185616],[2.126099777201601,9.818947593113288,2.416615022751788,9.652955844426781,8.934426741166865],[14.28168708348825,14.599313629339338,14.312807172114123,14.217765416160667,14.333818707075109],[3.2337342104470923,4.701982152094741,5.019303577042674,4.851625536725667,3.5333268812330836],[0.059191084413529466,1.0743599394781007,7.030827557549637,0.9882885701983162,7.017424935100442],[11.762967870301432,3.5973261397361864,10.40629618728659,12.108932927888288,10.398723884962017],[7.9035507664162274,5.835515715618828,7.8608466818244205,6.759420768902994,6.06374605785065],[5.405395110505305,1.3242080845139588,5.8192441708856135,2.6269069741589677,4.764747408026682],[12.951202142245572,9.671799030508062,12.908200451240303,13.028025949555849,12.932190805064483],[6.44661984641704,4.564405078321089,6.6889762755308695,5.219320242056806,6.06201022942265],[3.9292363525324268,3.967412563835136,5.0493322801057925,9.35568905086761,9.34496316122134],[16.55706967551843,15.282183238506565,16.5028930276891,16.54035783589368,16.586298505243562],[5.7811529712134835,8.725001203122611,7.8706670024815,8.657768389903254,7.496772247475527],[2.974682341088576,2.656824105905411,8.637455267747178,3.1289929481283036,3.097166202354643],[17.266890383509462,10.470817420274644,15.227901989716859,17.312549907485387,15.43941272060728],[5.236640095054988,3.718640541866248,4.471323942358472,7.165480899797691,6.138068900501554],[7.225012011006005,1.7619549496886102,7.840917762650828,2.5326206676910865,7.801683467680302],[9.542788451727908,14.42060955576841,14.388836022183613,14.28704726446101,14.303163103010458],[5.867458815548102,4.158742320299425,5.544276996472246,2.0054437723177334,3.3152898809582836],[6.901749940532489,7.615130550773157,2.759517490797223,3.4630559704552453,7.0376193144445605],[10.18244280617377,9.406535656822184,10.145128816686611,10.449777256671753,10.24869803834195],[7.95997753190505,7.112090137609682,6.976345448987898,5.851439466865748,7.835231055130316],[1.3340913491542503,7.09489624913754,6.507539108381598,6.291198770149871,0.4291943767773672],[12.468723355102055,7.87366547584394,12.543967826559864,14.511358359968662,14.48335342745964],[5.707924686752419,2.907807631679515,3.406652395425571,2.1264087967447822,7.142085018583515],[5.61824738294004,1.4514415444658373,5.490304906752962,5.668327430916007,1.0617646185117997],[9.363641300244218,11.259958096651483,11.364158415867736,11.351239699251604,11.37027381395937],[3.6287449568712073,4.175605922695282,5.179233364470963,0.7790985954172871,5.227492331641837],[2.7109241079616657,2.3767980977816743,1.990984827463227,2.4650184840298324,7.972825242803936],[11.91636176131322,12.096913440628672,12.058510607856247,12.146946660081063,11.958870012430532],[3.7844434597965897,4.927212702857045,5.379087127064976,4.998199213320933,6.993838807621116],[4.714931240283025,1.476796252860766,3.9345277603848103,5.572069265708916,1.6333042328646594],[12.398733396618239,9.313725683501664,6.969139548020372,9.510328687844648,12.405696916729466],[5.557569579466699,6.645490750394431,6.391121316886751,6.758788566226786,6.738918844281073],[2.1690179242687297,9.024665930656564,1.8813631291271078,8.059701578176712,8.2192651769693],[5.746349468848223,8.694849761233785,9.650011369771066,5.4074607488988775,14.495610498373145]],"times":[[25149,905,1509,2518,294],[5753,613,301,691,706],[5550,217,148,149,763],[4395,411,348,221,313],[6507,536,1192,1281,181],[2265,669,587,231,138],[3840,1218,456,14,754],[2980,868,506,166,1155],[506,297,310,260,314],[2680,553,453,1402,1670],[2679,599,1232,104,67],[1141,425,281,93,92],[2772,814,1036,1254,353],[1539,387,426,745,130],[1358,42,41,20,32],[7895,397,219,333,280],[1917,105,1309,383,330],[1339,92,911,292,76],[14997,747,278,1122,425],[2399,350,253,1103,164],[1425,640,537,115,37],[2460,360,296,395,757],[1085,309,320,99,198],[756,315,470,87,193],[3822,380,343,839,445],[2281,37,118,641,1441],[1668,154,360,12,85],[6023,207,236,63,750],[1931,191,124,460,296],[2672,57,56,447,87],[11645,892,453,148,502],[1601,63,43,352,659],[1112,109,724,34,848],[20251,843,259,220,779],[1048,155,127,44,960],[966,35,97,15,22],[3575,280,356,1947,46],[1279,495,16,10,124],[1614,92,2,74,21],[18799,312,626,25,552],[1250,316,54,121,830],[1049,26,44,14,7],[1736,89,46,55,164],[2124,121,1336,151,154],[771,363,336,77,79],[6289,268,484,546,92],[248,161,851,26,78],[1870,545,700,171,82],[1761,130,6,413,1013],[932,157,126,207,758],[552,25,135,75,161],[6720,811,410,366,266],[529,155,229,149,110],[188,421,37,94,59],[1892,145,258,893,55],[1225,51,607,109,693],[1028,175,405,190,11],[2528,99,171,117,476],[1050,34,1102,54,793],[1915,1509,466,382,706]],