{"actions":[[2,0,2,4,1],[5,4,3,1,1],[1,3,5,3,1],[5,3,4,5,5],[0,2,3,3,5],[5,5,5,5,5],[4,3,0,5,5],[1,0,3,5,5],[5,4,5,5,3],[3,5,0,5,5],[0,4,3,0,0],[4,4,4,4,4],[0,5,4,1,1],[1,4,5,3,3],[3,1,1,1,1],[4,5,0,5,4],[0,4,5,3,4],[4,4,4,4,4],[4,5,0,5,5],[4,5,4,4,4],[4,4,4,4,4],[4,5,0,0,0],[4,0,1,3,3],[1,0,3,3,5],[0,5,2,4,5],[0,5,4,5,5],[5,5,5,5,5],[0,4,5,5,5],[0,4,5,5,5],[5,5,5,5,5],[0,5,4,5,5],[0,5,4,5,5],[0,5,5,4,2],[0,2,5,4,5],[5,1,4,0,4],[4,4,4,4,4],[5,0,1,4,0],[4,0,5,5,0],[0,0,0,0,0],[4,2,5,4,0],[4,5,0,0,4],[4,4,4,4,4],[0,5,3,4,0],[0,5,4,3,3],[3,3,3,3,3],[0,4,5,5,5],[0,4,5,5,2],[1,5,5,5,5],[5,0,4,5,5],[0,5,4,4,4],[4,4,4,4,4],[0,5,4,0,0],[0,5,4,1,1],[1,1,1,1,1],[0,5,4,0,0],[0,4,5,0,1],[1,1,1,1,1],[0,4,5,0,0],[0,5,0,0,0],[0,0,0,0,0]],"rewards":[[6.277020683969803,7.218010788815585,6.225785969629186,4.0729096726988026,6.172039535323969],[9.769903142614723,2.8773531862953177,9.539327757614496,9.85679756889807,10.068820421319279],[16.122096382492803,14.799448905440991,13.121226476130037,14.717855617661744,16.14004687001678],[8.548526895635167,7.006873572803722,7.638917526195228,8.478349588071499,8.520186508756407],[3.412943345774604,2.3468570345357826,9.899735787375413,9.849933735141947,9.88117289574326],[18.387599232579905,18.2750665818642,18.37265036981825,18.27267684223109,18.289363470257257],[3.919690193853642,3.7405935273952085,1.1490518284140419,4.373477143992816,4.372629562259275],[7.812393388648178,3.387510485563627,7.434938724949409,7.159027470541126,7.175183576949685],[11.72639756267367,6.589562969558315,11.642468825352081,11.616451620175383,11.130376299484693],[6.7020597823162955,7.9287327423517535,4.6258792308312024,8.182371847942465,7.967918921555845],[7.6433988983547305,6.628841605595455,0.7401444853715736,7.809243098658554,7.864048315065251],[14.032839706274027,13.887529735431134,14.030605461695306,14.032547941767387,13.990955791815658],[5.511235269958814,2.567151229942524,3.0903310131753847,5.58072394925835,5.816288478445091],[6.503111975802631,2.2007930649693,6.294951886582468,7.12134749215642,7.112188915095292],[10.895813382654747,12.158413005773548,12.307211108343985,12.182374249034359,12.191430396614976],[8.217478803016215,7.6747861221746385,4.84887001787542,7.679421390136689,8.482945292088282],[5.092639886072672,4.212842819009567,0.8485329488333675,0.3042714079629577,4.0917881472120525],[12.488389030863944,12.658337817551384,12.442085323180054,12.274397866699687,12.396543132474912],[7.3635736501913005,8.371452085765055,2.9011058982926397,8.322834268713551,8.461232922017501],[9.31801684708832,2.454747695138404,9.310562428463495,9.010549986293775,9.129939104299478],[16.402851795773564,16.54095091219003,16.50705218363193,16.518304952439028,16.555487702344866],[5.977968072029697,4.722899829254203,9.414788128355108,9.48971330745031,9.711176949634583],[0,0.021534065841386757,3.6349312238510625,4.997524843221622,5.1202127209249815],[11.929896916654558,9.723945775808792,11.08927473737388,11.032387508602044,9.154612113115343],[4.188197288257601,6.675384502953751,5.1644969573833395,5.7737991162104,6.468251237358542],[1.555018239975264,6.042674027987794,1.4454372540204865,6.113335531561912,6.088867430728335],[12.754156218574382,12.560361621716893,12.82863507296943,12.765847735496147,12.826837285764157],[5.681032330844631,7.380555103197706,7.783399945944523,7.91110858074605,7.930176580329137],[0.4021339494241932,1.0341931188578164,6.709921917148572,6.6265696389297934,6.903913765455847],[14.687716547405772,14.644850348076393,14.629423640469298,14.68420700310831,14.44084857937311],[5.7419349000200635,8.076420842045643,7.415180444995167,7.819314092463878,7.924268330212576],[1.3573628099764414,4.980574594161694,0.9602951965051465,4.741242013351856,4.823954073100378],[7.203200334483841,12.902044557028608,12.802529833176688,8.535182808882547,8.443267862189044],[2.8949467728795897,5.100634482719331,7.824036971220926,6.293068995469335,7.964288541235777],[2.030318153096028,2.6627161432556714,5.9147294485967254,5.398128983825797,6.086304751840153],[12.526627055589925,12.32914249422957,12.485968196798881,12.455319024182405,12.431899766349414],[3.164324935114123,7.560622558511095,6.339828089457743,4.213002623026848,7.684670498644052],[1.439735317036436,2.2583582832685085,3.9111998442121902,3.7656766416009786,2.2640915935732138],[10.080301803080738,10.123587483538664,10.04442313740817,9.889349375890824,10.231369695794106],[7.041323916783313,4.610290869917589,6.857068075074388,7.090476677831753,2.8726265477060426],[4.353971073980609,0.29039800413911654,5.351556396622023,5.413169523768072,4.517283668594565],[11.1242533862413,11.618793430838233,11.09978718118152,11.171088410426059,11.32990717601839],[8.091840491394812,5.908634316839693,7.611524711350106,6.2774317486323294,8.133877969195359],[1.7912494551489537,7.996974619782336,1.4048155487701597,8.632022209526042,8.340599860208629],[16.166202616109445,16.2240851248303,16.107831938212403,16.136756794094193,16.13458756648646],[1.970498286723444,5.717347707871317,7.528397733213052,7.43790997550867,7.49708726532755],[0.8042439405770216,0.8121910717857506,7.106712938066059,6.940303593218786,0],[9.836389340739503,14.483898510865208,14.405468343451524,14.36159855818735,14.494950479931736],[5.374777291976463,3.2453256842599454,5.194268417321228,5.503445236900834,5.374159954297563],[7.710418702347357,3.270075192238869,8.81633203317679,8.897568444537468,8.597494268361086],[13.773736454066098,13.566621634939152,13.776400105050808,13.797881065073138,13.658379765950562],[8.310799773289926,5.989949655861812,6.482223429245534,8.242930157725574,8.35561411263282],[1.8882446000931625,7.181396356576629,1.91868131653507,6.4204306379084946,6.327516185204353],[14.310066488793154,14.186757826254581,14.380050014657668,14.427209833514183,14.155526698331727],[5.872344105344834,1.7848480351253297,2.567662049075833,5.884545550080399,5.828560390360583],[2.4149002071516543,2.304159457084541,8.572034362174259,2.4727414089657374,7.461518675934638],[12.584357846423979,12.462332667471104,12.349948689798495,12.44695542909079,12.515518331792297],[4.223960295181638,2.1226349539860143,1.7844937280493631,4.20086114725206,4.509755226408881],[9.541215128353572,1.9390976691823374,9.454626211821408,9.379219284897681,9.605251534072872],[13.862982082753614,13.743918779821122,13.829721939368984,13.6600113320763,13.767612000694339]],"times":[[17602,15002,3137,1072,4418],[2404,724,796,1385,1453],[3227,1766,630,347,1492],[5130,1202,765,634,694],[1285,624,1138,778,671],[840,274,203,337,311],[1805,964,684,384,350],[1522,1619,924,739,319],[625,548,104,120,410],[3505,359,934,210,256],[1178,322,424,2060,317],[1144,325,276,274,530],[1518,298,230,772,1883],[2264,370,388,2152,270],[764,507,272,256,220],[1375,1351,369,458,179],[1068,250,147,935,177],[483,134,147,204,256],[2665,206,390,482,168],[1024,149,108,113,155],[475,14,16,18,859],[1043,694,385,212,120],[1110,282,525,631,297],[1901,383,872,891,294],[769,221,1046,433,237],[654,40,175,11,125],[473,50,482,219,111],[1053,170,50,84,107],[471,74,100,4,81],[714,51,67,5,34],[590,104,75,15,93],[526,569,94,16,10],[1185,945,266,76,711],[572,167,154,79,558],[820,347,143,872,241],[1081,113,92,97,121],[764,149,183,46,281],[578,361,88,144,346],[327,55,52,90,105],[722,736,276,772,240],[574,18,121,126,803],[622,66,19,532,27],[471,39,516,412,239],[520,49,448,433,250],[737,147,93,66,59],[537,24,101,638,167],[541,142,79,83,596],[1087,651,56,296,68],[649,132,168,539,86],[495,351,100,100,94],[514,84,52,65,187],[673,1223,466,84,31],[412,379,390,537,336],[313,72,83,85,316],[418,30,56,278,125],[788,642,363,442,366],[346,131,53,73,305],[478,38,24,832,350],[384,402,30,465,68],[299,29,30,46,24]],