{"actions":[[4,1,1,2,1],[0,1,3,5,0],[0,4,0,0,0],[0,1,2,3,4],[5,4,3,2,0],[4,3,2,3,3],[1,3,5,2,0],[1,2,5,4,0],[4,1,1,1,1],[0,2,4,3,3],[1,2,3,5,2],[2,2,2,2,2],[0,2,4,0,0],[0,0,0,4,0],[0,0,0,0,0],[2,2,2,2,2],[2,1,1,1,1],[4,4,4,4,4],[5,1,2,4,5],[5,3,0,1,4],[5,5,5,5,5],[2,4,5,0,1],[1,0,2,3,4],[2,3,3,3,3],[1,3,4,5,5],[5,4,3,1,0],[5,4,2,3,4],[0,1,3,4,0],[1,2,4,5,5],[5,5,5,5,5],[2,4,3,0,1],[2,1,5,4,3],[2,1,1,1,1],[1,0,2,5,2],[1,2,2,2,2],[2,3,5,2,2],[0,3,3,3,3],[3,3,3,1,1],[1,1,1,3,3],[4,5,3,1,0],[5,2,0,1,0],[0,0,0,0,4],[4,5,3,1,5],[0,5,5,5,5],[5,5,4,5,5],[5,2,1,1,1],[1,0,2,3,5],[1,2,3,4,2],[2,0,4,2,2],[0,2,5,5,5],[5,5,5,5,5],[4,2,0,5,5],[5,5,5,5,5],[5,5,5,5,5],[2,2,2,2,2],[2,3,2,2,2],[2,2,2,2,2],[0,1,1,1,1],[5,3,2,1,2],[2,2,2,2,2]],"rewards":[[4.9844496030913525,7.53708136248091,7.540280782912189,6.526581466323986,7.5200690606865335],[6.634077696783511,1.5949130752794198,0.7471032576777181,0.8427388680182449,6.716375089047857],[15.828309355700009,11.37885073178648,15.717386901434582,15.869397009648607,15.91098069186601],[3.035735387664978,3.3002303472998014,5.1406409202053345,5.260658662315363,6.390083826381303],[3.9740528992447666,2.1413307009279006,4.071096495634695,0.5384300985069381,0.37800385763156286],[8.367759189252906,9.162226746096852,5.715980015526304,9.334799735238825,9.050450434688383],[5.855986973107741,3.6773752437932443,3.33740990364096,4.996186064458723,7.13298112950448],[5.213599376472595,2.3970040912483594,5.269303442888152,1.7038655840086323,2.9334480235857425],[4.658881132311893,11.278520051683206,11.121043098571347,11.156278426061888,11.175114694957909],[5.328114583015606,6.200466160349111,6.847517069401148,6.803003220874911,6.800342276164799],[0.25368691928432097,6.311325167573633,0.5047939745340808,0.3478992082986181,6.348370252938521],[12.498929985014234,12.50688640840423,12.711805334132618,12.518729861190447,12.622177762907505],[7.041876174268178,3.741436170383129,2.2260868235490077,6.872222867038356,6.834220546208354],[9.266826366206516,9.202908512310644,9.524914631196072,8.151424157505229,9.362628003450952],[16.08557710477765,15.986110092951082,16.053357028087607,16.019293830496945,16.013933830793786],[7.30992104769528,7.138686637953098,6.942182536895147,7.004397586455265,6.978864845476947],[2.101058227076732,8.118477845191993,8.065400306604277,7.938125913816465,7.978078769693192],[9.346794065295187,9.56775949576467,9.423360931034468,9.397958996348445,9.51743581724845],[7.568732026773405,3.7672078958520907,5.371239548039664,6.820234635062216,7.741343008913331],[1.2295211635567684,0.5197756465947293,3.6103355041732357,0.38383883106612815,3.3789313247106554],[8.912388871885613,8.752017371797379,8.915338087497682,8.681340662943645,8.63657708438907],[4.346253725229744,3.2033726494307255,2.6675751240710386,5.431710371402292,5.692496831238889],[3.0020121670241533,1.0451085743272563,1.2719448206106747,3.9931332389345267,0.6527133884506257],[5.7311236633436735,7.59861375672895,7.69444230039061,7.928789981367922,7.790995485398034],[4.308431733253047,5.454612016656361,6.2874461581001775,6.628404630241055,6.762185254076197],[1.5307466673069396,4.0738216812096795,2.7083721346497227,1.4045373584879621,4.67916350100527],[8.292833718941633,10.108654582033713,8.793250511483981,8.261319015178177,10.321657053655683],[8.410005951156004,7.853027363128289,5.464688935005883,5.082599133072794,8.235530478939488],[5.173265857631797,2.096836989697042,1.4998591848461766,6.601444541647628,6.63181269230793],[10.761111705841682,10.7613034966781,11.08683596496838,10.756337384668866,10.925332346314656],[3.4791686308434824,5.246101091852828,4.152908683734497,1.1799829641889414,3.4203879868494753],[0.22223604522220064,3.234708075425108,3.252848334025333,0,2.3429979081068772],[3.629298143636905,6.711260359432157,6.653097172466333,6.642708688600231,6.792904598045964],[5.107913802503165,4.642280357983987,3.6515535270315165,0.904867924964278,3.749729620802179],[3.5271169811732204,7.952253576169711,7.935405452187576,8.00895564477791,8.021041912606535],[11.72948739061232,6.198507118373265,3.7788780475098847,11.530657078580722,11.753824077496693],[4.896809666286942,6.572524032163361,6.545605926670949,6.592147005235983,6.538190805028606],[8.808312620708312,8.977982567703885,9.00110894494311,9.428813295719605,9.50467819049504],[14.356847590890649,14.401839580380848,14.491638535651143,15.379471566427947,15.511534268955213],[4.048662311150436,4.6446401544195215,3.929716515573688,2.0773722539392367,2.799009165794187],[0.16567041551433942,5.943675492062655,6.375477026334982,0.6214576705806385,6.442614817353037],[8.894518581308258,8.804508764062373,9.05998777145642,9.230961174446255,9.998112032448876],[3.266472037202056,4.865954271178657,2.201349070763701,1.7971926864385237,4.773459740184043],[3.0540756560119267,9.672329666555585,9.680854628473444,9.879679465490165,9.71125165462661],[14.521427200225062,14.507003933377803,5.891870296805397,14.704427504787253,14.526442706113945],[5.167939051554008,7.554760125679854,8.945349541191897,8.993413836048907,8.928771697772362],[0.9533851232360235,4.414257792875517,5.5997250682311925,2.216362543785232,0.7305519990503976],[9.742513161851246,13.564457931337797,9.22155455348319,10.286288880274896,13.508377694407837],[6.197640966670169,8.36947281163713,5.652571615243445,6.124085377715264,6.172950470856028],[2.1909101415884344,2.1161866487049585,6.055760786682154,5.926316478803926,5.9179417004030705],[10.429697641941555,10.515309363518545,10.367365589326562,10.5203366466358,10.39131033346752],[3.535936478996126,2.7300388058494183,1.7404359860734082,3.9579064518073994,3.8005728264399323],[5.581465857046757,5.4737048919891915,5.507696357456203,5.496584513592219,5.41459348555603],[9.312450997191036,9.263108769540237,9.28620913395906,9.305161246792824,9.18282202081404],[7.10955796070123,7.130766686512026,7.136128890104672,7.091864758893123,7.140717140964424],[5.5534531668852285,0.7553427994025278,5.843742531052983,5.662854184270478,5.593781905162561],[12.875771141826933,12.83194087973917,12.631717290933752,12.741121217866139,12.712551457267415],[4.803225199645141,5.813005266764363,6.099396788747622,6.114833515703623,5.9612632266196455],[0.11568915295056252,0,3.173219687554304,1.0851974262237898,3.161145797742147],[10.333867191489173,10.179762359399612,10.39774058405937,10.419068727857868,10.170461716385933]],"times":[[23779,2851,3499,3277,2593],[3416,1218,1901,1303,2739],[2399,3688,1837,1392,1104],[8457,1327,1407,1218,901],[2608,591,1513,909,1200],[1713,1103,1566,2278,700],[3104,922,1039,809,1112],[2136,805,860,1656,1083],[1552,735,681,999,536],[2192,781,840,1306,1315],[1273,1176,658,942,1146],[776,817,684,464,496],[3426,1637,1113,586,504],[992,1148,598,1077,726],[896,211,409,388,745],[2688,1272,413,609,455],[592,1090,389,411,636],[1536,364,377,339,293],[2153,1290,702,728,1069],[1577,1045,648,668,884],[1184,410,388,339,340],[2792,889,1228,921,561],[737,573,1444,2218,945],[1143,780,680,361,356],[1448,561,645,845,822],[2105,386,727,713,576],[1521,560,988,1673,331],[1856,599,690,679,359],[1015,576,478,289,461],[1673,385,338,271,242],[1783,599,864,294,573],[792,572,377,525,527],[888,462,398,261,265],[977,347,491,1556,857],[777,232,510,258,261],[600,715,716,426,124],[1921,662,431,612,385],[1809,504,972,713,355],[856,81,455,836,390],[2057,338,1051,884,1543],[1352,672,853,582,540],[928,409,268,252,328],[1321,325,1343,596,925],[1601,67,715,387,1132],[1400,288,319,743,444],[1344,685,1096,1598,745],[969,287,540,572,534],[976,578,691,991,237],[760,287,892,418,246],[912,632,291,378,264],[1232,176,163,252,289],[1921,839,599,1351,1031],[1224,315,84,212,229],[1112,198,204,201,270],[1456,435,218,320,86],[512,381,609,189,204],[856,177,334,95,258],[1656,355,397,224,245],[1632,879,586,643,372],[967,263,198,233,320]],