{"actions":[[3,3,0,5,3],[0,5,2,3,5],[3,5,0,3,5],[2,0,4,1,5],[4,3,3,0,3],[3,3,2,3,2],[3,0,5,3,5],[3,5,0,2,4],[3,5,3,5,3],[3,2,0,5,2],[0,0,0,3,5],[0,0,0,0,0],[0,5,3,5,5],[5,0,4,1,1],[1,5,1,5,1],[2,5,0,4,1],[1,0,5,5,1],[1,5,1,5,3],[1,0,5,4,3],[2,3,5,5,5],[5,5,5,5,5],[5,3,1,0,1],[5,3,5,4,1],[5,0,1,5,1],[0,5,5,5,5],[3,4,5,0,1],[1,5,1,5,1],[1,1,5,5,2],[2,5,4,0,5],[1,3,2,3,3],[2,3,5,5,5],[5,5,5,5,0],[5,5,5,5,5],[0,5,1,2,1],[0,1,2,3,5],[2,2,2,2,1],[0,5,1,2,3],[0,1,2,3,4],[2,2,2,2,2],[0,2,1,0,1],[0,1,0,3,5],[0,0,0,0,0],[0,5,1,0,2],[0,1,2,3,4],[4,0,0,0,0],[0,5,0,2,3],[0,1,0,5,4],[4,0,0,0,0],[0,5,1,0,4],[0,5,4,5,3],[3,5,3,0,3],[0,1,2,3,4],[5,0,2,3,3],[3,5,5,0,5],[5,0,1,0,0],[0,1,1,2,5],[0,1,1,1,2],[0,5,3,2,3],[3,5,0,1,2],[0,3,0,1,0]],"rewards":[[7.2652889321658005,7.411168845057105,8.479913740382099,5.9021407744148044,7.550608088375265],[2.5090200688036033,8.451193975961584,2.001961351672505,7.767168493363217,8.614007508413458],[15.25677715388016,14.498572603100808,10.815136052864197,15.390025750616951,14.322773950744297],[4.494138418426525,5.892590226434586,2.329048980773667,5.300551885885382,1.9127385000293844],[2.9287780548087836,5.777639801320379,5.601659791742547,1.8207240472313084,5.699400098091537],[9.649515033681014,9.72204991840734,6.274955929190602,9.787809741125514,6.241896681502605],[7.627453425973977,4.901984898637627,8.6352166884532,7.356026670338881,8.631233123957294],[2.9264609597926006,1.9219232544354599,0.16579965858249407,1.2959513451934415,0],[10.26918120884022,10.627230607681389,10.26749763878518,10.657670623688748,10.320811324896418],[5.402973177919376,5.675977205233385,7.991800832625442,3.3234738061829003,5.684375678496966],[11.095643517863758,11.194056454571292,11.107517328503882,4.865879318750736,3.643435812367658],[19.081452172812426,19.174404059744255,19.13005193810893,19.169715063377097,19.300679859586847],[5.898124124801857,9.383698302714125,6.901075354979756,9.43984108601058,9.415649507664199],[7.901512416587371,3.191212972683289,3.0415243749682928,8.492434889594808,8.845702713660351],[15.591973910249045,17.161446259372966,15.849166798577652,17.278020880466578,15.763238198118252],[5.089623770028769,1.1398563391761933,6.511918297738523,2.520771362556783,5.328313145659642],[5.559317524868603,1.341386343463233,4.5127990362393,4.375266145902575,5.500022427667296],[10.826794169877145,5.468383528098464,10.711164796727354,5.469424744172839,7.489867556790623],[3.585005995052212,3.6908304690436995,2.0817178904777474,2.5175283355277163,2.775548466121631],[0.2917265703492887,4.403055538979319,4.8190394617885834,4.748704355186246,4.8388785558070575],[6.697456192960199,6.902492093135463,6.966244524234578,6.870971787252402,6.898014560180758],[4.862287341587402,4.961237313848249,6.159981843706212,6.8650447541433826,6.208860478544175],[9.668552034210437,9.352996666032201,9.666637002506054,2.607573684813244,9.016648765445789],[14.56790911636836,9.179420691434096,15.341318218775488,14.721222123093046,15.527781227797062],[5.722656150782584,7.968686344049173,7.946206539329655,8.004908456817425,8.040905709175185],[4.589886660618244,0.7458023972127534,4.771367836506215,1.2835304481389624,5.051783089229499],[11.408381965948985,12.629777992451992,11.50529524553094,12.6877417073565,11.5225442509432],[6.328295156710367,6.349882273980481,8.387926680009402,8.318447318968877,6.264505788838332],[3.367196843993555,6.982407009894854,3.039908831715884,3.0903823237397448,7.087625980883987],[14.758513638738942,15.511037865272295,9.575687451664981,15.591289977015125,15.803260112612243],[4.513409612972357,6.0920510369535315,8.422737505644706,8.370558264060444,8.12013433376355],[9.50127090752973,9.795336029056793,9.67406765785066,9.750844393817108,3.24394305294625],[17.930668321350897,17.854164669032475,17.922926561580784,17.953294426417006,17.95003662179459],[6.62711701498901,4.823092214313604,6.6233687801174606,6.220570974045835,6.306799481580302],[6.609274330310119,1.5954834910429305,6.968932391334354,1.681058131012822,2.0099994700892503],[13.04020044434215,12.97404546708244,12.987109104912104,13.210654913931359,8.063820234594079],[5.257561971475765,0.0928756564352185,4.217912755481277,3.204452297208898,2.7775042258394618],[5.870054361648287,2.0134897123067534,6.5614934818957344,1.9181308131031105,4.9910266476042136],[9.756330987491339,9.791780530388905,9.823688060226571,9.798482380589672,9.768253438633648],[4.576849385546327,3.69493161225339,4.775457222759847,4.714862146473119,4.672089158739499],[9.073043543182939,2.736231002984448,9.197075102525702,2.6255145902409303,2.908258390644838],[13.6965576151846,13.698776478544712,13.657412752768819,13.645516838239605,13.79696547268992],[8.244424295857112,3.306124733502878,5.835243388764408,8.376891163783343,5.4997553270126645],[4.850624296686961,0.7980647091739785,4.780564335217405,1.3433707262810937,5.342275879047552],[8.998298347940832,13.25378256120985,13.199802706296097,13.122868402806366,13.322638908867349],[6.096652919201996,3.9020490041804647,5.98547460077605,3.96174943293184,3.9990194248146547],[5.233149532240353,1.34309834254695,5.161327572020345,1.7032155019926083,5.206241314676775],[9.582253861311578,11.282550697608508,11.275683570838803,10.9909117245576,11.024027816583088],[8.369263910393261,5.801791382707533,8.00570537305114,8.413137109920932,6.54692603712674],[1.7140569476125447,6.950200731971913,1.913414064557325,7.145910484130251,6.2525811089829375],[13.566997150865369,12.90953212098866,13.690264577471918,10.223009862327109,13.539581854803888],[2.179927250634199,1.9955725771370854,3.4374758876350127,4.468608303442964,4.6338798655527045],[4.376722469303979,1.155549125264292,1.2801943375055305,3.168904129035735,3.5668055687171054],[7.728043198673285,10.056893963204368,10.183789107953704,3.1870052514759557,10.082430990387031],[3.97989225404559,8.810551772891179,8.034911397643494,8.683094213054925,8.86194378688904],[0.06785148716552442,6.130258762091257,6.158336696101281,0.41636842482877545,6.231315163439178],[9.12285818664601,14.19983597097184,14.43178099414018,14.466130582889768,7.591437451365519],[1.0284755292788634,4.976707859784415,3.1471729156822206,2.457561166741169,3.282061619531872],[0.46486561273884963,0.4722302756498783,7.436627628914086,0.3736063522000209,5.553177585386936],[8.622713874749454,3.843557465339228,8.459087573078566,1.7258459160600246,8.470300705736186]],"times":[[39158,7913,3983,2025,4205],[3929,1118,3656,527,3199],[3703,1035,2051,819,425],[5068,1086,1216,991,433],[5636,1232,1719,1032,396],[2264,2945,2438,565,664],[1466,994,442,769,1616],[1462,678,1135,925,942],[1963,2241,730,457,467],[2215,1555,1825,1553,1184],[3139,1038,1063,452,569],[580,415,446,677,435],[1946,675,2317,385,436],[4272,1814,1572,961,2696],[1118,592,444,545,559],[3321,736,397,1196,573],[489,926,220,713,223],[1130,143,1511,471,943],[978,1519,296,544,389],[3661,69,918,2789,524],[1413,701,442,474,361],[9884,3401,2354,3742,2410],[3635,2567,1161,2011,1141],[2571,890,440,341,895],[2287,951,1504,1179,516],[4776,982,453,1927,582],[1004,509,410,298,1189],[1489,825,320,503,2079],[1002,776,1082,1146,516],[4547,2736,811,725,375],[2820,291,2425,1250,1863],[913,1686,581,396,1295],[1184,661,565,644,520],[3307,1508,1346,959,1061],[3323,864,378,3092,1502],[896,400,385,367,1363],[3971,462,1194,1738,2451],[2288,1058,389,2941,1155],[712,123,11,795,364],[1649,4134,1037,1443,466],[2092,737,840,1214,699],[666,667,560,649,1257],[3051,428,2644,950,2686],[795,385,393,3576,516],[4442,466,466,345,379],[1670,1227,1265,1366,658],[408,1424,385,363,1826],[858,816,546,519,460],[1171,480,2457,865,1528],[1960,678,1275,610,2280],[1838,431,211,841,246],[1567,4879,1366,775,397],[806,559,1040,481,584],[1802,969,1861,366,201],[1608,1019,1168,544,815],[1478,1156,1071,631,500],[480,1118,543,521,819],[1261,625,1072,1043,881],[1228,1031,626,959,932],[380,548,358,388,207]],