{"actions":[[3,4,5,5,5],[3,4,2,3,3],[3,4,5,5,5],[3,4,2,1,0],[0,5,4,5,5],[5,5,5,5,5],[3,4,2,1,0],[0,5,4,5,5],[5,0,5,5,5],[5,4,5,3,5],[0,2,5,3,4],[5,4,5,5,5],[0,5,2,3,0],[5,0,3,5,5],[5,5,5,5,5],[5,0,3,1,4],[5,3,0,0,0],[0,0,0,0,0],[5,0,4,5,5],[5,0,4,5,5],[5,5,5,5,5],[5,4,5,5,5],[0,2,5,5,5],[5,5,5,5,5],[5,0,0,0,0],[0,5,5,5,5],[5,0,5,5,5],[5,0,2,3,4],[5,0,5,5,5],[5,5,5,5,5],[5,0,5,5,5],[5,0,0,0,0],[5,0,0,0,0],[0,5,4,5,5],[0,0,0,0,0],[0,0,0,0,0],[5,5,5,5,5],[0,0,0,0,0],[5,0,0,0,0],[5,0,4,3,2],[3,5,3,3,3],[3,0,5,5,5],[5,0,5,5,5],[5,5,5,5,5],[5,5,5,5,5],[5,0,1,2,3],[5,5,5,5,5],[5,0,5,5,5],[5,5,5,5,5],[5,0,0,0,0],[0,5,5,5,5],[5,0,5,5,5],[5,0,0,0,1],[0,0,0,0,0],[5,5,5,5,5],[0,5,5,5,4],[5,5,5,5,5],[5,0,1,2,4],[5,0,0,0,0],[0,0,0,0,0]],"rewards":[[7.061852522318527,8.804280830076335,8.758240524926535,8.759670748837657,8.58284204783535],[7.196669433995909,1.7573711383827029,2.0395095289553717,7.316049507884667,7.3766865548893055],[14.292908171806392,10.320260082901392,14.492803798671492,14.60514763945709,14.514759139615835],[4.8920676223499235,3.5254340432632127,5.66606230194443,6.754314949403682,7.345832908089164],[2.669800229103488,7.345632937245882,2.3798215211008444,7.606151815627936,7.331032686740248],[10.175035209603625,10.272536214257416,10.344864895205125,10.390493241559707,10.190026678381853],[6.098918317492275,5.2946136619178805,7.156819351042404,7.170854247107867,8.099460133008428],[1.4390780791607511,7.156211396486285,0.23597411823777056,7.259955215784296,7.459924063126628],[11.806554726824196,9.416595567673728,11.99757654698751,11.745608149443886,11.90695188202437],[9.432543384601772,7.796367015007116,9.364748440287487,6.7771558686956945,9.500905790714159],[3.238303503479228,2.8235482626888375,7.763977372637723,8.081220958098838,2.6976533258737483],[17.386114708076196,10.881433187012371,17.223289951599316,17.288053756595993,17.284829661968466],[8.33039257202806,5.788996851574981,7.185549184806342,7.573324843889204,8.368930833396243],[8.550956445800358,2.4844495311411476,8.089745308613164,8.413975273130399,8.555740382845224],[14.416025184874504,14.396730158413755,14.438650294126388,14.262934432851539,14.58578050919496],[5.334161615592744,1.2884795470691448,3.2720065862397227,1.5781579564529487,3.8667946845966883],[3.4087735005064657,3.617877528028242,10.918012549519814,10.925714838444136,10.979519835148931],[12.519850644883862,12.557244354980906,12.40889869343711,12.375945680066627,12.432708193740911],[8.220218990096576,5.457512068312669,7.816722209329779,8.028965252637988,7.948732889466895],[5.886889053020604,1.8564393849484238,1.4100491824819685,5.817054618592781,5.367445082255431],[13.696078542676789,13.581167258546081,13.840342893664024,13.667230480552176,13.803580817562043],[8.677334592064527,7.627235049751747,8.515925129694143,8.551044691649121,8.52425355104507],[3.403315938404052,2.37634526998218,9.910273794580121,9.854897882150933,9.882343274127665],[18.520712094452186,18.52887904769049,18.424638571243268,18.415846948142242,18.636819495843323],[3.5258725422230186,6.993127511533553,6.952441900282648,7.060758298036726,6.91656707311681],[3.2818356390574333,7.792673125488808,7.7524782954285625,7.750233194087828,7.791819411677398],[11.586344950195468,10.233074239085978,11.614329178171051,11.436681949592373,11.355833065381919],[2.233995652980337,5.323691223413327,4.871659385971368,4.480315926246046,2.652172306203497],[9.916866494731062,4.510624747700196,9.81102588970981,9.824356713962432,9.616274178491542],[11.834370009896295,12.10298349398387,12.095010558752394,11.74264722341572,11.988883348632545],[5.470208516686609,4.305145645662924,5.498323291316047,5.472730768529719,5.42552561578081],[2.4027838421379633,7.64023234424445,7.739944712987182,7.563091269229719,7.7050863631072355],[7.432118386836836,11.737123782443907,11.842243387982899,11.90621267261413,11.884610846423572],[3.261414124786908,5.719135975595869,4.596954167659685,5.756227724840385,5.603986357928708],[9.285303269904954,9.193462428662533,9.137192250497215,9.070201584402598,9.21177392381817],[12.280102784747474,12.46062854785344,12.295630936076849,12.338096994734093,12.111901773875372],[8.83381090065024,8.742120643436031,8.908130782894231,8.816403477361039,8.778998058120905],[8.899763501071707,9.125682254781058,8.788241898226556,8.823004878848138,8.959934358375964],[11.033767701795384,15.32063024734508,15.321471665321157,15.456028232392844,15.467172041228702],[3.523255756621128,0.8861355740140012,2.878403588501809,3.466111469149045,1.5646370589808951],[5.187318460957865,4.695620366106765,5.319526498842107,5.327169394195771,5.339822987610312],[8.739050869329525,2.628643862015139,8.206607841001947,8.359091261290734,8.462196265703783],[4.2668566115117175,0.5395069097245921,4.240668003178807,4.531763356612667,4.151829250406777],[9.618887582989732,9.629069433722085,9.742844907347777,9.493448903073743,9.678139075695393],[13.83558899761453,13.908002750350423,13.653492874161275,13.871591747735453,13.833351928534213],[1.2976900289629458,4.318669033175317,3.717388176839115,3.1058418808637547,2.4142248401663573],[6.885760216836231,6.741415596934764,6.747891547169557,6.88146896625069,6.571406323189099],[8.118390445230014,5.792221813376916,8.16387650847973,8.204790790868337,8.139075788937815],[7.9794109554856085,7.8541736894297705,7.857179855022992,7.713686942779745,7.7187216104851615],[2.147024480035393,5.336837266292704,5.268579176959216,5.3904943113481405,5.304145121143403],[8.211494757241272,9.976378251524348,9.815534741362764,9.958074747155367,9.98173441269948],[6.744196798112356,2.7953280644268435,6.702121697479177,6.722240501517275,6.837432720139337],[1.6360271209952035,8.787512838576047,8.766559910042556,8.600929874274918,2.0142577074174057],[11.960123459511243,11.667587602050144,11.635473964144865,11.812250162862812,11.681172206995642],[7.318805163692519,7.383615623858999,7.243520475775604,7.1967424195167675,7.32069453135318],[1.6636598705206314,5.194917683373254,5.233895484695633,5.026522811390041,1.8317467554485085],[12.578978725120615,12.30764538955574,12.510268430765285,12.458203504854556,12.421902606985437],[1.4446804351025002,3.9601851455984187,3.473644088121053,3.5728053366349197,2.2437341511735545],[2.115589688254376,5.985316016864687,5.904038399870579,6.361018759445732,6.110867056669775],[10.026993981955068,9.829457368097994,9.836228378367977,9.946891240771933,9.915995236503825]],"times":[[76161,2510,1081,2225,953],[4386,1140,3235,901,1403],[1832,1851,1178,626,992],[2216,799,1459,1521,1497],[1379,1816,884,773,671],[1119,1234,888,953,843],[2526,519,983,942,1025],[2329,1336,735,603,641],[2025,1385,650,1873,1467],[1572,829,1280,8735,1071],[1771,1162,861,1349,873],[6310,962,424,509,581],[3302,732,1016,2218,371],[1262,1175,1521,644,575],[1782,511,1040,1006,886],[2006,364,2220,1362,703],[1254,1454,645,517,604],[1717,502,346,351,442],[2349,706,745,438,464],[969,331,1087,469,573],[2397,375,530,416,628],[1494,784,974,346,394],[528,1804,819,482,463],[998,466,502,434,375],[1367,531,363,346,457],[1824,497,443,390,374],[890,481,298,342,484],[1637,481,1548,304,366],[1529,480,417,273,297],[886,476,321,384,413],[3866,315,1130,383,396],[1370,315,300,519,380],[1790,375,329,449,382],[1568,453,650,360,355],[1364,502,483,341,442],[460,409,321,293,322],[1498,981,427,471,412],[1597,295,298,327,339],[1594,363,357,314,315],[1342,406,486,570,1190],[949,1223,489,363,980],[1866,305,284,359,369],[1079,370,393,384,355],[1398,405,357,398,424],[1075,314,461,382,361],[62021,1049,1185,915,1025],[1100,749,367,340,367],[1176,735,371,283,404],[1131,352,283,354,556],[1624,277,385,322,391],[973,1189,345,360,383],[1249,430,270,370,335],[1061,220,352,450,304],[1082,330,398,335,788],[1179,375,390,313,352],[1373,411,456,351,595],[1004,343,340,329,380],[1717,351,859,652,1117],[763,293,285,331,319],[1371,280,350,336,306]],