{"actions":[[0,1,2,5,5],[0,1,3,5,1],[5,5,5,5,5],[0,5,0,0,0],[1,5,4,3,4],[1,4,4,4,4],[5,0,4,5,5],[5,4,3,1,5],[5,5,5,5,5],[0,5,1,2,0],[1,4,5,3,4],[0,0,0,0,0],[0,5,5,5,5],[0,1,4,1,2],[3,4,2,3,3],[0,1,2,4,4],[4,5,3,4,4],[4,4,4,4,4],[0,1,3,5,0],[0,1,4,4,4],[1,3,1,1,1],[0,5,5,5,5],[0,1,5,5,5],[5,5,5,5,5],[0,2,5,5,5],[5,3,4,4,4],[4,4,4,4,4],[0,5,4,5,5],[0,1,4,5,5],[5,5,5,5,5],[0,5,0,0,0],[0,1,0,0,0],[0,0,0,0,0],[0,5,5,5,5],[0,1,5,3,1],[4,5,5,5,5],[0,5,0,0,0],[0,2,4,1,0],[0,0,0,0,0],[0,5,5,5,5],[0,1,4,4,4],[4,4,4,4,4],[0,5,5,5,5],[0,1,5,4,0],[0,0,0,0,0],[0,5,0,0,0],[0,1,2,0,0],[0,0,0,0,0],[0,5,5,5,5],[0,4,4,4,4],[4,4,4,4,4],[0,5,5,5,5],[0,2,4,5,4],[4,4,4,4,4],[0,5,5,5,5],[0,1,5,5,5],[5,5,5,5,5],[0,5,0,0,0],[0,1,1,1,1],[1,1,1,1,1]],"rewards":[[5.230945704740217,5.193701550248935,5.66610086668613,6.806053868208437,6.754388141716299],[2.072975563285617,10.140216885780555,9.232591722699867,9.304422229135008,10.09641105511385],[16.27116811950889,16.02373344168673,16.03431811533459,15.927749094664078,16.050743574813424],[9.270702501920473,4.625857979407406,9.448330870896,9.448412831562932,9.419244155445659],[2.5070975250418277,3.603352293634515,7.374577157227518,2.2122324929433304,7.512089095888501],[10.866338338553833,12.66574883673049,12.716239261741451,12.554811400160931,12.739014912735048],[5.072184070630018,0.3449225314782201,4.266814691121347,5.14208484637325,5.180934903283398],[6.671909038524398,1.6141238619989398,6.177881003254187,6.035004941784396,6.633690778605023],[11.61461671394006,11.837479759475745,11.660664237645952,11.736258672567855,11.456783759789616],[7.204982881475788,4.464256020818018,7.764076992858696,5.844703957652476,7.116987633939147],[0.6341895267049318,6.484323954198335,0.9935122138530152,0.2725771058448202,6.446860002419242],[13.794332288682718,13.940564903059713,13.868738981745938,13.71649608267542,13.662743161109493],[2.79477099119947,7.900653011682322,7.872809529337923,7.832937411646509,7.981799723537498],[1.5103970709139842,4.879275086357895,1.5038826708455424,4.56198767819169,1.3506954582167034],[10.212712309289707,8.160862197545235,5.405295203355485,10.285290628260006,10.198789076293627],[6.464951269665871,5.644662372221355,7.1688865506211235,8.397059583789074,8.397647850515003],[8.988938028733005,2.279204831101829,3.4693985612986777,9.15333249856621,8.940438411944301],[17.596826489571104,17.28566128211374,17.374758051204914,17.561158742205897,17.696456912037547],[5.547575538447271,4.068705798720506,2.631985476054737,1.4349737227735475,5.52143605054911],[6.824466485151696,2.2742101993258945,7.5012167046005755,7.392259801010409,7.478638548047811],[6.4777001165335415,5.430068831413769,6.431080543709844,6.547746292279559,6.423943502525331],[0.6284829126019751,5.500061460775871,5.254782090482788,5.511901753251205,5.352136367564487],[2.719520920307344,9.581485228686711,8.517549728433734,8.576256525432624,8.585541520780485],[14.040633327435213,13.811440396674884,13.822633016443763,13.797402667894541,14.036666768447283],[3.4361911125435385,4.138143466723716,8.309137008470238,8.46442949083831,8.416399874413083],[3.042851463496188,2.7253676120961354,9.447822411572194,9.50850379515315,9.359342105048825],[16.143746600339497,16.248782264106328,16.21825322904244,15.992732139483342,15.868778024384866],[3.834850910626317,6.672574158047643,6.421155538484895,6.553222516049175,6.563518458667583],[3.0110298752686786,8.086766158496447,2.6557753091191056,8.873217807262797,8.608280794961091],[15.490929493757251,15.539133454874744,15.348171719198323,15.427562520919158,15.258422701111998],[5.635212598300141,1.537563119211787,5.521334818076458,5.385436931142941,5.643047317720608],[10.675065525305428,3.6087514857628333,10.538622695673297,10.626908038388057,10.58525859192227],[16.29960947069415,16.275649732625595,16.312808886621482,16.334633829701396,16.361584783526247],[3.2335832270893,6.941645999760492,7.057401969399778,7.141029295763601,7.080229338771524],[0.5900432055211936,4.961214368877835,4.102884855680817,3.9596822884530973,5.007090007382717],[8.280148597071328,11.15070697976337,11.063082142370257,11.250346534033335,11.339543561869144],[4.509074287483852,1.7942663623225061,4.479361096024752,4.428117514126108,4.544480405963672],[9.170813218725081,8.952332280299144,8.953288413610954,2.7702345300010998,9.213003169302313],[13.61142389082322,13.681236047106761,13.517003580261552,13.801701631652461,13.725308617561636],[1.493519699434223,4.4245944446860985,4.415139585208023,4.325699835593982,4.471027865956846],[4.838869437311106,1.6902438910617954,4.5381102118897925,4.227813144582156,4.37342799863286],[9.469188744937911,9.402251183478656,9.480763145123314,9.329799908173278,9.268520701542306],[5.064371276694979,9.819278170174334,9.635295152381124,9.846294815131136,9.803423754351025],[4.4473001427371255,1.4627242581848388,0.9769038088581306,2.603442701238956,4.601179021968224],[9.488213946126862,9.583165957115577,9.518206470205671,9.588378747916856,9.673003250089883],[6.830825912874933,2.5544768234311404,6.569845935155863,6.7157682265520675,6.840637125606595],[6.820825630340299,1.0018962531392315,6.340069410618402,6.575130711083203,6.73205321742395],[13.645130977687614,13.537788877899937,13.31307094967718,13.410227042929364,13.369828601245578],[3.978944627698019,6.168879529015655,6.0937165492372145,6.196550411575987,6.07842541257433],[8.91711237870593,8.39655899634572,8.404702449107663,8.306304037147292,8.334853764293843],[13.513161146095186,13.733655606356114,13.433977407289293,13.674842249605256,13.524088995303176],[4.602576585888059,9.112744517620884,9.057954133157779,9.075784488007614,9.004253147082977],[10.468481874614177,11.487848289633524,10.666447845604392,4.756349315038662,10.772258966468787],[19.040375858290467,19.071851609695642,18.962602491978707,19.327379008214795,18.98182463523906],[4.61163023878368,6.676704205613699,6.797265782882771,6.671292010549094,6.66247340007173],[0.21159987286615628,5.25969111532625,5.662603719827833,5.485640145299134,5.578332739671135],[12.322319373751272,12.444232767527783,12.248729692027958,12.289271751890796,12.298991404216112],[5.004809098222101,2.9071466155424157,5.0569280592529084,4.9182785429434706,4.950692360819063],[2.3833412492395927,8.188035558440404,8.22615821473515,8.360062848527916,8.207790300596493],[12.961295634537137,13.007564519866287,13.071611919937073,12.9177343511642,12.921850628413564]],"times":[[24504,5558,7179,1188,1154],[3431,3111,1178,1200,1331],[2348,359,212,249,243],[4018,2875,490,50,36],[2351,1016,785,979,834],[7505,2352,1199,542,224],[6431,589,1663,164,118],[4025,474,944,1141,316],[1489,349,79,90,61],[3776,484,545,893,353],[2199,3683,500,153,693],[2998,845,32,76,135],[4782,503,253,123,155],[3892,250,982,604,1040],[1833,799,301,18,6],[4110,1255,921,3151,157],[3664,945,389,114,49],[997,212,66,68,56],[2409,378,489,317,193],[3826,259,2665,104,657],[2302,683,1172,28,554],[2996,268,16,0,654],[2598,307,1528,206,150],[890,49,77,63,238],[2274,554,481,293,93],[2910,521,534,199,100],[1075,8,23,529,381],[2551,495,668,557,246],[1971,390,1788,1258,207],[1433,190,191,183,282],[1041,985,1062,149,184],[2180,1427,60,131,176],[513,58,150,132,226],[1580,221,172,164,258],[1359,296,1224,1335,45],[2260,1221,186,84,121],[3279,202,160,54,80],[702,1066,576,432,8],[254,87,68,143,214],[2682,121,77,68,78],[2891,386,1052,210,133],[888,32,109,107,98],[828,116,126,120,88],[1674,243,1607,2139,485],[2161,274,67,88,432],[3013,97,37,71,67],[1740,264,472,204,85],[351,108,98,170,180],[701,915,213,183,147],[2901,1202,123,97,257],[890,39,105,46,140],[2021,450,168,104,155],[2541,1325,129,297,164],[878,54,160,282,263],[1550,203,164,88,158],[2504,205,1532,97,103],[990,68,107,204,184],[2029,114,38,65,113],[1939,1370,2197,54,70],[1074,113,129,105,182]],