{"actions":[[0,2,4,1,4],[0,1,2,4,5],[4,2,4,4,4],[0,1,2,3,4],[0,1,2,5,4],[5,1,3,3,3],[0,1,5,3,2],[0,5,4,1,3],[3,5,1,1,1],[0,1,5,3,0],[0,5,2,4,5],[5,0,5,5,5],[0,5,3,2,0],[0,5,1,3,0],[0,5,0,0,0],[0,1,5,0,4],[0,5,3,5,4],[5,0,5,5,5],[0,5,2,4,5],[5,0,0,2,3],[2,0,2,2,2],[0,5,2,4,2],[0,2,5,4,2],[2,0,2,2,2],[0,5,3,2,5],[5,0,0,0,0],[0,0,0,0,0],[0,5,3,2,0],[0,5,5,3,2],[0,5,5,5,5],[0,5,2,3,4],[3,0,5,0,0],[0,3,0,0,0],[0,5,2,0,0],[0,5,3,2,5],[5,0,3,3,3],[0,5,2,4,0],[0,5,0,0,0],[0,0,0,0,0],[0,5,2,4,5],[0,5,2,0,0],[0,5,0,0,0],[0,5,2,3,1],[0,5,0,0,0],[0,0,0,0,0],[0,5,2,5,5],[5,0,2,0,0],[0,5,0,0,0],[0,5,2,4,1],[1,0,5,0,0],[0,0,0,0,0],[0,5,3,1,5],[5,0,2,4,3],[2,4,4,4,4],[0,5,4,2,1],[5,0,2,4,1],[3,5,0,0,0],[0,5,2,4,5],[5,0,2,5,5],[5,5,5,5,5]],"rewards":[[1.8071410438013642,4.543232290883754,5.63679135065863,3.914865445766624,5.508452315659018],[3.3653396763470522,0.6300108488033705,1.6932855755854732,2.918911926801169,0.23025071741903433],[8.660457480940458,6.270955747750514,8.537576899862103,8.499585117146392,8.71185279309632],[6.475384050329395,5.7272354767687315,6.458975336215742,6.106265112955783,4.193807636034097],[2.757575100658072,7.999264947569792,3.1306366155854373,8.743615632879694,2.306585719078074],[12.230235174191334,13.787246967768409,14.091887451653148,14.034891112079782,13.983604305725757],[6.01653562044302,4.324382722995174,1.1783470969661092,3.333212331312247,4.089952296426396],[0.9129022841549829,5.453631742910293,0.5654943266021393,5.855220006341372,6.214463511350833],[9.733856304796754,6.906851918165663,10.108743952188767,10.20368101497348,10.299998933518403],[8.228490212768282,8.130817462917083,6.134728920679851,7.369694414839646,8.3971396062871],[1.874979597709972,7.0075455918505885,1.518718784167562,1.8141467431162033,6.999632688473483],[12.920226368861188,10.029541269894581,13.034727486946629,13.010753257061326,13.03004224448917],[6.641756336060596,3.499640075183567,4.5102894998868965,5.94584023228966,6.617134179748407],[3.62094932484988,1.0926567882125136,1.8993410399196402,0.8492903645866827,3.5661478591313287],[10.488537741729608,4.452487576916521,10.137850722917037,10.320371902368322,10.401102761415709],[7.330631428232444,7.708358885066181,3.7257619404504343,7.454584564200049,5.328971876468963],[2.867654250957726,7.010677674361495,6.564234023545986,6.8569943369220665,1.4677859968685334],[10.921227664390134,10.440922836405438,10.791741390203727,10.91349581751931,10.929499666634822],[5.271280096348059,7.191460887370487,6.241518100658063,6.648390895867101,7.222478624446653],[0.3847735524147805,6.144948145784482,6.053564899266021,6.284195451362675,0.5446315747949542],[12.55273024091589,11.408040780889374,12.72132056100974,12.792212328576849,12.52944755075748],[4.580504713354232,3.2126326277017245,4.245842050869354,3.1953216101272433,4.118851075344182],[2.3786459143377074,2.9869493848822795,0.4599568886751681,2.677580045560727,3.0424512720757715],[7.176502211135146,7.016080083592815,7.154884331563038,7.131095863921687,7.338505334646996],[3.2013655478422773,5.042397671650067,4.695490935387667,3.164737713719438,5.015005633536627],[3.625568316059426,9.949732838676683,10.007297979325562,9.842793065396243,9.90643080621297],[12.978672689833308,13.137712862712256,12.96175698545436,13.14860563719006,12.950687627952517],[8.087311809744266,4.410508736086493,5.95609139526671,7.146300380951372,8.189214839033596],[1.2400586445568706,7.279891152043873,7.332923123340697,7.289944798682929,0.19199898627963255],[9.194206307653246,11.774069149892608,11.718130374354487,11.761002646621002,11.916259999546794],[4.755805626209166,2.239954323532724,3.9574083356409675,4.617192877285296,2.673174226493716],[4.134940540634443,11.215158637443517,3.174524192020369,11.026674998918987,10.870980157651216],[15.908819078181258,8.734892367984374,15.786408555682936,15.789323593341944,15.744481753932545],[6.311957251861845,2.3466525288317386,3.0542840082997462,6.077276231469496,6.3687092546745605],[0.13529350121624661,3.4266745958750695,3.7332038076779597,0.959243143523389,3.450099625768136],[5.906109235955316,6.372675138572428,7.101868562618197,7.097596609628721,6.9458817429821424],[5.180320025792801,0.8705207269398736,4.037462408739042,1.147913255587788,5.0798742261036836],[7.8964895234726376,2.377084950794884,8.031914662176286,7.8277388112882615,7.875572541415533],[13.08515646360547,12.951120070785649,12.934711776916451,12.981518441996501,13.028759584753777],[2.766267610526484,5.446559589892578,3.74322425540239,4.689603908683382,5.575015576750272],[7.112572108894529,2.044767723678491,5.929612029078539,6.959813218003449,7.3241298749755135],[10.11370530521732,7.458672138813853,10.338354078297831,10.185563161334162,10.336761878538237],[6.886282404153761,2.0800425072766444,3.6508299142344454,3.029111326713424,4.0935088953534455],[9.37713865176624,3.04553339923131,9.45013461347857,9.520974908827199,9.34190483883069],[15.945563627538647,16.16214621923355,16.06706135433772,15.936217347235734,16.22369612170186],[2.0350974304900085,5.995598582033779,3.8939585725539145,5.912894189700746,5.8145178011174705],[1.7968066910398721,7.216780688590178,6.927873787591121,7.111480720082692,7.067104761187525],[9.097113587050032,7.69800151600325,9.101993252405554,8.993610067070579,9.083530978024296],[7.227446867227339,3.1715920434696274,6.877296528736082,4.385655481934103,6.530681073408901],[2.2559938700993882,8.901718359201698,2.8675022572720783,8.973257580894462,9.19561971674371],[16.330077925098276,16.309293723858286,16.345535184739514,16.327422990301244,16.482956084760275],[4.723759535592671,9.263172139591997,8.306846205652981,4.957685747653812,9.4095200167829],[2.0229512274498043,8.010366324716207,7.785596606174285,7.793183503781972,2.3006283195283967],[14.398220491794133,16.140254296114765,16.094025402421586,16.210450163780173,16.149764698689154],[6.393151458046458,9.050414136360956,7.999967852071999,8.063904338653543,6.267593820925427],[1.3130272547527668,6.620364142870593,6.620818083358937,5.975224653522775,0.6531400395537572],[8.379343927298345,10.022304700658232,13.137828580083486,13.274025366708715,13.198916545443925],[7.12594590991746,8.209131208842436,6.149718242440364,7.223193549046191,8.160654233254538],[7.105075132781791,3.1678154074994764,3.3622145876002425,7.172899478170659,7.208436140076499],[15.438041332568543,15.332539080891538,15.480561616243975,15.34372339719296,15.230275900112664]],"times":[[19597,2791,13688,8884,1808],[4555,722,2048,1186,1470],[4608,5234,4940,1264,1043],[3246,2313,2191,1364,989],[1978,1495,1905,1895,2967],[1869,2731,2938,1629,789],[2297,2408,774,3468,1091],[1208,1260,2675,2890,1336],[2109,978,2241,1271,1214],[2809,1186,1701,1275,2809],[1502,1070,2787,724,1202],[1304,812,733,354,861],[1508,733,1813,737,1052],[1279,845,1560,812,1091],[939,860,581,292,232],[1683,1472,1726,1452,2062],[935,724,2009,663,1219],[1006,726,847,375,310],[1205,979,2833,1182,862],[1164,1013,1254,2078,3644],[2158,1277,1513,363,324],[3154,2810,1684,1154,872],[1080,1347,1253,2710,572],[1821,1116,1341,325,342],[2303,1451,2228,1901,460],[1326,842,1669,363,311],[1038,1963,145,81,293],[1418,1270,1369,684,429],[1105,722,3437,1388,1313],[1351,695,484,282,476],[1295,628,1000,914,1193],[1154,1777,2646,666,153],[920,924,447,156,151],[1866,4274,934,1136,758],[2005,961,1361,824,1158],[2039,729,2798,1099,333],[1571,843,2993,2149,1151],[1392,1857,683,403,819],[683,328,204,164,224],[1341,522,1317,1327,822],[1454,933,3428,1059,325],[474,713,212,504,279],[682,464,1160,820,1690],[967,1592,297,276,186],[403,485,313,253,150],[1036,571,2931,593,780],[1189,790,1731,1490,1125],[1247,721,384,453,459],[1365,573,923,1850,2640],[1067,1006,1100,523,38],[1336,840,358,176,258],[1333,516,1106,3278,1204],[1572,910,3064,3637,2686],[1065,1044,1272,233,166],[1508,773,1850,855,940],[961,784,1270,794,1012],[2227,330,471,683,1652],[1326,875,826,723,511],[782,728,1604,920,336],[1037,586,332,232,176]],