{"actions":[[1,1,3,5,1],[4,5,0,5,5],[5,1,1,1,1],[3,2,2,2,2],[0,5,4,3,1],[2,3,3,3,3],[0,0,5,0,0],[5,3,0,1,2],[0,0,0,0,0],[5,3,2,1,0],[0,5,4,2,1],[0,3,0,0,0],[5,4,2,0,3],[0,5,3,2,1],[0,4,2,2,2],[3,2,1,0,0],[0,5,3,4,2],[0,4,5,5,5],[3,2,1,0,5],[0,5,5,5,5],[5,5,5,5,5],[2,1,0,5,4],[0,5,4,2,1],[1,1,1,1,1],[4,5,0,5,5],[0,5,4,2,5],[5,5,5,5,5],[1,2,0,5,4],[0,1,2,2,2],[2,2,2,2,2],[5,4,0,5,5],[0,5,4,2,1],[1,5,5,5,5],[4,0,5,4,3],[3,5,4,0,2],[5,5,4,5,5],[3,3,4,5,0],[0,1,2,5,4],[0,0,0,0,0],[2,3,5,0,0],[0,1,5,0,0],[0,0,0,0,0],[5,4,0,1,3],[3,4,3,3,3],[3,3,3,3,3],[0,5,0,2,3],[0,5,4,5,5],[5,4,0,5,5],[5,4,0,5,5],[5,0,4,5,5],[5,5,5,5,5],[0,1,5,0,0],[0,5,4,2,5],[0,5,0,0,0],[1,0,5,3,2],[2,5,4,0,2],[0,0,0,0,0],[4,5,0,5,5],[5,0,0,0,0],[0,0,0,0,0]],"rewards":[[4.638767715913076,4.783201158028358,2.913883812598032,2.2157843068875454,4.805025573708206],[1.193169517167655,6.362144609663366,1.3760016633029315,6.389709280449421,6.388184921310375],[8.64235058863108,12.02369324292985,12.136025616708878,11.97313435806978,12.309146871511595],[5.333212392797445,5.980322759157498,5.9689142308882435,6.042538203555763,5.905122440722962],[0.52028003074482,4.240719542400713,1.5111070851138704,4.463167271735674,3.9428790707720753],[6.9422044547177935,9.456860145701942,9.684453367172285,9.553883409088915,9.430725956266672],[8.03846507015169,8.149946446328626,3.521276993425202,8.098824655432042,8.02506651942323],[1.0969284215725783,1.2014109535239732,5.027769548880593,2.61854565920835,5.790160047035993],[13.053861286739059,12.86394551446873,13.088125528774949,13.014615247894458,12.955473716234657],[5.130722913576542,5.575948623013557,5.9485405497984845,7.202930185016162,7.029103487681608],[4.607680218457445,1.1730714226062033,4.373369530656063,3.9553769069087688,1.4060720000055542],[11.675924765191724,7.421199881270492,11.51449570494091,11.554085217588229,11.478423701900153],[5.142394018936635,5.4515612413733265,7.443544637905822,8.460888491215934,6.725260950032907],[2.2720528108339253,0,0.5020889887561751,3.598372073929767,0],[11.02495649861151,6.813463844979307,11.0886621051969,11.330758781665342,11.253833103889274],[6.39732113583976,7.269373574401251,7.882844672259868,8.372415682601764,8.300493549048674],[0.9228751846072367,5.095737414314815,4.663445550354308,0.049982992901110024,1.1345687815270251],[9.28409203223383,6.377364948956248,9.277250238731918,9.165273703459663,9.238256610226538],[3.921304487906401,6.022625938268263,6.753821051881504,7.273976626017379,3.201363444086002],[5.051954810724439,11.45510921817316,11.624378342717673,11.463564423812171,11.511022443937996],[14.527219282509158,14.523651606231159,14.578633072476393,14.727389195691167,14.793640405790967],[3.9225939280025672,6.385973161536345,6.518283842707842,1.6919985412723428,3.9021542751278946],[2.184095025420786,5.784884399393162,2.4274413247134374,1.8293271932785873,6.966409852210322],[13.387324592044958,13.500947597603052,13.498385140366844,13.521057599756798,13.464458982465297],[7.7920315801415185,7.922800527915278,3.6541688296954997,7.909431993316075,7.902655798423985],[0.3729671685166933,7.180810695476135,0.1302257003363624,1.2382510609192767,7.298661949764861],[15.12058892348538,15.19742152759432,15.228895392160943,15.312337684298615,15.139416777124945],[4.544223993573471,3.667950132892498,4.696876703363515,1.6039548568901356,2.785235076816203],[8.128672876498191,2.300754173979613,8.784886420535653,8.695820071910212,8.764108648347072],[12.359376350792813,12.399084765440376,12.553584092400744,12.31027223789873,12.46159526590737],[7.731179101618681,6.893067290308103,3.7217197125027788,7.870912536943749,7.690844730713775],[0,5.7713628030374995,0.2943919196332233,0,4.95331422551814],[9.280882972659532,13.542010578176638,13.453449367352604,13.744237180915414,13.553150327452762],[3.3970781510666557,1.738847921421751,3.916652465941579,3.45915415263485,4.426122779357797],[5.82730849592445,5.549120692773782,0.6852219218509905,0,1.8625187837496169],[9.416425918087526,9.189642006625228,3.8825489485515643,9.29263155300964,9.231104536703269],[7.366168593695916,7.1495084709441326,5.719910212738613,5.142800380314238,9.241741686781223],[4.625179159538419,0.9449199891738109,5.715592208172933,0.776711576349071,4.510227261897675],[13.68619923456203,13.433237499357984,13.533801971560768,13.64589341455904,13.653495444650058],[6.320150835839793,4.807800773091216,3.1896301707485852,8.626687528453884,8.584554401649322],[9.2931571363192,2.7912431613960043,1.7551269136163894,9.373340124187195,9.399120135867824],[18.092060810211937,18.103834448299768,17.906167342288306,18.067902176476096,18.0304187260431],[6.6401350290008825,6.307173613234202,3.908380432132469,4.556422573989279,5.457107139086017],[8.11322351146853,2.7643589391910637,8.008777134007513,8.221650033883476,8.324386388855217],[13.467469011277265,13.362629394455436,13.449453802114608,13.444714656737363,13.474729929141326],[5.071836638121246,1.3172307054794816,5.06481980635446,3.8357293953167333,3.5395607169940195],[0.9857524404568891,7.384825912801525,0.5201673959849837,7.405492369754522,7.402200701321632],[8.92022042392568,2.6162403607310973,5.828532238268121,8.816812546846586,8.767119788362935],[7.236937250683355,5.891350043653585,1.761104495783055,7.021270893880045,7.026691601283599],[9.4162380347033,3.7076214297073142,2.5386711022864907,9.345360347018424,9.172319438432496],[16.61738626702885,16.460311790588182,16.461852917267368,16.451957001211998,16.638713507698377],[8.168279027183642,5.576591070264485,4.388394851542785,8.193925869105948,8.307178843699248],[2.6336053716782266,5.667574801241433,2.374440104549088,2.369045580667592,5.296445526150082],[10.947076877118299,9.62769139679811,10.733966421923352,10.83438608546174,10.868750734004491],[3.5724254092222365,3.625859168470629,2.1909203678056324,2.610132564860761,4.087294686476701],[0.24888307883471816,4.861959972244049,0.9626209068916828,1.4780847443463592,0.3255392344609578],[4.992014482479865,5.186311550067801,5.049790160865283,5.124852148612988,4.924909965061902],[6.666246844382557,7.246664941844065,3.548456927566352,7.218730169837095,7.233266067222761],[2.356969608287255,8.7622275898531,8.844732270583375,8.767285370366134,8.658475755383053],[12.283761315215878,12.173568810572139,12.353650609240772,12.387916277998011,12.28997791741691]],"times":[[21719,5240,1962,4055,2715],[5405,1228,2202,1435,2185],[4879,953,928,1441,395],[4205,1918,1776,465,483],[4670,1252,1889,1065,1457],[2549,2203,1658,883,992],[5806,1178,786,1722,3384],[2094,1227,896,1168,986],[926,519,729,800,647],[4054,1474,1072,955,2959],[1398,1402,1091,1195,978],[670,1871,751,794,650],[2926,928,683,1240,1811],[510,1266,634,650,658],[478,1812,1609,1008,372],[2757,781,768,611,1536],[574,1249,745,603,778],[806,1609,999,683,403],[2535,777,647,491,487],[653,611,529,410,457],[1614,659,1680,423,336],[3190,689,410,569,710],[1910,555,771,387,431],[398,930,958,619,481],[1894,451,746,684,682],[1742,591,939,667,619],[862,560,560,307,368],[2606,459,336,403,291],[397,1087,683,660,418],[2470,375,506,395,392],[1878,552,754,667,465],[1718,351,586,546,532],[734,728,495,352,385],[1781,904,441,195,171],[1046,289,435,371,448],[909,563,651,451,314],[1727,503,255,459,379],[454,587,315,208,315],[382,251,195,127,72],[1782,745,586,458,502],[605,440,394,375,472],[686,163,135,66,41],[1655,474,147,91,163],[1158,547,1459,274,328],[1262,270,179,274,243],[1334,603,1130,631,609],[398,362,747,257,194],[2374,681,319,177,59],[1255,785,200,264,296],[1070,1130,922,289,120],[1062,104,39,506,763],[998,890,514,371,321],[421,1537,335,784,945],[846,448,305,217,411],[1079,591,263,145,139],[358,593,367,385,649],[1022,338,298,291,152],[1838,401,724,336,57],[1014,474,351,289,187],[310,353,219,175,256]],