{"actions":[[0,1,2,4,5],[0,5,0,0,0],[0,5,4,4,4],[0,2,5,5,5],[1,0,0,0,0],[0,4,5,4,4],[0,4,2,0,0],[0,5,4,5,5],[5,4,5,5,5],[0,5,4,5,5],[0,1,2,0,0],[0,1,0,0,0],[0,1,4,0,0],[1,0,2,4,4],[4,3,4,4,4],[0,1,2,0,0],[0,2,1,4,4],[0,1,2,0,0],[0,0,1,5,5],[0,2,4,5,5],[4,5,5,5,5],[0,1,2,0,0],[0,1,2,4,4],[0,5,5,5,5],[0,1,2,0,0],[0,1,2,4,4],[0,1,2,1,1],[0,1,2,5,5],[0,1,3,5,5],[5,5,4,5,5],[0,1,2,0,0],[0,1,2,5,5],[5,4,5,5,5],[0,2,4,5,5],[0,1,2,0,0],[1,2,4,5,4],[0,1,2,0,0],[0,1,2,5,5],[5,4,3,3,3],[5,4,3,5,5],[0,1,2,4,2],[0,5,5,5,5],[5,4,3,1,1],[0,1,2,0,0],[0,1,0,0,0],[0,1,2,3,1],[5,4,3,1,4],[0,1,0,0,0],[5,4,3,2,5],[0,1,2,3,1],[0,1,1,1,1],[5,4,0,0,0],[0,1,2,4,2],[0,1,2,0,0],[0,1,2,3,1],[5,4,3,5,5],[5,5,5,5,5],[5,4,3,5,5],[0,1,2,0,0],[5,4,4,4,4]],"rewards":[[2.12933744167428,3.1863704572353417,3.482832809023883,4.625101819840215,5.541206825986727],[5.73354332144199,0.06205690603616554,5.6193771462766335,5.697766489325427,5.756425738994374],[7.950915150410467,5.328488594444068,10.868632240493142,10.750781423642676,10.950753840974254],[3.45348202237329,5.267749726655583,6.703687309056257,6.575027507251729,6.605364339521229],[5.604896982280472,12.84701951080906,12.614797461921365,12.808935812941499,12.615208449283847],[16.30251201682849,18.50528411869147,10.55135943184315,18.17281491618466,18.189449540280616],[7.909216841977985,5.689814715509765,6.804775547557871,7.990126236781467,7.743093293274794],[2.9096225457913985,8.72310935902495,3.084231582644091,8.483140094288066,8.347784613810257],[12.554694102237626,8.599413977276065,12.743870318887138,12.574153035348123,12.405334958838592],[1.9524689730741696,5.775255020209501,4.730123157631763,5.663764960551038,5.721366923047294],[10.72164065945886,4.516191178895442,9.380082488673947,10.764277507005716,10.635610880259238],[12.657128639187535,7.298901698211227,12.528910588149726,12.578176530657737,12.554525372569843],[6.009433550327591,5.146985379427403,4.312362615284487,5.968933206655885,6.063804509170965],[3.692672090516441,9.326883643557041,9.771467874134705,9.744994738192784,9.61205067198488],[13.888124927317865,8.389726961359658,13.904388981867763,13.972363847762647,13.900255578540435],[7.736073916653744,6.933962424342398,7.096761804045683,7.769255546173301,7.828075697231079],[5.404349411940191,4.715814670837356,0.7336252367515461,5.724666468458757,5.748784305840941],[13.19479276293471,7.78965514541634,12.134260915086115,13.254520818794147,13.206002364749756],[4.790327518493491,4.77951440072298,5.239887204807163,7.623509413813426,7.559392110354443],[2.7605932098958372,3.756685904575117,4.066914971926641,8.379575716135154,8.346564116356891],[10.858832297981673,16.000993013135584,16.113138434080902,16.013223290817727,16.049855057428587],[4.764315558198598,4.0359236701644825,4.627344779680714,4.764748484363585,4.78092156009871],[0.3715694678195994,5.344123020059963,0.08610914142358897,0.6392529012633468,0.5195033609435131],[5.189045494160027,12.301340794063067,12.335769744116785,12.13076095123011,12.121561846256759],[6.665650194973917,5.77505936914194,4.958511597488117,6.3954780985034185,6.575313149312196],[0.20270521669739233,5.685457364545767,0,0.17105944883778246,0],[7.000717134706506,11.33857223462392,3.9609504082006737,11.602311832226704,11.504925299092884],[3.17116379378243,4.29312289455175,5.651291738585504,8.44969658749775,8.407310482227809],[1.5328788269525742,6.673217217128336,6.681764297107823,7.1998287783821375,7.060152019421266],[15.531457476829267,15.587477861331385,7.980182851124122,15.324131336787186,15.55928035750302],[8.218603418512417,5.770781158692209,6.113408258735125,8.188352172701034,8.11309703465402],[2.7101818246784037,5.65840077831799,2.147225361506281,5.296699821591888,5.40855053148881],[9.618496195360287,6.754140180229541,9.667776950686175,9.567576025762909,9.649751310998006],[0.18826987327170708,3.564205621355263,4.511838867688353,5.535839149629297,5.658265785030257],[4.838900205059758,0.13565477948252633,3.895418353512126,4.9565540299748125,4.981897936834612],[1.6093168821465775,7.42369207864006,8.798387433432621,6.8876044263831036,9.016729058938893],[6.45100564454787,5.381958081187421,4.196734530872208,6.720423876806996,6.738701444758398],[4.092997876391985,7.415578109399059,4.215286420630851,8.760510057317568,8.880047253612991],[11.13971822504488,6.243436171140636,11.23836247297275,11.438387509232433,11.400136878618959],[7.174870416284806,6.160534954156918,4.9123357833451,7.328885896935202,7.0639808587997575],[0,5.889601443884875,0,0.22607181671170043,0],[3.0064790541899544,13.188382079788585,13.198225817166216,13.318393171951453,13.23422957567904],[4.507344024150412,4.1120085031899345,6.380989183798249,7.414788920540493,7.343503791906641],[9.483120090622258,3.2037761883946216,7.737237270515475,9.444822007230764,9.357995030753903],[17.073593488936122,10.643398736385354,17.072837274604947,16.874526693529603,16.964974700003676],[6.645386131739285,7.339530228139455,6.578230548531268,6.682249816771611,7.220462757459352],[0.757120258402151,5.766097043765307,0.10302295780225894,0.8078090435119701,5.88843226454152],[11.393733856629188,8.24917368718074,11.392283616002004,11.146984042910297,11.328703558027302],[8.013886359415329,7.995734301308027,6.645929894270121,5.291554553876472,8.167458769208999],[0.3591625704963429,6.968154858749027,1.2134687754571511,6.527048390587964,6.886257657975208],[4.022720445251778,12.205343375016986,12.462329230228866,12.409435131896041,12.351504793250742],[4.533313213116811,5.828376053090798,8.881823894008939,8.83503206275841,8.863188221974227],[4.953210081026283,2.6889495751771424,5.20323471761291,4.628356140617918,4.932795695010231],[14.006604041547703,10.072273359363356,12.057488041825192,13.817476591487603,13.923210858580624],[8.031685703230131,8.136516191699922,6.476932626935858,7.090021453261881,8.108348252291691],[8.466405543563186,1.819220764241507,7.418278541022534,8.524682690447788,8.425250622874357],[14.054799028719438,13.571802453172927,13.844586457539268,13.807454427637218,13.81647901642162],[6.3373328348514715,5.527712097585078,5.5885315696902085,6.147558167726708,6.304186688090305],[7.900832625614368,3.0081403401381466,7.149857153017908,8.112504460291683,8.051857483557104],[8.464196000435434,13.247171919351235,13.279506031669749,13.185448671017381,13.040543189972347]],"times":[[20561,3508,4962,2960,1328],[2826,1777,1257,496,464],[2427,2755,1519,1743,741],[2695,1729,2446,1180,61],[4463,1506,1158,546,30],[2306,2024,1563,944,220],[2446,1582,2011,2269,646],[2027,1472,1192,822,100],[1654,2102,953,99,149],[5003,1590,931,932,88],[2294,1731,1578,1168,55],[1683,2131,1293,144,159],[2509,2698,2300,874,145],[2685,1326,2327,2378,61],[3200,1839,779,196,54],[1768,1476,1870,1118,65],[1589,2059,1402,4322,560],[2118,1025,1051,1346,130],[2264,1601,1034,2689,1055],[1878,2533,2405,1545,724],[2974,1749,778,67,148],[3142,1425,1890,1940,74],[1689,1733,1651,2273,5],[3091,1418,937,14,102],[2531,2030,1358,1101,131],[1478,2088,1661,5428,1264],[1679,1233,1613,1051,168],[3623,824,939,1228,153],[2728,1486,2662,3094,775],[1590,1150,886,794,117],[1774,749,752,1153,89],[1490,736,829,2503,1368],[1327,1051,846,610,198],[4405,3333,2002,1959,967],[1510,981,1026,837,119],[7497,931,2266,1475,777],[9613,1328,825,805,116],[2134,843,1040,3513,506],[1962,1123,762,927,605],[2220,673,795,808,9],[2345,1747,1092,2154,1917],[2092,1276,606,79,118],[2201,1451,1148,2834,641],[1529,812,514,1097,89],[1394,1305,488,37,12],[1551,674,864,3358,1019],[1719,1987,1218,1982,1218],[1895,1039,462,21,122],[1770,768,857,2472,965],[2007,665,1004,2608,1107],[2374,616,3538,3,140],[1951,1157,1372,862,74],[2063,491,696,2174,1393],[2090,909,885,1042,84],[1549,599,621,2660,1205],[1430,991,1793,778,13],[1362,956,518,435,425],[1512,610,1183,1463,6],[1764,581,589,846,102],[1831,596,502,422,319]],