{"actions":[[1,2,5,5,5],[0,1,2,0,0],[0,5,0,0,0],[1,2,3,5,5],[0,1,3,5,5],[5,5,5,5,5],[0,1,2,0,0],[0,1,5,0,0],[0,0,0,0,0],[0,1,5,5,5],[5,4,5,5,5],[5,0,5,5,5],[1,0,5,5,5],[5,4,2,0,0],[0,5,0,0,0],[0,1,5,5,5],[5,4,2,0,2],[0,0,0,0,0],[0,1,5,5,5],[5,5,3,5,3],[3,3,1,3,3],[0,1,5,5,5],[5,3,0,1,1],[2,1,1,1,1],[0,1,5,5,5],[5,4,3,1,5],[5,4,2,4,4],[0,1,2,0,0],[0,1,0,0,0],[0,0,0,0,0],[0,1,0,0,0],[0,1,2,0,0],[0,1,2,0,0],[0,1,2,5,5],[5,4,5,3,5],[5,5,5,5,5],[0,1,0,0,0],[0,1,0,0,0],[0,5,0,0,0],[0,1,5,5,5],[5,4,3,0,1],[0,5,5,5,5],[0,5,0,0,0],[0,0,0,0,0],[0,0,0,0,0],[0,1,5,5,5],[0,1,0,0,0],[0,1,2,5,4],[0,1,0,0,0],[0,1,0,0,0],[0,0,0,0,0],[0,1,3,4,5],[5,4,0,4,0],[0,1,0,2,4],[0,1,5,5,5],[5,4,2,0,2],[2,4,2,4,4],[0,1,5,0,0],[4,5,3,1,1],[1,3,1,1,1]],"rewards":[[2.102096572961879,3.1166679358669422,4.52998838063583,4.570088513486796,4.622190394864106],[6.607868494252415,0.53552429402952,6.200616243387579,6.34399853669355,6.481580056718075],[8.890103466514848,4.701461830876657,9.00309520515719,9.261682014366242,8.999556970391579],[2.905070028132694,3.6172511641353986,5.289600504877102,6.621729721169104,6.549134752582138],[3.2494725186077495,9.73022898656466,9.775304028518127,10.311679163501617,10.223881198249392],[16.852285135165445,16.68518651520935,16.673529997129705,16.72635468430862,16.827048614712574],[6.185971852608634,5.409122982770071,4.6814183290964335,6.304217835610641,6.333451112673387],[4.753247527043583,1.6913693697350372,1.546817842494828,4.596652749103034,4.839259895794223],[10.929495178093841,10.888922971497834,11.037631702267676,10.980333884159295,11.068192553382039],[3.690494265962924,5.068122811405472,6.215400505291172,6.237603528308438,6.128020160099219],[4.6937541062203065,0.04388043474506803,4.787672390840395,5.00614667492315,4.680849177409754],[4.900799551494478,4.018188070782328,10.735962063161976,10.848139991196238,10.969377530523468],[2.591795040736893,0.06834764922681313,3.6513050664947224,3.6029736615460157,3.7099687872531852],[4.289486857643303,10.80779248350761,10.481991155127556,10.962113906272988,11.019113681578913],[11.129924878741111,7.830045432212445,11.180612208650546,11.203200078900146,11.23261199292226],[4.221574639870672,4.895789096701157,8.853980075807414,8.983269726483327,9.00024386912263],[3.3152408272754488,8.491523968970219,8.335838162596433,8.417660864330745,8.399731965915375],[12.770457953970892,12.568632926631997,12.674367724656525,12.720712872463045,12.649390760545558],[1.5900023737565385,1.8112495932515291,4.1761505486925925,4.198731472825744,4.052730603384409],[6.328854007817586,6.226904237109505,6.92299330356749,6.539026393300883,6.791964382232184],[10.190344214697987,10.108945961897529,8.21372456357357,10.05488986673543,10.085345010767895],[4.660072172765367,5.0325122444719765,7.385387145370229,7.536569083779388,7.534796101093927],[8.487202876690041,9.06561213604306,2.7860450455564303,9.30841882677735,9.235876033342425],[10.067587132033388,14.563480242240702,14.48207839511028,14.536579185828023,14.654534859883608],[4.20785453760949,4.656471880063665,8.896295046452913,9.09229320916535,8.99548215221573],[5.31681796570142,1.2722061842696255,5.602030558850959,5.012602847491994,5.250437951391697],[5.167553862492609,9.023163107258235,6.898338636464411,9.357594867932999,9.370158262554467],[4.7396876591687835,4.049609051413084,2.89904672849749,4.980283564338432,4.9450220936439075],[6.751398046003112,1.431248842811675,6.365005704601878,6.4297255699777525,6.4161175066481055],[11.10912918430515,11.311488205416822,11.162478502297226,11.330930694325453,11.290285835534512],[6.93120275703592,4.950806932821477,7.101945303097248,6.833105011042739,6.924334001488578],[5.837101474349502,0.4233624523103241,5.554306066662554,5.615063295413388,5.8172276434576915],[5.784052565215392,0.4476736541228736,5.582191168676348,5.828806441619947,12.811827553208177],[5.524358769626864,5.479978370659763,5.902964941080851,7.823484357404656,7.867634313669855],[6.54624064741992,0.8104333792050525,6.680466666354754,6.203378284121603,6.635438744528185],[14.623432958020729,14.363699893257964,14.647350277899633,14.457513798150195,14.626929250658687],[5.131455685592938,4.0321725088023275,5.21488231670571,5.181795199924841,5.052500664269164],[6.405868728759428,2.4533444167103027,6.593469301949453,6.452651570261331,6.394572072210678],[11.568037945925191,4.39687417467542,11.727986880113036,11.7627008595898,11.658147886201402],[3.2874636087750257,4.613945163826543,7.841531994384509,8.025216943024537,7.979023098466052],[0.14933127515957295,2.8769296019969905,0,2.1417605601912646,0],[5.3044983151088525,7.973213627396506,8.035855363302737,8.018299067907638,7.999905365459658],[7.494323551813264,1.8089729541530426,7.565204471389014,7.468285374160425,7.633041139786974],[9.400992838857892,9.475190461228763,9.645991480226247,9.757680248181355,9.631961976549563],[17.23032811277644,17.32879126270087,17.027600666915784,17.310842724752796,17.247179074984828],[0.6141144991667644,2.0557382627653404,4.389500121041331,4.539988927200344,4.4008411285247435],[6.209873181004212,2.2028618413177643,6.372654719009197,6.266776809809252,6.400769028854161],[7.054805461625255,4.225260380571685,9.289714287085236,6.254603843497939,10.142744041831778],[7.621376603852837,6.173866374713386,7.757185941892314,7.79781462055859,7.679270917155791],[9.076637797031173,4.1095743565491905,9.191370345565952,9.30969542718341,9.121672588639978],[17.089216391185104,17.059385797365444,17.028616050028216,16.773362542809533,16.88516390240978],[1.7334089350594293,3.3659314045922057,4.11853960267074,4.852629730502894,5.116128461951102],[1.2072250112193355,4.722970517476981,4.874698126813778,4.445824710341532,4.8618968429865035],[6.701437537763686,4.4885112042687325,6.582910311542165,8.767040382636882,9.60207544959317],[3.0841919093494568,3.08043271453787,5.8251888313464155,5.72487772980088,5.769242905563719],[3.5772367804926284,9.003602110049592,9.500511448210997,9.200396142350494,9.403190099310585],[12.655721429160328,13.505329795477103,12.645034233060054,13.544903948875676,13.591482168530042],[8.186545497325998,8.716245838303628,6.0588808690147005,8.436612350260152,8.274547458765468],[0.1967965131158267,3.64514383496132,2.9880488006690955,4.406034462440934,4.158279612095012],[12.862883209909125,10.077147588733316,12.870020701181303,12.878790030949633,12.874714703918645]],"times":[[24318,1806,1823,705,283],[5543,495,1890,627,1224],[1818,1168,626,297,640],[1340,546,1170,464,369],[2489,658,2721,946,352],[2622,441,123,88,234],[1237,673,377,722,50],[1343,128,2002,585,81],[1281,225,72,82,73],[1890,330,2232,490,337],[1679,360,240,315,296],[507,1345,530,233,168],[1471,449,2093,120,41],[737,897,3027,1953,218],[1083,1072,482,175,50],[1565,401,1946,162,33],[560,1112,1984,1044,1136],[2626,345,47,73,36],[1881,208,839,42,64],[1225,1201,1531,578,577],[1114,674,1907,1586,80],[2638,498,706,214,204],[358,2065,1248,521,194],[1103,257,50,41,2],[1267,66,953,154,177],[789,1727,619,1721,1657],[1323,1562,2394,1434,265],[1041,162,2313,233,3],[487,489,969,257,248],[705,107,157,183,192],[6540,345,321,19,74],[988,322,527,411,331],[273,1505,41,304,74],[1316,82,233,490,96],[226,416,26,769,347],[546,49,199,292,138],[1112,465,872,154,48],[2840,451,145,17,40],[292,1001,859,33,171],[747,264,739,195,121],[293,713,1952,787,104],[1207,712,49,122,106],[1453,2016,353,59,145],[608,321,185,193,177],[662,88,137,233,209],[5957,968,731,352,10],[8618,418,56,385,24],[5344,769,833,1393,291],[20583,191,139,178,186],[908,145,82,1,200],[887,136,10,154,168],[763,136,2420,89,248],[3703,129,2642,474,83],[908,537,121,410,1687],[17783,145,1234,56,281],[1453,105,2001,393,357],[1605,2111,619,161,57],[1283,1028,1369,257,82],[1903,259,4033,1561,826],[2133,239,27,52,38]],