{"actions":[[1,3,5,1,3],[0,1,2,3,4],[1,2,3,4,1],[0,2,4,5,0],[1,3,5,1,3],[0,2,4,1,1],[1,3,3,3,3],[3,5,4,4,4],[0,1,3,3,3],[0,2,4,0,2],[1,3,5,1,3],[1,4,3,3,5],[0,1,2,3,4],[1,4,3,3,5],[0,2,4,4,4],[1,3,3,3,3],[5,5,5,5,5],[0,1,4,4,4],[2,2,2,2,2],[4,3,3,3,3]],"rewards":[[9.320012711512618,6.362327795368038,5.512884205425408,9.055264880292155,6.194111823471984],[6.892148899830024,12.668624989612342,8.394538297767252,13.388828688044173,9.107356657031579],[8.942884997282144,5.675255133093315,7.885301625188951,3.8685004372703573,8.773552102899986],[13.157458810151482,11.960121469015755,11.552573481936426,6.323518218649468,13.299637006341246],[5.97984043864864,8.026065632783565,8.399393517974355,6.215076209536069,8.077500707462663],[11.224365465643196,9.289548945382991,6.420315338631019,16.477914131996418,16.645360422330384],[9.727247565062772,11.057224659611151,11.016802296472607,11.108553929678795,10.96624090790859],[8.506120367549832,9.38243979924727,7.117993645311254,7.2351057111334525,7.090961721494605],[12.328673503196285,7.492469109119712,7.471958595721517,7.442543571877893,7.3583748309489145],[13.661952724001386,12.746989341430554,11.62441211913834,13.672786201989974,12.472589753759307],[15.633501770521173,14.74618757307467,12.024594498495297,15.663976201388172,14.927583533957705],[10.464966664467262,3.5649326628082103,10.61797792067798,10.686633726150335,8.57095461097213],[9.262535724093022,5.388221689684716,11.12728736735112,6.912994794613537,12.345273881208565],[9.190923635414913,9.225773852131685,8.682074164487076,8.52203154043641,5.856332181147986],[11.917144149085564,12.771855412702374,14.501071081200507,14.40698172095481,14.47769589409212],[8.212912028153387,9.282912614224863,9.292833210026512,9.140372823956852,9.11453124054448],[10.758371944064901,10.724422490500157,10.822707979651998,10.668314570196742,10.777381510542362],[4.876283566718686,3.521851542830072,8.947468791286747,9.060255643620428,8.897445258553294],[15.967380403290903,15.932423306616887,15.793638350133248,15.925261869577174,16.07112394402795],[6.435268365360428,12.796561567687974,12.808734900302873,12.788234861411985,13.002764887106483]],"times":[[26076,8412,3167,3035,1952],[2156,1128,2024,1389,655],[6982,2299,1031,1140,1824],[4671,1449,2574,1966,2862],[2437,629,602,1965,1594],[2341,4589,1552,1026,1785],[972,3777,778,984,522],[4938,1566,772,665,578],[2160,4739,3293,2042,1478],[5316,3109,1179,4666,2655],[3448,2077,2035,3644,1380],[2944,1105,1729,1005,1512],[1195,1357,1452,3288,1313],[748,1126,1182,1000,1028],[5939,2039,1095,2009,1235],[2847,1876,1912,1034,539],[3054,681,536,352,303],[4615,1553,2499,708,432],[4814,674,513,276,303],[2485,1239,444,208,125]],"condition":[["negeven"],["posodd"],["negodd"],["negeven"],["poseven"],["negodd"],["posodd"],["posodd"],["poseven"],["negeven"],["negodd"],["negodd"],["poseven"],["negeven"],["poseven"],["posodd"],["posodd"],["poseven"],["negeven"],["negodd"]],"envs":["envs/add/negeven/negeven11.json","envs/add/posodd/posodd58.json","envs/add/negodd/negodd6.json","envs/add/negeven/negeven74.json","envs/add/poseven/poseven39.json","envs/add/negodd/negodd83.json","envs/add/posodd/posodd37.json","envs/add/posodd/posodd31.json","envs/add/poseven/poseven10.json","envs/add/negeven/negeven4.json","envs/add/negodd/negodd17.json","envs/add/negodd/negodd53.json","envs/add/poseven/poseven9.json","envs/add/negeven/negeven26.json","envs/add/poseven/poseven22.json","envs/add/posodd/posodd52.json","envs/add/posodd/posodd29.json","envs/add/poseven/poseven88.json","envs/add/negeven/negeven69.json","envs/add/negodd/negodd81.json"],"money":"3.92","age":30,"gender":1,"hand":0,"experiment":"noncompositional","instcounter":1,"subjectID":"5e37236c64fc52000cce6678","studyID":"6168186185dddf5426605410","eval":[["posodd"],["poseven"],["negeven"],["negodd"]],"regrets":[[4.436253547668457,7.356420040130615,7.90768575668335,4.436253547668457,7.356420040130615],[8.455441951751709,2.7635955810546875,7.187856674194336,1.8677377700805664,6.398763656616211],[0,3.0924739837646484,0.9835715293884277,4.929706573486328,0],[0,1.0903663635253906,1.6792707443237305,6.8787994384765625,0],[4.569838523864746,2.671970844268799,2.313675880432129,4.569838523864746,2.671970844268799],[5.4051103591918945,7.344982147216797,10.19279670715332,0,0],[3.1201324462890625,1.6531639099121094,1.6531639099121094,1.6531639099121094,1.6531639099121094],[0.8378190994262695,0,2.2732696533203125,2.2732696533203125,2.2732696533203125],[3.220564842224121,7.991514682769775,8.063687324523926,8.063687324523926,8.063687324523926],[0,0.9470958709716797,1.9963226318359375,0,0.9470958709716797],[0,0.815791130065918,3.697376251220703,0,0.815791130065918],[0,6.983460426330566,0.08149242401123047,0.08149242401123047,1.8936643600463867],[3.1275253295898438,6.74722957611084,1.1381912231445312,5.230763912200928,0],[3.8074913024902344,4.154186248779297,4.590361595153809,4.590361595153809,7.454258918762207],[2.5760202407836914,1.642848014831543,0,0,0],[2.8995656967163086,1.9308786392211914,1.9308786392211914,1.9308786392211914,1.9308786392211914],[0,0,0,0,0],[4.25623083114624,5.519345283508301,0,0,0],[2.0251121520996094,2.0251121520996094,2.0251121520996094,2.0251121520996094,2.0251121520996094],[6.702930927276611,0.3846168518066406,0.3846168518066406,0.3846168518066406,0.3846168518066406]],"maxrewards":[13.652332305908203,15.396668434143066,8.761262893676758,13.148038864135742,10.642559051513672,16.577537536621094,12.735908508300781,9.3385009765625,15.50332260131836,13.658180236816406,15.636456489562988,10.57330322265625,12.202956199645996,13.185672760009766,14.469902992248535,11.182873725891113,10.75134563446045,8.938365936279297,18.044681549072266,13.215095520019531],"bestoptions":[0,5,1,0,2,1,5,5,4,0,1,1,4,0,4,5,5,4,0,1]}
