{"actions":[[0,1,2,3,4],[0,1,2,3,5],[3,3,3,3,3],[0,1,2,3,4],[0,1,2,5,3],[3,3,3,3,3],[0,1,2,0,0],[0,1,3,5,2],[1,1,1,1,1],[0,1,4,5,3],[5,3,1,4,5],[5,5,5,5,5],[0,1,2,3,0],[0,2,4,0,0],[0,0,0,0,0],[0,5,4,3,3],[5,4,3,1,3],[3,3,3,3,3],[0,5,1,0,0],[0,1,2,3,1],[1,1,1,1,1],[0,5,1,2,0],[0,1,2,3,1],[1,1,1,1,1],[0,5,1,0,0],[0,2,4,1,0],[0,0,0,0,0],[0,5,4,5,5],[5,0,3,5,5],[5,5,5,5,5],[0,5,1,0,0],[0,1,2,0,0],[0,0,0,0,0],[0,1,0,0,0],[0,1,1,1,1],[1,1,1,1,1],[0,5,1,0,0],[0,1,1,1,1],[1,1,1,1,1],[0,5,5,5,5],[5,4,5,5,5],[5,5,5,5,5],[0,5,0,0,0],[0,1,0,0,0],[0,0,0,0,0],[0,5,5,5,5],[5,4,5,5,5],[5,5,5,5,5],[5,0,0,0,0],[0,1,0,0,0],[0,0,0,0,0],[0,5,0,0,0],[0,1,0,0,0],[0,0,0,0,0],[0,5,0,0,0],[0,1,1,1,1],[1,1,1,1,1],[0,5,5,5,5],[5,4,4,4,4],[4,4,4,4,4]],"rewards":[[5.362023417560545,3.437520686912536,3.6451873271327835,2.8718899372778126,2.31397128714721],[1.5130491534175587,7.069534116704736,1.4682255010668637,7.49348134343732,7.031403037568852],[10.312636174863467,10.565750496702805,10.33402980502523,10.618606481907712,10.57512053861589],[3.810986624841525,5.0494761459941,4.94962773226041,5.330594160224451,6.244472456774088],[0.5634273699247146,4.5867847218511795,0.7291950245442382,4.777580259847172,4.9560558294795],[10.454373104364905,10.355077873841068,10.263041777103107,10.207218861164893,10.225463519601472],[8.387008873755725,7.649352521661497,7.282526267357656,8.277025528315802,8.043444125427213],[0.9097989804219623,4.177875153478159,4.73386351584954,5.168188348658828,1.092096926737226],[11.825781854489156,12.034914359536618,11.82454028531472,11.874628248019825,11.80550898815575],[3.184638048538851,4.307982255272364,5.680458508604684,6.208762027183547,3.925084011081368],[6.101438726010548,7.054258926242756,7.381779407988448,0.7523515361950213,6.029265091411122],[11.943287674289307,11.909258371846384,11.874862870673855,11.920743713499219,11.897085690140786],[9.564075791584338,8.542438733290004,7.633108132098818,6.859407060135763,9.83778100780115],[11.89187289844582,10.813176749692953,11.50974847907036,11.859912918076978,12.09018727990848],[21.87273140555693,21.496381217421554,21.61622705400692,21.633435270966356,21.79457217338484],[5.176443716935856,6.968652196933691,6.87036061728685,7.14337790032003,6.9708584008334995],[7.925408105930053,1.2025794242714607,8.066279820033957,7.797550618666106,8.031015704834862],[15.050651185588245,15.221443782535049,15.277916312341132,15.138444966439117,15.340128139941452],[8.972576803874613,4.131507363295257,8.061390647167903,8.902883427709645,8.900640379678775],[0,3.1770768896509534,0.6482505767370482,2.7032765656562163,3.191689244296688],[11.285010595625723,11.223922208280415,11.2941124653412,11.479102685319472,11.290770051753698],[8.427839302424655,6.276956727593009,8.711863481584968,7.747497071176554,8.50279030230861],[2.2794756145824224,4.266202655022394,1.254713710090953,3.3637903432339984,4.114011497180774],[12.939571421855481,12.811026348143166,12.777878326516891,12.888267590654339,12.947595187612134],[5.317464879073425,3.8806912431655114,4.598562454616141,5.536870174830598,5.652465298706127],[6.536107056148686,5.806974622974988,6.8658867136954225,1.1736740062075595,6.7540844941440135],[12.160835233392477,12.284873969521541,12.209284072831258,11.96297845188597,12.196251777018094],[3.516592259071006,4.789100068673897,4.654142558464637,4.652204645620226,4.752453561908259],[5.668374771288768,0.38530490054958616,5.08016490583265,5.614559725660089,5.9381641312952045],[10.442727237118564,10.531462568624548,10.352893044164874,10.383839217272953,10.372127337781984],[4.809329832418724,0.9947879842296593,3.816827401490108,4.719532017536502,4.753769034765626],[4.931651364330373,0.6640463316975009,4.6343117739722395,4.81358603594443,4.907641918368503],[9.791648222611569,9.555447362610341,9.629235596701218,9.626016873647178,9.714455130781989],[8.769720462653348,8.484968222536814,8.547800331616715,8.732854380143875,8.70548307982702],[1.227390743534141,5.777459349240644,6.059426377631225,5.836433999354978,5.76172037252375],[14.333214653240734,14.171240315198533,14.264426052043875,14.397519252515755,14.371205035883222],[6.52825958320323,4.854592771912812,6.117285800013061,6.333574890519071,6.233906697145685],[2.5792790871591205,9.27469801466421,9.540312787090757,9.476511131749701,9.526657840214986],[15.628603009170213,15.475612382418584,15.549228072718181,15.514330462179153,15.439274213097205],[4.1429204063833565,6.492453534594024,6.655511728639271,6.482128682606417,6.561036257783517],[6.003081309428181,1.5250608890246782,6.09287143492711,6.3564399629956885,6.215751350498235],[12.671344743424081,12.753774721314374,12.846341881074915,12.69466931295561,12.536324255146067],[6.3397861512052875,4.363090044924803,6.388026849872922,6.313691561731616,6.183885102939623],[4.828038928586871,1.5676099104737062,4.834898588206281,4.88683937730695,4.735548107014531],[10.785881436833588,10.97074321063038,11.137458050683401,11.19659246238335,10.994815699621983],[5.253017494757528,6.873336781452071,6.564028623399901,6.851830878105749,6.530982973449152],[9.342080583145435,2.306634561848963,9.377596246610658,9.249102314674573,9.302634211396526],[15.87011585111073,15.92590869994941,16.018231272486595,15.917485686134333,16.01404800788307],[5.278430043873674,7.8084425254309515,7.555930944022471,7.58445007486071,7.661955909771038],[5.111588567314643,2.911665078706516,5.085586906553939,4.951421156465212,5.166570735793126],[12.924477666249244,12.81290691752992,12.74908947924303,12.682813147890158,12.783069723140523],[7.7930335714871255,3.093251365435609,7.469985270984396,7.551429143844073,7.720043376508503],[6.8531475361588985,1.954363817158502,6.87198654595788,6.640711195820785,6.931122384239998],[14.420415161814857,14.566339202280522,14.208050461480834,14.471617016189024,14.426084953296069],[7.400865965446444,2.7195841065083743,7.293518324712465,7.340205079770336,7.312120890708448],[3.0663955083405834,8.767646537476132,8.729619830895357,8.95318747923062,8.77493233693574],[14.612300499560947,14.692102516450255,14.55818224100258,14.609800488564675,14.622327047695736],[5.2396109122201455,7.482713543468188,7.350896845782074,7.184313614092872,7.352463145251532],[0.38640813467703294,6.410665894046116,6.472085536572841,6.508379180996013,6.417188769761687],[13.488313853179342,13.200362130570783,13.372081524646054,13.260894445465068,13.371632527221479]],"times":[[53099,12522,6407,7904,6532],[2727,7164,5169,6895,5016],[15658,795,29,275,535],[35697,3253,2587,4091,3401],[934,3009,3641,2603,2620],[13314,50,3,38,47],[11775,3048,4741,3449,157],[4474,2886,3954,3300,6621],[1177,58,11,33,13],[22157,2591,5061,2197,2222],[1983,3044,5785,3295,11435],[695,24,154,42,20],[26978,3115,2911,3185,1896],[1343,4468,6745,3059,298],[4904,42,10,48,113],[9662,3273,2208,3652,2124],[1389,3119,1975,6102,3498],[2155,32,32,66,68],[9985,2381,3317,1038,156],[1370,3797,4165,2376,2022],[1737,91,144,22,28],[8427,2415,2524,3394,2886],[1954,2375,2879,4719,2563],[855,191,152,4,170],[107819,2283,2429,2341,151],[38449,2777,5158,2311,2849],[437,145,187,42,14],[98521,3119,2193,2133,45],[601,2435,1758,2384,3],[291,17,22,58,24],[46284,4078,1864,716,156],[1111,1968,1230,2265,117],[418,137,132,25,145],[96876,2421,2286,146,140],[312,847,2804,133,147],[227,0,150,1,150],[6540,1230,638,2,170],[1142,481,773,1,17],[106,15,12,27,1],[439,783,1315,168,35],[570,231,187,22,165],[269,2,2,29,8],[1087,587,886,163,152],[922,215,263,52,5],[176,166,148,25,11],[534,551,388,10,15],[535,560,124,9,4],[202,6,18,33,16],[603,456,342,167,24],[422,84,82,151,162],[227,161,155,25,29],[434,653,418,24,155],[1859,55,68,4,18],[122,10,22,37,37],[515,559,402,6,16],[641,47,996,173,7],[201,48,28,34,35],[435,388,589,69,47],[1176,212,500,161,157],[150,157,16,16,3]],