{"actions":[[0,5,5,5,5],[5,5,5,5,5],[0,5,1,3,2],[5,0,0,0,0],[2,2,2,2,2],[3,4,2,0,0],[3,3,3,3,3],[4,2,0,4,4],[5,0,0,0,0],[0,5,0,0,0],[0,0,0,0,0],[5,4,0,1,1],[0,4,5,5,5],[5,5,5,5,5],[0,5,0,0,0],[0,5,5,5,5],[5,0,0,0,0],[0,5,5,5,5],[5,0,0,0,0],[0,5,5,5,5]],"rewards":[[7.121943971532574,12.707668234014072,12.63765370633501,12.790354113974217,12.710190172864532],[14.637900134106424,14.548804762574747,14.744416572514677,14.576720246659349,14.556487907547243],[7.03702951202508,6.348755831800527,4.161256047270315,5.657051541816017,9.609993590256996],[8.050754240997692,11.848710031934045,11.845786194593938,11.684031724892627,11.839664162040648],[12.582686565072642,13.06718757582624,12.861766024320982,12.678038889628759,12.953756027590426],[5.986924220811299,9.73927095839782,10.475851601406623,11.312206355674558,11.189195868669623],[15.09640749078322,15.209242446599186,15.206412163360662,15.090489533362854,15.124510237217972],[12.19157954932747,9.832128834417025,8.088214649368823,12.469241275209788,12.114972307170651],[10.1473770306205,13.18362606010606,13.294205173457867,13.303502971905425,13.257439657643513],[10.833068521046739,1.7449432626558272,10.966774436543414,10.92874928282536,10.828032006416949],[13.76849847136273,13.61548753584447,13.685186610977176,13.996646230050706,13.8725667497693],[7.618493839589655,5.0565366345122325,9.036990514737823,10.956393875753875,11.012301315447552],[5.36901525333364,9.698314152802668,17.363301303271612,17.455301631492897,17.37156276419743],[15.05498489979716,15.178088962971236,15.217104217207018,15.2684312936242,14.931584927463948],[10.141637379267376,3.9965731647037783,10.008646671517873,10.06893420154193,10.012247495232515],[6.881447163950394,8.387032188145966,8.725351903691047,8.704722326910764,8.701611835426135],[10.66933373622073,16.215477318935708,16.146050710697594,16.160883916326792,16.170255038966406],[8.45178752350318,11.203154143773947,11.311327490229631,11.35517384954866,11.43153837959551],[5.356611938613638,14.394475690501604,14.546236739206426,14.719779239734477,14.58489882967331],[8.466380757788189,20.184924992525396,20.199471957562118,20.01682868434339,20.179328933643447]],"times":[[12074,3823,5305,226,43],[10768,2728,5,114,526],[2496,949,10852,1073,2624],[2968,5828,4869,16,352],[5488,629,75,47,71],[2384,5571,674,1121,203],[1640,577,73,91,15],[2064,3498,1011,156,83],[2519,1483,1553,235,30],[1488,526,570,75,41],[1544,317,78,33,106],[1248,2787,854,800,259],[1832,7135,929,97,147],[1352,318,135,125,1],[4168,392,173,95,83],[4200,306,8981,132,33],[2416,1156,206,88,60],[1160,451,62,132,96],[3361,799,177,72,135],[464,648,144,116,26]],"condition":[["posodd"],["negodd"],["poseven"],["poseven"],["poseven"],["negeven"],["negodd"],["posodd"],["poseven"],["negeven"],["negeven"],["negodd"],["posodd"],["posodd"],["negeven"],["negodd"],["poseven"],["negodd"],["negeven"],["posodd"]],"envs":["envs/add/posodd/posodd68.json","envs/add/negodd/negodd37.json","envs/add/poseven/poseven31.json","envs/add/poseven/poseven40.json","envs/add/poseven/poseven76.json","envs/add/negeven/negeven77.json","envs/add/negodd/negodd84.json","envs/add/posodd/posodd64.json","envs/add/poseven/poseven66.json","envs/add/negeven/negeven12.json","envs/add/negeven/negeven5.json","envs/add/negodd/negodd39.json","envs/add/posodd/posodd88.json","envs/add/posodd/posodd6.json","envs/add/negeven/negeven15.json","envs/add/negodd/negodd87.json","envs/add/poseven/poseven18.json","envs/add/negodd/negodd14.json","envs/add/negeven/negeven54.json","envs/add/posodd/posodd60.json"],"money":"4.21","age":20,"gender":2,"hand":0,"experiment":"noncompositional","instcounter":1,"subjectID":"5e45a09c8155b00828c83d95","studyID":"6168186185dddf5426605410","eval":[["poseven"],["negodd"],["negeven"],["posodd"]],"regrets":[[5.772359848022461,0,0,0,0],[4.067543029785156,4.067543029785156,4.067543029785156,4.067543029785156,4.067543029785156],[3.0947914123535156,3.836545944213867,5.868841171264648,4.637385368347168,0.7494173049926758],[5.592291831970215,1.9455947875976562,1.9455947875976562,1.9455947875976562,1.9455947875976562],[1.475996971130371,1.475996971130371,1.475996971130371,1.475996971130371,1.475996971130371],[5.28186559677124,1.531747817993164,0.7606296539306641,0,0],[2.504209518432617,2.504209518432617,2.504209518432617,2.504209518432617,2.504209518432617],[7.81987190246582,10.315937995910645,12.196406841278076,7.81987190246582,7.81987190246582],[4.664514541625977,1.5972967147827148,1.5972967147827148,1.5972967147827148,1.5972967147827148],[0,9.094874143600464,0,0,0],[0,0,0,0,0],[3.3438377380371094,5.879891872406006,2.1069440841674805,0,0],[12.108262062072754,7.633843421936035,0,0,0],[0,0,0,0,0],[0,6.145308971405029,0,0,0],[4.9650492668151855,3.3852195739746094,3.3852195739746094,3.3852195739746094,3.3852195739746094],[7.616168975830078,2.0459442138671875,2.0459442138671875,2.0459442138671875,2.0459442138671875],[2.9260759353637695,0.012327194213867188,0.012327194213867188,0.012327194213867188,0.012327194213867188],[9.305744171142578,0,0,0,0],[11.949323654174805,0,0,0,0]],"maxrewards":[12.770966529846191,18.665529251098633,10.137138366699219,13.70053482055664,14.290048599243164,11.22176742553711,17.575435638427734,20.171321868896484,14.783900260925293,10.930856704711914,13.734685897827148,10.98252010345459,17.38974952697754,15.18667221069336,10.078596115112305,12.03335952758789,18.276988983154297,11.306570053100586,14.597456932067871,20.15078353881836],"bestoptions":[5,1,4,4,4,0,1,5,2,0,0,1,5,5,0,1,4,1,0,5]}
