{"actions":[[1,4,5,4,4],[4,1,0,1,1],[4,5,0,4,4],[1,4,5,2,4],[0,4,5,2,4],[1,3,5,5,5],[4,0,1,3,5],[1,4,5,4,4],[0,5,4,3,5],[0,5,0,0,0],[3,5,5,1,5],[0,5,2,1,4],[5,3,1,0,1],[5,5,5,5,5],[0,5,4,2,0],[0,0,0,0,0],[5,0,3,2,2],[5,0,4,5,5],[0,5,4,0,2],[5,0,0,0,0]],"rewards":[[3.907259745034776,10.832928573409731,5.214810831647196,10.725931949890095,10.770640116452993],[2.8705572033421185,10.133954722942057,5.596439820977743,10.125853221931452,10.364894891565136],[14.352081082981151,7.8790174054387565,11.136235272524988,14.201950626186974,14.304718010555971],[7.008513305442364,13.128650735214505,10.031874985098018,11.33966634164064,13.077874020683945],[11.16036184557456,9.601897554872199,4.920645809773005,10.363962942632961,9.746643022097702],[8.479671615324564,9.628106166498299,12.391933019370951,12.416787187433055,12.501494816022186],[3.3506914938450416,5.1314888444987785,6.87953270605702,7.277928515213498,6.842025295204245],[8.342687264905855,11.492758960166363,5.369509288024898,11.408969595616323,11.456405925346266],[2.2258731111821284,10.282542314691987,4.177224898152479,9.985257633060819,10.317675276660028],[14.484819564392614,6.616070672176851,14.457116025252986,14.533718528518477,14.525196871307916],[10.997267513416839,12.638159609875233,12.789725141335605,9.572144189094194,12.631297495724162],[4.813419273943811,7.3152351082955605,6.960544249348073,3.373423523729783,8.973468238404761],[6.781118556175247,9.589321954898711,10.16778285364721,7.395624732874768,10.166361147486322],[19.687529386510487,19.835209591440854,19.749795136994468,19.605348334138554,19.891897326870758],[9.75256361573727,8.98265154593844,5.738605569962234,7.2903890586496924,9.83870866366558],[15.783604286776667,15.783014676549497,15.72756569632434,15.877207819896423,15.881703720503793],[5.1828873762711,6.016224918123958,3.685579712336355,7.110677115601082,7.311483272846889],[12.824082747321304,10.175642946338758,8.465284160725743,12.953284762662939,12.862738594288087],[1.7281110326960596,8.91515682086448,4.147059014097968,1.7679697470664497,3.131616466735704],[8.2421993049631,17.843259673671646,17.874717273670665,17.812950450319363,17.94835926123588]],"times":[[19288,1474,2057,528,606],[2022,689,1032,258,200],[1647,867,1576,266,666],[2346,575,688,2687,492],[1263,475,1588,989,247],[2003,674,608,557,420],[1352,1161,339,668,446],[1475,428,286,735,42],[845,281,304,1003,276],[1573,2116,313,233,356],[1086,349,614,1243,203],[1602,2364,592,374,813],[1028,466,518,749,679],[1148,714,540,310,359],[1313,315,693,303,104],[1193,444,169,216,356],[999,439,492,376,552],[1043,569,576,463,220],[1141,421,290,534,1141],[909,815,303,191,261]],"condition":[["poseven"],["negodd"],["poseven"],["poseven"],["negeven"],["posodd"],["negodd"],["negeven"],["posodd"],["negeven"],["posodd"],["poseven"],["negodd"],["posodd"],["negodd"],["negeven"],["poseven"],["negodd"],["posodd"],["negeven"]],"envs":["envs/add/poseven/poseven30.json","envs/add/negodd/negodd70.json","envs/add/poseven/poseven44.json","envs/add/poseven/poseven5.json","envs/add/negeven/negeven77.json","envs/add/posodd/posodd39.json","envs/add/negodd/negodd33.json","envs/add/negeven/negeven55.json","envs/add/posodd/posodd75.json","envs/add/negeven/negeven92.json","envs/add/posodd/posodd37.json","envs/add/poseven/poseven88.json","envs/add/negodd/negodd89.json","envs/add/posodd/posodd82.json","envs/add/negodd/negodd97.json","envs/add/negeven/negeven45.json","envs/add/poseven/poseven93.json","envs/add/negodd/negodd13.json","envs/add/posodd/posodd57.json","envs/add/negeven/negeven53.json"],"money":"3.87","age":40,"gender":0,"hand":1,"experiment":"noncompositional","instcounter":3,"subjectID":"5e5d824268168509ca89806f","studyID":"6168186185dddf5426605411","eval":[["poseven"],["negodd"],["posodd"],["negeven"]],"regrets":[[6.850797891616821,0,5.461804389953613,0,0],[7.302612543106079,0,4.48748779296875,0,0],[0,6.411409378051758,3.1209897994995117,0,0],[6.088466644287109,0,2.94608211517334,1.6702356338500977,0],[0,1.531747817993164,6.361081123352051,0.7606296539306641,1.531747817993164],[4.019656181335449,2.869622230529785,0,0,0],[3.9533278942108154,2.1862168312072754,0.22591114044189453,0,0.45217275619506836],[6.10780143737793,2.9312782287597656,9.02850866317749,2.9312782287597656,2.9312782287597656],[8.253854751586914,0,6.074850559234619,0.4349193572998047,0],[0,7.985720634460449,0,0,0],[1.6531639099121094,0,0,3.1201324462890625,0],[4.25623083114624,1.4595532417297363,1.9313945770263672,5.519345283508301,0],[3.4781689643859863,0.6592168807983398,0,3.043243408203125,0],[0,0,0,0,0],[2.1412010192871094,2.865321159362793,6.020865440368652,4.5275092124938965,2.1412010192871094],[0,0,0,0,0],[4.119765281677246,3.2018814086914062,5.454432964324951,2.129636287689209,2.129636287689209],[1.4034013748168945,4.133548736572266,5.696011543273926,1.4034013748168945,1.4034013748168945],[7.102926969528198,0,4.750277042388916,7.102926969528198,5.739579916000366],[9.561884880065918,0,0,0,0]],"maxrewards":[10.778783798217773,10.208272933959961,14.286161422729492,13.071096420288086,11.22176742553711,12.398200035095215,7.328769683837891,14.393535614013672,10.447568893432617,14.598552703857422,12.735908508300781,8.938365936279297,10.184636116027832,19.767959594726562,11.856703758239746,15.783611297607422,9.305784225463867,14.279134750366211,8.826355934143066,17.877769470214844],"bestoptions":[4,1,4,4,0,5,3,0,5,0,5,4,1,5,1,0,4,1,5,0]}
