{"actions":[[0,0,2,4,4],[0,2,5,5,5],[0,2,4,4,4],[0,2,4,0,5],[5,3,1,1,3],[0,2,4,0,0],[0,2,4,5,0],[5,3,1,0,0],[0,0,0,0,0],[5,5,1,5,3],[0,2,4,2,2],[5,2,2,2,2],[0,5,4,5,5],[5,3,1,5,5],[0,2,4,4,4],[0,2,4,0,0],[5,0,5,5,5],[0,5,2,0,0],[0,2,5,0,3],[0,5,5,5,5],[5,5,5,5,5],[0,2,5,5,5],[0,5,4,1,2],[5,3,1,1,1],[0,5,3,1,2],[0,5,3,1,1],[0,5,3,3,3],[0,5,2,0,0],[0,5,2,0,0],[0,5,0,0,0],[0,5,2,5,5],[0,5,4,3,2],[0,5,5,5,5],[5,0,2,3,5],[0,5,3,1,1],[0,2,5,5,5],[0,2,4,4,4],[0,5,5,3,5],[0,0,0,0,0],[0,5,2,4,4],[0,5,3,5,5],[0,5,5,5,5],[0,5,1,3,3],[0,5,0,2,2],[0,5,0,0,0],[0,5,2,4,0],[0,2,4,2,2],[0,0,0,0,0],[0,5,3,1,3],[0,5,5,5,5],[0,5,5,5,5],[0,5,2,4,0],[0,2,4,2,2],[0,2,0,0,0],[0,2,5,5,5],[0,5,2,0,5],[0,5,5,5,5],[0,5,5,5,5],[0,5,1,2,3],[0,2,2,2,2]],"rewards":[[3.7324018335317213,3.8358424236692175,5.856458089437596,6.353335447957695,6.254334760526715],[2.984375649473981,1.8488970673657903,8.762919014691523,8.863203100961975,8.844061134735565],[6.837782950150068,8.166527614575845,8.944043465240542,8.83292456938086,8.9751577461963],[6.026829517789695,3.905175463349142,2.0683843265282014,6.127873458630897,1.1196032515795071],[5.689592195686576,6.3901294681391105,6.09101676276746,6.029085935145207,6.16670840371342],[7.177941528959208,4.612870710509175,2.5560634769544657,7.2547690301254875,7.131368543501317],[4.669902047793671,4.16299009105002,2.7526409082575736,2.169487443885739,4.987343287410417],[3.3026161803361886,4.287139407586226,2.846996153641258,10.99803812613862,11.102038375550205],[15.782876860220926,15.884386364287893,15.674472709889127,15.734945872472347,16.024251031390687],[4.708724950242828,4.846971069788548,6.4894041716294195,4.850181608668707,5.60290625107507],[6.605725186769785,6.9034123685488735,6.241935908102349,6.943445056383701,7.07895949042305],[7.016754224858279,13.12142420244917,13.047026368375358,13.267264391791448,12.996514350109049],[1.8897604965244412,7.085390885924423,5.886934269338368,6.896970733193061,7.03534520926505],[9.380411395378811,9.532429109053563,8.959296996072537,9.396899609887141,9.39039702718623],[5.438651642652639,7.261581398298437,8.312987513293894,8.31539430528493,8.45997212152253],[6.501715447891815,4.454892918091857,2.6311511278562265,6.574317175613242,6.526318262012827],[7.288179767943897,1.8578447137744238,7.16693639775676,7.388055910638197,7.243053374791134],[8.44484227537194,9.274894794905702,5.314316426537043,8.48419321840026,8.519514483663775],[5.792076165456759,3.6618840986592556,1.7298725100047803,5.8934861740177436,3.031950117621102],[2.351161890356708,8.725827864607515,8.872570152183071,8.78030635147526,8.804359615675521],[10.549907578657198,10.528488704134048,10.55185950671662,10.541179116516524,10.473365130144382],[4.653999339384861,5.619105631539718,7.9721647809588525,7.968660145720963,7.897754472532052],[2.6832132088647347,5.990771461776853,3.1950367909052555,6.442051699422922,2.236716941917811],[13.850686801185477,12.594876323235946,11.949952867767125,12.144263646893695,11.861606783006815],[1.0161068567873737,3.3789934506687875,3.5499449048061527,2.1656112506001888,1.5017790354877403],[1.473950824837536,4.829593465694457,5.3527351442363615,4.9298655964638725,5.168524978648122],[2.696357116112754,8.359744561881367,8.650327717888484,8.776380639724165,8.791035110865238],[9.363800982570067,5.92776995790061,8.285703272765373,9.458123913064004,9.211505423874078],[7.777012388744218,3.402815101833796,7.728540306979037,7.8300674254132145,7.907349432681196],[17.201048590875217,9.165561496818363,17.267862808000174,17.19068739648743,17.256450949262604],[5.50171899680179,8.831910305938418,6.971008820666101,8.683744480565952,8.500929261951203],[0.6455801713262724,4.462973454710777,0.7192916717209874,5.612432663084946,2.0126176698783693],[6.210296902293305,13.229052601787311,12.991461913161555,13.088956529038782,13.074898103264752],[1.3623637696775888,4.627790105231477,3.0119537595788812,2.4502928550220315,1.419285401634333],[1.3508104514214192,6.660792195975461,6.877193339086485,6.4790864979581,6.593307483700431],[5.79431176661241,2.511157042959843,8.03601199172334,8.082655819920506,8.22324987943914],[8.443581537958218,6.153666101988189,5.646303527872397,5.524188468121087,5.643844201626863],[2.12240332904579,6.016505230122085,5.940953241064537,5.847275395155225,6.031856221791667],[10.60651877556611,10.57539921253894,10.702941982487614,10.635903646500996,10.607574904104977],[6.928543426050342,3.7141402080793187,4.982876906786323,4.456223912937431,4.398295448726786],[3.1283778405503555,7.884815981281705,8.15416242183864,7.733388811464329,7.814005113987751],[10.32402443357765,11.545226250374531,11.509849666323593,11.393302193133042,11.586561157537714],[6.867859661559748,4.317277094905118,6.246420125045839,5.953765402325685,5.830540621638989],[4.755193021128069,0.6084021006000931,4.7741229470400315,4.575099521625732,4.511304267072051],[11.817526130979044,5.18289432628264,11.936701804742624,11.782644084254104,11.840575045711764],[4.559252122957741,0.914843627400216,3.9219721825944656,1.8030453111653801,4.658041748332527],[7.589644361356275,7.874651924222257,6.815205230169026,8.107589582686533,7.975635521292463],[12.42736543344216,12.171415462986623,12.162499301379942,12.430776751394745,12.24182323035781],[3.7064125980522027,7.588045121459783,7.452633526958676,3.8553484234592212,7.249598108895209],[1.5533809374970455,9.704625379711276,9.823000813261263,9.843339566563989,9.650153910164434],[5.303960345596099,17.4032292348732,17.350241706237902,17.337861872500717,17.312727802717756],[5.573432912141448,1.9812239797481912,2.8091327845805694,2.221279907914154,5.599124161197691],[5.959418586776412,6.028527843063123,5.632479842141529,6.119540231543294,6.09935162414195],[11.874273376811578,8.7333400779957,11.864729378421654,11.536476586214636,11.49391967779914],[4.464528771073642,5.354428942166787,6.940321503619807,7.046919269241006,6.977470125312457],[1.0323674132737521,5.402234876768711,1.5867970061636445,1.0147023770232397,5.205699856727432],[5.220744801946241,12.349742599524884,12.326244970892699,12.41783812487395,12.321145073409047],[5.099995979381658,9.82542630650319,9.632795227901584,9.957895838838835,9.83448404053258],[7.581498393048257,0.25419664581816037,0,6.20613987129905,0.12002649217183597],[12.745623179864838,13.102671689253073,13.399675347237581,13.26349138792453,13.254652745182904]],"times":[[69604,8642,4550,7232,5060],[9172,7607,13702,6208,3045],[17036,9267,13677,3897,2830],[8616,5196,5550,4553,7730],[8883,3901,4749,9082,3119],[8781,7458,5056,2028,1921],[10097,5743,10823,14809,2146],[8149,4609,10051,5428,3683],[13489,11181,3084,1829,1857],[8277,63,10212,7739,8187],[8674,6612,7204,9441,2769],[3352,9642,8351,1255,1035],[4882,5356,13057,6932,981],[9116,6360,8378,9386,2019],[7710,8452,4426,5035,1304],[4835,4311,9075,6440,1265],[6885,6905,4691,1841,1402],[8475,9037,19100,4804,1292],[3428,4848,4399,4946,6686],[5271,2244,1555,351,469],[6108,7243,198,448,2875],[4231,3317,3682,3822,477],[7940,2376,7097,4617,4039],[5198,14844,9406,4370,1202],[5372,2870,5327,5931,3455],[6929,2637,6427,6824,2813],[4302,1971,6950,3801,588],[2811,2359,9158,9411,614],[6792,5498,4230,5262,522],[2408,5144,3599,370,414],[10709,4092,6611,4512,656],[3034,2274,6647,3599,3642],[5042,8101,5381,425,725],[2806,1530,3703,4751,4391],[3608,4614,3320,8418,5301],[3288,4546,4858,2406,507],[6200,4595,7202,4244,533],[6336,2672,3688,3554,3497],[7987,8899,175,389,974],[2148,2807,4912,6334,1769],[5121,5786,6322,2859,389],[2363,5609,3831,912,2118],[2663,6864,8103,5803,1392],[1730,4762,2188,3101,2389],[2680,4314,2976,2068,298],[1581,1722,5505,4672,1781],[4382,10405,4677,3747,665],[2865,3465,145,280,339],[9226,1456,3631,7111,2144],[3347,1791,1373,264,477],[1471,1817,5809,180,247],[1688,2474,3939,4639,1496],[3797,4275,4353,4644,483],[2847,7444,3873,462,1048],[1325,5103,3577,2937,1028],[1886,5057,5152,3128,1781],[2040,2522,4552,557,471],[1215,1454,2990,1073,722],[2482,3157,3384,3075,4898],[11941,8232,3068,451,442]],