{"actions":[[0,1,2,0,1],[0,5,1,0,0],[0,5,0,1,4],[0,5,4,1,4],[0,5,2,4,1],[0,5,5,5,5],[0,5,0,0,0],[0,5,0,0,0],[0,0,0,0,5],[0,5,1,1,1],[0,5,1,4,3],[0,5,1,4,4],[0,5,5,5,5],[0,5,5,5,5],[0,5,1,4,1],[0,0,0,0,0],[0,0,0,0,0],[0,5,5,5,5],[0,5,0,4,0],[0,5,5,5,5]],"rewards":[[5.171591997130232,9.188256755885313,5.111782116118197,5.159276538472456,9.073277562012196],[19.08547773282304,9.266898708390165,11.972882802566124,19.32941717930032,18.959107754828807],[11.468748867727626,7.708062576012813,11.490512130803141,6.265987582612725,13.434187090573815],[10.122525459631564,5.600322830608793,13.489026520353717,3.3222018831555404,13.407387010556096],[4.1742088704884335,9.912169313521451,4.367244929174517,5.0126566490787585,6.5586976068737375],[6.4720783024644195,13.14034794622124,13.177940840817172,13.30027709637134,13.248229117175347],[14.46904416312312,13.634750698150743,14.480806628744322,14.507976841066844,14.581500652277736],[9.327846289879096,2.0708954163962026,9.27605696500771,9.173631695358647,9.371288564594204],[12.213436230211746,12.191733785568053,12.339615267220093,12.125060218953628,6.7922173916302695],[7.5659628305330076,7.205511371224163,11.14036997770289,10.774937948412456,10.832989477792019],[5.035475275635785,6.874290606796536,7.140677448520988,3.3432088879005732,7.218853382296339],[8.620143271982792,8.438955578167352,3.693986503019216,11.428649942066686,11.39132822421168],[9.69745428590999,9.934911947692958,9.951189171792455,10.01086280987844,9.909825882913823],[7.7658417324187,16.984889740494005,16.85901812876523,16.985367126242824,16.791270069206423],[6.3242122597456305,6.00979837237201,7.162891535664408,3.76955894505457,7.2869629780358105],[13.545953463014072,13.904454257901143,13.780817079070935,13.686966073418347,13.521810165595804],[16.68038934337888,16.66823106180244,16.53249960074,16.820932321770083,16.594804626647345],[3.4721285982317194,14.652585406828527,14.679414552029396,14.503649848622814,14.621971984161073],[14.077205880479706,5.573601189864639,14.282839443759109,9.861164171818425,14.131400026104728],[10.824797834768608,14.119665694220306,14.26746260343469,14.15222321030056,14.23877369624914]],"times":[[22532,3492,746,5787,220],[5744,1536,5438,325,455],[5720,550,1096,2467,257],[1422,1582,453,1284,68],[2060,392,400,350,788],[950,233,274,172,186],[1067,121,1829,157,194],[911,351,1363,513,242],[459,451,125,205,606],[1920,258,1468,183,235],[1157,30,915,499,504],[661,17,1037,70,117],[645,292,420,119,180],[1247,272,209,106,210],[1099,143,584,547,111],[1028,865,33,32,81],[2349,547,104,428,74],[1504,79,79,44,87],[804,2351,20,1128,104],[1002,379,185,66,112]],"condition":[["posodd"],["negeven"],["poseven"],["poseven"],["posodd"],["posodd"],["poseven"],["negeven"],["negeven"],["negodd"],["negodd"],["poseven"],["negodd"],["posodd"],["negodd"],["negeven"],["poseven"],["posodd"],["negeven"],["negodd"]],"envs":["envs/add/posodd/posodd28.json","envs/add/negeven/negeven60.json","envs/add/poseven/poseven64.json","envs/add/poseven/poseven87.json","envs/add/posodd/posodd84.json","envs/add/posodd/posodd0.json","envs/add/poseven/poseven73.json","envs/add/negeven/negeven76.json","envs/add/negeven/negeven99.json","envs/add/negodd/negodd48.json","envs/add/negodd/negodd33.json","envs/add/poseven/poseven36.json","envs/add/negodd/negodd22.json","envs/add/posodd/posodd70.json","envs/add/negodd/negodd35.json","envs/add/negeven/negeven42.json","envs/add/poseven/poseven75.json","envs/add/posodd/posodd4.json","envs/add/negeven/negeven68.json","envs/add/negodd/negodd80.json"],"money":"4.02","age":20,"gender":1,"hand":0,"experiment":"noncompositional","instcounter":0,"subjectID":"5ea5dda01e785206619817dd","studyID":"6168186185dddf5426605410","eval":[["poseven"],["posodd"],["negeven"],["negodd"]],"regrets":[[7.133315086364746,3.04660701751709,7.299603462219238,7.133315086364746,3.04660701751709],[0,9.922308921813965,7.252923011779785,0,0],[1.9252376556396484,5.583560466766357,1.9252376556396484,6.975478649139404,0],[3.354912757873535,7.899526596069336,0,10.11430811882019,0],[5.544663429260254,0,5.416476249694824,4.668185234069824,3.183928966522217],[7.407693862915039,0.5694618225097656,0.5694618225097656,0.5694618225097656,0.5694618225097656],[2.512144088745117,3.545506477355957,2.512144088745117,2.512144088745117,2.512144088745117],[0,7.371266603469849,0,0,0],[0,0,0,0,5.5197601318359375],[3.322847366333008,3.8458304405212402,0,0,0],[2.1862168312072754,0.45217275619506836,0.22591114044189453,3.9533278942108154,0],[2.8235692977905273,2.9523239135742188,7.7282280921936035,0,0],[4.745100021362305,4.37663459777832,4.37663459777832,4.37663459777832,4.37663459777832],[9.337552547454834,0,0,0,0],[0.7961664199829102,1.4395251274108887,0,3.6637825965881348,0],[0,0,0,0,0],[2.840761184692383,2.840761184692383,2.840761184692383,2.840761184692383,2.840761184692383],[11.00931429862976,0,0,0,0],[0,8.512092113494873,0,4.261725425720215,0],[4.770896911621094,1.324625015258789,1.324625015258789,1.324625015258789,1.324625015258789]],"maxrewards":[12.302206993103027,19.13727569580078,13.338310241699219,13.485445022583008,9.802659034729004,13.762589454650879,17.070764541625977,9.383827209472656,12.257087707519531,10.874683380126953,7.328769683837891,11.372383117675781,14.341005325317383,16.9248046875,7.287693977355957,13.67945384979248,19.506879806518555,14.661672592163086,14.140832901000977,15.538280487060547],"bestoptions":[5,0,4,4,5,3,4,0,0,1,3,4,1,5,1,0,4,5,0,1]}
