{"actions":[[2,4,0,2,4],[0,5,4,3,3],[3,3,3,3,1],[5,3,1,5,5],[5,5,5,5,5],[5,5,5,5,5],[0,5,5,5,5],[5,0,2,2,2],[2,2,2,2,2],[5,0,5,5,5],[5,0,5,5,5],[5,5,5,5,5],[5,5,5,5,5],[5,0,2,2,2],[2,2,2,2,2],[5,5,5,5,5],[5,5,5,5,5],[5,5,5,5,5],[5,5,5,5,5],[5,0,0,0,0],[0,5,0,0,0],[5,5,5,5,5],[5,2,2,2,2],[2,2,2,2,2],[5,2,0,0,0],[0,2,5,4,1],[1,1,1,1,1],[5,5,5,5,5],[5,0,0,0,0],[0,5,0,0,0],[5,0,0,0,0],[0,5,3,3,3],[3,3,3,3,3],[5,0,0,2,0],[0,5,5,5,5],[0,5,5,5,5],[5,5,5,5,5],[5,0,5,5,5],[5,5,5,5,5],[5,0,2,0,0],[0,5,5,5,5],[2,5,5,5,5],[5,5,5,5,5],[5,0,0,0,0],[0,5,0,0,0],[0,0,0,0,0],[0,5,5,5,5],[5,0,5,5,5],[5,0,5,5,5],[5,0,5,5,5],[5,5,5,5,5],[5,0,0,0,0],[0,5,5,5,3],[5,0,0,0,0],[5,5,5,5,5],[5,5,5,5,5],[5,5,5,5,5],[5,0,0,0,0],[0,5,0,0,0],[0,0,0,0,0]],"rewards":[[6.651661337528379,7.751502349430387,4.760530507173256,6.913198312384891,7.573054717572576],[0,2.313032432140012,0,2.9195408331807298,2.959928314510362],[10.36029278542622,10.452349235993042,10.333089236318726,10.30399065554619,7.705956313233676],[6.724332957866429,5.55395498966633,5.036417755823644,6.7843402711649174,6.74942193435207],[9.387508989705458,9.392437679316902,9.397731197985724,9.25546754441161,9.387509526224925],[16.070433825837693,16.070088842515855,16.11724459335899,16.14601686075526,16.07291671554732],[5.070679952527001,7.918088535040766,7.866365818277452,7.796310067355747,7.755970879818628],[2.8569250908755004,5.52026176516512,6.011611387489863,5.794765812631582,5.850451229075833],[12.615626430924499,12.64173558866411,13.001270234272143,12.49498747924019,12.753127782158337],[6.885233394517047,3.2075956911561705,7.076740134962048,7.162065984091471,7.011908765957013],[5.485667432876413,1.4933550604943293,5.752563370480022,5.68457483489269,5.7088058628712925],[12.431247230218842,12.737841197538506,12.54150367392363,12.601150364175245,12.660525132615117],[6.47247881679087,6.223827867119565,6.446996589907369,6.5437740299327585,6.28875709364668],[2.228527774833372,4.534161499269792,4.8600748315904605,4.8098563367821,4.907543533685819],[10.51523097133073,10.459375296532722,10.514366988197816,10.58213002892049,10.49258747326628],[7.059455208241123,7.136941152574244,6.9890053774834096,7.03516396149846,7.206114050491795],[6.17888305631031,6.152733175184116,6.196246608748575,6.04295593112166,6.076392488274677],[13.299626102317298,13.27340242096082,13.216525210001677,13.006735267051274,13.382736936996446],[6.95713119729352,6.712202154067343,6.823635547840799,6.678663977038768,6.905032996763171],[0.3003689304282721,5.390556854337936,5.235732010387732,5.445156821797741,5.371388296731686],[8.333214221719262,7.083814818743743,8.161392954587214,8.255928618164296,8.360913360517982],[6.416739298769701,6.458269681488911,6.390971986815426,6.4442289483286315,6.290449686614837],[1.6937625269205039,8.221322162356389,8.139179459432288,8.141576850869798,8.207970893667255],[11.349088785122408,11.28183877009399,11.090679875216255,11.206051322446575,11.089442807111094],[1.9942286513416119,3.982017693638718,6.666898077241236,6.679376486771958,6.731407026515109],[2.2835699900525843,1.7907693580757975,5.769245433000039,2.466347018241102,7.001493711452566],[13.338237495383503,13.263932824490691,13.569332314416036,13.486473871658394,13.383189926354223],[9.369838061824318,9.273786471312318,9.362111460482158,9.236854270972266,9.478477356062426],[2.3594870403487462,8.835124021582828,8.604827443930624,8.745539506622265,8.610829111896571],[13.598114677774836,11.639698128620442,13.493280291340072,13.53311349396957,13.432370806043629],[0.5644192622073907,5.61848381847938,5.641258052449276,5.641932525524436,5.635620921064222],[0.6779425025577399,4.701002721841964,4.980139057387678,4.6953596871762295,4.686929625079521],[8.829620974073505,9.283366092351475,9.051854093950112,9.136019179198136,9.175039526609735],[2.3927247952686157,4.970208294001333,4.933866621958055,2.978052513279551,4.855900593464962],[1.449086044071725,6.46023643820451,6.564953460573228,6.501617976360579,6.461059457305302],[6.375285431617939,8.549951546753924,8.580552828047894,8.531986165263428,8.735090645894662],[7.1763074636057205,7.097834043867677,7.003254705834795,7.0540916231373005,7.102303921169048],[3.9583837607601504,0.5787274243295363,4.151457884907091,4.0014818759840045,4.079247167438466],[11.330642722842555,11.27677375653145,11.352029838690555,11.249475926624774,11.244060439376321],[1.6605496527465498,3.9222325177390918,3.1803610514600185,4.100388740944163,3.87378647320099],[0.6367225420017703,7.935535993821003,7.8509437196391705,7.939931478361816,7.845711395415352],[3.847761559453853,9.726364024169023,9.620441477078579,9.833365170180976,9.699382821490019],[6.197776335631009,6.41208577213239,6.301093142118967,6.222369148271862,6.3263498937636085],[2.195118650263442,8.009153705472407,7.9654175589904685,7.916742972734203,7.984355091846045],[11.798651772778967,8.464268208717856,11.719250449969481,11.88736772477329,11.695420612070478],[7.866663272596721,8.082382873117416,8.020872057771552,7.808199237846854,7.9173627170719225],[1.3165467485365951,8.508575389947652,8.71982131165982,8.536113341019744,8.47799474920737],[13.897469838605465,9.28288428272605,13.814492951346171,13.798425287830934,13.647177721190747],[4.39940087954038,2.173020153625819,4.389755242804134,4.247312747574283,4.226951858442454],[5.52843144932106,1.103835678058836,5.359754704350411,5.407044018498439,5.501662466394305],[9.754564534593662,9.822866440139476,9.830838273264852,9.738821439720681,9.795456493039808],[4.10968224676416,7.122594877224564,7.137508111892594,7.007292915249931,7.310553133261282],[0.78562097894498,3.820121225211173,3.6525066261691252,3.590254728993241,3.138478418540381],[7.7267141641953305,8.122522906921553,8.194653056409939,8.111727302836938,8.097119149779555],[7.862594509271147,8.059439553355471,7.802638422030955,7.932145029763497,8.05536158194567],[9.584362523416315,9.574427086309393,9.567726395410075,9.468650986756849,9.731138269807753],[17.40388395013892,17.624220134229837,17.604716417488742,17.642518608833534,17.599717513288454],[4.503421110780809,8.257875407568648,8.023048068935106,8.052905118772793,7.996003644738003],[6.622232897164179,2.0701225630612017,6.558354413019598,6.535336255125075,6.3900661833363195],[14.60730381938252,14.528736479026218,14.538920358984289,14.48397199086616,14.630661404423572]],"times":[[17041,2092,2007,2325,1348],[2242,1028,416,1391,1165],[3799,297,233,188,2495],[4245,2490,1588,755,239],[2408,850,215,158,157],[1262,160,108,136,135],[2948,1239,578,117,161],[1307,1244,1344,325,133],[810,100,91,126,93],[4606,2265,250,2,8],[1066,1074,181,70,61],[1025,29,46,65,33],[1428,412,59,77,74],[950,593,2546,570,48],[540,68,44,45,105],[1405,131,80,45,110],[1023,67,71,7,15],[922,27,59,39,1840],[1085,42,73,72,41],[891,955,157,85,79],[2434,714,102,62,77],[1217,106,69,88,88],[923,1560,157,120,279],[386,68,87,85,168],[2085,414,2233,162,208],[426,1231,489,419,172],[421,36,52,60,58],[2489,208,133,78,94],[976,978,128,124,199],[1919,285,45,97,133],[1226,70,117,103,67],[471,272,1357,138,77],[628,244,70,63,119],[1030,635,93,613,23],[510,419,207,55,64],[1278,36,26,438,83],[1418,62,69,41,73],[893,1993,422,5,488],[236,28,62,32,63],[399,760,1025,1274,79],[412,649,367,189,168],[2993,987,86,89,128],[975,275,88,27,31],[957,785,37,76,27],[546,325,56,65,39],[727,266,46,69,50],[338,374,37,54,6],[1182,50,8,517,54],[1106,1070,105,48,21],[801,570,8,475,247],[1461,29,49,20,51],[1274,1064,148,96,99],[355,271,66,99,610],[870,202,119,109,96],[873,24,74,34,74],[777,100,23,31,47],[864,451,208,100,123],[1097,467,167,59,80],[493,303,116,110,79],[279,9,47,44,123]],