{"actions":[[0,1,2,3,0],[0,1,3,5,5],[0,0,2,0,0],[0,1,2,0,0],[1,2,4,4,4],[0,0,0,0,0],[0,1,5,5,5],[4,5,5,5,5],[5,5,5,5,5],[5,4,5,5,5],[5,5,4,5,5],[5,5,5,5,5],[5,4,3,0,0],[0,1,0,0,0],[0,0,0,0,0],[0,1,0,0,0],[1,0,0,0,0],[0,0,0,0,0],[0,1,0,0,0],[1,0,0,0,0],[0,0,0,0,0],[0,1,5,5,5],[5,5,4,5,5],[5,5,5,5,5],[5,0,0,0,0],[1,0,1,1,1],[1,1,1,1,1],[0,1,0,0,0],[0,0,0,0,0],[0,0,0,0,0],[0,1,0,0,0],[0,1,1,1,1],[1,1,1,1,1],[0,5,5,5,5],[4,5,5,5,5],[5,5,5,5,5],[0,1,5,5,5],[4,5,5,5,5],[5,5,5,5,5],[5,0,1,0,0],[0,1,0,0,0],[0,0,0,0,0],[0,1,5,5,5],[5,5,5,5,5],[5,5,5,5,5],[0,5,0,0,0],[0,1,1,1,1],[1,1,1,1,1],[0,1,0,0,0],[0,1,1,1,1],[1,1,1,1,1],[0,1,0,0,0],[0,1,1,1,1],[1,1,1,1,1],[0,0,0,0,0],[0,1,1,1,1],[1,1,1,1,1],[0,1,5,5,5],[5,4,4,4,4],[4,4,4,4,4]],"rewards":[[7.964814725651473,7.504740684357927,7.094640876193582,5.904782218642512,7.993629938576662],[1.370544981960743,6.778509563092127,7.121970008893048,7.169098802881012,7.321036405635314],[9.367072329837127,9.351154303018038,7.3642830561010495,9.374871338255732,9.361795966290439],[4.894612078562832,4.243337032032245,3.2524792291604974,4.770005556049685,4.879798386083638],[0.3337274077556946,3.416305932101719,3.8536708495131835,3.9159304019486223,3.9658436792046774],[8.485251767095757,8.590601832800514,8.70695979767291,8.40644406408242,8.799414352286147],[3.1625167488932973,4.7101291542213515,7.529605562053174,7.575656132171454,7.52854218708259],[1.4886994247272023,4.099990213482712,4.185164187350473,4.224608563542645,4.178994829016437],[11.639921940800958,11.532854966677448,11.764765253152905,11.776438024919278,11.597680531201712],[5.908725222661136,5.46749703078108,6.124754681396048,6.027582775824992,5.83529817418445],[10.151244031257011,9.968365895958097,3.5587474833672306,10.122576194773002,10.099175414052436],[16.209914922840085,15.935575410860965,15.956343818569877,16.062465274103584,16.10487484846562],[1.6807056770406863,2.052534961570676,3.474650522054725,5.669187227313911,5.4776714633651755],[5.8089392584158235,0.5169958849287788,6.094742782629519,5.87568471651191,5.908238063954374],[11.688945822462712,11.71315080309119,11.73563873370004,11.805833532800651,11.801653128904807],[5.426528655384152,4.7041978629735635,5.419335594598869,5.586859965750095,5.67425123480437],[1.3891001918412258,6.626201214943641,6.742740935377624,6.688852850229224,6.733537398858707],[12.221962536652748,12.090127786462071,12.279611933369635,12.357950732692776,12.117712815373043],[8.35355995790233,7.594815339671753,8.579573643336225,8.599949395774424,8.460017848738238],[0.6555699059488496,8.162114392951505,8.076255062856067,8.207468980047208,8.00193057484817],[16.622977217792496,16.634364530308275,16.81641594553191,16.602703182595278,16.538665445672848],[3.2904483020514648,4.317062415134968,8.417165482416882,8.45465172410334,8.616782817265353],[7.084247281462228,7.162574475712397,1.2142101690077103,6.983537777482493,7.044160001923011],[15.516610858324869,15.478075392356214,15.513779691823238,15.651604525847317,15.33935069643467],[1.69117910324859,5.658524069224232,5.633329154399514,5.524376182734355,5.810256574609806],[5.815325539243107,0.741971832677284,5.618767668555716,5.6402445114751485,5.547807601559205],[10.71690570066949,10.841289722921037,10.81374393889107,10.599515107189522,10.735263231059397],[8.564035817779528,7.9074510467776395,8.886102717970806,8.762118445795355,8.67643711582811],[10.38034628231973,10.404369764573696,10.280617550835279,10.511494180934365,10.347685929187449],[19.080501502359947,19.058012969455902,19.23168483370745,19.0759594163268,19.210847834716336],[8.426808438861324,7.099293630305076,8.498657137251055,8.376297798549123,8.470785133028217],[1.4169332043984526,4.985081018099611,4.794776178932588,4.847409925540231,4.851989188594113],[12.0247289973639,11.718385626766283,11.899848580014629,11.77991553723573,12.004049857868484],[3.5046112430751784,7.808701227116849,7.775763289462145,7.801572998064406,7.687774138689807],[0.2825026744106278,5.717674496394543,5.8520718828793905,5.657357923645054,5.922157643227193],[13.433513120638413,13.500607013023126,13.623278993477022,13.665835550196771,13.569580319663569],[3.877047712001512,5.808154312862735,9.61227449235717,9.659551903973686,9.610130711630896],[3.8475236522074185,10.385747174166829,10.397081776479496,10.56450672246645,10.528082557062138],[20.232935726080903,20.295038292973686,20.337416986030338,20.280316463051157,20.25341857754823],[1.6225317828844605,4.571558082043882,4.4167007399351474,4.822930616373487,4.577613859964324],[8.02494635351615,2.3006515596162034,8.062978219988077,7.790501132772551,8.268580963358252],[12.739939691259389,12.955529433681555,12.860986165237303,12.824434205968751,12.973908371131262],[3.817991959199264,4.624962515546398,6.707797016181215,6.754556154839267,6.460169876216836],[8.811097669373238,8.847006485966594,8.788873414500983,8.778810589454519,8.89265867137994],[15.45905879260281,15.354090952597005,15.275557901296898,15.431995445937037,15.45329954462689],[4.684169666242691,1.3853352653602897,4.527577673411189,4.376750509674298,4.402130081310303],[1.3045059974901014,6.407261292559682,6.181168269982048,6.420706019597373,6.621205275454996],[10.121022143087544,10.108447746942067,10.236614567755915,10.106991589510242,10.274794774866626],[8.221281656142938,5.448075463432097,8.243278158721333,8.007299007095956,8.230139225978235],[2.758307659467613,5.7521031619825065,5.719718777351662,5.847838282615105,5.708486706231413],[11.280274428727708,11.189876667658714,11.458153727951558,11.324487847046154,11.223039956028266],[7.1742239394191465,6.751613584142344,7.095037579263366,7.141908776025278,7.210008543949138],[2.6141579672445134,8.330631742743645,8.344201301387981,8.207024800372919,8.268238848370212],[15.052652241625252,15.188456262018779,15.00493311888003,14.99965952211615,15.015466392380054],[9.575984882286411,9.467190816231598,9.723157251176952,9.371001946237879,9.634206457063907],[0.10074626486978319,3.678804763898303,3.893117203666003,3.64617032906177,3.6395992478573698],[11.603324851835465,11.780394307982078,11.86851650442041,11.851661148208557,11.708277319637986],[1.1045158568449855,1.9617686223172068,4.4381027601304845,4.526816882316165,4.581385632563695],[4.886531098030964,13.03187906498582,13.100596675301288,13.044326329963491,13.194594474256611],[17.74832743584208,17.94659684418076,17.477436317101382,17.73485110092869,17.55863446008253]],"times":[[16183,3458,4515,7219,2154],[6330,776,1803,794,1178],[4360,2372,1333,1401,1188],[3231,555,2353,428,815],[2654,1037,1643,1033,671],[717,571,504,835,726],[2060,324,1389,674,460],[2202,381,360,630,668],[874,254,328,536,522],[2074,351,2370,568,563],[1188,812,696,323,820],[831,219,147,439,626],[1298,238,685,232,315],[1380,266,263,256,407],[469,140,165,329,419],[610,382,1305,256,389],[1609,356,712,291,524],[356,109,253,356,333],[1439,1211,497,229,296],[852,278,282,273,338],[366,59,463,772,678],[1192,1760,342,213,200],[1519,886,416,92,352],[701,121,227,265,386],[904,188,1157,268,305],[1664,1346,261,186,334],[364,81,150,646,481],[538,338,187,32,174],[1341,303,350,328,333],[380,43,123,159,135],[777,660,290,162,308],[930,210,319,200,269],[392,177,261,240,287],[1067,400,397,349,462],[649,216,267,164,35],[324,74,112,386,239],[818,248,518,167,253],[719,163,268,41,293],[312,165,159,272,356],[833,560,1558,259,202],[739,152,384,163,211],[313,297,253,209,461],[363,1241,48,71,682],[1560,673,272,149,255],[269,91,76,41,231],[1421,652,820,197,195],[508,1079,468,237,247],[373,169,131,239,321],[510,304,364,279,283],[867,190,253,267,270],[302,81,126,103,296],[454,262,681,117,651],[936,296,251,158,295],[304,106,185,261,611],[579,1462,248,407,445],[462,276,261,199,291],[372,185,188,218,394],[350,367,958,191,115],[1953,277,233,100,244],[671,108,41,266,328]],