{"actions":[[4,1,0,1,1],[5,4,3,3,3],[0,1,3,4,4],[0,1,0,0,0],[5,3,4,1,2],[0,0,0,0,0],[0,1,2,2,2],[2,4,3,5,0],[0,0,2,2,4],[5,3,4,1,4],[1,1,1,1,1],[0,5,5,5,5],[4,4,4,4,4],[1,0,0,0,0],[4,1,5,0,4],[4,0,2,3,3],[3,1,0,5,1],[4,1,1,1,1],[5,5,0,0,0],[0,5,1,0,0]],"rewards":[[6.529208662091306,13.373414192432001,7.570939722712085,13.426193437006152,13.313888165954076],[10.294160564277211,5.355224376429462,12.522694818844768,12.35297302583141,12.41056129796227],[8.969440073750665,3.469216285373592,4.995810746205936,11.470544498248627,11.447221448612078],[13.55130558744253,9.58048467925414,13.43697729202523,13.649455210016622,13.608346302139804],[3.7974796515698275,2.867351454245162,5.965003202129226,4.689374841682939,6.519368504467241],[17.668725829873896,17.667309128182378,17.716460279566302,17.61944451098648,17.81195032785902],[11.852520101910734,6.377086844903408,12.791843589844472,12.868918285826945,12.822853281262619],[9.097403747624508,6.030925900274393,9.884309845873208,9.713815034985,10.47486802901579],[8.99938088009402,8.943055966379411,10.581729899383975,10.502280382093945,10.8151319191188],[5.777510786441303,3.553874450948156,12.291758376142798,1.0156954190404357,12.01622266410073],[12.157917952579337,12.142722226758485,12.409717477796544,12.178782952536467,12.29303100176022],[4.811625818205754,16.764739295679963,16.612045070298176,16.75356272508895,16.981269994277707],[12.691029654877589,12.674025513444485,12.653685225130465,12.473112506614935,12.63296262709851],[9.104033900336914,13.705362384045646,13.616567817289846,13.67051241672608,13.76850701716557],[10.229107480580057,5.823818655034531,8.137867238001286,9.106331729660686,9.979368838615798],[6.798145341417686,4.3844294080793915,6.740476452870427,11.183530637244546,11.022116210941727],[6.476200607842261,6.56946722100228,0.8354625732471871,10.094505280086922,6.700205300918124],[4.322588296585804,12.511189755051788,12.438781662206784,12.581288559780841,12.546295678245624],[10.758847369573244,10.456431862245058,16.2642912405691,16.30967881032357,16.01552224832572],[12.822092763158935,1.7790628136494662,5.457085814829212,12.820728598665886,12.557174401292718]],"times":[[16679,938,785,514,269],[1432,278,40,261,33],[934,37,449,357,150],[726,262,120,159,140],[808,306,148,349,299],[501,248,113,171,138],[630,236,260,256,8],[454,118,90,537,122],[487,76,45,8,62],[482,279,202,350,149],[554,370,28,20,60],[564,189,138,153,144],[367,272,110,65,64],[460,106,149,85,31],[458,184,76,192,79],[422,68,531,54,41],[408,268,226,139,86],[424,188,141,47,38],[355,203,30,177,62],[410,189,168,19,102]],"condition":[["negodd"],["negodd"],["poseven"],["negeven"],["negeven"],["negeven"],["poseven"],["negodd"],["posodd"],["poseven"],["negodd"],["posodd"],["posodd"],["negeven"],["poseven"],["posodd"],["posodd"],["negodd"],["poseven"],["negeven"]],"envs":["envs/add/negodd/negodd81.json","envs/add/negodd/negodd64.json","envs/add/poseven/poseven1.json","envs/add/negeven/negeven0.json","envs/add/negeven/negeven29.json","envs/add/negeven/negeven50.json","envs/add/poseven/poseven22.json","envs/add/negodd/negodd23.json","envs/add/posodd/posodd95.json","envs/add/poseven/poseven42.json","envs/add/negodd/negodd25.json","envs/add/posodd/posodd62.json","envs/add/posodd/posodd60.json","envs/add/negeven/negeven11.json","envs/add/poseven/poseven34.json","envs/add/posodd/posodd72.json","envs/add/posodd/posodd16.json","envs/add/negodd/negodd91.json","envs/add/poseven/poseven18.json","envs/add/negeven/negeven49.json"],"money":"4.02","age":20,"gender":0,"hand":0,"experiment":"noncompositional","instcounter":1,"subjectID":"5ee56b6496d15e1076a26cf5","studyID":"6168186185dddf5426605411","eval":[["posodd"],["negodd"],["poseven"],["negeven"]],"regrets":[[6.702930927276611,0,5.613039970397949,0,0],[4.20808219909668,8.924608707427979,1.8986682891845703,1.8986682891845703,1.8986682891845703],[2.4832677841186523,8.007177829742432,6.318050384521484,0,0],[0,3.890578269958496,0,0,0],[4.840152740478516,5.577248811721802,2.4937005043029785,3.952488422393799,1.9550533294677734],[0,0,0,0,0],[2.5760202407836914,8.026876449584961,1.642848014831543,1.642848014831543,1.642848014831543],[3.8742456436157227,6.867395401000977,2.9209346771240234,3.0735273361206055,2.391124725341797],[8.180187225341797,8.180187225341797,6.773832321166992,6.773832321166992,6.342955589294434],[6.239528179168701,8.673816919326782,0,11.111450433731079,0],[0,0,0,0,0],[12.047630310058594,0,0,0,0],[7.523944854736328,7.523944854736328,7.523944854736328,7.523944854736328,7.523944854736328],[4.436253547668457,0,0,0,0],[0,4.496214389801025,2.1518373489379883,1.1491422653198242,0],[4.807434558868408,7.103335380554199,4.815826416015625,0.5210304260253906,0.5210304260253906],[3.474949359893799,3.3178038597106934,9.18041980266571,0,3.3178038597106934],[8.184455871582031,0,0,0,0],[7.616168975830078,7.616168975830078,2.0459442138671875,2.0459442138671875,2.0459442138671875],[0,11.08641767501831,7.344264030456543,0,0]],"maxrewards":[13.215095520019531,14.312875747680664,11.493938446044922,13.62446403503418,8.558760643005371,17.718761444091797,14.469902992248535,12.844890594482422,17.305143356323242,12.118380546569824,12.188100814819336,16.763561248779297,20.15078353881836,13.652332305908203,10.223679542541504,11.575958251953125,9.983402252197266,12.456997871398926,18.276988983154297,12.723394393920898],"bestoptions":[1,1,4,0,0,0,4,1,5,4,1,5,5,0,4,5,5,1,4,0]}
