{"actions":[[0,1,3,5,4],[0,1,3,5,4],[1,2,3,4,5],[0,2,4,5,3],[3,5,4,2,0],[0,1,2,4,5],[3,4,2,0,5],[0,2,4,3,5],[4,3,5,1,2],[0,1,2,3,4],[4,3,5,2,0],[1,3,4,5,0],[0,2,1,4,3],[1,2,4,0,5],[0,2,4,5,3],[0,2,4,5,3],[1,3,5,4,2],[0,2,4,5,3],[0,2,4,1,3],[0,1,2,4,5]],"rewards":[[9.293992092038307,15.460306007886135,14.052288271845779,14.575337349801515,7.208303384391388],[6.955917825455341,14.921708575785352,17.05012641048803,17.474650942860197,10.565466765271704],[10.355962219487672,15.027458828122096,7.825258891946315,13.3800749216679,6.24891547559432],[10.074554507290845,9.500717892721415,10.31075677065763,15.296064318115725,15.666390334684726],[5.470564734962672,3.1621828975765696,9.756867505445923,12.075191939519136,13.177850836704847],[9.72695015480457,7.934854551375843,8.602052625111577,7.793341379369443,3.0459857455492396],[6.5734394400941545,12.280242103791835,10.981354953422407,7.986450088456345,8.533495349534851],[14.830596526805197,14.880320865079144,17.368281378860253,8.636701070796766,11.08315031413569],[6.447532841659115,10.973916721163974,10.562607968774536,12.673243862631601,7.782978590987963],[4.509474014237806,10.7182991093049,6.743845196657399,10.998086409097056,6.879706738228261],[2.7137100967219876,9.01803108851945,7.842124180695601,4.0873918221511385,7.045007130630465],[9.537522867975635,8.635351921275122,8.91498558292699,5.708378846563687,13.184053823741108],[3.440825070142813,5.809799624227333,10.485429706747295,6.593513381058942,14.21027136609043],[6.7880245571448,13.303439388444279,15.941619287856202,11.960120968214497,11.062728870995919],[10.81113360635601,11.422582214009926,9.038833196457828,16.552274524699957,16.70805750365072],[10.027283754029863,9.828760211105607,11.249887488426271,5.031622763327623,3.194435183377891],[9.88997624540435,6.868789582308331,5.228194411354197,13.29255624758157,15.996301080000446],[11.261696814061683,10.717108167569691,12.356434052038242,20.079787930183343,18.654623858074025],[9.718151089561237,7.274990306646992,5.844847354381321,11.801072504170676,11.279643087608644],[10.35288505559903,6.270496771959688,9.80456003663617,12.543982023847093,7.4511829576255]],"times":[[12395,1412,1713,717,2162],[3661,585,1819,1351,774],[1872,1914,733,703,729],[950,1097,955,1567,1927],[772,881,1023,951,955],[824,380,449,602,508],[970,465,1139,705,1311],[841,634,962,3226,1104],[1281,695,1464,1029,612],[757,826,183,472,700],[711,544,410,558,601],[647,528,834,413,1009],[615,483,749,502,492],[727,1065,677,555,883],[1583,556,649,840,901],[986,519,477,596,878],[657,588,586,412,796],[571,574,456,961,1408],[1118,766,566,467,641],[858,555,892,614,861]],"condition":[["negodd"],["posodd"],["negeven"],["posodd"],["negeven"],["negeven"],["poseven"],["poseven"],["negodd"],["posodd"],["negodd"],["negeven"],["posodd"],["poseven"],["negodd"],["poseven"],["negeven"],["posodd"],["negodd"],["poseven"]],"envs":["envs/add/negodd/negodd71.json","envs/add/posodd/posodd18.json","envs/add/negeven/negeven14.json","envs/add/posodd/posodd86.json","envs/add/negeven/negeven80.json","envs/add/negeven/negeven31.json","envs/add/poseven/poseven55.json","envs/add/poseven/poseven84.json","envs/add/negodd/negodd15.json","envs/add/posodd/posodd72.json","envs/add/negodd/negodd16.json","envs/add/negeven/negeven26.json","envs/add/posodd/posodd2.json","envs/add/poseven/poseven13.json","envs/add/negodd/negodd50.json","envs/add/poseven/poseven25.json","envs/add/negeven/negeven69.json","envs/add/posodd/posodd89.json","envs/add/negodd/negodd97.json","envs/add/poseven/poseven27.json"],"money":"3.95","age":20,"gender":0,"hand":0,"experiment":"noncompositional","instcounter":0,"subjectID":"5f0e6359bc42c41ac183a80f","studyID":"6168186185dddf5426605411","eval":[["negeven"],["posodd"],["negodd"],["poseven"]],"regrets":[[6.2233781814575195,0,1.188502311706543,0.8490581512451172,8.17688274383545],[10.638113975524902,2.6515846252441406,0.5460319519042969,0,7.152020454406738],[6.660869598388672,1.950897216796875,9.221297264099121,3.560497283935547,10.886717319488525],[5.5288496017456055,6.162595748901367,5.246642112731934,0.3155632019042969,0],[7.602703094482422,9.891082286834717,3.0977582931518555,0.9602327346801758,0],[0,1.8779454231262207,1.2375736236572266,1.9013605117797852,6.8254477977752686],[5.495063781738281,0,1.2547054290771484,4.29633092880249,3.7004966735839844],[2.6191043853759766,2.3130388259887695,0,8.52357006072998,6.135135650634766],[6.370644569396973,2.0285778045654297,2.3206958770751953,0,4.903563499450684],[7.103335380554199,0.865570068359375,4.815826416015625,0.5210304260253906,4.807434558868408],[8.757126808166504,2.473341941833496,3.665496826171875,7.433335781097412,4.571207523345947],[3.8074913024902344,4.590361595153809,4.154186248779297,7.454258918762207,0],[10.729224443435669,8.323678016662598,3.8410701751708984,7.824529647827148,0],[9.078519821166992,2.7050514221191406,0,4.037535667419434,4.881918907165527],[7.353343963623047,7.061698913574219,9.34968090057373,1.888132095336914,1.8175811767578125],[1.1695680618286133,1.454756736755371,0,6.064975738525391,7.9819018840789795],[8.019257545471191,11.152084827423096,12.777027130126953,4.5202836990356445,2.0251121520996094],[9.008094787597656,9.325346946716309,7.696480751037598,0,1.4983901977539062],[2.1412010192871094,4.5275092124938965,6.020865440368652,0,0.6910161972045898],[2.288747787475586,6.250213623046875,2.802187919616699,0,4.972004413604736]],"maxrewards":[15.420348167419434,17.53896713256836,17.015954971313477,15.666585922241211,12.98071575164795,9.765270233154297,12.226438522338867,17.21282958984375,12.759651184082031,11.575958251953125,11.518311500549316,13.185672760009766,14.273157119750977,15.97038745880127,18.446819305419922,11.221083641052246,18.044681549072266,20.07412338256836,11.856703758239746,12.474737167358398],"bestoptions":[1,5,0,3,0,0,4,4,1,5,1,0,3,4,1,4,0,5,1,4]}
