{"actions":[[2,3,0,5,5],[1,4,0,3,5],[0,3,5,3,3],[0,5,4,5,5],[5,5,5,5,5],[0,3,1,0,0],[0,4,1,0,0],[5,0,0,0,0],[0,5,3,1,0],[0,1,0,5,3],[0,1,5,0,0],[0,1,0,0,0],[0,5,5,5,5],[5,0,0,0,0],[5,0,0,0,0],[0,5,5,5,5],[0,5,5,5,5],[5,0,0,0,0],[0,5,5,5,5],[0,5,5,5,5]],"rewards":[[8.879697928128474,16.021555653163894,6.9756802715125374,16.218611874173135,16.201333525350133],[9.001872256193431,3.5762085336312883,6.247500899435411,9.282668529376084,5.0928726652145855],[6.993223859127398,11.701455498796385,8.468217073645075,11.756792171730162,11.725913501534885],[8.255961001754835,11.584496583163071,4.041224730049736,11.340153720411902,11.5530343769429],[20.031676956820235,20.084573707121002,20.080921125058588,20.206053354723785,20.20051033919556],[14.388558442552814,10.559192603180751,9.627334970672502,14.217628579929444,14.404548955665696],[16.23255179958455,12.859263194067946,8.722977027698152,16.312064293988787,16.484681038953834],[11.528555941514757,13.648296951300836,13.557681157793276,13.413555189141311,13.541037730482179],[9.961009552209084,7.964983617373622,6.843352630238304,6.9358094021983385,9.945010708749244],[6.873142307880878,8.696427070509866,6.949412152509727,6.737104493069912,7.655706689340641],[9.341016441074629,4.569044746760466,1.4273212695396134,9.51627499240947,9.408576620806796],[9.518229896650213,6.090071084676803,9.50676921589858,9.622328773741613,9.612983535968645],[7.698468412594952,13.441701397484264,13.588275389500556,13.5127823151424,13.664996212653557],[7.09977429193243,15.669755171196105,15.45975148819517,15.567812643049713,15.769151888215712],[4.820800197755404,13.967649416901626,13.88211457095174,13.818271966537633,13.828923382243186],[3.37833803852364,9.394712169038911,9.197123375018881,9.346504826813176,9.288174676530046],[2.408024997129493,11.364324651282317,11.240879639398704,11.209985980777713,11.316638611313817],[2.914736687582698,8.564953624486513,8.38510382622756,8.437359580463827,8.59472739381333],[5.166188228700984,7.74178098419592,7.676274009209065,7.828844701854593,7.929683578402841],[12.655221775460493,15.409242140837664,15.597934730215687,15.467796771255477,15.53293420214384]],"times":[[23573,73,33966,7606,6258],[6910,4361,1381,2863,1609],[6179,1802,2456,1736,947],[3557,1302,1296,1233,616],[3809,1406,1369,1135,813],[1598,2818,1413,830,1006],[2602,2452,1569,828,1232],[1890,1164,1739,1496,535],[2129,1075,1319,1353,1217],[2528,1850,1582,1316,1133],[1620,1779,1252,776,963],[1325,944,770,806,757],[800,892,972,956,805],[752,774,848,885,622],[577,410,680,638,527],[847,383,742,564,844],[1095,342,2924,563,448],[1590,319,642,538,705],[3582,761,400,312,290],[850,353,477,646,382]],"condition":[["posodd"],["negodd"],["negodd"],["negodd"],["posodd"],["poseven"],["negeven"],["poseven"],["poseven"],["negodd"],["negeven"],["poseven"],["posodd"],["negeven"],["negeven"],["posodd"],["posodd"],["negeven"],["poseven"],["negodd"]],"envs":["envs/add/posodd/posodd67.json","envs/add/negodd/negodd28.json","envs/add/negodd/negodd87.json","envs/add/negodd/negodd99.json","envs/add/posodd/posodd60.json","envs/add/poseven/poseven50.json","envs/add/negeven/negeven58.json","envs/add/poseven/poseven49.json","envs/add/poseven/poseven45.json","envs/add/negodd/negodd6.json","envs/add/negeven/negeven27.json","envs/add/poseven/poseven74.json","envs/add/posodd/posodd25.json","envs/add/negeven/negeven88.json","envs/add/negeven/negeven61.json","envs/add/posodd/posodd31.json","envs/add/posodd/posodd47.json","envs/add/negeven/negeven94.json","envs/add/poseven/poseven96.json","envs/add/negodd/negodd73.json"],"money":"4.01","age":40,"gender":0,"hand":0,"experiment":"noncompositional","instcounter":1,"subjectID":"5fa45fb3b7f92d0b3b7fbc62","studyID":"6168186185dddf5426605411","eval":[["posodd"],["negeven"],["poseven"],["negodd"]],"regrets":[[7.212120056152344,0.05701255798339844,9.06949758529663,0,0],[0,5.438410758972168,3.0217337608337402,0.055088043212890625,3.988422393798828],[4.9650492668151855,0.31621360778808594,3.3852195739746094,0.31621360778808594,0.31621360778808594],[5.858743667602539,2.7512760162353516,10.23070764541626,2.7512760162353516,2.7512760162353516],[0,0,0,0,0],[3.6036624908447266,7.276370048522949,8.258790016174316,3.6036624908447266,3.6036624908447266],[0,3.5433225631713867,7.641805648803711,0,0],[6.153404235839844,4.274240493774414,4.274240493774414,4.274240493774414,4.274240493774414],[1.1250324249267578,3.1666998863220215,4.352952003479004,4.293828010559082,1.1250324249267578],[1.9054131507873535,0,1.9054131507873535,2.0173163414001465,0.9835715293884277],[0.06564807891845703,5.107248306274414,8.161762952804565,0.06564807891845703,0.06564807891845703],[0.4511528015136719,4.001458644866943,0.4511528015136719,0.4511528015136719,0.4511528015136719],[5.970114707946777,0,0,0,0],[8.645469665527344,0,0,0,0],[9.05769968032837,0,0,0,0],[5.971909523010254,0,0,0,0],[9.025431156158447,0,0,0,0],[5.467140197753906,0,0,0,0],[3.3113951683044434,0.8233108520507812,0.8233108520507812,0.8233108520507812,0.8233108520507812],[3.504476547241211,0.5561466217041016,0.5561466217041016,0.5561466217041016,0.5561466217041016]],"maxrewards":[16.111539840698242,9.117252349853516,12.03335952758789,14.231685638427734,20.15078353881836,17.9013729095459,16.408052444458008,17.767013549804688,11.097959518432617,8.761262893676758,9.617151260375977,10.00687026977539,13.599565505981445,15.658353805541992,13.835494995117188,9.3385009765625,11.373779296875,8.487170219421387,8.570419311523438,16.072250366210938],"bestoptions":[5,1,1,1,5,4,0,4,4,1,2,4,5,0,0,5,5,0,4,1]}
