{"actions":[[5,0,1,3,4],[5,0,1,0,0],[0,0,0,0,0],[5,4,5,5,5],[3,5,0,1,2],[3,2,5,2,2],[0,5,1,4,5],[4,2,0,5,5],[5,5,5,5,5],[0,5,4,5,5],[5,5,5,5,5],[5,5,5,5,5],[0,2,3,5,5],[5,4,4,3,4],[4,2,2,2,2],[2,4,5,0,1],[1,2,3,4,2],[2,2,2,2,2],[0,5,4,2,4],[4,4,4,4,4],[4,4,4,4,4],[4,5,3,5,5],[5,4,5,5,3],[5,5,5,5,5],[5,0,0,0,0],[0,0,0,0,0],[0,0,0,0,0],[1,0,2,4,5],[5,0,0,0,0],[1,0,0,5,0],[0,1,4,5,4],[5,0,5,5,5],[5,5,5,5,5],[5,4,0,0,0],[0,0,1,5,0],[0,0,0,0,0],[0,5,5,5,5],[5,0,5,5,5],[5,5,5,5,5],[5,0,0,0,1],[0,0,0,0,0],[0,0,0,0,0],[0,1,2,3,4],[4,5,0,0,0],[4,4,4,4,4],[4,0,0,0,0],[0,5,0,0,0],[0,0,0,0,0],[0,5,4,1,5],[5,0,5,5,5],[5,5,5,5,5],[5,0,5,3,5],[5,0,0,0,0],[1,2,0,0,0],[0,5,1,2,0],[0,0,0,0,0],[0,0,0,0,0],[0,5,2,0,0],[0,5,5,5,5],[4,4,2,0,0]],"rewards":[[3.885576426012178,6.154350730102561,4.8211952944482785,4.069684899006777,4.274101751350408],[1.4875482837269587,5.2179125016174455,1.3494028542665069,5.080206955235929,5.1045116550222485],[11.0933902300869,11.137451619536371,11.283904078867918,11.278510992509082,10.993409824825074],[7.8100837739671665,6.621171964306716,7.714233527602165,7.807788689234914,7.942870451942163],[1.8500579019850902,2.0182874104122965,5.263959812783788,2.5391107438230285,6.073541852770328],[7.294679783932145,11.14005273595472,9.885600458251057,11.266092282227449,11.361806586509884],[1.2264186564235207,4.238232517506999,1.5889016892851464,2.9807180970714264,4.224975633509464],[2.30879194217556,1.9936009826811028,3.0876451175159145,5.297606222698787,5.49756718244436],[9.879853330646261,9.93362473737614,9.761999106478385,9.768114542563891,9.813305456033584],[4.033935154348032,7.885397780579015,6.291105010630008,7.85085737576554,8.173980694163944],[9.025359554390718,8.968633428054378,9.137249906374596,8.940749389543248,9.19795133925765],[16.89058724544909,17.076112175870225,16.93514030148077,16.865136014851924,17.044808727776537],[1.8928102531867819,2.9603196430427188,4.232362248622695,6.290197583842807,6.420609652362324],[1.7051936242315553,8.052431565513956,7.751100569184244,1.952439678740603,7.872891247329813],[12.894346564119381,11.124154875221897,11.262173982792596,11.234378871720208,11.288185411309184],[2.245905417365957,1.612737777042916,2.3619774190462026,3.935197549837786,3.8637941249023267],[1.8311185935468182,4.620727162294745,1.5502984472648573,4.5401620478273355,5.0032413322428635],[7.0405599918347095,7.02868876449236,7.04946557094921,7.367735905389968,7.176561528372673],[1.9943292422420547,4.826440863823641,5.600445325075531,3.9443748912563215,5.503799271458403],[7.9464783605377045,7.847089665331181,8.032334907393713,7.880621732354342,7.810412000946675],[13.581778198072568,13.378634041907475,13.552397594743637,13.588266539891066,13.476009335735139],[5.145312836046845,6.499186483503348,4.062407235616425,6.760262601611624,6.535230394418202],[3.275191782636059,0,3.0628952711607162,3.339656710496409,2.4119703441694518],[9.959716932515484,10.01378430488218,9.905872787371484,9.9810994226911,10.087309853205747],[3.5619154605142036,8.557882716574941,8.673524065311883,8.382466038117041,8.560259424625439],[8.198611993055223,8.153356166109575,8.207624506452593,8.036815900597592,8.138278620759392],[16.738151262552982,16.767554112949533,16.816419863903874,16.900762922253186,16.712504298740576],[2.9893150849297547,2.32816325905243,2.703355396713246,4.395810173899504,5.110260722077674],[3.3280511798395844,7.94044796279561,7.988227622659182,8.144593275183293,8.287399039985841],[5.027535329146127,10.23692233826697,10.504371887684364,8.363679704148968,10.20581631625793],[3.0978453116048454,2.333858364754722,5.254999946133212,5.39140811210395,5.434864196520795],[10.599160493486963,4.2167199834425775,10.45979403356347,10.649184630466877,10.41727273456467],[16.10863159468199,16.009993959853208,16.102944991933132,15.923435464549142,15.967298588021958],[4.406399680207425,5.279009917720176,9.17984017837153,9.404837688371636,9.505055419177932],[6.676101255471827,6.628815060258606,0.8293144008421792,0.2805320355325949,6.382095683432761],[15.971378955909078,15.89705030439041,15.956984401264577,15.835198008981253,15.855841918064524],[3.467343184410458,8.141651979350922,7.969537437022446,7.87859340265756,7.88454668021313],[7.074317199403496,0.3422856792813058,7.097181630389281,7.13093649524934,7.301506946681456],[15.221326621874725,15.173259742619305,15.125932232716107,15.294829047991387,15.259532822429454],[4.177785262989244,6.466892629828524,6.583171488594109,6.40906404943315,5.762160284520929],[10.77652680658303,10.94417575955245,10.948207791314362,11.014987014421186,11.029494347926844],[17.417480134161394,17.45286193657174,17.545642201488345,17.241051697225075,17.463135783283786],[4.554674407450181,5.590456700373918,6.062710383924772,6.015985394607444,7.717460618829519],[8.215941048948412,3.3743182938205774,8.03335467631877,8.053169524407382,8.048843543098068],[16.095956533645868,15.920628437054615,16.046036202250267,15.947742956148224,15.91598730808799],[5.223091014552462,8.154320316570047,8.083799655745159,8.163180995325485,8.376728277446407],[6.449607033894733,2.1362000728438004,6.419340792820405,6.596778195069929,6.371213557440244],[14.689747867852626,14.594573636519698,14.693642292274804,14.704374791304668,14.71616880559334],[2.0014756946222128,4.899922176467426,4.306058176934805,3.06524393556872,4.738102550206156],[6.738882428944807,0.17948772311880756,6.397002990583072,6.479614839574605,6.744579572550519],[11.336690621946024,11.228316260885075,11.345643109676818,11.331203232515657,11.302109179921912],[6.1120547203769,3.4383859851116787,6.22025411500079,5.3017182752349825,6.22235947094022],[1.4278074331655022,7.287169757208711,7.048411714053652,6.9728021192913285,7.252117231571656],[5.515677242158672,9.249924657104307,10.398140397079086,10.439418555976111,10.556024168131419],[5.7261514274091585,1.9532957014555636,4.004252767749722,3.6000570876989975,5.68995771808413],[12.011812263196477,11.870871365152547,11.854265822417949,12.046206397113526,12.006007608828078],[17.750894779831825,17.74705323545089,17.76498509541674,17.561656896883065,17.786477139343496],[9.422224353602664,4.789142964559067,7.524841631979091,9.39501240051092,9.563315166476993],[0.05964853337121691,4.093099154976033,4.3856795477981265,3.9964271826906326,4.121059287440754],[5.84500429783102,5.93654736729223,7.401789837650681,9.743497463772874,9.65462337407407]],"times":[[17142,3383,9609,2181,1259],[2792,328,1010,389,563],[3060,666,371,375,537],[4396,814,1413,361,346],[1682,819,380,1027,867],[2782,845,827,302,301],[5250,377,3946,534,1091],[1992,691,347,303,371],[586,287,318,285,388],[1148,429,2527,588,561],[1754,933,333,316,373],[443,325,325,343,536],[1754,712,308,234,349],[472,266,470,538,752],[472,930,957,393,363],[944,330,860,384,401],[783,769,437,618,277],[411,310,291,315,378],[641,287,1817,637,399],[370,321,292,417,328],[330,180,253,296,378],[2064,1542,1326,157,343],[501,261,257,282,1549],[292,135,255,306,323],[5058,796,291,282,315],[1900,328,274,222,311],[682,582,339,264,280],[1969,254,377,513,327],[457,338,380,602,290],[6989,522,1252,1251,180],[1650,1575,324,292,267],[389,470,250,284,271],[343,345,312,268,297],[840,953,369,400,337],[1082,1269,366,310,200],[377,218,321,358,270],[630,252,387,263,303],[502,419,202,309,264],[1035,282,361,347,328],[963,315,362,433,144],[330,572,223,270,341],[349,119,134,140,130],[742,720,376,1401,974],[1000,891,1423,440,287],[292,302,302,277,317],[702,779,1427,498,411],[383,305,287,346,179],[283,528,640,1123,1007],[844,108,725,615,1265],[326,365,290,358,259],[296,50,489,152,332],[519,284,204,760,120],[275,299,340,295,400],[652,626,930,369,340],[1134,308,530,461,223],[639,638,292,268,282],[308,263,208,236,260],[934,399,1334,3325,334],[1162,279,322,328,412],[496,190,389,616,303]],