{"actions":[[0,1,2,3,4],[0,2,4,1,3],[0,1,2,3,4],[0,1,2,3,4],[0,1,2,3,4],[0,1,2,3,4],[0,2,1,3,4],[0,1,2,3,4],[0,1,2,3,4],[0,2,1,3,2],[0,2,1,3,4],[0,1,2,3,4],[0,1,2,3,4],[0,2,1,3,4],[0,2,1,3,4],[0,1,2,3,4],[0,1,2,3,4],[0,1,2,3,4],[0,1,2,3,4],[0,1,2,3,4]],"rewards":[[9.364423535542791,11.226078200306224,5.712507340284382,8.78889523184541,4.199046994207973],[6.934614680166708,7.9400359168615,8.980676420674728,14.725205413715122,14.921427486756686],[14.153293288566731,9.70556822093649,17.306863385576662,10.519589019235932,18.05712517736022],[10.92745383434887,5.587871640100246,10.864468906736372,4.566817501842092,9.514952799064504],[6.192221668444685,9.07482710131595,6.158416210361493,8.316873041306543,5.086989197030639],[5.2388959774440345,13.370149121425584,7.281804413722702,16.995983803113948,9.745253428372294],[0.9516354742828697,4.3600937250267755,5.762638764650499,8.026897615532931,4.43755470159748],[11.886311564610656,4.046132429855397,9.798181816836175,2.9930600597988075,8.453409025081976],[15.068343590038829,10.000677889888978,17.968183181591588,11.052092980696177,19.035580320025737],[7.846510444529722,4.387634817319342,12.55749990680846,10.620707971045935,4.135841425442829],[6.0419076839398445,7.9273032213359595,3.878569274519658,5.037585740834583,9.357651338694895],[17.07330976678948,9.210385248888665,12.179727066692823,6.443359578940269,11.518772726790113],[9.099420074171345,5.5586685677623295,8.775483255592555,8.103535822318896,10.186956520582877],[9.714943431064958,7.712507483363029,14.333228155821757,13.34325926838402,6.552396788707944],[5.952284196871622,8.11577110392308,9.495246882203089,11.83449511219278,8.400445848871994],[13.389237484981386,8.029350219313995,13.139804812438788,7.469505275317546,11.018361192924464],[17.2519368002032,7.763671284033597,13.064906056439659,6.8322380760957975,13.545979793778955],[12.847420429139916,8.261555516532253,13.004876344066727,8.803834592416232,13.47800824672742],[3.2866840540957027,9.862629179219386,5.211759247737445,12.148003766471831,5.8781491399028205],[8.252310416569733,12.526518298212089,5.590116660826409,10.713724801667519,4.767015008981965]],"times":[[10091,779,1107,1109,498],[1529,899,670,3008,1599],[1625,628,630,541,353],[2242,264,278,260,249],[1160,79,167,44,44],[1048,62,130,581,268],[1056,437,140,201,4085],[609,212,217,117,123],[2393,750,207,233,186],[1585,98,57,56,942],[1520,729,479,174,110],[1273,19,536,237,207],[761,376,200,997,178],[938,132,67,219,199],[849,24,452,98,73],[665,353,188,361,134],[618,2,452,77,437],[457,34,88,402,596],[546,4,486,143,81],[1402,3,58,90,851]],"condition":[["negodd"],["posodd"],["poseven"],["negeven"],["negodd"],["posodd"],["posodd"],["negeven"],["poseven"],["negodd"],["poseven"],["negeven"],["poseven"],["negodd"],["posodd"],["negeven"],["negeven"],["poseven"],["posodd"],["negodd"]],"envs":["envs/add/negodd/negodd41.json","envs/add/posodd/posodd14.json","envs/add/poseven/poseven50.json","envs/add/negeven/negeven1.json","envs/add/negodd/negodd68.json","envs/add/posodd/posodd88.json","envs/add/posodd/posodd24.json","envs/add/negeven/negeven75.json","envs/add/poseven/poseven94.json","envs/add/negodd/negodd51.json","envs/add/poseven/poseven8.json","envs/add/negeven/negeven78.json","envs/add/poseven/poseven34.json","envs/add/negodd/negodd22.json","envs/add/posodd/posodd99.json","envs/add/negeven/negeven43.json","envs/add/negeven/negeven46.json","envs/add/poseven/poseven21.json","envs/add/posodd/posodd80.json","envs/add/negodd/negodd20.json"],"money":"3.79","age":20,"gender":1,"hand":0,"experiment":"noncompositional","instcounter":0,"subjectID":"604eb32b7405f25e90f5acce","studyID":"6168186185dddf5426605410","eval":[["negeven"],["poseven"],["posodd"],["negodd"]],"regrets":[[1.9361295700073242,0,5.476259231567383,2.3392696380615234,7.055523872375488],[9.035135269165039,8.186031341552734,6.995631217956543,1.3741531372070312,1.1345806121826172],[3.6036624908447266,8.258790016174316,0.5120182037353516,7.276370048522949,0],[0,5.420450687408447,0.3111410140991211,6.304932117462158,1.8295955657958984],[2.7804927825927734,0,2.9092655181884766,0.7132043838500977,3.755642890930176],[12.108262062072754,4.08033561706543,10.051468849182129,0.3443431854248047,7.633843421936035],[8.7543825507164,5.429075717926025,3.902039051055908,1.705348014831543,5.482589244842529],[0,7.84379243850708,1.9681148529052734,8.782137870788574,3.4209976196289062],[3.9227294921875,9.261541366577148,1.1627006530761719,8.047256469726562,0],[4.791773796081543,8.325571060180664,0,1.924631118774414,8.325571060180664],[3.3513846397399902,1.4094305038452148,5.50069785118103,4.412415504455566,0],[0,8.062028884887695,4.891851425170898,10.759184837341309,5.627159118652344],[1.1491422653198242,4.496214389801025,1.4566679000854492,2.0377159118652344,0],[4.745100021362305,6.6119279861450195,0,1.0708141326904297,7.76908016204834],[6.938632488250732,4.835573196411133,3.4203262329101562,1.167379379272461,4.41690731048584],[0,5.464507579803467,0.32776641845703125,6.0814433097839355,2.392301559448242],[0,9.433418273925781,4.080493927001953,10.375946998596191,3.6684799194335938],[0.5281362533569336,5.385127067565918,0.3105964660644531,4.699924468994141,0],[9.458205699920654,3.011157989501953,7.618438243865967,0.5116195678710938,6.955962181091309],[4.171941757202148,0,6.81268310546875,1.9183731079101562,7.826177597045898]],"maxrewards":[11.29683780670166,16.090164184570312,17.9013729095459,11.097312927246094,9.04089641571045,17.38974952697754,9.736870765686035,11.894250869750977,19.06954574584961,12.5531005859375,9.287771224975586,17.194011688232422,10.223679542541504,14.341005325317383,12.966524124145508,13.399887084960938,17.22380828857422,13.477361679077148,12.764276504516602,12.512020111083984],"bestoptions":[1,5,4,0,1,5,5,0,4,1,4,0,4,1,5,0,0,4,5,1]}
