{"actions":[[2,3,4,5,0],[4,3,1,5,0],[4,5,0,5,0],[5,1,4,1,4],[2,4,1,0,5],[4,1,5,0,2],[4,1,0,5,2],[4,1,3,5,0],[2,4,0,2,4],[0,2,4,3,5],[5,3,1,2,3],[5,3,4,1,0],[5,3,1,5,3],[0,1,3,5,2],[5,3,1,4,4],[5,3,1,4,5],[5,4,2,0,2],[5,3,1,3,5],[5,3,1,3,5],[5,4,2,0,2]],"rewards":[[5.987366230835526,9.084477251284394,8.523853782650727,11.300862010377742,3.714361108859224],[3.475352396843776,7.871800494797536,9.589064290525688,6.987157207316643,5.7781245904294485],[5.348665416728011,10.097492624037347,8.896426865054002,9.934684641845877,9.018898581439101],[5.3752356334330065,8.394896069136752,14.237937311359799,8.468354497371966,14.187671180465223],[8.922899830710746,11.345809530826891,4.818300574103324,8.135175434027904,7.223466273154349],[10.260258702838971,6.0807201287977986,4.938135869974499,11.601878273577364,10.060589145565514],[10.712994152923713,5.137614984812971,7.536525782441756,6.846420044847727,9.008724126288035],[8.510652093597496,14.401538735761909,13.497580863870837,12.881961060764098,10.264754616067696],[18.36340433486103,17.497549965709933,20.35534115911821,18.34358156069772,17.504771896680005],[11.91920306736625,9.822489790814918,8.51970325795268,3.187584812067431,0.6705223275916651],[8.134207365855136,9.017163958408641,6.672773381389426,13.794326655804545,8.737939547919039],[7.439553307066237,7.015051606636709,11.622665355748683,5.506235104196724,10.896279457421022],[9.982870828720886,11.875552566572463,15.233530751903855,10.19761471707282,12.036521665290506],[4.03940288546758,8.586254755029392,9.42738049627533,10.409248729995692,3.101937669681382],[11.441701818636268,10.81348739536198,10.636008862388861,6.764347133781699,6.8972321763975115],[13.965963969456832,12.99049475847679,10.053601558282196,9.3171727631786,14.194193076169134],[8.7599249401295,13.512806686696123,13.323128665956721,12.959058236029335,13.227146575324898],[18.202554908310763,16.60451214793557,13.837673653762021,16.755495636542374,18.37888939751323],[11.15869724449284,11.295156510254854,12.517358066419357,11.361813034214274,11.08420662638262],[7.300428188541476,12.00590017122494,13.450318081894526,12.612249730177508,13.699602508130283]],"times":[[72281,2966,2119,1175,1537],[3904,676,675,535,1666],[3090,581,1011,612,754],[3007,1464,912,1188,2493],[3638,754,1653,1001,656],[3048,929,640,1036,1282],[3085,821,684,521,753],[2845,723,3274,781,2213],[3847,1239,1908,1413,991],[2592,1197,2015,1385,1066],[3242,1204,976,1018,788],[1994,1697,729,924,663],[2811,1402,988,2678,1291],[2583,1076,1767,645,2435],[2717,1920,915,1710,1080],[3482,1670,849,1570,3537],[3400,845,2245,752,1331],[4267,1793,1384,2678,1082],[2569,1480,914,2468,661],[3191,983,1511,809,1500]],"condition":[["posodd"],["negodd"],["negodd"],["negeven"],["poseven"],["negeven"],["poseven"],["negodd"],["negeven"],["negeven"],["poseven"],["poseven"],["negodd"],["posodd"],["posodd"],["posodd"],["poseven"],["posodd"],["negodd"],["negeven"]],"envs":["envs/add/posodd/posodd52.json","envs/add/negodd/negodd8.json","envs/add/negodd/negodd64.json","envs/add/negeven/negeven91.json","envs/add/poseven/poseven11.json","envs/add/negeven/negeven83.json","envs/add/poseven/poseven48.json","envs/add/negodd/negodd13.json","envs/add/negeven/negeven82.json","envs/add/negeven/negeven75.json","envs/add/poseven/poseven40.json","envs/add/poseven/poseven29.json","envs/add/negodd/negodd26.json","envs/add/posodd/posodd49.json","envs/add/posodd/posodd72.json","envs/add/posodd/posodd74.json","envs/add/poseven/poseven21.json","envs/add/posodd/posodd33.json","envs/add/negodd/negodd47.json","envs/add/negeven/negeven35.json"],"money":"3.94","age":50,"gender":0,"hand":0,"experiment":"noncompositional","instcounter":0,"subjectID":"60b921d1aca59b29c594419c","studyID":"6168186185dddf5426605411","eval":[["poseven"],["posodd"],["negodd"],["negeven"]],"regrets":[[5.502551078796387,1.9308786392211914,2.847921371459961,0,7.51461935043335],[6.06593656539917,1.7117176055908203,0,2.671219825744629,3.817321300506592],[8.924608707427979,4.20808219909668,5.249847412109375,4.20808219909668,5.249847412109375],[10.975845336914062,7.876445770263672,1.9925470352172852,7.876445770263672,1.9925470352172852],[2.412046432495117,0,6.422243595123291,3.0610198974609375,4.157103061676025],[1.5668716430664062,5.665857315063477,6.8455352783203125,0,1.6741304397583008],[0,5.554343223571777,3.128368377685547,3.8001723289489746,1.7079362869262695],[5.696011543273926,0,0.6786575317382812,1.4034013748168945,4.133548736572266],[2.146585464477539,2.867124557495117,0,2.146585464477539,2.867124557495117],[0,1.9681148529052734,3.4209976196289062,8.782137870788574,11.147216796875],[5.592291831970215,4.912897109985352,7.058206558227539,0.02138996124267578,4.912897109985352],[3.9525842666625977,4.528059959411621,0,5.912064552307129,0.9693059921264648],[4.749947547912598,3.142725944519043,0,4.749947547912598,3.142725944519043],[6.404796838760376,1.8578453063964844,0.8391523361206055,0,7.241622447967529],[0,0.5210304260253906,0.865570068359375,4.807434558868408,4.807434558868408],[0,1.0993318557739258,4.061836242675781,4.853517532348633,0],[4.832310676574707,0,0.3105964660644531,0.5281362533569336,0.3105964660644531],[0,1.6335887908935547,4.5555877685546875,1.6335887908935547,0],[1.491811752319336,1.1857547760009766,0,1.1857547760009766,1.491811752319336],[6.1849799156188965,1.4079532623291016,0,0.7477645874023438,0]],"maxrewards":[11.182873725891113,9.570390701293945,14.312875747680664,16.259065628051758,11.310850143432617,11.765241622924805,10.754615783691406,14.279134750366211,20.471792221069336,11.894250869750977,13.70053482055664,11.540962219238281,15.052048683166504,10.382583618164062,11.575958251953125,14.095762252807617,13.477361679077148,18.395238876342773,12.50186538696289,13.477376937866211],"bestoptions":[5,1,1,0,4,0,4,1,0,0,4,4,1,5,5,5,4,5,1,2]}
