{"actions":[[0,1,2,3,4],[0,5,4,3,1],[0,0,0,0,0],[0,1,0,0,5],[5,5,5,5,5],[5,5,5,5,5],[5,0,0,2,0],[1,0,0,0,0],[0,0,0,0,0],[0,5,5,5,5],[3,5,0,2,5],[5,5,5,5,5],[5,0,0,0,0],[0,5,1,0,0],[0,0,0,0,0],[0,5,5,5,5],[5,0,2,4,4],[4,5,4,4,4],[0,5,0,0,0],[0,5,5,5,5],[5,0,5,5,5],[0,5,5,5,5],[0,0,0,0,0],[0,0,0,0,0],[4,0,5,4,5],[0,0,0,0,0],[0,0,0,0,0],[0,5,1,0,0],[5,0,0,0,0],[0,0,0,0,0],[5,0,3,5,5],[0,0,5,5,5],[5,5,5,5,5],[0,5,0,0,0],[0,5,0,0,0],[0,0,0,0,0],[0,5,5,5,5],[5,0,0,0,0],[0,5,0,0,0],[0,5,3,5,5],[0,5,5,5,5],[5,5,5,5,5],[5,0,0,0,0],[0,5,5,5,5],[5,0,5,5,5],[5,0,5,5,5],[5,0,3,5,1],[1,5,5,5,5],[5,0,5,5,5],[5,0,5,5,5],[5,5,5,5,5],[5,0,4,0,0],[0,5,0,0,0],[0,0,0,0,0],[0,5,0,0,0],[0,5,5,4,3],[5,0,0,5,0],[0,5,1,5,5],[5,0,0,0,0],[0,0,0,0,0]],"rewards":[[8.508574998411005,8.567200883026594,7.828760340381165,7.415162686197001,5.206653191724819],[0.8989076381695391,5.038262446778658,0.7391919911186071,6.275926414170071,5.746602862024635],[9.791865986158909,9.648331914315992,9.807328234382565,9.555681691010452,9.629202050873268],[6.877923412727613,6.243403390187068,6.98149260425453,6.852760556164642,2.0842292759488883],[8.391568027790063,8.373135953238052,8.371961070554837,8.399939543021413,8.528751961483197],[10.233893271479893,10.1776394136744,10.165447891981072,10.058709001328403,10.320833958702947],[2.5755154132634686,7.906301911794065,7.705638866448983,5.223411680079601,7.797763430712238],[3.937592014315034,9.197013518017103,9.301737777820335,9.254785914518601,9.245819572672694],[17.106681180196052,17.132950081865157,16.94886558569765,16.813597793987473,17.05786676571137],[5.439247134038864,7.946125064381474,8.126588393262265,8.241335814003595,8.164986415246577],[4.8046864817825865,5.770323938227086,1.5039584792294933,1.7738025466096887,5.4338778924629345],[13.887842081540322,13.774970952047061,13.757781887571072,13.765184782914405,13.82494305024896],[3.424116149598417,6.791974472417956,6.6502785097445445,6.695892388263823,6.6750813191766305],[5.467141459284488,1.5153164636093153,1.2200079286754693,5.582046060883817,5.735774870402138],[12.222155087894956,12.193447857106733,12.289054974160225,12.149071107376361,12.044511798622562],[1.5255055831406523,4.409505222183086,4.444810208531202,4.374565796494454,4.318867707346564],[0.5244587650877505,4.9032641028081025,3.7441978761920156,4.468850374370367,4.161442590005053],[9.410985352967078,4.97927140027946,9.413351151661786,9.32465617175521,9.375754931012253],[6.561457318236312,3.4313795529532705,6.386450566822933,6.660855980640485,6.480154310739405],[2.684078547650004,8.846269241112498,8.590410918288997,8.669480858034671,8.7912389231176],[12.151465355105973,9.14287497629989,12.122716338564546,12.219143620521502,12.142003347754423],[3.6818491717399007,6.510881844324488,6.556397842555471,6.5739181501039665,6.690801781407818],[12.572024893107274,12.443309509853147,12.703201818627795,12.724669807911228,12.717307086748317],[15.991983041928446,16.078132518796394,16.216552571327888,16.152894902717954,16.20925566266486],[3.4049548332206667,0.09829590006125935,3.662568187668888,3.1334374963080327,3.297586963473523],[11.049630494200025,11.000524324843743,11.012080144457943,10.944868962199276,10.95908780644223],[11.155681837068688,11.219084116970366,11.221298123690564,11.109878546929021,11.397907306229532],[5.074435378257848,0.7650270844132577,3.1240026662010107,5.219614087012123,5.3428355391879165],[2.309868355723632,7.842177505643521,7.9922234773740515,7.858790404211111,7.767807385043071],[12.856145594147804,13.033334134144832,13.119540498806137,13.11479539671303,12.990997212588292],[5.264623443848299,4.0233270091935625,3.0761363550863767,5.403863274261445,5.293642859245968],[3.993307038809837,3.850503328382922,9.48244586274275,9.492321970624555,9.300557068994499],[14.541352597654388,14.719164852891996,14.783351235467899,14.648453574577601,14.643146338261253],[10.470735875933155,4.992827158548262,10.535679834754257,10.369809089603123,10.341605315330275],[8.17174254847395,2.3668121020268305,7.949235891745589,7.79889111379092,7.870095898539396],[18.488839190115307,18.414264619952068,18.327234200606636,18.34656471229699,18.495888459189516],[6.309821139750238,8.762689674950881,9.072163819677835,8.789044974175162,8.934603913316364],[2.196136609234955,8.914511167494453,8.833576427529048,8.995637199788462,8.692309091194677],[15.30848598385573,10.964610259848659,15.39169285694863,15.240485680058052,15.180242115558197],[0.7082177902814502,5.3196765821291,3.5987625175889875,5.307517051630702,5.3775098022583405],[2.684234902292318,8.284571355489176,8.532253592465079,8.374479544028167,8.376747808403868],[13.988092419800413,13.938744325006072,13.84459927454384,13.881338956453172,13.859375396682806],[3.2275103506983873,7.634581992806208,7.766025046924519,7.516190050744713,7.5682602458703565],[3.410017793758772,11.652412973157753,11.513349224702669,11.514570980196206,11.488895052371968],[14.777906604235021,11.030860475941193,14.775238547257299,14.85907974164589,14.708431323633915],[5.042063598014362,1.7966469029177405,5.047105037498706,5.0635103209922905,5.271641003203756],[4.33438343503202,1.294651269783418,4.462698856545911,4.448835560758213,5.868760856945941],[8.70056207665467,9.350037959732065,9.430722291803965,9.300904208467543,9.184565558989782],[7.004191981971631,1.7167579312252181,7.130987892884415,7.119762913290447,6.852383988252944],[9.126489141676712,3.807113627309411,9.469060850601773,9.4366975765585,9.309955299461318],[16.450279393944623,16.513629730429837,16.42131968606974,16.47420392737984,16.620898787513323],[1.7377898525604873,5.687785594720678,2.315177490993019,5.6830508931672234,5.622624883364372],[5.949903275787424,0.18662312337095127,5.914091672774261,6.0730236804307305,6.118213464577298],[11.636955626451906,11.508863556402414,11.689679893247737,11.607535893852203,11.674454623425994],[7.246106405305913,4.12622850207462,7.021658791279323,7.119636552138141,7.063964629009598],[0.937309146517201,3.733317537107092,3.6575865967267087,1.1487665922961443,3.1805769944184656],[7.7600688694828195,7.97586680310192,7.94338306138085,7.789735753239394,7.977252341015133],[1.5317834246062034,4.741304466016095,2.606235563747992,4.703360195267822,4.813171813431369],[0.8950971094192625,7.5190322208595015,7.585188272702033,7.609194908575924,7.517059156686049],[8.940901158751055,8.928732424398136,8.912420174063223,8.90350147966336,9.031793660936138]],"times":[[16660,3570,1578,4306,379],[1102,1887,2024,3147,4928],[8948,1386,605,553,322],[4060,1252,1375,648,7865],[3547,627,314,17,579],[5304,307,40,443,290],[4961,703,610,7742,355],[3849,1234,358,135,239],[1163,358,59,959,493],[2427,7156,416,18,56],[6384,1192,3356,2536,548],[2084,377,78,336,3],[1816,1358,386,241,133],[2439,1070,8555,297,236],[1491,390,234,152,163],[1771,1357,3452,258,251],[4911,3326,4598,8280,317],[1091,2931,330,89,564],[12425,794,337,296,137],[5908,371,277,151,208],[4611,737,451,187,229],[4398,416,1606,285,383],[3571,489,310,274,248],[525,288,260,206,182],[7726,720,1226,1471,151],[2830,670,236,217,328],[741,281,778,377,595],[11235,1411,10167,271,240],[3698,536,373,287,34],[351,333,270,267,328],[7242,782,6707,288,119],[3293,826,280,296,380],[813,294,24,572,629],[4259,2230,258,360,269],[2872,4344,141,119,696],[379,352,217,171,112],[4481,577,532,353,340],[923,2538,384,316,460],[2144,511,397,214,130],[4433,2321,4782,1284,24],[4180,641,359,201,365],[810,306,25,8,843],[2006,4136,562,248,291],[1357,7864,535,432,369],[2149,1207,390,253,168],[2073,2035,1469,366,289],[3213,2212,9664,1003,5778],[3146,2457,330,189,94],[9788,2200,383,600,205],[8715,2443,203,126,384],[436,92,437,116,137],[2652,1944,6451,1295,216],[9662,1067,329,160,2043],[455,331,319,302,355],[1777,1956,671,259,420],[7912,338,9812,2735,3184],[1816,1036,380,694,280],[1971,649,5267,624,280],[2170,3764,355,161,87],[2886,470,247,127,279]],