{"actions":[[0,2,4,1,2],[2,4,0,1,3],[0,2,4,1,3],[0,1,2,3,4],[2,4,0,1,3],[0,2,4,1,2],[3,4,5,0,1],[1,3,5,0,2],[3,4,5,0,1],[2,4,0,1,3],[2,4,0,1,3],[0,1,2,1,3],[5,4,3,2,1],[0,2,4,1,3],[3,5,0,1,2],[0,2,3,1,3],[5,3,1,0,2],[0,2,4,1,3],[2,4,0,0,2],[1,3,5,0,2]],"rewards":[[11.419936185034432,13.124400277624796,14.878103301960778,9.262158377231893,13.08315196535971],[10.836060507075098,8.650251523408867,12.361926399947288,19.680698150615246,17.082258188274274],[5.038731932165309,4.602783908196676,3.4103837272571664,7.063061522313538,7.17048331830491],[12.778245298240572,9.611889566179359,13.247998316995483,9.689005275693855,12.230362487206904],[10.841919946397088,12.069131945219956,7.988278632883021,3.6062491598315005,6.823212689201966],[16.698322259726215,13.49034454065781,13.13188473800437,8.069268586982037,13.383035675167488],[15.383087065196854,8.366496997224418,16.333036343233072,5.47561073397565,12.514919870088631],[10.091333044456688,11.236040600593896,13.500190653664001,5.155175688359216,6.324257481108695],[16.19254964347909,10.283542528637497,16.86172313620877,7.470732559303911,14.090662481457084],[11.507103864773212,9.148674073266324,12.066344772736187,9.002956610541645,8.313397598681506],[5.951425703926124,5.678116571574615,3.635212895253329,11.039347786530392,12.540392225838099],[11.911173835657111,6.36920126100266,12.731159691885741,6.494527557239907,8.236136553112729],[11.143964362680375,17.33304447071524,10.718398685446974,16.66571039267995,8.705766260876622],[15.901078665572198,12.470292454736615,11.32552363275133,9.256639609380327,7.417444043162432],[9.986120338478399,8.933580817285781,6.368751199126854,12.273011839688495,3.2747754263304403],[7.855639066641723,4.181464566459121,10.652581947596703,12.557214815617145,10.643935250246821],[5.208798673261249,6.505437051755252,8.431291256066759,16.14677628631041,14.45092444364983],[8.737632452096502,9.562214881622953,13.055725435489867,3.6936729527686465,4.239007363563584],[9.410425545047525,9.563580185968814,8.771268353127772,8.444916690336603,9.555250601374334],[10.199153417375467,10.86691299703912,6.801813027889601,8.46684919618298,6.384599404351154]],"times":[[40610,1870,1308,3352,1099],[6882,2215,1643,4327,1100],[1870,1133,1930,1508,2135],[2344,1067,932,1927,645],[6016,945,1188,2193,1720],[2546,1086,2211,2007,562],[2923,703,694,1055,694],[2554,960,878,1207,1874],[2422,399,375,769,313],[3365,947,518,1139,1096],[2305,939,559,1249,977],[1449,643,730,2051,884],[3876,560,718,1986,402],[1899,1507,1357,1268,1405],[5721,649,783,2001,762],[2486,1214,1003,2557,540],[4487,1304,755,1508,798],[2281,837,575,719,757],[1934,343,548,1327,1106],[1824,934,848,1402,1287]],"condition":[["poseven"],["negodd"],["negodd"],["negeven"],["poseven"],["negeven"],["posodd"],["posodd"],["posodd"],["negeven"],["posodd"],["poseven"],["poseven"],["negeven"],["negodd"],["negodd"],["negeven"],["poseven"],["posodd"],["negodd"]],"envs":["envs/add/poseven/poseven24.json","envs/add/negodd/negodd18.json","envs/add/negodd/negodd33.json","envs/add/negeven/negeven35.json","envs/add/poseven/poseven55.json","envs/add/negeven/negeven41.json","envs/add/posodd/posodd30.json","envs/add/posodd/posodd61.json","envs/add/posodd/posodd97.json","envs/add/negeven/negeven99.json","envs/add/posodd/posodd63.json","envs/add/poseven/poseven22.json","envs/add/poseven/poseven19.json","envs/add/negeven/negeven9.json","envs/add/negodd/negodd25.json","envs/add/negodd/negodd51.json","envs/add/negeven/negeven91.json","envs/add/poseven/poseven60.json","envs/add/posodd/posodd87.json","envs/add/negodd/negodd11.json"],"money":"3.94","age":40,"gender":0,"hand":0,"experiment":"noncompositional","instcounter":1,"subjectID":"60f1fbc88531e3ca47fc26c8","studyID":"6168186185dddf5426605411","eval":[["negeven"],["poseven"],["posodd"],["negodd"]],"regrets":[[3.3061647415161133,1.6858587265014648,0,5.5322160720825195,1.6858587265014648],[9.023290634155273,11.111024856567383,7.556970596313477,0,2.625577926635742],[2.1862168312072754,2.736927032470703,3.9533278942108154,0.22591114044189453,0],[0.7477645874023438,3.7928152084350586,0,3.7329015731811523,1.4079532623291016],[1.2547054290771484,0,4.29633092880249,8.607202291488647,5.495063781738281],[0,3.2932300567626953,3.5488224029541016,8.590568542480469,3.2932300567626953],[1.2263450622558594,8.077563285827637,0,10.814141273498535,4.021886825561523],[3.4900941848754883,2.4040184020996094,0,8.462648868560791,7.3711395263671875],[0.6969871520996094,6.390995979309082,0,9.447456359863281,2.7230281829833984],[0.6969404220581055,3.078275680541992,0,3.3400869369506836,3.8871402740478516],[8.716277122497559,8.83700942993164,10.981888055801392,3.6054763793945312,2.0077028274536133],[2.5760202407836914,8.026876449584961,1.642848014831543,8.026876449584961,6.297689437866211],[6.391851425170898,0,6.562154769897461,0.7965431213378906,8.5968656539917],[0,3.343332290649414,4.456928253173828,6.681765556335449,8.529759407043457],[2.3022994995117188,3.1853742599487305,5.983206272125244,0,9.068393230438232],[4.791773796081543,8.325571060180664,1.924631118774414,0,1.924631118774414],[10.975845336914062,9.884172439575195,7.876445770263672,0,1.8285350799560547],[4.134305953979492,3.310940742492676,0,9.014128684997559,8.657613277435303],[8.546167373657227,8.511569023132324,9.320352554321289,9.320352554321289,8.546167373657227],[0.6832113265991211,0,4.018072128295898,2.4658203125,4.61684513092041]],"maxrewards":[14.771265983581543,19.79228973388672,7.328769683837891,13.477376937866211,12.226438522338867,16.697006225585938,16.433916091918945,13.537969589233398,16.80572509765625,12.257087707519531,14.633443832397461,14.469902992248535,17.40629005432129,15.804698944091797,12.188100814819336,12.5531005859375,16.259065628051758,12.990724563598633,17.99295997619629,10.943734169006348],"bestoptions":[4,1,3,2,4,0,5,5,5,0,5,4,4,0,1,1,0,4,3,3]}
