{"actions":[[1,4,2,0,2],[4,1,0,2,1],[1,1,1,4,0],[1,4,5,2,0],[1,0,2,4,3],[3,3,1,2,3],[1,4,0,0,0],[1,4,0,1,1],[1,1,1,1,1],[1,4,0,0,0],[1,4,4,4,4],[4,4,4,4,4],[4,1,0,4,5],[4,1,0,2,1],[1,1,1,1,1],[1,4,0,0,0],[1,4,5,0,2],[3,4,1,1,1],[1,4,4,4,5],[1,4,1,1,1],[1,1,1,1,1],[1,4,0,0,0],[1,4,0,1,1],[1,1,1,1,1],[1,4,4,4,4],[4,1,4,5,3],[4,4,4,4,4],[4,1,0,0,0],[4,1,5,4,4],[4,1,4,4,4],[4,1,5,5,5],[4,1,4,4,4],[4,4,4,4,4],[4,1,4,4,4],[4,1,0,2,3],[3,3,3,3,3],[4,1,1,1,1],[3,3,3,3,3],[3,3,3,3,3],[3,1,4,4,4],[4,1,3,4,4],[4,4,4,4,4],[4,1,1,1,1],[4,4,4,4,4],[4,4,4,4,4],[1,4,4,4,4],[4,4,4,4,4],[4,4,4,4,4],[4,1,2,0,0],[1,1,1,1,1],[4,5,5,5,5],[5,5,5,5,5],[0,0,0,0,0],[2,2,2,2,2],[2,4,0,5,3],[4,4,4,4,4],[4,4,4,4,4],[4,0,5,1,2],[4,0,2,3,5],[4,4,4,4,4]],"rewards":[[7.599794411939994,5.781556354199984,6.868759913948997,8.396235706243965,6.7859541697756365],[3.8543172540774147,11.48028162948095,5.157616582308195,5.107744221092024,11.517840557118188],[19.196255664402063,19.032461426034626,19.183603230346645,9.779726144895669,13.671335552279558],[1.990198899968978,3.897020239119491,4.878291394587767,2.6807947904456926,2.0264001962707185],[7.141169640337184,1.9566001847421974,2.3131253972861385,2.486360841720038,7.969625793625985],[11.306720613677296,11.104655344388453,9.549050830997162,5.1009157848124405,11.23023025048084],[7.936074478765905,6.291985195893629,9.927706347418486,9.815315473110607,9.921694982342832],[9.580999292299461,2.541253947400394,2.363772973842538,9.715479355908926,9.524890417503592],[17.56437939341451,17.362365773984244,17.441921874648468,17.43718038762882,17.523680529984325],[6.82301016415156,3.182833193844651,8.004646661020379,8.096920762193735,8.047109158660017],[3.8382418802389737,11.104090755080216,11.115826837693389,11.11346583129989,10.972480511824209],[14.472168363073385,14.432595868045432,14.277589829013525,14.285665264194861,14.34021992870059],[7.914364508360786,7.030349098586656,5.9009511583053085,7.89497606447881,9.570304981440835],[3.0151566367584617,8.847513049086766,3.276829595174338,2.852500556987177,8.979989886893415],[15.738468064191835,15.802603964092244,15.792115959540471,15.793207553589054,15.619205546384666],[7.073069796684987,4.960714131623222,7.972978330591881,7.759887991674422,7.958587136246941],[1.7319939666282202,4.106813641309038,1.5917618820617498,4.331895936733484,4.382564326217615],[8.416935720354282,9.138226011139821,9.022120744940514,8.73623816273019,8.86345210585462],[6.5464124287326015,7.586447332080391,7.451024662300979,7.401730956576481,7.98029345053594],[5.0022505842439,0.8620799399566538,5.129974079028102,5.08637657166118,5.218610319982244],[11.555654507992347,11.692907922513346,11.460747695862104,11.560300018664057,11.490148112736014],[5.038997415718937,3.1665434339791503,5.905590498848314,5.750081645234134,5.944955261584064],[7.147487967562946,0.07357290702937644,0.9856327781027372,6.9119550929973945,7.111678236442848],[11.808237182650469,11.916862454348788,11.772666637473089,11.953444781720515,11.993848356003923],[5.640781804685822,7.7704419146597,7.576938392982535,7.763214112811081,7.794169879826806],[8.162559131914897,3.048830725285938,8.364718639578234,3.345450378878342,2.4159770390631787],[15.938763116544433,16.02326229102397,16.046633230062735,16.216491965479275,15.700010285564337],[1.350346641701421,3.7213812682627263,5.346305003668478,5.175447105253668,5.380643891821923],[4.908232743383889,0.838687619806417,1.1159048867075059,4.764185004941076,4.971048394981005],[6.176905116815958,4.6529697013590985,6.325943999105118,6.134209296737671,6.22501221883941],[4.363261143072708,3.0573832565497,5.761571692806932,5.742481213521427,5.556689437249959],[9.105563955619905,2.191252524664684,8.773449487011275,9.099252873914546,9.15045341610485],[13.573788073264858,13.68860365582144,13.660004248709287,13.644733282049046,13.686599919536844],[7.568532719394984,6.651265187856443,7.6007739077684775,7.9224413813355525,7.603101267291174],[0.5544402228721492,3.451166825926476,1.0402097119176095,0.15809973810611924,4.867323516965211],[12.304541829801177,12.268701799081061,12.196115944892245,12.400235498937823,12.343015069108725],[6.069822894126611,7.600567377612805,7.825554537872896,7.82807451974464,7.864088494947259],[10.111053370601027,10.215958716544852,10.332571276474436,10.425398716856813,10.356107465857846],[16.66589214554239,16.933975327431554,16.893682630768403,16.933942111113808,16.829878179477447],[5.546533887420981,3.2589675383926977,6.625340658759998,6.493400940017399,6.551971155230154],[5.633939278526543,2.460281613497082,1.9213441358715486,5.554805899569322,5.491609478241927],[12.000232844505575,12.235678529593889,12.159845308438037,12.061183463243356,12.041272768279505],[4.472903408139016,6.483700453996668,6.305078437189578,6.535155849574747,6.578181188519871],[9.621383637457276,9.562142286389637,9.531704466344218,9.742797356943088,9.567979700339768],[14.36754736794883,14.455981173354797,14.52044813897892,14.484692698541057,14.35122848107206],[5.400517448110392,7.3817962521758975,7.3611978225188235,7.216151914738084,7.24165160693294],[12.20220423994082,12.164519853072875,11.925490354368788,11.918834029362053,12.015758627556792],[19.021008417391556,19.019136773893855,19.1365438331497,19.14547279434586,19.386624847372147],[2.2925496134317047,3.5527884674219052,3.7052819057622015,5.309950722829057,5.332437229848471],[6.864191358215888,6.932062037459565,7.10738719035109,6.886354765676335,6.876867542242176],[3.6232847472488467,8.76794405052619,8.61559527542757,8.585564817664213,8.74522957267391],[8.526097078296075,8.351852088730094,8.34612256909286,8.385082168238306,8.423643498049367],[9.757515925977032,9.973297537139983,9.843372698415402,9.75060352791571,9.797578443738056],[14.022194842353644,14.20317394720219,14.17623297106647,14.322562541029445,14.189144127802049],[2.5197304451907536,4.7577979858211865,1.9352966112552787,4.915148989803679,3.3920797549455437],[4.274513808703632,4.355828954255318,4.383237388334011,4.5169421112122885,4.371299691656368],[9.226541376618446,9.037696686106273,9.096960086102495,9.161193405498747,9.257573818817145],[3.2103685195543035,5.3051010830454945,1.4536462617147923,4.818164943339039,4.137607878675433],[4.707296892300644,4.412205010941701,4.365746822684356,1.3219009355269171,1.3697558862345829],[7.760880157620465,7.965234695640096,7.9679167785786005,7.914711069203483,7.807940186838714]],"times":[[31128,7566,17617,4516,9256],[5595,2725,2539,2687,3276],[5845,1330,1553,1518,2567],[3790,1452,2264,2232,937],[963,1238,1348,546,755],[1685,577,1012,1500,1168],[1078,792,3724,646,679],[2794,809,906,505,256],[2046,521,1202,310,950],[1260,449,847,470,301],[1403,958,580,427,331],[2759,362,295,169,6],[1375,457,1959,712,346],[1014,701,486,657,279],[855,564,338,405,516],[836,741,1359,411,408],[1721,880,429,492,776],[1568,950,2475,696,645],[890,513,530,326,727],[858,660,801,164,262],[1023,371,102,227,1014],[772,329,801,284,285],[920,572,969,334,312],[699,638,172,70,25],[524,416,194,26,177],[837,456,351,98,710],[848,455,15,249,195],[775,543,846,850,72],[775,267,941,757,19],[2441,752,316,292,265],[657,433,962,206,28],[897,780,209,10,302],[832,398,73,124,955],[1088,599,267,30,154],[1436,336,707,1387,883],[1137,282,31,155,169],[4662,685,355,66,179],[1934,551,261,207,168],[3338,308,53,182,1403],[1034,765,789,282,15],[1105,590,982,316,59],[1642,311,138,825,598],[1792,345,556,221,143],[1427,719,23,157,55],[1206,206,11,164,141],[1689,320,205,37,182],[1447,183,1,4,40],[1315,196,3,144,68],[669,815,824,1387,519],[1921,467,97,63,86],[2491,2051,140,97,88],[747,397,72,31,1153],[1509,509,116,228,425],[2568,229,180,113,211],[1494,848,703,1245,847],[843,231,135,78,53],[1081,603,63,10,49],[989,595,332,120,535],[898,352,708,868,253],[902,68,77,51,35]],