{"actions":[[4,4,5,3,4],[1,0,2,1,1],[4,5,5,5,5],[0,2,3,4,5],[1,5,3,0,0],[2,4,2,3,2],[0,3,5,5,4],[5,2,2,3,2],[0,0,0,0,0],[3,0,5,0,0],[3,5,2,2,2],[2,2,2,2,2],[2,5,1,0,3],[2,0,5,1,4],[2,3,1,2,2],[5,5,5,5,5],[0,3,5,1,4],[5,5,5,0,0],[0,5,0,1,0],[0,0,0,0,0],[0,0,0,0,0],[5,0,5,5,5],[0,5,5,5,5],[1,0,1,1,1],[5,1,0,0,0],[4,5,0,1,1],[5,0,5,5,5],[2,1,5,4,3],[0,5,5,1,1],[2,5,0,5,5],[0,5,3,2,5],[4,5,0,2,5],[4,3,2,0,3],[5,0,3,2,2],[5,0,4,1,3],[2,4,5,5,3],[5,0,3,0,1],[4,0,0,2,3],[2,2,2,2,2],[2,5,0,4,3],[2,5,0,5,5],[5,5,5,5,5],[5,0,4,2,3],[5,0,3,2,2],[2,2,2,2,2],[2,5,3,2,2],[2,0,3,3,3],[3,3,3,3,3],[1,3,5,0,0],[0,3,5,0,2],[0,0,0,0,0],[0,5,3,2,0],[0,2,4,5,5],[2,5,5,5,5],[0,3,2,5,5],[2,5,0,4,1],[0,5,5,5,5],[1,5,0,3,2],[1,0,5,2,2],[2,4,5,0,4]],"rewards":[[3.7927891195805556,3.7251477498891794,4.646115348048837,2.2148175843019136,3.5116682147929628],[9.408881412714255,3.013725507490551,3.321404988875607,9.495728940363847,9.386377233857996],[5.798380792505128,14.64286312334959,14.622832209044667,14.677730654511144,14.729905140274598],[4.524893768685359,6.8918447133384975,7.03507170820654,6.456614848585033,7.168109773504865],[0.22519119232227844,1.075028475752973,0.966245461853401,3.6590361008916954,3.6983349288405645],[10.631032064158267,10.178417626325036,10.379473970779166,8.129783310972776,10.547911468193231],[4.902723778624638,7.16122077387734,8.18596109430955,8.091767990138118,7.546441219847071],[2.1576837580891537,5.968955013134366,5.997819349496837,2.035529716426047,5.934039505690381],[10.981315047194496,10.885360489327867,11.029272423014621,10.958591704440783,10.888630423896712],[3.5527035237731583,5.266532128610826,0.6414240792578147,4.92675321874859,5.268333145331134],[1.960089112824295,2.369042971422811,7.893489459678235,7.945033036345662,7.797024610123963],[12.058464024135723,12.074261771524313,12.034279475936764,12.23348820512699,12.303571304807154],[4.046158214457266,2.195933381353297,4.218168660937669,5.559371938421923,3.9698951568606393],[4.1026215551021705,3.9576753260345847,1.4945510924306984,1.640617077350405,3.8410767642466452],[8.111833330542218,4.030288369222981,5.7318885103946835,8.347764680122516,8.490582094091081],[7.6359979163322125,7.499583594945954,7.65106964702345,7.5284981946653415,7.472722289742935],[5.123140407809609,0.5242264515016355,1.1056591943620353,0,4.1200951360892235],[8.559482751371569,8.549289501030247,8.642054296550523,9.90124306802968,9.832337781663105],[8.009816950968615,3.202701281443461,7.85457139452991,6.975479119167449,7.8538406108154355],[11.187344734912806,11.157984829614573,11.296237523122649,11.238852690580629,11.12086899858754],[19.211849140255488,19.26699170121673,19.180985707986366,19.135448374150588,19.036486719765996],[8.568862389296463,5.501960956473108,8.575198976431084,8.631235901134804,8.577647135528364],[0.9735725964970815,6.358127762456737,6.394067261925403,6.482341827250995,6.438953744333777],[13.311315048791608,6.429141107942187,13.289450181795155,13.254404832030776,13.414051481310914],[2.0678639177874927,6.257829062910137,7.351280171629367,7.218959767821211,7.247833724474355],[0.8376599742932047,6.002123238623518,0.33910912426051265,6.464559078011136,6.406983754633367],[8.074554195591988,7.722154934316113,8.003692715297237,7.956002361329229,8.0102994745572],[2.930414136541627,4.715035720118994,2.266895699425726,3.5978994977804217,2.9661142655731783],[1.2888026554937118,6.427834365619429,6.413505373232477,7.274817042168117,7.321974295199098],[4.5057696143191865,8.549511176180301,6.21815689603996,8.601701519601772,8.645599365707662],[1.8149919916958412,4.996201745554363,4.09422564205805,3.4631115550836507,5.107190050495105],[1.692351107584336,4.218982112360701,1.502362685299053,1.3581802867799946,4.358552048432],[6.968702886954613,8.376728632842898,5.085919105666279,3.596065099346842,8.641869078440983],[2.4523256344190507,5.647840249360278,3.924777415394994,4.394329361960484,4.3104196433407855],[3.9743979242446756,1.190301800045352,0.5998412026289789,2.939922653295408,3.8980652826377984],[5.696750613179223,3.7984385099081144,6.750429710749104,6.853253853637679,7.746261606166368],[0.05872372814204567,5.213579932341256,2.6969958225671915,5.123248855407595,4.265230959908109],[5.117771700328538,5.72672679822728,5.813740845379233,6.628179982434711,1.9289830220834527],[9.735685175911518,9.664898948655507,9.526508553959498,9.712674034547998,9.822488362503195],[2.878938936102211,5.669961877543135,1.455834515017187,4.406258582627141,4.319559503794454],[3.065813985190541,9.249994841624734,3.2069428127250257,9.40107986140298,9.073700516195418],[14.73732217421434,14.817585541395385,14.903929983549864,14.614901490990231,14.695098395747003],[5.918155541730782,1.9138226067935629,4.221467337285835,3.665328857942072,3.892883619986615],[2.6185706978875642,6.6199372482199905,1.5758628909985486,6.733760434118707,6.600350204343488],[10.29808154264391,10.382031813706812,10.504122666672748,10.34327193292434,10.469087586712503],[7.4387156315187175,5.394542964881957,6.4298534654789385,7.704249057417871,7.4183606726083156],[4.650396456433649,3.5922203852560566,10.672420541903623,10.543629068716708,10.66115379452791],[17.211241049232637,17.165807590698567,16.940679397269648,16.943826219988587,16.961359023306912],[7.756376350913487,6.982265924347701,5.932099538368545,8.836263956938458,8.868297168233473],[8.685351040727062,2.8782445416583924,3.044964782269143,8.652287801181972,7.453244402772208],[17.395991834010665,17.39290654970262,17.32179789038958,17.471138305954618,17.384923149901407],[6.938486406557123,4.877790632599236,4.904244539655047,4.976182131643609,6.919007907729463],[2.322475269892772,2.5248994421219106,2.6916000949814682,9.660998893339338,9.788307536148059],[7.417898010154033,14.814111081337833,14.58969604706382,14.673551168114104,14.446845689560858],[4.198566239159668,7.287884835895165,6.4407352255839765,8.927003431333816,8.719996287091638],[0.464582438785958,5.308026212863449,1.1312166848057743,1.4475752713531638,5.216343591532322],[5.2701247089888685,14.034006718551183,13.998911574851059,14.051740226960355,14.041248442374657],[2.156398528282861,5.712022700617094,2.5624123570173367,4.123420139356164,2.5859215435987695],[0,3.4128206401339205,0.333502367127521,4.3903156218701564,4.325290192815614],[6.795330639732618,8.99249880224562,6.154118052235586,6.139796757888885,8.847507467773971]],"times":[[12910,1326,614,929,298],[1981,637,336,344,498],[2236,439,633,395,407],[1202,477,376,369,339],[1727,557,427,214,431],[1636,279,477,17,255],[1918,667,590,442,342],[1748,825,426,412,459],[1654,459,332,301,269],[1009,638,410,399,235],[1940,308,410,317,200],[1002,499,42,149,91],[1111,557,603,292,396],[971,273,61,759,289],[1786,609,441,129,62],[960,757,347,152,295],[1492,435,336,347,446],[809,543,218,643,426],[2261,289,299,266,255],[969,495,176,40,95],[1013,338,231,5,37],[1088,307,116,396,237],[1260,89,205,123,121],[1271,375,154,199,276],[863,127,257,346,233],[945,172,3,105,15],[1234,309,77,406,106],[1227,368,73,93,532],[768,270,490,167,285],[2156,259,559,151,213],[971,143,504,306,238],[1629,140,79,64,27],[1730,652,480,163,241],[994,131,177,116,219],[1190,299,443,305,90],[1190,521,210,502,306],[1064,280,341,458,328],[1803,410,353,420,588],[1967,331,115,44,15],[1761,49,498,500,141],[1815,137,780,225,145],[1013,367,558,49,648],[1204,29,434,456,173],[2359,287,372,458,184],[1026,410,136,93,925],[972,36,422,317,363],[1528,61,327,226,67],[2780,315,115,204,98],[1163,74,79,211,221],[2673,465,180,170,119],[859,350,144,147,57],[1592,215,580,296,354],[1078,89,8,524,286],[1485,452,282,157,30],[1355,180,14,646,236],[1485,355,15,614,238],[1351,658,303,85,179],[1239,78,161,520,452],[1834,208,678,270,105],[1594,354,279,415,217]],