{"actions":[[0,1,2,3,4],[5,4,3,2,2],[2,2,2,2,2],[0,0,0,4,3],[1,1,1,1,1],[2,1,1,1,1],[2,3,1,4,5],[0,5,5,5,5],[0,0,0,0,0],[1,2,3,4,4],[0,1,2,4,3],[1,1,1,1,1],[2,3,1,4,5],[5,5,5,5,5],[0,0,0,0,0],[5,5,1,0,4],[2,1,1,4,5],[0,1,1,1,1],[1,2,3,3,3],[3,1,2,2,2],[2,2,2,2,2],[2,3,0,1,5],[5,0,0,0,0],[0,0,0,0,0],[5,0,1,2,3],[4,3,2,1,0],[0,0,0,0,4],[0,0,0,0,0],[0,5,5,5,5],[0,0,0,0,0],[0,5,0,0,0],[0,0,0,0,0],[0,0,0,0,0],[5,0,5,5,5],[5,0,2,1,3],[0,0,0,0,0],[0,5,1,2,3],[0,1,2,3,5],[5,5,0,5,0],[0,0,5,0,1],[0,0,1,2,3],[0,0,0,0,0],[0,5,5,5,5],[5,0,1,2,3],[5,5,5,5,5],[0,5,0,1,2],[1,0,0,0,0],[0,0,0,0,0],[0,5,5,3,2],[0,1,1,1,1],[1,1,1,1,1],[0,1,3,4,5],[0,1,2,3,4],[4,4,0,0,0],[0,1,2,3,4],[5,4,3,2,1],[2,4,4,4,4],[0,0,0,0,0],[0,5,5,5,5],[0,5,5,5,5]],"rewards":[[2.223581386521491,2.5180803346606795,3.732711902811884,4.56688062729445,5.558541943681948],[0.5474328753582678,7.987621945859775,1.095662125135219,7.815895120685824,7.76775141165146],[11.362143776506635,11.676446148682981,11.488867038820898,11.664545551134944,11.491040294514411],[6.019884327147791,5.933025037470649,5.930072276265161,4.249619404213117,4.583912974789191],[7.504549251741299,7.493675295728256,7.678826872004891,7.485375062824405,7.357927165459984],[6.780165443180139,13.271113598606451,13.132136231758537,13.230385709920306,13.271085717453952],[3.6836438972811396,2.1156774264918776,2.9029676724590674,1.9526792508770576,1.6246733997404854],[3.8998754877956383,9.758706005072042,9.581651643304651,9.796377321951903,9.940821896099685],[8.259589589359916,8.35633904965306,8.499972077202857,8.526500713439194,8.456188338151499],[6.244036764451253,6.678191008025147,6.608421593809037,7.091205731230631,7.082479855968436],[3.3087254744627503,7.56884250598336,3.9125502969038757,2.0710711191422617,7.501080734103666],[13.882067959162926,13.848505586559762,13.954227094077098,13.674753093664773,13.864835109100772],[3.128029437564092,3.1228194367090873,3.0152963480072437,4.0588681704841765,5.241203966265734],[9.46194837842308,9.37820757661832,9.414476739604542,9.447454106218503,9.442264358710158],[7.878904533612364,8.155035719272455,8.10603839741754,8.076081685199012,8.097243334410042],[5.342544460225592,5.310462610477271,2.7736088037157876,2.0936161417902706,4.200082716411836],[0.5168785197179478,5.684258292165154,5.621478345540991,0.40399374995142745,5.38184099419776],[2.829667651433109,8.323483116166582,8.337118456490643,8.254777847434678,8.315360376237088],[6.178899914814111,6.720316431172174,7.142573369335606,7.19245247074651,6.954032152906599],[3.6094236229116374,4.423335801024732,11.850622111234543,11.588969785535147,11.800338269936725],[18.479284539578906,18.417754667909378,18.4329976413688,18.440569404525046,18.542236889625908],[4.074944984910025,3.7106073560890342,1.875902966107057,2.5107195603502936,4.667503975377768],[3.201498650689955,9.366468884945686,9.23177029127158,9.135205864009862,9.450062044275917],[11.215267832948369,11.17942389115724,11.009862130389312,11.182207955701669,11.050741753094504],[1.462785615512717,3.897376712730122,3.4900997068833353,3.6063789471826326,3.4164320351454696],[6.239328268822708,1.8174650541184372,6.259888286877869,1.4667561024872116,6.031752566864073],[9.781879730082245,9.977215117347896,9.8277363939196,9.881170222068056,8.077092906298251],[8.0812973848366,8.062389589100745,7.885677114631275,7.881980271225064,7.945191178946067],[4.074493576257699,11.139732922447338,11.078619176011646,11.261863115166719,11.06311193322696],[12.110433559701264,12.237545733104092,12.188466280228718,12.0990434141549,12.173520540562262],[7.378594069576822,6.163323083294117,7.310763257064161,7.21460094779575,7.396654477361893],[11.31463486375738,11.420101935998774,11.211924762410757,11.297169247848325,11.17811483137004],[18.435930653737742,18.565674080400257,18.604572468076498,18.459252815668076,18.324636424353102],[8.946448764230487,6.422081214927662,8.900577919809308,8.995971306116044,9.03819026381954],[1.318701204477967,6.832873596132594,6.4101464296554775,0.6885986929808262,0.8493707991299497],[12.96637479627623,13.176788896189322,13.013976946516042,13.251343655934809,13.128793705654058],[5.792439004905518,2.7659558469723065,5.874657986642968,4.485399520962545,3.9022766540145315],[1.287453321243284,2.942775734387428,1.1761287193502528,3.913586502941054,4.222599146763794],[6.744327693532363,6.567758440521694,6.777743189317739,6.7314270702838686,6.880917210203879],[5.380873991456436,5.6003580199524645,1.5080110593213192,5.275887641914064,4.905236165382207],[4.260136933660989,4.313333343203347,2.9983064835270765,4.39012476925219,1.4595987116949187],[9.670146271837693,9.692708685151755,9.797497880726244,9.871568085408068,9.990328698416674],[2.826283620907078,7.796155293532707,7.8265342245784915,8.00617423797034,7.696292008576503],[4.596639543599686,1.7059009721640623,4.6775955201277375,1.2566234232912987,5.014663117029037],[12.575875378281951,12.278141889147172,12.418066050299123,12.373136120962123,12.382512761539942],[5.040808443710382,0.8122714339184282,4.955487008544769,5.151016624413512,3.7569682082315694],[1.5162661155969464,4.40424156111755,4.439993545290292,4.328515910580363,4.497043045397392],[9.421520399132852,9.631597714571308,9.433048169111634,9.385781805248891,9.550456469095684],[1.867339529552983,4.29229588654601,4.250069513939487,4.183763751277389,3.3384949237058597],[1.625414544699512,8.740725434925244,8.747782634751895,8.642704933950121,8.724072657510662],[9.687841422298492,9.844977527564396,9.82273177569121,9.887421557711468,9.803568932967574],[9.263975427278403,9.101405704649366,6.1821292053552845,5.912206120524188,5.758546187421788],[7.809935383833615,4.214522266618669,7.613264156658428,3.6525940416146176,7.730266608777587],[13.452667401733706,13.36861445215326,17.180253367316297,17.13446357648302,17.23033973948985],[0.7477176814593486,1.3876630176179143,1.4676027499865023,2.812694977578896,3.947936477122875],[0.9390971257198231,5.416795613831686,1.0904831949061675,5.465601847026506,2.1797368461670237],[7.021889576450769,9.295400969508075,9.483886124812193,9.41459552151175,9.261983193054977],[9.177599047632981,9.23521569920271,8.985289149479026,9.059314221036987,9.290443362468759],[3.150427259819175,8.899157750484513,8.974817946174717,9.027744234133387,9.041387141619495],[12.180744342043303,14.355566032479137,14.32456138870646,14.131221649787253,14.41688303141002]],"times":[[7882,595,1133,139,638],[1556,795,977,92,424],[3138,656,211,302,1089],[3132,408,82,716,742],[2307,338,156,99,84],[529,688,231,229,63],[2009,651,547,592,125],[1610,482,196,67,41],[11790,157,96,281,134],[1598,132,631,93,180],[1599,175,162,144,50],[469,152,41,160,193],[741,371,434,196,494],[966,208,27,20,36],[1166,42,3,165,116],[821,114,978,406,690],[823,307,155,609,379],[1166,51,34,104,80],[1682,1310,592,15,14],[655,955,147,190,33],[471,141,3,120,132],[286,683,80,23,241],[382,815,99,71,29],[466,18,19,118,280],[1528,197,304,253,492],[938,970,971,423,423],[313,152,52,66,104],[3414,121,111,53,57],[242,523,128,126,128],[782,242,140,88,52],[4032,334,36,77,29],[439,108,138,61,49],[290,72,30,133,62],[879,44,122,4,137],[193,413,1068,395,166],[710,120,42,118,12],[892,39,842,108,571],[633,390,255,471,452],[210,162,88,209,113],[1377,145,365,164,214],[167,244,43,76,733],[228,49,97,222,88],[453,154,116,470,33],[725,898,140,529,318],[831,35,75,195,247],[1056,87,204,276,170],[237,110,102,4,813],[149,100,152,7,257],[342,167,86,819,683],[325,206,201,301,108],[283,30,151,141,80],[781,1093,593,274,403],[774,245,1276,651,738],[877,66,780,46,57],[920,308,344,1028,310],[612,181,1460,375,19],[631,530,9,123,5119],[1366,212,40,286,168],[289,607,10,7,112],[276,98,116,117,135]],