{"actions":[[1,2,3,0,2],[5,1,2,0,3],[0,1,2,3,4],[5,4,3,2,1],[0,1,2,3,5],[0,2,3,4,5],[1,5,4,3,0],[1,2,0,5,4],[3,1,0,5,4],[2,1,0,3,4],[5,4,3,1,2],[2,0,5,4,3],[0,0,1,1,1],[1,4,4,4,4],[5,5,5,4,4],[2,2,1,1,1],[0,1,1,1,1],[2,4,4,4,4],[5,4,3,1,2],[0,1,2,3,4]],"rewards":[[5.4966547685304175,13.05752623726268,7.555282535695972,12.652541856477033,13.29803513178295],[9.633875143329497,5.89291607271509,4.184978818673565,1.0904699247817464,8.159165530072734],[6.37980762985211,11.325692764421776,9.087200662425381,13.722719138874007,8.602165158314266],[10.384764422682709,4.451884261402554,9.945261850707189,2.9482136763329985,8.115385154970852],[18.01548394843539,8.520971203266965,16.86400209528771,8.047861391901304,4.99982084442826],[7.969352838959767,10.990755782618187,6.822908213689342,12.296208043002041,8.58108241036054],[8.550152173894796,6.995132300673022,14.715434083574806,9.30841343739072,15.73565568232477],[12.248305640341847,3.065727571598354,6.147148669891711,9.16216578100374,1.631785958107663],[5.1381125362136,7.221012877560817,12.047972657379487,3.050945817656258,8.626644748110627],[9.861323572954168,14.888866035654903,11.097667597720895,13.45824099788427,6.1408952128231205],[11.69037242179035,4.096539444412971,12.141119084210377,14.267203909199889,6.616409695025314],[12.30996863576112,11.00771647599699,8.46467075045972,13.744273040129544,8.77858269459357],[7.864312919351202,7.915845853340674,12.603262832485948,12.587432212841417,12.450116349600108],[6.808580428835759,10.934607550082697,10.974307270943745,10.950934581102224,10.98958166784765],[8.994257165834153,9.041232692782145,8.910652262718965,13.531355010596583,13.700811242495295],[8.431533572055326,8.376078903774859,11.454151626865114,11.601442245156097,11.486253757169136],[9.386174337082268,13.553458760726862,13.661643436888985,13.753727794941009,13.762225150680717],[9.366418904023469,10.392857876811563,10.464150952081708,10.509781333142419,10.333359365922327],[3.0486534189034855,6.276319863014698,4.835963240544189,5.576652759769025,7.103315244247669],[6.633082305521968,3.3857722181739,8.360941378395102,5.146336853959727,9.282859005497889]],"times":[[9659,8360,2858,1193,691],[1632,475,1089,208,224],[631,338,472,384,353],[922,171,238,970,537],[606,392,304,361,647],[382,325,583,338,591],[678,1836,186,333,298],[588,328,266,498,176],[402,386,342,230,240],[433,412,469,409,477],[481,875,534,361,506],[10216,870,620,342,898],[1899,1,356,454,432],[546,413,358,300,718],[379,83,495,264,256],[1121,3,384,666,84],[404,446,84,4,33],[597,276,219,78,185],[380,205,85,148,369],[268,322,571,99,55]],"condition":[["poseven"],["posodd"],["posodd"],["posodd"],["negeven"],["poseven"],["negeven"],["negodd"],["negeven"],["negodd"],["negodd"],["poseven"],["negodd"],["negeven"],["poseven"],["posodd"],["negodd"],["posodd"],["negeven"],["poseven"]],"envs":["envs/add/poseven/poseven2.json","envs/add/posodd/posodd24.json","envs/add/posodd/posodd0.json","envs/add/posodd/posodd75.json","envs/add/negeven/negeven67.json","envs/add/poseven/poseven55.json","envs/add/negeven/negeven88.json","envs/add/negodd/negodd25.json","envs/add/negeven/negeven48.json","envs/add/negodd/negodd66.json","envs/add/negodd/negodd99.json","envs/add/poseven/poseven63.json","envs/add/negodd/negodd51.json","envs/add/negeven/negeven61.json","envs/add/poseven/poseven65.json","envs/add/posodd/posodd68.json","envs/add/negodd/negodd7.json","envs/add/posodd/posodd86.json","envs/add/negeven/negeven94.json","envs/add/poseven/poseven6.json"],"money":"3.81","age":20,"gender":0,"hand":0,"experiment":"noncompositional","instcounter":1,"subjectID":"61001116aeb38739ac98471b","studyID":"6168186185dddf5426605411","eval":[["negodd"],["posodd"],["negeven"],["poseven"]],"regrets":[[10.014381408691406,2.17714786529541,8.12332820892334,2.892828941345215,2.17714786529541],[0,3.902039051055908,5.429075717926025,8.7543825507164,1.705348014831543],[7.407693862915039,2.3591346740722656,4.743781089782715,0,5.068769454956055],[0,6.074850559234619,0.4349193572998047,7.421969652175903,2.2965736389160156],[0,9.467825889587402,0.9426212310791016,10.005172729492188,12.748158931732178],[4.29633092880249,1.2547054290771484,5.495063781738281,0,3.7004966735839844],[7.125804901123047,8.645469665527344,1.1255836486816406,6.189811706542969,0],[0,9.068393230438232,5.983206272125244,3.1853742599487305,10.413636207580566],[7.075087547302246,4.954359531402588,0,9.170716285705566,3.4423046112060547],[5.06102180480957,0,3.8583192825317383,1.5171222686767578,8.645587921142578],[2.7512760162353516,10.23070764541626,2.1133556365966797,0,7.5291972160339355],[1.5541343688964844,2.741424560546875,5.17557430267334,0,5.202068328857422],[4.791773796081543,4.791773796081543,0,0,0],[6.947794437408447,2.8214378356933594,2.8214378356933594,2.8214378356933594,2.8214378356933594],[4.768852233886719,4.768852233886719,4.768852233886719,0.05614948272705078,0.05614948272705078],[4.376609802246094,4.376609802246094,1.2278985977172852,1.2278985977172852,1.2278985977172852],[4.817554473876953,0.3628387451171875,0.3628387451171875,0.3628387451171875,0.3628387451171875],[6.162595748901367,5.246642112731934,5.246642112731934,5.246642112731934,5.246642112731934],[5.467140197753906,2.3067641258239746,3.7364282608032227,2.897736072540283,1.4060754776000977],[2.5757064819335938,5.745622634887695,0.9627676010131836,3.9291939735412598,0]],"maxrewards":[15.4818115234375,9.736870765686035,13.762589454650879,10.447568893432617,17.950870513916016,12.226438522338867,15.658353805541992,12.188100814819336,12.14651870727539,14.848255157470703,14.231685638427734,13.751716613769531,12.5531005859375,13.835494995117188,13.700996398925781,12.770966529846191,13.998590469360352,15.666585922241211,8.487170219421387,9.169220924377441],"bestoptions":[4,5,3,5,0,4,0,1,0,1,1,4,1,0,2,5,3,3,0,4]}
