{"actions":[[0,1,1,2,3],[5,4,3,2,1],[5,5,5,5,5],[3,4,5,1,2],[5,0,4,1,3],[5,0,4,3,2],[0,1,2,3,4],[5,4,3,2,1],[0,2,3,5,1],[5,0,4,1,3],[5,5,5,5,5],[0,2,3,5,4],[0,1,2,3,4],[5,4,3,2,1],[0,2,3,5,0],[0,1,2,3,4],[0,5,3,2,4],[0,1,2,3,4],[5,4,3,2,1],[0,2,3,5,1]],"rewards":[[7.2459448509658255,10.240086514576987,10.055103574122628,4.836820610520806,9.505216861542886],[4.811686173394683,10.932524409421127,5.289005286101542,12.327425748778817,6.976775767035904],[13.881081908355224,13.875046416251466,13.650856091008649,13.67201323043423,13.71804617553952],[11.836211866932496,19.19290969968479,13.419107177197438,10.238405664730097,17.89038462892191],[2.704200659416408,9.35391003241,7.015396763143756,5.395608447863594,3.137175707639233],[14.50850893405124,5.81249217802624,8.520175672175569,15.270280789321093,7.105929137991865],[20.515371181161576,12.408288657441393,18.317713505402434,11.453354508677526,17.59546491228145],[7.058956623910916,5.6199659180480035,9.80883244684535,7.014400542353553,10.434677889517076],[7.386087983023994,7.678900666324693,12.482877397915084,13.909817648894695,11.82566820035738],[8.28453416539988,17.63993475153,12.727865225114856,10.79387749916103,8.295354629525491],[10.328307036669894,10.083172263613504,10.207892453008096,10.015490813565968,10.155987656273604],[8.231538153432865,8.949108605520923,8.492049308045443,7.001574549616047,11.46226696203557],[8.483580038604016,3.556273678824195,10.490728419178938,5.543273009385181,11.332731310432276],[10.16130078461958,5.929317661295549,12.015665815746626,7.6433928064487375,15.133270104259811],[7.114473534994315,5.710841292822849,11.717641545022577,8.52997747275617,6.971500903111171],[8.188946278108162,12.544470640902986,5.929705224586724,12.909526841795405,7.9804805911472485],[6.0009221177288845,6.932315949872229,8.985002238224054,5.185179897311948,3.443221260528178],[7.788332366226824,14.489555901197122,10.067388783385889,15.421892946680018,11.097807437622734],[1.9227508180145028,7.897759123764201,4.185228526202065,8.676948714505764,5.297611231161347],[12.520921118640615,14.589733410016931,8.272219475688262,10.86244922293412,8.743582918106451]],"times":[[4737,359,646,331,166],[971,119,139,110,93],[702,35,85,79,77],[529,144,140,177,404],[579,77,51,73,132],[638,69,42,524,159],[904,348,57,19,544],[597,5,28,132,465],[722,67,35,21,385],[785,101,4,5,43],[455,383,241,206,254],[406,118,92,44,152],[475,395,115,93,85],[400,229,89,165,102],[373,39,20,8,438],[432,207,187,4,31],[411,71,33,115,419],[433,72,141,112,113],[554,89,80,62,26],[395,114,153,104,106]],"condition":[["negodd"],["negeven"],["posodd"],["poseven"],["negeven"],["posodd"],["negeven"],["negodd"],["posodd"],["negeven"],["poseven"],["poseven"],["poseven"],["negodd"],["negodd"],["posodd"],["negodd"],["posodd"],["negeven"],["poseven"]],"envs":["envs/add/negodd/negodd89.json","envs/add/negeven/negeven61.json","envs/add/posodd/posodd66.json","envs/add/poseven/poseven43.json","envs/add/negeven/negeven17.json","envs/add/posodd/posodd96.json","envs/add/negeven/negeven82.json","envs/add/negodd/negodd34.json","envs/add/posodd/posodd92.json","envs/add/negeven/negeven53.json","envs/add/poseven/poseven5.json","envs/add/poseven/poseven11.json","envs/add/poseven/poseven36.json","envs/add/negodd/negodd26.json","envs/add/negodd/negodd87.json","envs/add/posodd/posodd78.json","envs/add/negodd/negodd67.json","envs/add/posodd/posodd73.json","envs/add/negeven/negeven3.json","envs/add/poseven/poseven90.json"],"money":"3.85","age":20,"gender":0,"hand":0,"experiment":"noncompositional","instcounter":0,"subjectID":"61004d4da8dc11ec96251f47","studyID":"6168186185dddf5426605411","eval":[["negodd"],["posodd"],["negeven"],["poseven"]],"regrets":[[3.043243408203125,0,0,5.507673740386963,0.6592168807983398],[9.05769968032837,2.8214378356933594,8.661718368530273,1.7084903717041016,6.947794437408447],[0,0,0,0,0],[7.330789566040039,0,5.826650619506836,8.937488555908203,1.205322265625],[6.231846332550049,0,2.2143259048461914,3.6319808959960938,5.76759672164917],[0.7132129669189453,9.469807147979736,6.892848968505859,0,8.311294555664062],[0,8.209407806396484,2.146585464477539,9.038496971130371,2.867124557495117],[3.2556238174438477,4.729120254516602,0.34150123596191406,3.385788917541504,0],[6.623231887817383,6.046523571014404,1.356062889099121,0,1.981328010559082],[9.561884880065918,0,5.22015380859375,7.157408714294434,9.74664306640625],[2.94608211517334,2.94608211517334,2.94608211517334,2.94608211517334,2.94608211517334],[3.0610198974609375,2.412046432495117,2.9390316009521484,4.157103061676025,0],[2.8235692977905273,7.7282280921936035,0.9612960815429688,5.917581558227539,0],[4.749947547912598,9.272758483886719,3.142725944519043,7.216376781463623,0],[4.9650492668151855,6.3446574211120605,0.31621360778808594,3.3852195739746094,4.9650492668151855],[6.5901641845703125,2.0209436416625977,8.682013034820557,1.9180994033813477,6.617321014404297],[4.438443183898926,3.7938756942749023,1.6686086654663086,5.184544086456299,7.159524440765381],[8.314362525939941,1.423013687133789,5.908317565917969,0.4472188949584961,4.913944244384766],[9.646032571792603,3.809647560119629,7.350471496582031,2.9892406463623047,6.4088897705078125],[3.441194534301758,1.3418655395507812,7.696770668029785,5.020279884338379,7.276250839233398]],"maxrewards":[10.184636116027832,13.835494995117188,13.786097526550293,19.193607330322266,9.111248016357422,15.352819442749023,20.471792221069336,10.340132713317871,13.91730785369873,17.877769470214844,13.071096420288086,11.310850143432617,11.372383117675781,15.052048683166504,12.03335952758789,14.668550491333008,10.56743049621582,15.942695617675781,11.649911880493164,15.962085723876953],"bestoptions":[1,0,5,4,0,3,0,1,5,0,4,4,4,1,1,5,1,5,0,4]}
