{"actions":[[4,1,1,1,1],[0,5,4,5,3],[4,2,2,4,3],[1,3,5,4,5],[0,5,2,3,5],[5,5,5,0,5],[3,2,1,1,4],[4,4,4,4,4],[4,4,4,5,4],[0,5,0,1,0],[5,4,5,2,5],[5,0,5,5,5],[1,3,1,1,1],[4,4,5,3,4],[4,1,4,4,4],[3,5,4,1,0],[5,0,0,0,0],[0,0,0,0,0],[0,5,3,1,5],[0,5,5,2,4],[5,5,1,5,5],[3,4,5,0,0],[0,5,5,5,5],[5,5,5,0,5],[2,3,4,5,0],[5,5,5,5,5],[5,5,5,0,5],[3,4,2,1,0],[0,5,5,5,5],[5,1,1,1,1],[2,3,4,5,0],[0,5,3,1,5],[5,2,4,5,5],[3,5,0,1,0],[5,0,1,0,0],[0,0,0,2,0],[1,0,5,3,5],[0,5,5,5,4],[5,5,4,5,2],[1,5,3,5,5],[0,5,2,4,5],[5,5,5,5,5],[4,5,5,4,5],[5,0,0,0,0],[0,0,0,0,0],[0,5,5,5,5],[0,5,5,5,5],[5,5,0,5,3],[1,5,0,0,0],[5,0,1,3,3],[3,4,3,3,3],[0,5,1,0,0],[0,5,0,0,0],[0,0,0,0,3],[1,5,0,3,0],[0,5,3,2,3],[3,5,3,3,4],[0,5,5,5,5],[5,0,0,0,0],[0,5,0,0,0]],"rewards":[[4.6995162106861805,8.020009917003032,8.101447623895332,8.171926830074732,8.093608733518474],[0.3442184020909509,6.391930198893078,0.4972985019880395,6.273857862737473,6.0572404057374705],[5.346645533503532,7.5636956532585735,7.690643657175834,5.447328221622412,12.445972160584956],[1.9950456159004095,4.322518168988155,5.563613010805683,4.456106363802046,5.6544730985191505],[1.1917844644106084,4.479246861544634,1.0554166776534282,3.2528097129497584,4.3375552387504825],[10.131372021313958,9.926849677571063,9.934436501598185,3.15539080193819,9.987841381033839],[5.068584500412645,5.5342967143112896,6.41619364886029,6.486667025086764,4.6734123329971675],[9.510449202520007,9.690556892319348,9.702898956308054,9.743394496385282,9.687803470231403],[14.439310177980417,14.250835720892741,14.352599693998721,6.961295355932581,14.298249006348009],[6.959269347000433,4.491989585661845,7.007707338648155,5.989177136548046,7.065211366293358],[5.114558087495392,0.22045340889141574,5.133027629159912,1.07153764651668,5.055855706428885],[9.59462510590772,6.930517284021649,9.677295006352393,9.61384356211381,9.531861158642885],[7.619503879848972,7.100631693110871,7.691441991682721,7.760519360570755,7.6845451158400895],[8.461849577139612,8.398771211036737,3.0984357670589255,3.0657368368702134,8.326596697296425],[14.205627827136524,10.67320632629653,14.261633637294937,14.290384523227265,14.118764628925486],[3.451632382584631,1.9794202820379454,3.1939326072295935,4.552376849138778,6.518768945760718],[4.261365048196477,10.707641780108663,10.562161091488,10.55784941799521,10.46296390229419],[17.19042223962653,17.163893142571105,17.28249355204681,17.253980569466453,17.179863489892494],[1.5547641066002313,4.475471761807859,3.366268199454785,2.9654726104420672,4.325346215968593],[0.31229506354481523,5.200878219011413,5.111713997766804,0.9713412647058636,0.47399365585488434],[9.456684214778294,9.406891176186921,8.329373075662117,9.539981501009176,9.490635626351871],[2.7296724583238086,2.4715135396607524,1.1820655662862432,4.364536041004514,4.320154666082599],[5.753676805132231,12.41752569703529,12.394083641297286,12.398786661468062,12.373171980959881],[13.444946095108936,13.48251977851371,13.49361104746495,10.359328324141817,13.379301265904262],[2.487297964889582,3.7608740832475247,3.674032787277879,4.249888798978313,0.5186875390529972],[9.512358050731336,9.720557306079266,9.585429915214885,9.51053499730641,9.519669709149522],[14.021057119592788,14.047117442789279,13.934836503528139,3.022677212556491,13.986406789784503],[3.815887239117227,3.5702150421438525,4.4586024992636535,4.669919298261981,5.267082296209535],[1.447521883144185,7.098196181316733,7.2459520037188305,7.350764608239159,7.413466960346514],[8.666292127841393,12.137699318126428,12.1429935414866,11.960647190261277,12.038036115746738],[7.392574046268543,6.4947230328909935,6.159556164032379,3.938088514026317,8.503911452759812],[0.8939666292998157,5.192973623995376,4.754704059681996,4.172177574486242,5.076828002099435],[9.29052085382323,8.459038948585217,6.272820011504602,9.281553250373019,9.155018563214892],[3.0724161749817642,1.3883829928947584,6.56729943167419,5.433373982980089,6.61895248175424],[0,7.157229448831206,0.1297620215290349,7.111325659802167,7.193600381780242],[13.61491358286895,13.831102364756001,13.772309653904799,11.738431662547802,13.550132031428452],[2.2276139958327414,3.4054377386878105,5.5828478659653475,3.842029768863111,5.486148345138195],[4.357647030946626,7.947827814721,8.205552560805085,7.831511119298689,3.084866673006196],[13.721202509327913,13.599089849581175,7.7424882238812645,13.492607494439072,6.4751921414117595],[6.5048091413034586,7.869664851170816,7.296126575042462,7.986151302432151,7.873753631965948],[1.3058446413488842,4.859638323278263,1.8890465686417,0.8399794115613668,4.889033201736287],[12.859728970900282,12.657052437850615,12.715910314803669,12.69071303774919,12.89724948266708],[6.078072026091371,6.363115888746864,6.106761376950831,5.763683272701112,6.2124306622263274],[3.370580847094823,12.041921607364024,12.077111701099234,11.909201607532081,12.020641595467556],[21.647639203321166,21.670532802312486,21.544504779416254,21.502211492541814,21.657239244078553],[2.6295236807657574,8.197030277857605,7.984228115271268,8.328883348413493,8.204313172761706],[3.4349117415661587,9.706194751642276,9.626270860431807,9.51766236645109,9.69860631177782],[17.92022105694379,18.036654892678943,5.919300793848028,18.101117088569953,16.733539863574055],[6.242096766325971,3.4918911852733903,7.737740923986894,7.892183828220085,7.727428311512499],[3.9072469406730335,2.2130283481603774,4.005933976300079,5.346860719712994,5.1910879410488455],[10.14565863522933,5.634201099834184,10.140685759475744,9.974166691202566,9.984130977734303],[7.5877075495210695,2.3736701615072375,6.191102038075488,7.743594503436651,7.709009179645216],[9.52871277626792,3.4404947896125653,9.407283422155611,9.363054122980744,9.365527956523895],[16.965519627298075,16.902624597363086,16.862626968192878,16.95337385418884,8.069144023654593],[5.258014330550906,1.8321050787584308,5.736129604282604,4.069880015414533,5.890716887371208],[1.773052324456912,5.1542210149008945,5.816809684757447,1.5547177021856744,5.741048707787704],[9.626697757345466,7.1191293142454635,9.575770172876611,9.56593820185674,5.133686726743486],[4.887246339019806,9.492345293865124,9.295402761482416,9.538200471386041,9.301510291916061],[1.7591414044193638,7.040597478247382,7.223692674853224,7.053792155435586,7.147813907124965],[11.89229814112404,11.048151579107422,11.88682568750509,11.894226789276,12.042904476531819]],"times":[[20330,242,2703,714,1078],[2380,599,766,568,703],[4071,5664,966,2997,1039],[4972,1257,1838,493,497],[2766,890,1142,749,441],[1155,518,812,1194,366],[2125,666,1067,676,646],[1916,568,281,249,588],[904,484,277,473,185],[2801,1279,1244,343,215],[1155,650,97,2119,1264],[787,724,493,684,427],[2083,986,787,305,191],[2517,318,936,543,3878],[654,1117,519,472,302],[1472,400,254,772,1061],[1444,277,375,233,298],[423,459,176,161,94],[876,187,4255,824,490],[2347,56,444,1008,1523],[406,312,560,277,262],[2697,290,287,602,307],[660,188,242,164,237],[822,282,248,341,284],[1115,671,237,200,942],[1441,257,541,138,206],[963,250,242,105,132],[1892,105,898,312,796],[1428,277,505,199,121],[637,1008,374,298,608],[2904,383,107,159,679],[338,326,917,636,105],[356,126,923,280,140],[2412,292,295,777,616],[932,176,626,587,42],[635,467,343,209,503],[1737,747,293,593,919],[2319,301,3799,315,1683],[1272,307,214,778,1004],[1724,383,2509,616,949],[2019,307,1786,866,222],[462,348,351,276,224],[2466,1215,523,392,312],[669,763,300,279,233],[952,496,345,401,273],[738,179,254,250,299],[961,219,267,292,977],[1083,41,594,583,391],[2983,332,327,275,316],[1088,322,2640,671,340],[699,326,96,363,350],[2040,296,366,139,77],[1142,867,438,253,271],[2282,205,132,107,1179],[1873,296,107,1044,184],[320,118,956,1008,37],[721,326,78,370,323],[1464,143,272,312,301],[1124,511,436,256,265],[363,1015,462,257,262]],