{"actions":[[0,1,2,3,4],[0,2,3,4,0],[0,2,4,0,2],[5,0,4,3,5],[0,1,4,0,2],[2,4,0,4,5],[0,1,3,5,2],[5,3,0,2,4],[0,2,4,1,2],[2,0,5,1,3],[0,5,4,1,3],[1,3,5,4,1],[0,1,2,5,4],[0,2,4,0,2],[0,2,0,2,0],[0,2,1,0,1],[1,3,5,0,1],[1,4,3,1,1],[1,0,5,4,5],[5,4,5,0,5],[5,3,5,5,5],[5,4,3,2,1],[5,0,3,2,1],[5,3,5,5,5],[5,3,4,5,5],[0,5,4,5,5],[5,3,5,5,5],[5,3,1,0,1],[0,1,3,1,1],[1,1,3,5,1],[1,3,5,0,1],[0,1,1,1,3],[1,1,1,1,1],[1,0,5,4,5],[5,1,0,4,3],[4,5,4,4,2],[2,5,4,0,2],[0,4,5,0,2],[0,2,4,0,0],[0,2,4,5,5],[5,4,2,0,2],[2,4,4,4,4],[4,2,5,3,4],[3,5,1,0,0],[0,2,3,0,5],[0,1,2,3,4],[0,2,1,3,5],[1,0,3,1,1],[1,0,2,3,4],[5,4,2,0,4],[4,4,4,4,4],[5,4,0,1,0],[0,2,4,5,0],[2,0,4,2,0],[0,5,1,4,3],[5,3,4,5,3],[1,3,5,3,5],[0,1,2,3,4],[3,5,4,3,3],[3,5,3,1,0]],"rewards":[[5.208212938714256,3.8247424355452724,3.3750579983229856,3.7003643119706,1.4115029045392755],[4.444273782660096,6.149809466445938,1.5284889949947453,4.8839818356459705,4.288097387069818],[9.39804804357626,9.61580775420682,6.284525330351658,9.417473492855159,9.551760503038007],[5.875764863670621,2.7619805995424733,5.1560033000531265,3.9957060800570456,5.5289573690897065],[3.4247362716185483,0,3.879982918075799,3.454538013609684,4.3096810539126755],[7.021185447492658,9.041247633723723,6.164616423208288,8.949267061260597,6.098165855010334],[6.153100737125289,4.987423734694297,4.579145254896676,3.0599222706898885,4.191278977590989],[4.240203152550019,3.7075037769178962,9.123014602773807,9.703498777796362,9.68044725348094],[15.612438578507422,14.099157768468764,13.766417631057097,8.485766739749268,14.167922758196532],[3.0213156334916302,1.39924723892327,4.370400451462215,1.6456064779003838,3.2683551065332916],[0.45407404961566644,4.128558670545173,0.4645942249822515,5.056233651754651,4.665588393426606],[6.751001500018392,8.078183716332692,8.864196407516491,3.9990490701165564,6.799147140301999],[5.772892612931948,5.818458329347859,6.635563093129602,8.799304423105458,8.566686715162895],[9.15666894805582,8.722785302930276,8.695012490757499,9.079404930579669,8.679985499028856],[14.629132071736837,15.409356670443422,14.68499477212742,15.654029506103413,14.82857153840952],[6.596532974536104,3.9427815299361977,5.885123857295896,6.594731349334485,5.858153162353618],[10.20176285679048,9.752819059896808,9.344709326686548,3.8600124168186665,10.13281508298583],[16.1463908549467,5.482519052894794,13.840470945908567,16.162745694487498,16.244826019561398],[4.317244363670331,3.568657850223815,6.819314188484964,5.362570476728375,6.982742240399188],[5.717035805495061,1.471559034892666,5.67607059649436,1.4948354056484603,5.57779381141609],[12.376792233148903,9.598905219858711,12.357852693255893,12.504298170634367,12.35982323424983],[6.4321494771074885,5.853828579821155,5.548467315943928,5.0759081564293185,4.751495678310059],[6.30960543480262,1.8007089366499085,6.637569270709812,1.9691759635162067,6.460032289013224],[12.771177947041725,12.135221300424302,12.698039077225726,12.580881655399384,12.721600725200055],[5.304327173630661,3.369375064419922,4.05925770857155,5.287164515176007,5.262174769139401],[4.127490286358869,9.33398382974501,3.8590962410799183,9.384507797345934,9.288860713755485],[14.50479545922614,12.66870017165,14.705374646573087,14.57319950385299,14.576887524311154],[4.115995097526077,4.881103970586636,6.164769787140466,6.511386964765787,6.147350894989637],[1.4162845082639774,6.658384595370594,5.707707733303326,6.663354953742988,6.603175534574163],[12.994513494372928,12.584716777405152,10.729236113179297,10.433004019579364,12.692286767626275],[6.391784166985298,4.206309739173097,3.6092962809913303,6.9974714179523945,6.35363695987957],[3.4524175368093832,8.557989901315981,8.639636562945444,8.457430001142844,8.017413549875057],[15.098098764560842,15.120381378486314,14.949216883172088,14.882308665993149,15.035988550336258],[1.9306089528413026,1.2353716424766286,6.72031739329541,5.090844747234384,6.719931715562526],[0.6495148044939602,1.5442311320530435,3.43166897671194,3.7076982275485597,0.6624654905887267],[8.835858206902484,7.480970738581046,8.86989316705282,8.71148507567392,7.049419785543558],[6.177857827821407,3.1584413595553826,5.2367634727621,7.810181535567185,6.17451454805568],[6.724517754483115,6.684150231843729,2.3451443341453277,6.6618998662131155,6.556020850003172],[14.492181857382723,12.819801696196379,11.488953058052148,14.35884199851016,14.442637016431604],[3.8733997489853658,5.726385178487069,7.32139095925916,7.993982678147312,8.238137442551949],[5.419386195093021,11.902697880555001,12.296104141546971,11.045859327849612,12.423990874354851],[17.86662624724706,19.17233303924086,19.185159413242175,19.155949655911908,19.13661902963053],[2.701114713877251,4.221632479828332,2.2340998769398337,4.775281918348763,2.64922130205039],[4.139120211282099,3.157437128223063,3.075845668310345,11.154867573930531,11.07926255614292],[15.819933726923795,14.446992641128578,8.65349992877453,15.723774593355436,5.36166997612621],[8.286730974260404,8.805227517091769,7.598796066637839,6.810851467077528,5.7605886563335265],[2.1853722255921775,1.1957003630013638,4.095394824430333,3.069828037179502,3.514628455782857],[12.955573390638072,10.473465899906373,10.003543155766666,12.649713187022376,12.810012927944594],[2.0220326060212255,1.8955356148283888,3.648620327550031,4.0171663602963115,4.122395359710358],[2.770967865361554,7.321034635098248,6.694406704040459,6.605666616277082,7.229730098670956],[11.350736993894717,11.340751893654057,11.498865662389031,11.35924612952413,11.450719879072002],[0.7481509640214847,1.4413075954730448,3.972404484592168,3.7223991227250224,3.9260577680657116],[9.978223514753925,10.227230045088533,10.074078499161267,2.2367274717232695,9.875949194267317],[13.354242926855894,13.939205666519696,11.50059461175797,13.363068155002715,13.822207746824004],[2.76831725640604,5.897336040486932,3.2831126954203276,6.167555643439886,4.548209913400845],[10.007340827433607,11.669801673362876,4.399244587862577,10.113942822788344,11.690166943154106],[13.83596343839426,16.129218495524906,16.146198537705132,15.890715620645807,16.059369030419948],[4.088544097345091,3.640474288347043,2.799037646816017,3.0661618673920374,1.7935272666918771],[7.115078682945525,7.768908470005302,0.7683431645958326,7.051623876032074,7.157913661733759],[10.069895622329584,9.803265877702346,10.029615971557936,10.511112879547024,4.634232910724897]],"times":[[17292,750,662,669,2719],[2540,2263,329,977,2425],[2889,535,569,1089,224],[2107,458,291,647,1152],[2497,600,1376,222,309],[1725,270,312,435,388],[2853,272,2771,100,786],[3689,2703,434,223,367],[1599,428,779,1910,945],[2709,309,664,414,520],[2548,676,402,410,2060],[2707,191,214,2027,1088],[4207,308,501,872,287],[2015,762,334,1325,510],[1892,419,220,321,144],[1041,466,3294,2149,487],[2265,1666,759,1267,129],[1329,784,1625,148,1192],[669,415,672,343,542],[1497,1506,559,257,229],[819,385,458,349,784],[1016,480,369,1120,1028],[2134,337,299,545,284],[887,662,205,176,273],[1496,207,422,594,442],[819,336,830,762,451],[408,683,1155,293,431],[944,589,2405,531,411],[1056,493,1719,906,283],[939,485,296,414,298],[1806,420,343,309,368],[412,71,268,212,1940],[424,128,213,38,75],[665,432,125,529,123],[437,1993,255,101,437],[763,265,105,353,2665],[906,210,1256,823,634],[987,1009,976,565,68],[351,108,453,184,96],[642,486,1089,477,904],[463,75,2045,585,610],[449,360,404,295,534],[1139,710,923,189,268],[759,194,849,1031,411],[344,1134,328,265,127],[564,306,661,637,612],[789,418,110,1393,334],[1212,158,402,537,220],[494,206,365,401,86],[531,232,1297,858,409],[518,6,223,151,139],[768,382,462,220,307],[772,329,608,432,677],[761,40,88,241,50],[831,739,640,435,345],[454,174,131,688,3],[537,419,155,160,142],[1545,271,212,165,367],[467,75,181,83,556],[314,7,8,186,181]],