{"actions":[[0,5,1,4,2],[5,0,4,2,1],[1,4,3,0,1],[5,0,4,3,5],[0,0,0,1,1],[0,2,4,4,1],[0,5,4,5,5],[1,0,2,4,5],[0,2,4,2,2],[0,5,4,5,5],[0,1,2,4,4],[4,1,0,3,4],[0,5,4,5,5],[0,1,2,5,4],[5,4,3,5,5],[0,5,5,5,5],[0,5,3,5,5],[5,5,5,5,5],[0,5,2,0,0],[0,5,3,5,2],[1,1,1,1,1],[0,5,1,0,0],[0,5,3,5,5],[1,4,1,1,1],[0,5,1,0,0],[0,5,1,1,1],[1,1,1,1,1],[5,1,4,5,5],[5,0,5,5,5],[5,5,5,5,5],[1,5,3,5,5],[1,5,0,2,4],[4,4,4,4,4],[0,5,1,0,0],[0,5,4,3,1],[1,1,1,1,1],[0,5,4,5,5],[5,3,1,5,5],[5,5,5,5,5],[0,5,4,5,5],[5,0,1,3,4],[4,4,4,4,4],[0,5,1,0,0],[0,5,1,1,1],[1,1,1,1,1],[0,5,4,5,5],[5,0,3,0,0],[2,3,2,1,2],[0,5,0,5,5],[5,3,1,1,5],[1,4,1,1,1],[0,5,4,5,5],[5,3,1,3,5],[5,3,5,3,5],[0,5,1,0,0],[0,5,4,1,1],[1,1,1,1,1],[0,5,1,0,0],[0,1,2,0,0],[0,0,0,0,0]],"rewards":[[5.094462759752421,2.9059446706400607,4.550706664601719,2.9593877542103217,3.8743433157749574],[8.080004557597551,2.420177146904301,1.5338960652320488,1.8195463032436132,8.304080453813317],[12.896837236890498,4.389346391586097,12.008650412149976,7.300361201315966,12.949120693786714],[8.962503494678147,4.611547832233852,8.330394496576352,7.279209209612816,9.164961089683118],[10.60580656539824,10.727536785953081,10.60508853022196,4.018247198675618,4.052592678509634],[15.079408215075459,17.864339086062568,18.990371509454775,18.867036219313913,9.871062287448565],[6.524197791098887,8.859049518345051,8.06634627284473,8.826361171327566,8.898702774171012],[0.6814794502604375,6.782161925498113,6.435256225599422,5.999279558778887,1.296427445988217],[13.181958639605206,14.759848826525106,14.020470187672927,14.864295775867868,15.028678327724078],[2.1722327523889606,5.319708899317672,4.54077939346813,5.240121353377065,5.30798868051007],[5.851821280587869,0.9133327815593195,5.503144957102183,6.047248811081374,6.080861763909477],[10.801418012933638,3.7696449823021885,7.9053959941177085,3.7771695854478646,10.783932365082027],[3.0770679859945833,7.135797489815666,5.912607025741001,6.953920451356282,6.8822865278636405],[1.4463793170066799,5.257463286804627,0.45749961457668487,5.705771549076502,0.3249684025901033],[12.616326914947749,6.302284929012701,9.946915916973706,12.855668345424363,12.694349956276202],[4.429058682142611,8.479286202311894,8.483854499399985,8.498281718629467,8.43323192162651],[1.740383891054441,4.681766445882522,4.184020195045473,4.540544689571852,4.558507400654573],[12.946192568895624,13.021567966794809,13.001189462299884,12.97259344022515,13.060214382591898],[9.824996900090271,3.82115041578423,5.879961834476472,9.698260165133878,9.664177490045166],[4.193507274110877,10.833716455320372,10.223445491766375,10.964280242710077,3.8587270293624267],[18.479451978333337,18.73040950544808,18.66577195221822,18.763838652210016,18.573225954813182],[6.461219213216129,0.1954421282839589,4.8117258585156675,6.385541533133785,6.55441016522046],[0,7.803743510589497,7.897277208524937,7.993918065255799,7.863264523086688],[12.64511029053559,1.7798734571599193,12.505398438786623,12.577812031931725,12.536573506267683],[6.724859630444376,2.0605752185192494,6.119176256336002,6.749712060916476,6.756038034648782],[2.5581042112572567,8.360035053343449,8.707380436783808,8.632315001298004,8.666618930151015],[8.768517406800925,8.737650842365431,14.944756462295445,14.832522356697993,14.952249409934577],[5.741608717940669,2.5923112036517084,4.798175683753009,5.728026585313989,5.711310225097512],[10.579138213705997,3.616273192167765,10.409035791817969,10.602019206187498,10.355780424444974],[16.25603343672977,16.19498390219603,16.243079748439392,16.182318703407844,16.167919143924614],[3.7928366832277747,6.19863493843935,5.082738039382377,6.138508505996872,6.177216893196614],[2.7067388452045336,2.635517826609884,8.84525968772123,8.842980072586453,8.609327775676665],[13.955413952629021,13.378740729737252,13.335059056833435,13.640007270184343,13.589703065835216],[6.774777251007808,2.6519461899778523,6.170666378868059,7.101304998757236,7.032953811149371],[2.93375491269312,5.648597005371195,1.53661780227743,6.05242774036619,5.7976040749994375],[11.955161268063097,12.027835085267286,11.944749827469472,12.054950816890235,11.842761482941809],[1.6912228957871622,4.818553350290951,3.4888791014266887,4.857392889371448,4.939016454534548],[6.707640615558281,5.25464797048163,6.392705872028545,6.713278161460002,6.689978440420265],[11.591950128382406,11.48737633301815,11.642564184660682,11.538857755336194,11.54610659097047],[3.4860030836911338,8.244082949046787,6.648835613198626,8.4280581156666,8.377896304687015],[2.875313137688756,9.074358487254298,2.3356345394971907,2.5847638943873585,9.470995714314704],[16.23513086010692,16.21945927140927,15.981484875328848,15.986869875288663,16.125356534919334],[8.24675212793721,4.353860214065122,8.105220245098378,8.457186278489532,8.32614252804041],[0.7096073515264716,3.8036528564026604,4.69253130100562,4.737512368558406,4.780873794488089],[12.86529421254107,12.864318176646774,12.936497145453469,12.96309851683236,12.954830575971913],[3.495998919265296,7.215299027157922,6.676393239463481,7.238772759615502,7.261961844616542],[2.286861420801186,8.731861408897522,2.664478691276792,8.811923696892489,8.813676338264168],[12.19905631055732,7.470360839157386,12.242347162275077,7.418343661521786,12.274186159995702],[4.032476692737497,5.273574891589552,3.898923043085033,5.248412668390492,5.205592382047015],[9.413600658733586,9.499608041298082,9.922151229709087,9.656927114802642,9.484919623338348],[12.50606098879782,8.095254797715373,12.608693662092147,12.548680627493388,12.694571701907169],[4.070935380119253,8.639961652793822,8.61443688447754,8.79549148614161,8.654586475720363],[6.004860124318277,7.092711306574549,6.419790522766352,7.349571201201413,5.880517718968354],[14.472089811312015,14.151143440974167,14.625518555707142,14.22805805492138,14.714818733677712],[5.534919744739478,0.34961241162532614,3.843328184804428,5.568881450878394,5.748329718181079],[0.5174805289468388,4.637942429706798,1.4885045568686175,5.363594590487773,5.467568191957071],[9.111511924372326,9.19427286155457,9.137920559982524,9.034987364297699,9.126122550014028],[7.216991304061133,3.0938569206175295,6.554865716211944,7.4948762537613485,7.5472482820604325],[9.03707685852285,2.111771572524612,8.110381867135294,9.059576338785725,9.205998898256807],[16.430757188193773,16.356042512111856,16.286906169339805,16.432671034775684,16.444808356084568]],"times":[[45418,3208,3536,1302,1713],[2714,1850,748,1949,823],[2938,2213,851,769,1685],[2660,1849,615,1143,657],[2249,1206,2212,1613,1111],[2038,3410,2498,823,1055],[2334,565,1759,701,1606],[3150,954,2584,1058,1508],[3762,1384,935,496,1215],[2630,284,1533,443,1029],[2826,1088,1213,1445,581],[1728,1105,789,1470,48],[2554,286,706,441,360],[5196,207,404,1974,777],[1332,635,429,80,492],[4128,421,5378,468,590],[2852,222,1687,1660,596],[481,381,561,233,180],[4655,1374,2028,47,378],[3784,291,2105,521,1135],[1342,779,252,606,657],[1456,267,1567,2307,449],[4708,316,2369,458,1150],[300,1802,241,141,389],[3688,644,1448,249,132],[3412,429,3005,1827,987],[230,231,196,262,125],[1504,1929,1265,165,117],[816,1068,243,136,433],[668,104,15,34,447],[3860,1147,1006,149,146],[3466,203,1980,102,815],[773,88,159,138,358],[1972,1337,1012,246,311],[1282,351,575,332,2873],[179,49,183,369,327],[1118,217,939,235,13],[1946,2355,2468,93,64],[960,52,104,144,676],[2824,239,1641,135,98],[1374,314,640,3542,847],[700,83,79,70,385],[1518,362,710,229,188],[952,216,840,1693,591],[322,167,71,561,271],[2451,208,362,40,62],[620,196,3657,413,92],[2848,100,2,408,169],[1108,161,3909,277,278],[1700,1497,1655,918,541],[720,1153,316,293,134],[4938,259,576,202,208],[1916,1443,1819,1281,292],[1102,212,141,775,45],[2042,281,1038,118,108],[1216,314,1194,755,870],[214,24,140,507,456],[1394,386,432,149,127],[924,1001,1370,256,199],[468,21,81,582,219]],