{"actions":[[0,0,3,2,4],[5,3,1,0,2],[5,4,3,2,1],[0,1,2,3,4],[0,2,4,5,2],[5,3,1,0,2],[0,1,2,3,4],[5,4,3,2,0],[0,2,3,5,4],[1,3,5,4,2],[0,0,1,1,2],[3,4,5,2,1],[5,4,3,5,3],[0,2,1,3,0],[4,2,3,5,1],[0,5,4,1,2],[3,2,4,5,1],[0,3,2,0,3],[5,2,1,4,5],[2,3,1,4,0]],"rewards":[[12.419432144766372,12.557053479632081,5.614772574630973,10.861390643203213,9.22875613867386],[10.794675345877636,11.393675751324896,14.035330209511633,10.380588090458843,9.085399146063974],[14.039311832811933,18.876769272652187,11.050152937461547,17.7761905141916,9.863064668952884],[15.876634225869608,9.187564364387592,14.364014938491218,8.116937952836576,13.041910721948259],[8.662087559818357,9.572922470793854,9.541741948674257,17.374308242181304,9.456256045603459],[7.019960346019395,6.581112824622873,7.253370318875926,9.669277210918613,9.148245961922326],[6.403914497969376,12.075636350735492,4.362659562130741,9.561325731261315,4.9389648945309395],[17.551993399455743,9.27984115742035,15.28087138989926,6.613890898086532,5.9718312826037065],[10.211959203986021,9.52601319287908,4.537497761384177,4.339367217886673,11.086844654040988],[13.815083075680855,13.975325929091536,17.07531988165784,9.469856968809856,10.557505065729327],[12.05005109216608,12.305975044330284,7.502296857550557,7.40793431065899,9.58762003819599],[8.984393828680096,5.8819639498079175,8.057088396905177,7.514375942271157,12.709750938376795],[14.025092907545435,7.517108305755844,12.663314930825832,14.055658945718008,12.866446952871804],[6.632803247581207,4.599285285430768,10.980823675827228,9.962344816421252,6.396563910699112],[5.900016154811677,7.113059309025034,2.9728224347379077,3.7820212381973923,5.970263592562834],[10.188192904402113,9.682376453037037,13.827721652475178,5.52307541265784,10.77149408319281],[8.571751448944168,2.885477316764197,3.975860188995606,8.050434030121735,7.156055499227301],[8.203634850199665,8.150924154261745,10.713617743820826,8.248677623807161,8.030147386073557],[10.890074632773299,6.73577848111591,15.584356535662176,5.788528358319523,10.822406149413009],[9.889201734193817,4.67634051338508,5.085405074607514,8.632411063736436,10.230557133145808]],"times":[[7248,11126,3106,1742,1566],[3770,974,1311,2438,878],[3847,645,717,824,452],[1589,333,221,652,75],[5602,574,719,536,2311],[3107,802,669,882,644],[1798,370,243,402,211],[927,62,174,637,472],[2770,223,158,237,1740],[1537,541,324,979,513],[6347,140,1149,18,909],[2432,854,790,1632,1049],[2423,540,1132,1025,1043],[2033,890,852,966,980],[2478,999,981,1798,1394],[2215,815,583,508,828],[1708,428,307,273,465],[2029,1010,1697,1505,2122],[1969,1262,82,1473,234],[3110,62,201,103,435]],"condition":[["negeven"],["negodd"],["poseven"],["negeven"],["posodd"],["poseven"],["negodd"],["posodd"],["poseven"],["posodd"],["negeven"],["negodd"],["posodd"],["negodd"],["negeven"],["poseven"],["posodd"],["poseven"],["negodd"],["negeven"]],"envs":["envs/add/negeven/negeven8.json","envs/add/negodd/negodd69.json","envs/add/poseven/poseven94.json","envs/add/negeven/negeven96.json","envs/add/posodd/posodd87.json","envs/add/poseven/poseven38.json","envs/add/negodd/negodd60.json","envs/add/posodd/posodd56.json","envs/add/poseven/poseven0.json","envs/add/posodd/posodd53.json","envs/add/negeven/negeven22.json","envs/add/negodd/negodd85.json","envs/add/posodd/posodd20.json","envs/add/negodd/negodd78.json","envs/add/negeven/negeven16.json","envs/add/poseven/poseven3.json","envs/add/posodd/posodd21.json","envs/add/poseven/poseven39.json","envs/add/negodd/negodd44.json","envs/add/negeven/negeven15.json"],"money":"3.84","age":40,"gender":0,"hand":0,"experiment":"noncompositional","instcounter":2,"subjectID":"6102a34902c1f05cb34dd9b8","studyID":"6166d7c29bb8f43a7dce1c8e","eval":[["posodd"],["poseven"],["negodd"],["negeven"]],"regrets":[[0,0,7.066323280334473,1.8043956756591797,3.170259475708008],[3.127635955810547,2.3715381622314453,0,3.429689407348633,4.832277297973633],[5.284784317016602,0,8.047256469726562,1.1627006530761719,9.261541366577148],[0,6.757895469665527,1.6414880752563477,7.755576133728027,3.023042678833008],[9.320352554321289,8.546167373657227,8.511569023132324,0.5404796600341797,8.546167373657227],[5.4635138511657715,5.752195835113525,5.228632926940918,2.9034175872802734,3.3767051696777344],[5.764266014099121,0,7.740900039672852,2.4434852600097656,7.2299580574035645],[0,8.2557373046875,2.109419822692871,11.01896858215332,11.56970500946045],[1.0156030654907227,1.6190176010131836,6.6468119621276855,6.801278591156006,0],[3.1955223083496094,2.9847564697265625,0,7.580930709838867,6.399055480957031],[0,0,4.686161041259766,4.686161041259766,2.5849695205688477],[3.7072296142578125,6.938201904296875,4.812067985534668,5.561978816986084,0],[0,6.374258995056152,1.150949478149414,0,1.150949478149414],[4.413321495056152,6.194746971130371,0,0.7532072067260742,4.413321495056152],[1.2879838943481445,0,4.083525657653809,3.4085757732391357,1.1263809204101562],[3.7106456756591797,4.144248962402344,0,8.315362930297852,3.057352066040039],[0,5.8901307582855225,4.694644451141357,0.41637420654296875,1.490344524383545],[2.457183837890625,2.671970844268799,0,2.457183837890625,2.671970844268799],[4.831439018249512,9.06840705871582,0,10.095107078552246,4.831439018249512],[0.27697181701660156,5.288472652435303,4.71294641494751,1.4072818756103516,0]],"maxrewards":[12.518346786499023,13.911941528320312,19.06954574584961,15.89570426940918,17.99295997619629,12.46699333190918,12.098640441894531,17.571224212646484,11.116693496704102,17.07721519470215,12.184840202331543,12.86020565032959,13.944721221923828,10.86939525604248,7.126043319702148,13.897001266479492,8.720701217651367,10.642559051513672,15.743728637695312,10.078596115112305],"bestoptions":[0,1,4,0,3,4,1,5,4,5,0,1,5,1,2,4,3,2,1,0]}
