{"actions":[[0,1,3,5,1],[5,4,3,1,2],[0,1,2,4,1],[5,0,1,3,4],[5,4,0,1,2],[0,5,4,3,1],[5,0,2,4,3],[0,1,3,5,4],[5,0,1,2,4],[5,4,3,1,2],[0,1,2,4,3],[4,1,0,2,3],[5,0,1,2,3],[0,5,1,3,4],[0,2,4,1,2],[0,1,5,0,0],[0,5,1,4,4],[0,1,2,3,1],[0,5,3,1,5],[5,0,2,1,2]],"rewards":[[15.686613645474353,8.651687129628082,9.936704216405536,8.091531757082018,8.800343152550449],[12.15114627552829,6.529062702956276,11.199534250967108,9.080980516320638,4.986341017903813],[14.614213249943282,8.496565131534288,15.53283100528954,17.005772345499828,8.633938522125607],[5.373096762442938,8.555870610135658,1.6839434784454843,3.718318932855441,11.190745334486705],[8.985382194349937,5.790456697920281,9.772107396754405,11.772562111784131,7.481508632953457],[4.781762749595623,16.61389424270128,8.961263382625386,15.634137733221564,13.169480794599343],[5.495588347949977,17.423915737732766,12.414325106058202,11.441339390848794,6.237131294986265],[5.8494804378905005,9.524454441582389,11.752538154628771,12.998006252361964,8.511980385215981],[4.227338900610856,10.13761536365878,3.199892460278525,9.529849584202289,11.044617752879091],[13.634554775187427,7.748005619735451,11.243808990266183,10.782523516684902,6.474394748366485],[11.7065516091052,6.647466582469583,13.642221483078561,13.75061939287723,8.570478575377242],[4.959421331758454,11.115586450741159,8.782623735740689,8.563009550997954,10.161471024562067],[6.957157774940949,10.227762116835398,10.369479054779157,6.989780523484701,10.005074609829853],[9.349576562178106,10.307840362728289,14.726648810403722,12.987070299404795,6.690117457978428],[14.530269061607882,12.434116761922322,12.010702791500675,10.212357637831083,12.206025518835578],[11.216139103560979,6.206551000844011,5.409070139106711,11.189096410432148,11.14553033481021],[8.979848763155015,7.8567327609821405,7.061714259892069,11.857190001376262,11.57112097742983],[6.278266930945204,12.045481051789723,4.29254368704125,9.509163737944856,12.17511332547176],[7.081536783012095,15.314555091929005,13.545709811098424,12.687804052461425,15.373898363408582],[4.601608599666284,10.68700150025764,11.040579921595981,7.5536598306364,11.233009328013603]],"times":[[26180,3347,4199,4360,4183],[4627,742,694,1419,2734],[8609,1789,1135,1233,1770],[5713,769,1746,1264,842],[2244,2508,1600,469,553],[4980,840,442,377,1003],[1953,475,1550,414,1343],[2678,948,875,527,951],[2434,546,401,1148,491],[2066,620,448,652,529],[2946,495,6041,604,494],[2662,362,2008,366,1015],[1586,319,445,478,439],[2599,351,1966,547,413],[1949,576,410,540,1456],[2506,2261,306,500,348],[1478,219,399,666,549],[1574,466,1015,607,1115],[1995,422,2340,485,1284],[1931,41,1371,565,449]],"condition":[["negeven"],["posodd"],["poseven"],["poseven"],["negodd"],["posodd"],["negeven"],["posodd"],["poseven"],["posodd"],["poseven"],["negodd"],["negodd"],["negodd"],["negeven"],["negeven"],["poseven"],["negodd"],["posodd"],["negeven"]],"envs":["envs/add/negeven/negeven98.json","envs/add/posodd/posodd28.json","envs/add/poseven/poseven73.json","envs/add/poseven/poseven70.json","envs/add/negodd/negodd97.json","envs/add/posodd/posodd62.json","envs/add/negeven/negeven78.json","envs/add/posodd/posodd99.json","envs/add/poseven/poseven0.json","envs/add/posodd/posodd25.json","envs/add/poseven/poseven40.json","envs/add/negodd/negodd39.json","envs/add/negodd/negodd34.json","envs/add/negodd/negodd63.json","envs/add/negeven/negeven92.json","envs/add/negeven/negeven44.json","envs/add/poseven/poseven85.json","envs/add/negodd/negodd60.json","envs/add/posodd/posodd58.json","envs/add/negeven/negeven36.json"],"money":"3.88","age":30,"gender":0,"hand":0,"experiment":"noncompositional","instcounter":1,"subjectID":"6102dced1a5286c27742a44d","studyID":"6168186185dddf5426605411","eval":[["poseven"],["negodd"],["posodd"],["negeven"]],"regrets":[[0,6.920583724975586,5.795172691345215,7.427950859069824,6.920583724975586],[0,5.805342197418213,1.0365839004516602,3.04660701751709,7.299603462219238],[2.512144088745117,8.589361190795898,1.3311138153076172,0,8.589361190795898],[5.988458156585693,2.7848739624023438,9.466554522514343,7.552614688873291,0],[2.865321159362793,6.020865440368652,2.1412010192871094,0,4.5275092124938965],[12.047630310058594,0,7.870084762573242,1.2201786041259766,3.460883140563965],[11.641083717346191,0,4.891851425170898,5.627159118652344,10.759184837341309],[6.938632488250732,3.4203262329101562,1.167379379272461,0,4.41690731048584],[6.801278591156006,1.0156030654907227,7.8610639572143555,1.6190176010131836,0],[0,5.868390083312988,2.507396697998047,2.7666015625,7.1732048988342285],[1.9455947875976562,7.058206558227539,0.02138996124267578,0,4.912897109985352],[5.879891872406006,0,2.1069440841674805,2.4497604370117188,0.9021329879760742],[3.2556238174438477,0.2782621383666992,0,3.385788917541504,0.34150123596191406],[5.49727725982666,4.591743469238281,0,1.8182363510131836,8.355852127075195],[0,2.223292350769043,2.560023307800293,4.367048263549805,2.223292350769043],[0,4.995283126831055,5.762182235717773,0,0],[2.6732444763183594,3.869197368621826,4.657129287719727,0,0],[5.764266014099121,0,7.740900039672852,2.4434852600097656,0],[8.455441951751709,0,1.8677377700805664,2.7635955810546875,0],[6.47545051574707,0.2777900695800781,0,3.775418281555176,0]],"maxrewards":[15.649435997009277,12.302206993103027,17.070764541625977,11.290243148803711,11.856703758239746,16.763561248779297,17.194011688232422,12.966524124145508,11.116693496704102,13.599565505981445,13.70053482055664,10.98252010345459,10.340132713317871,14.837727546691895,14.598552703857422,11.1744966506958,11.719669342041016,12.098640441894531,15.396668434143066,11.157499313354492],"bestoptions":[0,5,4,4,1,5,0,5,4,5,4,1,1,1,0,0,4,1,5,2]}
