{"actions":[[2,3,5,5,5],[2,3,0,2,2],[4,4,4,4,4],[2,0,0,0,0],[2,3,1,5,5],[1,1,1,1,1],[2,3,5,5,5],[2,2,2,2,2],[4,4,4,4,4],[2,3,5,5,5],[2,4,0,4,4],[4,4,4,4,4],[2,3,0,0,0],[2,3,3,3,3],[1,1,1,1,1],[2,3,0,0,0],[2,3,3,1,1],[1,1,1,1,1],[2,3,5,5,5],[4,5,3,5,5],[5,5,5,5,5],[2,3,5,4,3],[2,3,2,0,0],[0,0,0,0,0],[2,3,5,5,5],[4,5,4,4,4],[4,4,4,4,4],[2,3,5,5,5],[4,4,4,4,4],[4,4,4,4,4],[2,3,0,0,0],[1,0,0,0,0],[0,0,0,0,0],[2,3,5,5,5],[4,5,5,5,5],[5,5,5,5,5],[2,3,0,0,0],[1,0,0,0,0],[0,0,0,0,0],[2,3,0,0,0],[0,0,0,0,0],[0,0,0,0,0],[2,3,5,5,5],[5,5,5,5,5],[5,5,5,5,5],[2,3,0,0,0],[0,1,1,1,1],[1,1,1,1,1],[2,3,5,5,5],[4,4,4,4,4],[4,4,4,4,4],[2,3,0,0,0],[0,0,0,0,0],[0,0,0,0,0],[2,3,5,5,4],[1,2,4,2,2],[0,0,0,0,0],[2,3,5,5,5],[4,5,5,5,5],[5,5,5,5,5]],"rewards":[[3.1722499057336626,4.240301748757815,6.889468912029241,6.848892714088073,6.675149620300447],[4.12539793784117,0.831920363365741,3.52697849471354,3.9831419371950374,3.9969264012253634],[8.928882864085441,8.929877966556344,8.95953947300526,8.94752581875042,9.012816022892933],[7.745016837113989,8.023168647339215,8.140473085597998,8.00835928902991,8.074660480138109],[0.8232491849370172,3.749729238425605,3.3181786141612126,3.9934288955166797,3.9532104266306587],[10.975957819324652,10.911808949547842,10.96527431716971,11.115254970891696,10.948187966480877],[2.510424433911757,3.4102556013636995,5.011711444968361,4.847701458226155,4.869688576232736],[5.467938343142423,5.291931139270301,5.47773677472901,5.364570825304121,5.416739901561065],[11.41783732811072,11.20125740065201,11.05732601033047,11.326850524553922,11.181944683069563],[2.8952564929259808,3.24665387926471,4.98154674044826,4.9213220260285935,4.997452389617566],[2.2002684228432385,2.554314832072685,1.8453670882240898,2.5068252492345664,2.6292391122150987],[6.511600396971323,6.325135173379811,6.269041072179373,6.0633887868306156,6.482723765771355],[4.7064200268098935,3.9105875271401698,6.313987128432112,6.551153813441732,6.273863873493441],[1.9040028798309754,8.183213056942783,8.153009504363022,8.342414180041784,8.247385175169033],[14.201287769156629,13.897062622600162,14.151352956693612,14.147848040579053,14.227356377685261],[4.513898592808329,3.8520370454868798,5.69658590772306,5.705974143236032,5.577220482972391],[1.2083013556549824,7.622940999659758,7.767142938052294,7.442374140568217,7.45700851997931],[12.040266144238986,12.091385891290924,12.17953131437549,12.224438684184294,12.137332720887272],[3.286807543655653,4.223527930089039,6.809374738522954,6.603052193096173,6.758950025388922],[0,3.1642729962248928,2.2949534480019347,3.1992986687267715,3.2724751879727965],[10.025715023377234,10.033758746218094,10.160567993915208,9.935853740883541,10.042752584499532],[3.687613849796637,3.8098840630776576,1.4816278998137182,2.2889832327258497,3.6455843740548253],[6.258425267683307,1.957823847810982,6.04109910190552,6.103942085250086,6.114670855925246],[9.712068545618783,9.850207181577709,10.073231164490343,9.951301361730662,9.938026632007306],[6.723794273860918,7.14885238247909,8.795972303435745,8.773698921046746,8.810227297285172],[10.518024134173125,4.929578855995496,10.510225850304867,10.582376575302511,10.528493135172816],[19.71934002306986,19.507333802321984,19.670121492720703,19.48972046273242,19.593054754699164],[2.969787021802216,4.394001068918687,6.447763481540724,6.376723961065562,6.429193193391221],[7.946889683492592,7.870827001310726,7.9876461070160305,7.9913886474831495,7.915987498832213],[13.109295615361654,13.100724023353074,13.06128029633233,12.929765467330903,13.14654582604831],[3.5941113506296536,3.532674287060822,6.921584280639234,6.9568903739335095,6.84918384100032],[0.47520669553831985,5.564468564315767,5.86894309298923,5.687576542828508,5.6834030924616945],[12.793800982282274,12.826648202143103,12.750376739912097,12.483381570607648,12.81736662134925],[3.47622971493769,4.88140448998958,5.442999897229801,5.517896906714035,5.4397855089481375],[1.0867179110881517,5.253237223277961,5.323277282858709,5.2091687872261145,5.317353135344787],[10.784540908224638,10.6064638598885,11.030306866764365,10.631508234634879,10.763244288694196],[3.524222523768777,1.5133211597623768,4.442972520269361,4.55142650486526,4.550031664428349],[1.9450684300381549,6.689931438173142,6.7232907779239985,6.830876223890866,6.874867522812532],[11.070594753891886,10.883584344010375,11.147607800844105,11.216971240229668,11.144026421662819],[7.179029125352774,6.828303630792306,10.470195794270248,10.352907121974967,10.396299637207347],[7.608922566146758,7.935746695977306,7.7389792880451465,7.966076068768509,7.950565783909295],[18.231404903341506,18.26384074727443,18.444982946290263,18.56972713041363,18.43660080343733],[6.509592032979338,7.277947126634868,8.831646628009754,8.837830541288888,8.795776783847668],[5.257799126413264,5.321728813982062,5.120100485027379,5.48865338513783,5.332432692822508],[14.110359834420972,14.12771824944837,13.881730462924923,14.040225625607233,14.189008764884184],[7.660800694018237,5.426516107716066,8.477084715395955,8.392724840965618,8.405631383743476],[1.8625208762084504,5.1646754802117965,5.1138202035786335,5.251050124089629,4.963968215660022],[13.095577606867417,12.794618247194744,13.150041098969142,12.952184804383842,12.869428834863479],[3.9029683590173363,3.951033350773912,5.868730410616145,5.834352618285691,5.907656936677619],[7.288969789554041,7.2880896607203836,7.280434752808612,7.429468574131176,7.260974223350814],[11.474298768936343,11.371476508536649,11.39516148893034,11.390752533828245,11.20621148197865],[6.846857159878044,6.243972089843088,8.35248611909804,8.255244740806772,8.649905554642848],[5.1124003680725725,5.240011322770799,5.40011129847608,5.392743485671353,5.158583560702256],[13.632364117855204,13.701926020892001,13.749735498340437,13.445370737342639,13.783617966750391],[3.361525016556207,3.6924777114940848,0.30620901963119035,0.2569109150403187,1.3824602811837354],[0.8747840718380495,6.188851852970505,4.923201236702142,6.1169201193183955,6.144119625023192],[9.537285435008977,9.387907232573351,9.762212883272642,9.659683438657465,9.606151425986024],[4.194551137786418,5.284341506885625,7.801974809742171,7.791494341140466,7.832836585983101],[1.5554442265853237,4.5194485044074915,4.572019996039599,4.491957436114426,4.424479106529088],[12.472032409377697,12.357859091189887,12.214397865180013,12.474157716198137,12.25331575178921]],"times":[[15601,748,4503,1007,469],[4405,490,2204,454,470],[10239,473,306,488,606],[9376,3598,329,79,520],[4925,2151,1602,1682,317],[5917,389,324,318,312],[3674,674,3321,267,247],[6239,2525,1574,282,1354],[6858,296,230,310,567],[6072,936,569,164,127],[5188,1098,1301,597,275],[2136,264,375,270,516],[1804,508,541,312,178],[5386,440,2491,191,286],[2140,263,324,285,462],[5288,318,390,279,261],[2797,256,1471,912,425],[366,261,210,300,776],[5382,1445,1179,358,202],[1875,436,1055,212,159],[1868,172,143,245,321],[1978,293,612,1706,2141],[2995,1045,1030,568,347],[385,187,84,229,309],[1676,353,451,60,55],[1800,3082,68,317,361],[9937,309,297,291,284],[3085,562,400,269,174],[921,1966,355,244,342],[340,231,204,182,221],[3023,288,3411,274,249],[3476,370,243,168,299],[332,186,123,224,255],[2046,675,268,111,162],[626,286,155,193,165],[614,311,194,245,367],[833,884,561,232,269],[1304,233,236,138,228],[854,195,343,270,309],[570,369,432,214,206],[1000,224,233,225,242],[881,183,163,264,273],[1337,279,304,135,147],[669,347,406,217,141],[766,171,109,175,253],[1402,229,206,93,98],[1480,462,247,284,311],[604,187,225,239,297],[3642,995,243,87,143],[1943,320,160,167,189],[341,207,71,145,244],[572,251,381,238,489],[1036,412,260,252,317],[336,167,190,215,216],[1579,441,251,178,2456],[1335,587,720,1114,385],[701,145,77,102,236],[1232,256,277,115,99],[1854,212,79,76,24],[990,520,241,34,123]],