{"actions":[[0,1,2,4,0],[0,1,5,2,1],[0,1,2,4,0],[0,1,5,2,4],[0,1,5,4,5],[0,1,2,2,4],[0,4,0,2,0],[0,1,1,4,1],[0,0,0,4,0],[0,1,1,1,1],[0,4,5,1,1],[1,0,0,4,4],[4,2,0,4,4],[0,0,0,0,0],[0,0,0,0,0],[0,1,1,2,1],[0,0,0,0,0],[0,0,4,2,2],[0,1,2,4,5],[0,0,4,4,4]],"rewards":[[11.255729254676757,5.74736543137863,12.838046933456411,12.843772173805815,11.249911461737009],[10.415704206813755,14.519237435659267,11.611544352805149,8.21845600476138,14.544529687972378],[12.229449152532638,7.469388698726849,10.912909351664368,8.921246480043154,12.162455548976732],[6.9769927767391104,6.055699750308019,3.7062878468200986,7.110408936688277,5.822366437187328],[4.340444534562869,7.678090296261057,12.397848738416599,8.223802015585413,12.387734738971576],[9.796053251004032,5.383787506904841,11.674908062038343,11.781762571580202,14.369193247884562],[9.199853546177671,7.141979970113833,9.106650059478639,7.905099266085524,9.02740281098622],[3.770088437889507,11.034930601623499,10.966077392742244,5.742236542657742,10.89249626562139],[12.139661244774363,12.213946174103253,12.268831777276324,8.836381279230281,12.120476762532018],[2.434205947402071,10.598819706829126,10.513998496862772,10.52392271033239,10.567162004098984],[7.7343546579997104,3.8362151907306834,8.229598091441021,12.569464736736927,12.570143222638809],[5.570122651023401,10.536791629448192,10.716554671392222,11.675359174713972,11.459687587671862],[8.980102223550672,7.953986653265994,7.180080894414938,9.017384890777116,9.070369634564189],[13.256325426427548,13.16400116980519,13.2318175112962,13.187969508679297,13.219849247002472],[10.130006975821564,10.052245980442981,10.110201213200556,10.033712338038386,10.212074644009997],[7.158071080900258,9.175356561554622,9.259269313139573,4.668901485483793,9.286290858253587],[12.260313698936399,12.156801586420185,12.148470699016567,12.507611272564962,12.209576033410793],[13.225462032433587,13.475140042817502,10.932928411805248,12.888443628215885,12.963020716821822],[2.3586583652336666,6.080806656651232,3.7975389317871677,5.83466212934763,9.168353280591376],[10.397546330321505,10.331738902001,12.359404766812725,12.323007600579615,12.260258940358616]],"times":[[14618,963,1678,1432,724],[2084,649,1448,785,518],[1384,733,951,322,219],[1014,955,449,1007,195],[2025,312,880,201,487],[821,778,279,550,288],[964,1716,559,937,297],[682,127,751,1443,740],[1758,442,266,2202,418],[1127,1740,443,1044,444],[836,1493,559,488,228],[1259,293,327,745,193],[1449,1212,258,2708,129],[831,380,128,116,562],[568,301,149,122,37],[427,604,627,1234,518],[328,241,36,298,387],[496,296,1100,999,212],[1174,554,218,1370,197],[1076,333,1069,248,237]],"condition":[["poseven"],["negodd"],["negeven"],["negeven"],["posodd"],["poseven"],["negodd"],["posodd"],["negeven"],["posodd"],["negodd"],["poseven"],["posodd"],["negeven"],["poseven"],["negodd"],["negodd"],["negeven"],["posodd"],["poseven"]],"envs":["envs/add/poseven/poseven4.json","envs/add/negodd/negodd65.json","envs/add/negeven/negeven48.json","envs/add/negeven/negeven16.json","envs/add/posodd/posodd44.json","envs/add/poseven/poseven81.json","envs/add/negodd/negodd82.json","envs/add/posodd/posodd63.json","envs/add/negeven/negeven72.json","envs/add/posodd/posodd47.json","envs/add/negodd/negodd51.json","envs/add/poseven/poseven29.json","envs/add/posodd/posodd14.json","envs/add/negeven/negeven26.json","envs/add/poseven/poseven41.json","envs/add/negodd/negodd32.json","envs/add/negodd/negodd18.json","envs/add/negeven/negeven43.json","envs/add/posodd/posodd94.json","envs/add/poseven/poseven20.json"],"money":"3.85","age":20,"gender":0,"hand":1,"experiment":"noncompositional","instcounter":2,"subjectID":"610212ddcd5b37dd97b6622c","studyID":"6168186185dddf5426605411","eval":[["negodd"],["negeven"],["posodd"],["poseven"]],"regrets":[[1.748652458190918,7.075664520263672,0,0.01788616180419922,1.748652458190918],[4.397299766540527,0,3.220728874206543,6.2270402908325195,0],[0,4.954359531402588,1.3479595184326172,3.4423046112060547,0],[0.057125091552734375,1.1263809204101562,3.4085757732391357,0,1.2879838943481445],[8.183907985687256,4.833099365234375,0,4.224740028381348,0],[4.51010799407959,8.73494577407837,2.4576282501220703,2.4576282501220703,0],[7.490052223205566,9.254237174987793,7.490052223205566,8.796841144561768,7.490052223205566],[10.981888055801392,3.6054763793945312,3.6054763793945312,8.83700942993164,3.6054763793945312],[0,0,0,3.3041000366210938,0],[9.025431156158447,0.7886314392089844,0.7886314392089844,0.7886314392089844,0.7886314392089844],[4.791773796081543,8.81231141090393,4.476036071777344,0,0],[5.912064552307129,0.9693059921264648,0.9693059921264648,0,0],[6.995631217956543,8.186031341552734,9.035135269165039,6.995631217956543,6.995631217956543],[0,0,0,0,0],[0.4806051254272461,0.4806051254272461,0.4806051254272461,0.4806051254272461,0.4806051254272461],[2.0203394889831543,0,0,4.604721546173096,0],[7.556970596313477,7.556970596313477,7.556970596313477,7.556970596313477,7.556970596313477],[0,0,2.392301559448242,0.32776641845703125,0.32776641845703125],[6.733622312545776,3.030595302581787,5.339697599411011,3.4403858184814453,0],[1.9457645416259766,1.9457645416259766,0,0,0]],"maxrewards":[12.891671180725098,14.640454292297363,12.14651870727539,7.126043319702148,12.385358810424805,14.231101989746094,16.517290115356445,14.633443832397461,12.190908432006836,11.373779296875,12.5531005859375,11.540962219238281,16.090164184570312,13.185672760009766,10.570014953613281,9.287141799926758,19.79228973388672,13.399887084960938,9.120410919189453,12.29117202758789],"bestoptions":[2,1,0,2,5,4,3,5,0,5,1,4,5,0,4,1,1,0,5,4]}
