{"actions":[[2,3,2,3,2],[2,3,3,3,3],[2,3,4,3,5],[2,3,5,5,5],[2,3,5,5,5],[2,3,4,1,4],[2,3,5,4,3],[3,2,0,0,0],[2,3,1,0,0],[2,3,5,1,1],[2,3,1,0,2],[2,3,0,0,0],[2,3,1,0,4],[2,3,1,0,4],[2,3,0,0,0],[2,3,5,1,5],[2,3,0,4,0],[2,3,1,0,2],[2,3,5,1,5],[2,3,5,1,1]],"rewards":[[7.446142041273724,12.045272253419606,7.457817581461615,12.066581490580928,7.6135900468209625],[9.824759427301068,16.93313520030624,17.0568172619307,16.815596697141572,16.685832281267214],[8.92106933811584,15.92587489908985,11.05242979708775,15.892318175229331,17.849145023418654],[4.875955839260099,10.71970714317074,13.224490485611298,13.170068100053445,13.2900707184373],[6.71697655823243,15.368000619556526,17.512128133966833,17.456983664502673,17.447997070212846],[8.231462949252979,5.958987306444619,9.522508040382919,3.1540227010828974,9.707298431699757],[7.443783212543191,11.637499070237249,10.217850271724496,7.760375984744921,11.686221959990567],[6.670564608142772,8.98139877325104,9.456296886980152,9.621721252279386,9.612564002357493],[12.616926399463066,7.612580382043259,6.402461104796041,13.03872139135644,13.071207767654055],[8.452570786734343,10.066437668108387,9.745425144299904,11.281581769825369,11.328048661047205],[10.98839949605837,6.881867614729832,5.582784508596388,9.069542914307616,10.989822377795603],[9.577555050549972,6.481029995457328,11.096506418257745,11.288993322877207,11.191866102473393],[7.182531255798357,3.144996677360347,5.916804138995309,6.962870142050038,5.868918179502797],[12.785746375667356,7.4229535630736905,6.994271429533143,12.666856843207784,14.376218907243892],[12.882061851357015,7.173267737766434,14.062043925383547,14.140861854616572,14.193595216988829],[5.198049881903552,8.183864670995478,9.772226289356711,7.651010309208667,9.758656875666802],[13.2240633185081,7.365714533042459,13.507789999024705,11.098056902463428,13.13172564365874],[9.794293493614164,6.080118948827681,6.151835178271626,9.55449517295819,9.855953110328104],[3.044932164211599,9.611103636055514,10.417908009649857,8.474164391490064,10.375769653320772],[6.270729673001488,9.753963590447356,7.221919909336814,10.816427585996562,10.900185793169044]],"times":[[20475,1235,2193,1237,1987],[2983,736,836,942,851],[2402,568,1269,606,1860],[3343,444,3548,914,776],[4063,433,1405,495,488],[4287,552,4580,1316,1356],[2222,373,1195,1272,4596],[3737,582,2031,4615,611],[5335,448,692,1107,430],[5248,454,1031,6204,576],[2484,1004,1077,990,1140],[1202,719,3669,1412,382],[1917,527,1741,685,2234],[1653,971,636,739,2757],[4027,1132,689,1980,623],[1453,389,1309,7471,647],[1387,825,1230,3470,475],[2253,470,1135,535,1473],[2451,543,2852,2237,2788],[1070,437,987,4462,1551]],"condition":[["negodd"],["negodd"],["posodd"],["posodd"],["posodd"],["poseven"],["negodd"],["poseven"],["negeven"],["negodd"],["poseven"],["negeven"],["negeven"],["poseven"],["negeven"],["posodd"],["negeven"],["poseven"],["posodd"],["negodd"]],"envs":["envs/add/negodd/negodd10.json","envs/add/negodd/negodd37.json","envs/add/posodd/posodd59.json","envs/add/posodd/posodd13.json","envs/add/posodd/posodd56.json","envs/add/poseven/poseven28.json","envs/add/negodd/negodd3.json","envs/add/poseven/poseven38.json","envs/add/negeven/negeven2.json","envs/add/negodd/negodd57.json","envs/add/poseven/poseven9.json","envs/add/negeven/negeven44.json","envs/add/negeven/negeven16.json","envs/add/poseven/poseven76.json","envs/add/negeven/negeven68.json","envs/add/posodd/posodd90.json","envs/add/negeven/negeven43.json","envs/add/poseven/poseven74.json","envs/add/posodd/posodd49.json","envs/add/negodd/negodd48.json"],"money":"3.96","age":20,"gender":0,"hand":1,"experiment":"noncompositional","instcounter":0,"subjectID":"61075d7b1d45d98017222ee9","studyID":"6168186185dddf5426605411","eval":[["negeven"],["poseven"],["posodd"],["negodd"]],"regrets":[[7.509654521942139,2.872173309326172,7.509654521942139,2.872173309326172,7.509654521942139],[8.851160049438477,1.9259147644042969,1.9259147644042969,1.9259147644042969,1.9259147644042969],[8.879718780517578,1.811227798461914,6.675872802734375,1.811227798461914,0],[8.148980140686035,2.300663948059082,0,0,0],[11.01896858215332,2.109419822692871,0,0,0],[1.4511919021606445,3.6724190711975098,0,6.417331695556641,0],[4.094337463378906,0.00022602081298828125,1.4288873672485352,3.8369855880737305,0.00022602081298828125],[5.752195835113525,3.3767051696777344,2.9034175872802734,2.9034175872802734,2.9034175872802734],[0.3944540023803711,5.590211868286133,6.631281852722168,0,0],[2.9703311920166016,1.2243671417236328,1.6373720169067383,0,0],[1.1381912231445312,5.230763912200928,6.74722957611084,3.1275253295898438,1.1381912231445312],[1.7093915939331055,4.757995128631592,0,0,0],[0,4.083525657653809,1.1263809204101562,0.057125091552734375,1.2879838943481445],[1.475996971130371,6.747918605804443,7.270114898681641,1.5482120513916016,0],[1.404250144958496,6.768877983093262,0,0,0],[4.65846061706543,1.6746139526367188,0,2.153247833251953,0],[0.32776641845703125,6.0814433097839355,0,2.392301559448242,0],[0.1090087890625,3.8839921951293945,4.001458644866943,0.4511528015136719,0.1090087890625],[7.241622447967529,0.8391523361206055,0,1.8578453063964844,0],[4.702414512634277,1.1734580993652344,3.8458304405212402,0,0]],"maxrewards":[15.028053283691406,18.665529251098633,17.808757781982422,13.193018913269043,17.571224212646484,9.606712341308594,11.65781307220459,12.46699333190918,13.10365104675293,11.306173324584961,12.202956199645996,11.1744966506958,7.126043319702148,14.290048599243164,14.140832901000977,9.780780792236328,13.399887084960938,10.00687026977539,10.382583618164062,10.874683380126953],"bestoptions":[1,1,5,5,5,4,1,4,0,1,4,0,2,4,0,5,0,4,5,1]}
