{"actions":[[0,1,2,3,4],[0,1,2,3,5],[0,1,3,5,4],[0,1,2,4,5],[0,1,2,5,3],[0,1,3,5,5],[0,1,3,5,1],[0,1,2,4,0],[0,1,3,2,5],[0,1,5,4,4],[0,1,3,5,5],[0,1,3,5,5],[0,1,2,4,4],[0,2,4,0,0],[0,1,5,0,0],[0,5,5,5,5],[0,1,5,3,0],[0,1,4,1,1],[0,1,0,0,0],[0,5,5,5,5]],"rewards":[[6.821523195220576,10.640541111887313,5.071233043528159,10.536418574662825,3.6339953524320934],[10.821126951169509,15.583142743175419,10.454123118012696,15.590019875821197,14.264172551325904],[8.253958577817203,5.983298482455885,8.032419710719731,8.435639475830955,9.990787468844463],[12.753923779516947,5.470825153812526,9.008619016997377,7.565576645368165,1.4328196739993497],[9.493031590726977,6.5594077007082605,9.02088067983809,1.9336298001546535,3.652606781185282],[3.2700315057780296,10.86424632375344,12.158538863531442,14.28399333444366,14.243369096175085],[5.8636206649596225,12.164025895207734,11.077484295442497,8.926828928929046,12.166808592739525],[10.140784309150556,2.6736014978378,9.770964689260627,11.179814679210498,9.965746261502877],[11.70861515248861,6.578365296820072,5.62546895763733,9.176255333657245,4.2659391777106705],[9.842813648291182,5.656102910866649,9.503469567141467,14.121077506389446,14.317837386869025],[3.245343714657353,6.786476215124917,7.914322086719243,9.981975917196012,10.04281894448112],[5.234892635829641,9.389658139138659,11.388048777780487,12.27768256466841,12.419574979787587],[10.493627008130147,5.491077156656054,11.020267649734171,12.490741667981961,12.382366944170013],[10.650749176201364,8.119763833968594,5.447125208723438,10.476088788643974,10.742586005692981],[12.104363571936705,5.874709786748152,5.030478463728229,12.188996336265173,12.243838280744521],[10.617354817771488,19.765060688634804,19.752366932523447,19.874751732304855,19.893347836606743],[11.094183708865316,8.561386220043367,4.850181598774602,5.8192568535842,11.209121955493384],[7.775407923890372,12.772752204951667,6.483064859045983,12.80058619202494,12.726996994659933],[14.25194972635268,6.638804842939847,14.464108034056357,14.510376118976575,14.44126193406071],[4.642138208920488,14.591604735415055,14.780787826366144,14.71645143417621,14.979463300433745]],"times":[[21078,5831,5983,947,761],[4249,1849,2220,1640,535],[1088,3091,1284,514,1083],[1104,984,711,938,1058],[1301,913,438,782,711],[6984,504,1190,450,977],[1390,770,1660,745,426],[929,543,2223,428,797],[804,391,685,2026,1000],[579,374,1349,595,484],[1084,1725,833,410,581],[830,743,2098,624,404],[1012,1014,1930,523,885],[708,1062,432,382,313],[747,531,300,319,279],[689,916,400,326,253],[1490,719,118,331,587],[1849,335,1324,451,294],[1002,3022,533,185,214],[1064,338,319,389,503]],"condition":[["negodd"],["negodd"],["poseven"],["negeven"],["negeven"],["posodd"],["negodd"],["poseven"],["negeven"],["poseven"],["posodd"],["posodd"],["poseven"],["negodd"],["negeven"],["posodd"],["negeven"],["negodd"],["poseven"],["posodd"]],"envs":["envs/add/negodd/negodd53.json","envs/add/negodd/negodd80.json","envs/add/poseven/poseven39.json","envs/add/negeven/negeven49.json","envs/add/negeven/negeven76.json","envs/add/posodd/posodd65.json","envs/add/negodd/negodd1.json","envs/add/poseven/poseven25.json","envs/add/negeven/negeven79.json","envs/add/poseven/poseven81.json","envs/add/posodd/posodd23.json","envs/add/posodd/posodd28.json","envs/add/poseven/poseven97.json","envs/add/negodd/negodd21.json","envs/add/negeven/negeven7.json","envs/add/posodd/posodd82.json","envs/add/negeven/negeven77.json","envs/add/negodd/negodd15.json","envs/add/poseven/poseven56.json","envs/add/posodd/posodd11.json"],"money":"3.86","age":20,"gender":0,"hand":0,"experiment":"noncompositional","instcounter":0,"subjectID":"610883b6daa2a4a1d03a0535","studyID":"6168186185dddf5426605411","eval":[["negeven"],["negodd"],["poseven"],["posodd"]],"regrets":[[3.7654714584350586,0,5.590082168579102,0.08149242401123047,6.983460426330566],[4.770896911621094,0,5.079334259033203,0.07216262817382812,1.324625015258789],[2.457183837890625,4.569838523864746,2.671970844268799,2.313675880432129,0.630131721496582],[0,7.344264030456543,3.6368255615234375,5.084927082061768,11.08641767501831],[0,2.775607109069824,0.4662504196166992,7.371266603469849,5.817387819290161],[11.034912109375,3.642240524291992,2.245245933532715,0,0],[6.428520679473877,0,1.1108722686767578,3.4864511489868164,0],[1.1695680618286133,8.479602575302124,1.454756736755371,0,1.1695680618286133],[0,5.0926618576049805,6.1583757400512695,2.558810234069824,7.4015398025512695],[4.51010799407959,8.73494577407837,4.885841369628906,0,0],[6.808406352996826,3.3143014907836914,2.165243148803711,0,0],[7.133315086364746,3.04660701751709,1.0365839004516602,0,0],[1.7203340530395508,6.871376037597656,1.3066434860229492,0,0],[5.516583442687988,8.099042892456055,10.588446617126465,5.516583442687988,5.516583442687988],[0,6.203803062438965,7.088634490966797,0,0],[9.147451400756836,0,0,0,0],[0,2.6310348510742188,6.361081123352051,5.28186559677124,0],[5.025872230529785,0,6.370644569396973,0,0],[2.4588241577148438,10.272740364074707,2.4588241577148438,2.4588241577148438,2.4588241577148438],[10.095766067504883,0,0,0,0]],"maxrewards":[10.57330322265625,15.538280487060547,10.642559051513672,12.723394393920898,9.383827209472656,14.315494537353516,12.262975692749023,11.221083641052246,11.674775123596191,14.231101989746094,9.978678703308105,12.302206993103027,12.28195858001709,16.079021453857422,12.147457122802734,19.767959594726562,11.22176742553711,12.759651184082031,16.871843338012695,14.74637222290039],"bestoptions":[1,1,2,0,0,5,1,4,0,4,5,5,4,1,0,5,0,1,4,5]}
