{"actions":[[1,1,1,3,5],[1,3,4,0,2],[1,2,5,4,5],[1,0,5,3,1],[0,2,4,4,0],[0,4,2,4,4],[1,2,4,0,4],[1,3,5,3,3],[3,1,5,5,5],[0,2,1,4,0],[1,3,4,4,4],[4,2,4,4,4],[1,3,5,1,1],[0,2,4,1,1],[1,3,5,1,1],[1,2,4,4,4],[3,2,1,5,5],[2,5,3,1,5],[2,1,4,5,5],[4,5,3,1,5],[5,3,1,5,5],[2,3,4,2,2],[5,5,5,5,5],[5,3,0,3,3],[0,2,3,5,5],[4,2,0,1,1],[1,3,5,5,5],[5,5,3,5,5],[4,2,1,0,0],[0,5,4,2,2],[2,4,0,0,0],[1,0,3,5,3],[3,1,2,3,3],[2,3,4,2,2],[3,1,3,3,5],[3,2,5,1,1],[1,3,5,5,5],[4,2,0,2,4],[4,4,4,4,4],[3,1,4,3,3],[4,5,5,5,5],[5,4,1,2,1],[4,2,0,4,4],[5,3,2,2,2],[2,4,0,2,2],[3,1,5,1,1],[2,1,1,3,5],[1,5,3,1,1],[1,3,5,5,5],[5,4,2,5,1],[5,3,1,5,5],[5,3,1,1,1],[2,4,1,1,1],[1,3,1,1,1],[1,3,5,5,5],[5,4,2,0,0],[0,4,0,4,4],[4,3,5,2,1],[2,1,2,4,2],[2,2,5,2,2]],"rewards":[[5.525169082930198,5.613367444970119,5.494392105996783,7.465029959456075,10.03869168884933],[2.939030171146958,3.2745204532434893,8.885595640980016,9.018081669985564,8.671490008606941],[8.260645229821383,15.776706149972131,13.673313761125915,16.854081941835954,13.433253941974694],[4.70079750018325,3.571162624650888,6.341792279463253,5.553119892493064,4.625124625997395],[7.992917135744106,7.467152898058858,7.503933388915394,7.538661985132503,7.981983955534248],[11.80431767006002,13.106565542841363,12.235403634845087,13.120212762566831,12.993215096131726],[4.723323868599072,5.075111331599817,5.917980807858949,4.165815150091916,5.783026539096955],[6.016517436233127,6.723052694723771,6.244591401723954,6.723810603625944,6.848605809980347],[12.511198108668502,10.809854890863598,12.685360420302459,12.49169230876236,12.75250275610736],[2.8079627745523714,3.9007305631570315,3.398906917957418,4.575274614490393,2.815562180284518],[2.0612013171949366,1.5798395022786171,8.465473350215653,8.634474885769771,8.339161900956002],[12.981203731429968,12.73839376815421,12.79507679920264,12.756328127271843,12.983027957157136],[7.888915938823546,7.309596370229517,5.745399197330704,8.09930726171407,7.936301492999902],[1.9083505924265143,1.5472373152094916,1.9636671057894486,6.1123284909413,6.237218489239673],[14.183886114174284,13.556776788355483,12.785951041469616,14.233957195989252,14.12748426318404],[2.5574764574268727,2.8907569081882447,5.320768725497458,5.2373099960448055,5.291217255814588],[3.3798661987510696,0.36760743758983405,4.301814932501832,4.433262505090684,4.232360031311584],[3.4048041929228368,9.908228622907995,7.378641966597071,6.7907265054199,9.866008150471554],[2.6323116433279172,2.1228698745981736,2.6625129328335038,3.650230893125127,3.743616927712929],[1.1379614236082927,5.569218812296635,5.745010247823964,5.559774879031388,5.7455675998514515],[9.221781986902409,9.271107464133205,7.7922807831306455,9.229740279519453,9.36861450603467],[2.71137855404362,1.907488234747883,1.2041303548043474,2.5698734887104213,2.651110327380621],[10.819994391320671,10.901193852458588,10.768645245858172,10.791696646769461,10.778167916973851],[10.98923219722468,13.54664706793528,8.11645439126071,13.600438908738212,13.595685680277706],[2.0764415631571524,2.9313401072178755,3.2543242554466723,4.961583553007184,4.946714657147063],[4.3428837738720265,3.760140206324525,3.544173352544293,10.585630498371481,10.702689854910204],[13.320764408630705,14.17319856143008,16.129267855676442,15.988871558312313,15.938711001746869],[9.853384732710332,9.83000943098715,7.280297184624222,9.898803994904725,9.821301164530109],[6.584611329886626,6.121299668819134,0,7.3697402225265085,7.399066430484442],[12.69861545572435,10.294408879951755,15.579556513027093,13.363824451425014,13.34970579119829],[7.315222139802441,6.32476078713745,8.298032150110961,8.277632895272603,8.203587936464858],[4.146495510010294,0.7946989138942532,4.6063264666136385,5.112321041567706,4.600485342944711],[10.91119094137531,11.770368054108834,8.674654290076148,10.821916341864144,10.753296751356872],[3.9309624986511,3.2507302208587796,2.1312134460868486,4.010181025860478,4.024390377563429],[6.5420731694133565,5.833030348037093,6.185170659247308,6.283923044805971,5.517797852156994],[9.567610282813172,4.689952553742103,6.55728468794711,10.24080206334222,10.27004428959622],[5.681860264650589,7.233951216459293,9.131942848882103,8.862997689533106,8.87030362865689],[10.750296732725932,11.474420402763014,10.469602119292354,11.18163692335053,10.578581032913332],[18.973043719604117,19.003430598454383,19.014438217936455,19.191213861141996,18.961445195911693],[4.0733967954390335,0.9958741646563029,3.2996598066016474,4.431970506525206,4.298904388074296],[2.4149882039153785,8.522051017037668,8.516577095477277,8.468759448743233,8.643679753799631],[12.845090079683953,5.58898034987733,9.630854848572236,4.991731287136937,9.743058717488323],[5.590654686342798,3.781854864296356,1.9558397235976424,5.354913311646173,5.4735255293767535],[0.6171709949144091,1.3465182142690626,7.574636258585386,7.683593161206536,7.870525164449342],[11.68560591115425,13.400841793662584,10.049296836289384,11.343656347685162,11.503714215428792],[4.427665994853736,5.785618311652147,2.597023927441966,5.8048245956576645,5.757977125238012],[2.729125441759418,8.956053128221672,8.861767946149836,9.054283031942909,8.775807962572207],[14.743541527604055,11.327847272697479,13.421856524803871,14.703368592141935,14.630667903583985],[5.035784753405882,6.738516965672459,7.6419713683217,7.463806644677165,7.514547501167362],[4.139179488765622,1.794316460139859,1.2395350033086012,4.164248890828907,4.5879825175358615],[11.753366432499302,11.349821137939442,9.579214357478081,11.907895795966253,11.592393577751762],[4.625688542223681,5.635521274616445,7.501724791210912,7.551639940612607,7.457460569271293],[5.280697061678095,4.90391940424005,11.803808219334911,12.084394301195184,11.722106203652965],[19.384946579402943,18.116853594420892,19.465991723032854,19.59651176170697,19.301415886314153],[5.9078290111991105,7.772837140064005,8.782928233380296,8.784204443640245,8.99567110223343],[3.0166455194488773,8.793918819408235,8.618348321182989,8.977448680908347,9.056503162231552],[14.714003308703813,17.3316117225625,14.6784269725213,17.418670530987935,17.385119239322943],[1.479936438543968,2.6206760230853137,1.0144222578116149,4.29196699653745,4.533068031219735],[5.6616001533404035,0.9304084304445658,5.762627357596704,5.77562981679991,5.616045417174556],[10.135528240399438,10.016241005850416,2.094388036112873,10.091036480342702,10.219949050865447]],"times":[[60345,4497,1381,6221,3509],[2723,4316,1331,3019,2215],[3312,989,886,3305,7046],[2685,3309,3550,1519,1142],[3858,1092,399,3621,1321],[2492,2151,987,645,623],[5884,853,953,2123,1831],[2341,2219,485,986,682],[3659,1493,5059,518,287],[7696,2121,1012,4063,2221],[9927,2126,949,1401,208],[1806,2697,721,256,77],[4168,1423,2003,1683,348],[1622,1255,1937,1941,2791],[1223,1839,1619,655,610],[8726,1225,1233,1935,674],[52494,1460,1641,1452,1055],[2015,522,1998,2666,595],[8611,631,1372,1186,701],[2431,255,2155,1208,456],[1014,2167,119,24,274],[41071,2156,1453,379,1290],[2083,395,137,74,545],[725,1429,1098,2722,158],[12360,956,3134,1003,433],[5210,1397,1020,1316,2618],[356,7462,672,365,254],[7198,721,1800,384,1419],[3696,1580,933,1477,499],[1356,1750,1143,3916,930],[1537,1112,1421,414,224],[1278,462,1399,855,432],[469,1296,891,552,1237],[39418,2234,759,516,201],[4778,1013,321,133,205],[1278,570,1199,1231,512],[2101,2338,23,120,5],[3234,1699,1240,1105,666],[816,923,310,135,117],[11851,960,1756,765,199],[1332,509,431,328,112],[1787,799,729,880,681],[22473,2147,1853,740,118],[1987,3591,1446,450,218],[638,1147,1798,343,31],[3066,1111,1854,144,58],[1384,612,506,1390,1011],[1029,947,588,248,207],[1366,1120,405,295,182],[1250,155,1028,460,8142],[1463,1334,953,224,81],[790,1243,1311,275,231],[1032,1266,223,706,262],[217,2213,300,201,157],[644,1062,768,220,137],[491,605,2114,1032,318],[785,1705,533,115,385],[1378,1246,469,648,807],[276,716,440,714,253],[472,3527,698,115,193]],