{"actions":[[0,5,5,5,5],[0,5,0,0,0],[0,5,0,0,0],[0,5,0,0,0],[0,5,5,5,5],[0,5,5,5,5],[0,5,0,0,0],[5,0,0,0,0],[5,0,0,0,0],[5,0,5,5,5],[0,0,0,0,0],[0,5,0,0,0],[0,5,5,5,5],[0,0,0,0,0],[0,5,0,0,0],[5,0,0,0,0],[5,0,0,0,0],[5,0,0,0,0],[5,5,5,5,5],[5,0,0,0,0],[5,0,0,0,0],[5,0,0,0,0],[5,5,5,5,5],[0,0,0,0,0],[5,0,0,0,0],[5,5,0,5,5],[5,0,0,0,0],[5,0,5,5,5],[0,5,0,0,0],[0,5,0,0,0],[0,0,0,0,0],[5,0,0,0,0],[0,0,0,0,0],[5,0,0,0,0],[0,0,0,0,5],[0,0,0,0,0],[5,0,0,0,0],[0,5,5,5,5],[5,5,5,5,5],[0,0,0,0,0],[5,0,0,0,0],[0,0,0,0,0],[5,5,5,5,5],[0,5,0,0,0],[0,5,5,5,5],[5,0,0,0,0],[0,5,5,5,5],[5,0,0,0,0],[0,5,0,0,0],[5,0,0,0,0],[0,0,0,0,0],[5,0,0,0,0],[5,0,5,5,5],[5,0,0,0,0],[5,5,5,5,5],[0,0,0,0,0],[0,5,0,0,0],[5,5,5,5,5],[5,5,5,5,5],[5,5,5,5,5]],"rewards":[[3.0993254784215116,6.801065239306313,6.882503380726754,7.001240718108378,6.914754627527493],[8.65909513216557,2.8325046510768788,8.66257078159348,8.607785155534964,8.625770407917347],[11.472684297079356,9.730065175226228,11.496837473957472,11.629273560359444,11.638842798942205],[5.7770762893987895,3.335290618639374,5.921131038253612,5.941484184097205,5.676240046865126],[1.2706960861589702,6.328310079778876,6.2404761642656235,6.332376301722262,6.239181185984132],[7.086532395599707,9.989481701115057,9.887223594323245,9.776465243241084,9.784082862210294],[9.197128257667355,4.560597632165576,9.097774192143167,9.260647665985289,9.267477384103671],[0.23281132890070233,6.662159223865427,6.5905989964531555,6.635293907958462,6.816444812620387],[4.689839630419587,15.718509462688925,15.877072124674942,15.883362769323496,15.992287569986367],[6.905065432865034,3.741696650599832,6.884211213026608,6.784329387208257,7.139788026588572],[5.968356685328129,5.717951985828224,5.847651189948265,5.843970368189604,5.90494716115683],[9.496790771809536,9.034047367132667,9.428600893292588,9.488958976028291,9.563969689554346],[3.9700515729231447,7.267747940608329,7.3350710486325585,7.1392409003517425,7.417578611217317],[7.091615802038637,7.211150522323672,7.109736665113612,7.09670002302251,7.139685302275906],[11.1655568159658,10.286933091089718,10.935170190333976,11.04733245421488,11.078542403890687],[3.1543742346436825,7.513882764436872,7.738142557971235,7.655904468497821,7.646993970940588],[2.237333333817843,6.690092200046327,6.731154012745232,6.671959778933478,6.71870357709622],[5.469967701215814,14.321851946700846,14.41780372150547,14.405126424773833,14.282856356531745],[7.854203458279922,7.591357840230654,7.851061479852789,7.822313177173215,7.804990731614498],[2.0887216539368443,5.785419031272225,5.713395358650546,5.843286974650228,5.815499571845835],[2.200664906366695,10.525926027744555,10.476660653243052,10.300066305796776,10.581653454649963],[4.601922026936491,8.59381515403579,8.488364748061446,8.296084050445335,8.379137529830887],[10.632052694810243,10.601309889741305,10.535531003822522,10.550349559827277,10.610349376160524],[13.617298253740111,13.56250482720739,13.858977209272748,13.701804576579587,13.607623624411405],[4.817723443511795,9.50281274017493,9.716434428652633,9.524042228066197,9.36528393717077],[4.093570672661855,4.084338792264171,0.2409357044933778,4.157194672025993,4.236605672735358],[8.829101173297776,9.942205738880155,9.594794035620806,9.584228260711,9.619549551075076],[4.958058675703858,2.1884445035168842,4.68372642344155,4.765760751004239,4.689727917682034],[5.924123602696625,1.2076881852234398,6.012596272587866,6.159562604194636,6.049544800480492],[8.13812904102615,5.907303077379086,8.240461225021086,8.238453121414853,8.204199982524795],[9.296349999211102,8.8902895459674,9.08024555032176,9.013728101271171,9.225378730283225],[0.6759371229923804,4.564126450439981,4.39481332674899,4.450237074282153,4.294243303116269],[13.791215353764382,13.510807315064437,13.464731329670217,13.700173644807881,13.481479300825617],[1.9809798327231385,5.470074495110187,5.4444425070115114,5.583806631746224,5.593778937526069],[6.474814971992295,6.600063801031466,6.409994994934532,6.2080085781789105,0.334852774608178],[11.84110155492997,12.038023394807919,11.967017802179019,11.873618291430034,11.836840391886678],[2.6017524069438376,7.536010638302621,7.370277273983639,7.369204274836094,7.169856502002494],[3.061929565745035,8.566388766591146,8.774440594762359,8.968643592934608,8.528276249416095],[11.573840295455856,11.197795949962897,11.440256543580675,11.441569445886579,11.426754419239362],[6.155036782104315,6.0942955812676685,6.393800132545795,5.892419119622493,6.01885590932514],[4.136089327757118,9.417112265508704,9.297363347171755,9.136823527080283,9.360210866705872],[15.347704793926555,15.471355906702588,15.1370699302063,15.389636971922604,15.517456749549657],[7.786446622983231,7.589071285499934,7.850258529500119,7.61317710716817,7.693983458421029],[2.4223377090844607,0.9350674694934722,2.293316304931592,2.683654507644952,2.4601631649469113],[7.790447691734053,8.469174562680209,8.553628542849678,8.605133005616688,8.631738087906335],[0.8068562189866532,5.181585021957594,4.986242291831106,5.022174212752826,5.183785292033578],[2.3207286850176523,3.274256831194984,3.249776286602304,3.1038849611366564,3.108155580720088],[4.028693462438355,7.255119860682242,7.190084629021644,7.09185191787737,7.2654698776493145],[5.211944432289141,2.0803128144777796,4.842312152676579,4.77084619337748,5.163468791990721],[3.7010807849712974,8.651659001354677,8.499060384223315,8.564774909466989,8.584917524314209],[13.57370595696508,13.558068386413394,13.434414580830104,13.684492597420652,13.586040727342262],[1.850776087384842,5.963363256263885,5.6865882594568795,5.636627352624586,5.962288346940105],[5.1538261876903615,1.8499673616732593,5.0456636493160465,5.163951525660001,5.154445956532681],[7.101440011656511,7.455663986677116,7.338822781230561,7.5257558242171445,7.482067555430411],[5.79554121652106,5.774955878421303,5.744425431449913,5.8750666965534695,5.859584905190119],[6.0462806119209,6.007065824233927,5.955168660506146,6.058086633978616,6.156919507556556],[9.261304289983883,5.477279471235488,9.451342090201457,9.219295691534267,9.195927251031293],[4.98519237429887,4.915338044454329,5.049786984255666,4.972232930832139,4.831286462029425],[7.240257247127644,7.20807494412135,7.397240546609552,7.238664419124418,7.372104296688909],[11.998705216334908,11.95355501728097,12.103122665636445,12.209876417829063,12.124906253805268]],"times":[[15873,752,1518,136,158],[2424,822,161,175,16],[1772,393,273,569,197],[2423,331,86,69,397],[765,477,93,327,324],[628,312,286,148,71],[1184,464,109,452,273],[999,134,125,337,40],[2277,207,17,300,416],[1949,774,288,48,333],[930,277,283,339,24],[1009,453,302,254,151],[787,184,189,108,29],[559,189,368,112,130],[874,325,70,442,165],[1043,149,340,229,102],[885,62,192,94,30],[559,41,443,341,144],[1118,285,37,64,54],[621,392,282,74,414],[450,111,100,327,360],[1116,73,303,137,99],[440,157,344,114,193],[945,769,75,270,55],[1413,357,205,290,85],[1302,130,54,350,106],[683,327,210,184,103],[1295,301,290,6,263],[738,616,228,53,208],[722,276,29,310,278],[1629,200,138,83,66],[427,43,434,83,49],[604,125,385,101,40],[1727,389,147,117,152],[717,234,230,256,394],[390,157,277,58,69],[1011,74,279,17,332],[1192,6,345,22,117],[353,174,257,222,274],[797,144,192,135,83],[403,370,239,67,52],[338,82,49,60,655],[1754,259,369,343,93],[332,151,213,104,263],[671,703,256,231,14],[661,285,48,89,90],[1377,40,154,15,322],[408,252,230,399,181],[663,186,76,292,263],[1828,40,236,319,250],[317,107,122,78,8],[568,40,181,8,277],[320,770,265,7,508],[334,280,182,158,110],[525,654,32,211,295],[305,152,365,194,8],[370,174,459,147,394],[738,282,149,230,81],[735,73,51,301,78],[452,30,365,337,105]],