{"actions":[[0,3,0,0,2],[0,5,1,0,2],[0,2,2,3,1],[3,4,1,2,3],[1,1,1,2,0],[1,3,1,0,3],[0,0,2,3,3],[0,0,1,3,1],[4,2,1,0,0],[0,2,1,1,0],[2,2,0,4,4],[0,0,0,1,3],[0,0,4,2,2],[0,0,4,4,3],[0,1,0,3,1],[0,5,4,3,3],[0,1,3,2,2],[0,5,0,0,3],[0,0,5,1,3],[4,2,4,5,3]],"rewards":[[6.022411935572618,11.148200894550422,5.765079174154209,5.744332015900629,4.627570105424271],[10.17103353398829,6.92670240840135,4.926193163048112,10.351248779803033,10.535701816981474],[4.5921671854050885,6.8141499652313176,6.73533430558574,11.156575960612983,10.684887766782651],[10.609381354216763,6.225249581485135,11.321743269637047,7.255917399868106,10.59135906140975],[11.118313878667108,11.171254736443895,11.190151024167678,5.143217624341917,2.828426743177962],[7.434396509940132,5.732739140688218,7.274090218324879,13.7620849466953,5.841615073576674],[20.610366725269596,20.39502561377325,18.289784734738447,11.463066467739006,11.49660892151591],[7.696587830071825,7.701519013421265,6.38922830722843,7.341075889282849,6.3699946538819505],[9.617792866710525,11.843273069427195,5.834448296285531,13.026190245455863,13.10355894532933],[13.015034873870286,14.829145928713494,7.031449630753918,6.976126360061984,13.110677041026157],[14.839543857552622,14.698622631048039,3.9568775122628637,6.489725132681425,6.1857055584729315],[8.343617793213788,8.422717536343944,8.448250349631044,14.09363760250017,12.089815449716001],[19.238016544806264,19.313465659798013,17.919965715725603,17.737689912998093,17.551220670988748],[2.5258122680279937,2.665184664869143,5.6113350190518885,5.665088103091968,8.0032797034236],[8.861609259260524,12.872108374973285,8.940060922678672,9.09723194590243,12.79910768418694],[11.69213252413598,8.169436558003191,13.69283701158577,8.630217722849007,8.852606978239322],[8.087428978763992,16.574784121019896,19.065636809898187,9.895971153961066,9.745997800030327],[9.752668837628281,10.284027635781557,9.933795286241056,9.738842597956785,11.787867898078392],[13.107386515498087,13.239620633859762,6.376468283858964,7.926551644031757,7.924890871663685],[12.538683908446798,9.025608544967659,12.394612861437853,7.206971217265308,6.760890289256317]],"times":[[6063,129,141,173,173],[1900,1,26,332,109],[351,83,102,145,89],[307,98,125,11,97],[454,19,132,22,41],[495,7,59,115,117],[354,78,91,28,84],[306,75,26,38,37],[289,16,42,65,55],[210,63,162,58,13],[183,56,36,98,62],[185,69,39,10,1],[47,61,31,157,1],[153,21,15,160,66],[156,12,12,108,105],[143,52,47,10,7],[134,9,1,10,1],[28,20,29,33,16],[137,6,40,30,41],[855,57,38,49,39]],"condition":[["negodd"],["poseven"],["posodd"],["negodd"],["posodd"],["negeven"],["negeven"],["poseven"],["negeven"],["poseven"],["posodd"],["negodd"],["negeven"],["posodd"],["negodd"],["poseven"],["posodd"],["negodd"],["negeven"],["poseven"]],"envs":["envs/add/negodd/negodd1.json","envs/add/poseven/poseven91.json","envs/add/posodd/posodd72.json","envs/add/negodd/negodd14.json","envs/add/posodd/posodd20.json","envs/add/negeven/negeven4.json","envs/add/negeven/negeven82.json","envs/add/poseven/poseven59.json","envs/add/negeven/negeven80.json","envs/add/poseven/poseven66.json","envs/add/posodd/posodd93.json","envs/add/negodd/negodd99.json","envs/add/negeven/negeven60.json","envs/add/posodd/posodd94.json","envs/add/negodd/negodd85.json","envs/add/poseven/poseven40.json","envs/add/posodd/posodd64.json","envs/add/negodd/negodd3.json","envs/add/negeven/negeven74.json","envs/add/poseven/poseven38.json"],"money":"3.90","age":20,"gender":0,"hand":0,"experiment":"noncompositional","instcounter":1,"subjectID":"61080251c140eb66a672bcdf","studyID":"6168186185dddf5426605411","eval":[["posodd"],["negodd"],["negeven"],["poseven"]],"regrets":[[6.428520679473877,1.1108722686767578,6.428520679473877,6.428520679473877,7.791965484619141],[1.8614006042480469,5.151620864868164,7.342072010040283,1.8614006042480469,1.5899648666381836],[7.103335380554199,4.815826416015625,4.815826416015625,0.5210304260253906,0.865570068359375],[0.6624250411987305,5.200576305389404,0,4.0004425048828125,0.6624250411987305],[2.715045928955078,2.715045928955078,2.715045928955078,8.744775772094727,11.191660404205322],[6.329572677612305,7.930243968963623,6.329572677612305,0,7.930243968963623],[0,0,2.146585464477539,9.038496971130371,9.038496971130371],[2.5393595695495605,2.5393595695495605,3.8793697357177734,2.9418535232543945,3.8793697357177734],[3.0977582931518555,0.9602327346801758,7.302242279052734,0,0],[1.5972967147827148,0,7.7323126792907715,7.7323126792907715,1.5972967147827148],[0,0,8.12000322341919,5.6995391845703125,5.6995391845703125],[5.858743667602539,5.858743667602539,5.858743667602539,0,2.1133556365966797],[0,0,1.17462158203125,1.538116455078125,1.538116455078125],[6.733622312545776,6.733622312545776,3.4403858184814453,3.4403858184814453,1.0692882537841797],[4.011445999145508,0,4.011445999145508,3.7072296142578125,0],[1.9455947875976562,5.592291831970215,0,4.912897109985352,4.912897109985352],[12.196406841278076,3.3761463165283203,1.1349010467529297,10.315937995910645,10.315937995910645],[1.9476308822631836,1.4288873672485352,1.9476308822631836,1.9476308822631836,0.00022602081298828125],[0,0,6.8787994384765625,5.340636253356934,5.178132057189941],[0,3.3767051696777344,0,5.4635138511657715,5.752195835113525]],"maxrewards":[12.262975692749023,12.035804748535156,11.575958251953125,11.306570053100586,13.944721221923828,13.658180236816406,20.471792221069336,10.263191223144531,12.98071575164795,14.783900260925293,12.021240234375,14.231685638427734,19.13727569580078,9.120410919189453,12.86020565032959,13.70053482055664,20.171321868896484,11.65781307220459,13.148038864135742,12.46699333190918],"bestoptions":[1,4,5,1,5,0,0,4,0,2,5,1,0,5,1,4,5,1,0,4]}
