{"actions":[[0,1,3,5,3],[1,3,5,1,3],[0,1,2,4,2],[0,1,3,5,4],[0,2,1,3,5],[1,2,4,0,4],[0,1,3,5,1],[1,0,2,4,3],[0,1,2,4,5],[0,2,4,2,0],[0,1,3,5,3],[0,2,4,2,0],[0,1,3,5,3],[1,0,2,4,3],[0,1,3,5,3],[1,3,5,1,5],[2,1,4,3,5],[0,2,4,2,0],[0,1,3,5,2],[0,2,4,2,4]],"rewards":[[2.6399415248320404,6.179562363187476,8.095972160754316,9.043106730451159,7.78527934494524],[15.934968941413253,16.087400862663056,13.749056446601633,15.826675438230678,16.164931987171002],[14.078881971880957,9.939873403851335,12.69090549888019,9.841066559453363,12.655825525758663],[10.289394522220885,3.9087734334775517,6.092939335705234,9.499327895008406,13.411654923385463],[9.736917135872861,7.298089669746618,11.821061191552538,11.18010104236827,8.990734584477517],[8.236272624976442,14.929980286077065,17.276961436654382,14.5671705094374,17.086573241999524],[3.4972187507491825,10.651902831189771,12.112376724735363,14.480167204087149,10.715142768002579],[7.2252132026805915,10.872152934779958,10.997448157490988,6.810126762627183,7.1716470925322655],[13.393567045586247,6.770027079883516,10.281884102743591,8.851203643161544,4.277962964523699],[10.1044178981533,10.3637999617049,11.154883580796026,10.474591040858535,9.948329753887162],[9.166670742852897,15.515597489047131,14.425702126337764,14.5662888225488,14.287819501211443],[12.341606963882551,12.379656531071099,15.257046587608105,12.259717258172296,12.349527958931533],[6.703419172055964,14.795126617248348,16.995434667383837,17.68814572991448,16.827991904934525],[5.425493299407123,10.170751782750829,9.923436267661637,8.741615234200065,4.6527003861689],[4.632866475890741,12.602053605761114,12.635513751129865,14.742667267616167,12.50132453481399],[12.278230728971074,10.9890304083383,8.830998785124681,12.287303195410578,8.784347225534155],[5.1492426370213105,8.548375706295353,6.36214154671606,10.289939260174863,11.419828837567882],[12.133371340185972,10.815641220322052,8.709986226761195,10.872366894942493,12.262764131668051],[6.665022195897765,10.873236441135116,7.914836683378168,6.770830247331748,4.849079137205312],[12.544878739918909,14.711992922365852,15.989213136967487,14.64020521144897,16.20670279386326]],"times":[[14788,1624,2462,1483,3554],[2046,1491,1037,1114,1136],[2796,443,820,1238,1281],[2412,641,952,722,853],[3036,1152,575,584,353],[1895,1012,857,774,1315],[2668,724,823,589,562],[1958,841,333,569,685],[2775,258,635,522,436],[1073,809,641,592,986],[1054,1184,779,639,444],[1273,591,623,643,652],[2293,494,530,590,541],[814,787,866,424,387],[1119,312,436,395,345],[1405,686,500,483,1059],[1556,417,555,637,454],[797,560,561,727,248],[574,377,773,659,957],[870,494,683,787,397]],"condition":[["posodd"],["negodd"],["negeven"],["poseven"],["negodd"],["poseven"],["posodd"],["negeven"],["negeven"],["poseven"],["negodd"],["poseven"],["posodd"],["negeven"],["posodd"],["negodd"],["posodd"],["negeven"],["negodd"],["poseven"]],"envs":["envs/add/posodd/posodd94.json","envs/add/negodd/negodd54.json","envs/add/negeven/negeven68.json","envs/add/poseven/poseven14.json","envs/add/negodd/negodd97.json","envs/add/poseven/poseven84.json","envs/add/posodd/posodd65.json","envs/add/negeven/negeven36.json","envs/add/negeven/negeven28.json","envs/add/poseven/poseven45.json","envs/add/negodd/negodd71.json","envs/add/poseven/poseven10.json","envs/add/posodd/posodd18.json","envs/add/negeven/negeven15.json","envs/add/posodd/posodd11.json","envs/add/negodd/negodd9.json","envs/add/posodd/posodd1.json","envs/add/negeven/negeven48.json","envs/add/negodd/negodd30.json","envs/add/poseven/poseven90.json"],"money":"4.03","age":20,"gender":0,"hand":0,"experiment":"noncompositional","instcounter":0,"subjectID":"610c0a25b691ccd5801a4c0d","studyID":"6168186185dddf5426605411","eval":[["posodd"],["negeven"],["negodd"],["poseven"]],"regrets":[[6.733622312545776,3.030595302581787,1.0692882537841797,0,1.0692882537841797],[0.18883705139160156,0,2.3293991088867188,0.18883705139160156,0],[0,4.139991760253906,1.404250144958496,4.261725425720215,1.404250144958496],[3.325497627258301,9.477926254272461,7.340350151062012,3.890252113342285,0],[2.1412010192871094,4.5275092124938965,0,0.6910161972045898,2.865321159362793],[8.81936264038086,2.3130388259887695,0,2.6191043853759766,0],[11.034912109375,3.642240524291992,2.245245933532715,0,3.642240524291992],[3.775418281555176,0.2777900695800781,0,4.236761093139648,3.96938419342041],[0,6.501680374145508,2.966289520263672,4.272027969360352,9.055072784423828],[1.1250324249267578,0.7413845062255859,0,0.7413845062255859,1.1250324249267578],[6.2233781814575195,0,1.188502311706543,0.8490581512451172,1.188502311706543],[3.220564842224121,3.268678665161133,0,3.268678665161133,3.220564842224121],[10.638113975524902,2.6515846252441406,0.5460319519042969,0,0.5460319519042969],[4.71294641494751,0,0.27697181701660156,1.4072818756103516,5.288472652435303],[10.095766067504883,2.1285667419433594,2.248734474182129,0,2.248734474182129],[0,1.2835330963134766,3.445345878601074,0,3.445345878601074],[6.5023698806762695,3.073338508605957,5.220824241638184,1.1578197479248047,0],[0,1.3479595184326172,3.4423046112060547,1.3479595184326172,0],[4.187142848968506,0,2.893296241760254,4.211007595062256,6.112295627593994],[3.441194534301758,1.3418655395507812,0,1.3418655395507812,0]],"maxrewards":[9.120410919189453,16.090774536132812,14.140832901000977,13.445243835449219,11.856703758239746,17.21282958984375,14.315494537353516,11.157499313354492,13.263086318969727,11.097959518432617,15.420348167419434,15.50332260131836,17.53896713256836,10.078596115112305,14.74637222290039,12.271322250366211,11.61937141418457,12.14651870727539,10.827651977539062,15.962085723876953],"bestoptions":[5,3,0,4,1,4,5,2,0,4,1,4,5,0,5,1,5,0,1,4]}
