{"actions":[[1,2,0,0,0],[1,2,4,0,4],[1,4,4,4,4],[1,2,5,5,5],[5,0,0,0,0],[5,4,2,4,4],[1,2,5,5,5],[1,2,1,1,1],[2,3,3,3,3],[0,5,0,0,0],[2,3,5,5,5],[1,1,1,1,1],[2,3,0,0,0],[2,3,0,0,0],[1,0,0,0,0],[2,3,0,0,0],[2,3,5,5,5],[1,2,1,0,1],[2,3,5,5,5],[2,3,5,5,5],[5,5,5,5,5],[2,3,0,0,0],[2,3,5,3,3],[2,3,3,3,3],[2,3,5,5,5],[2,3,5,5,5],[3,4,3,3,3],[2,3,5,5,5],[2,3,0,0,0],[1,0,0,0,0],[2,3,5,5,5],[2,3,0,0,0],[1,1,1,1,1],[2,3,5,5,5],[2,3,5,5,5],[4,5,5,5,5],[2,3,5,0,0],[2,3,0,2,2],[2,2,2,2,2],[2,3,5,5,5],[2,3,0,0,0],[1,2,2,2,2],[2,3,5,0,0],[2,3,0,2,1],[0,0,0,0,0],[2,3,0,0,0],[2,3,0,5,5],[2,3,3,3,3],[2,3,0,0,0],[2,3,1,1,1],[1,1,1,1,1],[2,3,0,0,0],[2,3,0,0,0],[0,0,0,0,0],[2,3,5,5,5],[2,3,5,5,5],[5,5,5,5,5],[2,3,5,5,5],[2,3,2,2,2],[4,4,4,4,4]],"rewards":[[7.466114215327826,6.235433674805126,7.919855802608896,7.9450689884206325,8.140873417153557],[2.875106397774816,5.948883872135534,6.986908406346889,6.512714867815439,6.784481734151706],[10.215953453739191,12.06394667903331,12.011535768682773,12.014244876696438,12.181595214495871],[3.9794934395763377,4.483638065214522,6.847979221241798,6.847643176071524,6.629055714741476],[0.5438631936785907,5.3584986772675345,5.37457564697119,5.263074325297013,5.358826441120247],[7.125704422733163,11.499880910451916,8.829224220859539,11.522340106513663,11.232888070061914],[5.599976112948474,6.3399308012491336,9.688744534188974,9.586896759061721,9.612056330026345],[8.129825761085696,2.502825087269954,8.21709084642385,8.153994302423678,8.143845071028375],[8.87888434253399,16.05275076725606,15.89485471923874,15.867332481913774,15.723481427566592],[6.369321594022668,0.22925116104954396,6.366981466711862,6.630941472731544,6.595327371178783],[0.11984976070666548,7.795525091352147,7.899362015548796,7.617369393915058,7.792683492547354],[12.761805030657392,12.518858473902796,12.629664630081935,12.564458298548034,12.803939952910573],[4.144115161705208,3.5827184986375755,5.634023947991261,5.667580289120826,5.536369158667864],[4.077942847436055,0.41104134055965974,4.0574042654802085,4.010931436883163,4.203209006897231],[5.760985403640827,9.648520823955534,9.372481189433698,9.539271129954619,9.662373600423894],[7.392197038648574,6.941516950299849,9.17667190271424,9.13367106356073,9.105783223882609],[2.859847797889161,8.793922587617674,8.835531270824266,9.082653321062411,8.812900134489249],[16.7403233195419,10.145012526254643,16.79099880019004,12.388792202657273,16.79808401446673],[4.853987396109831,5.182750979343991,7.089277588174456,7.098195056501155,7.30780296742709],[0.14693365147151413,5.7602477879488605,5.943607199306816,6.331528535871304,6.225130039443411],[13.20937691632046,13.210237934413398,13.078816861786539,13.184730629290696,13.053606538830985],[4.073838458818102,3.2442425080588486,6.177964545616397,6.143358394405713,6.158637819751379],[0.7379998723126304,6.542706248201279,5.587790170914386,6.235270354131377,6.2614504038457675],[4.641247378297845,9.413364062672086,9.619461167458041,9.47659312506143,9.53380129900973],[3.0952711814073277,3.8093903265773825,5.750561681979395,5.659536143014825,5.4764822647741305],[3.266885575953658,7.2914076241769985,7.967978062691393,7.8882815975690175,8.142913778181274],[10.980265789588659,7.521656271612082,11.184412795647416,10.995693597041601,11.093177092963757],[1.9425648709939123,2.6270284646369877,3.615238964007446,3.70486063310708,3.637052630484796],[10.501689061195366,5.033746843895621,11.116682405452373,10.926417234891952,11.033830364561949],[7.088545792239193,11.057622581446862,11.184989172824526,11.199769047534408,11.15420909147471],[3.5824308144237387,4.129418359912352,5.487178953158465,5.635287533745172,5.428100292876903],[6.081157781432098,2.0707590751321274,7.071155786029132,7.0997807398326565,7.143579236758386],[6.205291894674431,6.32144631605518,6.20662514855568,6.041771257966041,6.307395008923944],[3.0543181495677802,4.258772680944138,5.027622363498589,4.983719541130563,5.105231179188539],[1.8985079582461037,6.180405040291079,6.602812514955004,6.624873585825309,6.251329484329101],[6.163089481342829,11.634482447400678,11.740672029837155,11.596616263972484,11.760492747893249],[3.5274420116076053,3.5992806335340504,1.9531523945528195,5.82446228367066,5.601930847557927],[12.68892624803746,4.204392193379807,11.868757386244326,12.734689119210323,12.6639633448116],[16.247004463160934,16.23232955655661,16.308361151336573,16.200742589009625,16.13495916360257],[7.000777977207765,7.2799879068335,9.106409609550578,9.03210096579809,8.810671616865765],[8.237719180186243,3.271392442538344,8.407645571599614,8.435446803003883,8.459436484457084],[8.069198032350393,15.161964601076903,15.076581387386295,15.295870950662428,15.312782967787966],[6.5693343433226765,6.710435359599984,5.614043399181695,6.687696379881479,6.490419275285209],[4.541496983241258,0,4.866949597368506,4.368139242889939,0.9280098826616325],[11.471438459743368,11.50000190350038,11.407125551434996,11.475693089331296,11.527559454702738],[4.5900925763729035,3.612273946386109,7.173043912088896,7.128225438921465,7.165622505123893],[1.1783628068807546,5.350380740997008,1.9577133169498409,5.677175045536132,5.352797162395944],[5.84654070729943,9.066762770796522,8.868141555858427,8.974107426620296,9.06656041249664],[6.045028514918205,5.295527342621656,7.758373026623914,7.646286191172736,7.7456991550443925],[1.9286039054780297,7.943062933098802,8.02721704133046,7.943469503619977,7.945057616835767],[14.425456087398919,14.217559182863322,14.409995921023405,14.307794102524339,14.333401434691435],[7.818527736891306,6.774423130530673,9.038707779186174,9.100192958863973,8.91340659269125],[3.1234143671962475,1.6951789171114207,4.116659696864691,4.051628887595457,4.170109671267466],[13.322832963382844,13.059680644482548,13.229365312392149,13.155956262615947,13.110036651676298],[2.93716130236402,3.905162137297694,5.633646989891651,5.4802584962157965,5.513243509620706],[0.5378608574245654,3.4340305805402176,4.329204980511537,4.298049273353944,4.385754163600466],[9.947085119600377,9.637435509358989,9.858917696406785,9.858077866249106,9.871592068093888],[3.2087089012327388,3.580991023639178,5.723820821748225,5.748333367590659,5.6930132288170645],[9.311008196657227,3.290767460653473,9.433700828090151,9.269563999568705,9.637579349526952],[13.664888805882558,13.79190246640598,13.576760666807841,13.466608539151535,13.70362413534906]],"times":[[23623,2152,1834,1648,3332],[5173,1409,1580,2826,1040],[6175,980,748,84,72],[4938,1354,924,701,703],[5309,3871,320,474,668],[6457,3163,2019,799,28],[8144,826,567,1174,283],[8763,589,2872,473,35],[10416,811,555,2,294],[8121,871,440,935,204],[11069,690,3717,623,318],[1068,315,93,80,260],[12554,565,2082,229,83],[3296,465,1835,982,285],[7188,747,261,342,261],[7908,252,767,217,1332],[9437,206,970,408,407],[1136,1519,366,598,316],[5411,259,613,319,80],[4792,205,826,477,115],[1585,193,341,195,275],[4848,329,969,282,297],[797,205,788,1624,609],[1417,710,283,79,170],[3396,318,655,272,83],[3171,1015,3503,249,57],[2474,184,115,59,47],[2845,237,477,361,228],[2272,83,609,101,84],[4566,104,148,192,262],[2001,13,442,444,136],[1630,160,747,162,193],[370,206,103,138,237],[2980,58,350,36,3],[1000,26,681,722,149],[866,362,114,0,193],[944,26,532,1197,240],[1303,1308,699,658,273],[932,353,306,376,531],[2789,262,609,293,297],[1192,272,1814,555,339],[3036,387,239,273,364],[1068,72,690,1801,206],[1046,103,1376,632,422],[978,196,106,206,262],[1034,282,658,262,251],[2227,282,2434,442,700],[4319,981,149,136,263],[3352,532,679,305,328],[414,339,3041,283,565],[1023,95,105,24,170],[1225,780,1884,139,137],[1023,274,1319,328,95],[404,91,83,172,429],[538,792,439,240,206],[2103,229,2007,274,543],[651,207,173,116,296],[786,237,158,182,105],[888,734,1715,487,362],[2676,159,138,275,870]],