{"actions":[[0,1,2,3,4],[0,1,2,3,4],[5,4,3,0,1],[0,1,2,3,4],[3,4,5,0,1],[0,1,2,5,4],[5,4,3,2,1],[0,1,2,3,4],[3,4,5,2,1],[0,1,2,3,4],[0,2,3,5,5],[3,4,5,2,1],[0,1,3,4,4],[0,1,2,3,4],[5,4,3,0,1],[0,1,2,3,4],[0,1,2,3,4],[0,2,3,4,5],[0,1,1,1,0],[5,3,2,0,1]],"rewards":[[9.24860361405508,15.658018619077794,10.537060105776538,15.070550536073437,10.883788341074661],[8.928344555663449,14.295929248821157,7.360773658337147,12.524632723299307,5.451534894965563],[8.030369390076403,14.235502595374228,7.612047698084115,11.134839658163813,7.059463399905486],[5.88571695971564,10.730098037059163,6.841440202216484,12.053499096840836,7.423570989620877],[8.205549471592278,12.764717592863398,10.186503185415637,11.069643661779281,7.765130345846375],[6.987479373416833,10.592448738677213,6.227330129027941,9.810214064124002,4.3505076692468],[7.0121970102670845,12.460365684781266,6.713130692012029,9.041646293687558,7.241963443099061],[14.588877669091579,10.3353289762431,12.370794680527997,7.972210051327257,11.923234925809528],[5.295482084759447,9.93068645111627,3.1546112574419745,12.011113681586538,5.871612468652378],[16.538376400119247,10.934195530423105,14.954596305389487,10.122863946589947,14.387991137698819],[18.406408648943287,14.794844048786857,10.24056781379662,7.045905497862371,7.034288569250709],[10.620927845964818,5.524084714390558,9.694754514052974,7.0581396187162575,10.267292722142773],[5.55273275252693,10.223361402139531,9.259284998030795,3.0023705208358717,3.0490382670075262],[3.010937270107539,7.622518283592024,5.127524539792797,8.021466152934403,5.257815015133769],[9.313191414190037,14.277861592115288,8.112175434467032,9.675892485444159,5.423335755775783],[6.998752221938637,14.733116487806038,7.70002579980945,14.95129539483531,9.01583959303413],[9.121933892238438,15.543346262490006,7.362763405588904,14.223756359841081,7.2508472976314255],[10.18922843766644,9.797497283604049,4.7443817491495865,8.39546920923185,3.980450213342812],[5.746949231083785,13.53266483381588,13.60336290951473,13.66783522266061,5.792622264851863],[5.247657885538592,3.7670696216590485,7.217559525383917,6.29079339370541,3.456800948025727]],"times":[[13210,265,310,321,237],[699,280,231,122,216],[2552,141,188,1150,599],[524,23,105,153,600],[909,626,304,589,5],[834,499,346,1297,325],[663,92,28,379,490],[404,933,347,500,319],[613,89,28,467,450],[393,462,26,334,409],[504,523,88,359,1990],[504,444,536,631,31],[987,446,1380,472,1072],[438,56,1084,446,493],[980,13,574,488,445],[434,445,60,302,411],[405,5,0,117,24],[380,304,105,573,907],[391,337,38,1317,511],[1179,444,677,526,398]],"condition":[["posodd"],["negodd"],["poseven"],["posodd"],["poseven"],["negodd"],["poseven"],["negeven"],["negeven"],["negeven"],["negeven"],["negodd"],["negodd"],["posodd"],["poseven"],["posodd"],["negodd"],["negeven"],["posodd"],["poseven"]],"envs":["envs/add/posodd/posodd95.json","envs/add/negodd/negodd64.json","envs/add/poseven/poseven44.json","envs/add/posodd/posodd19.json","envs/add/poseven/poseven69.json","envs/add/negodd/negodd36.json","envs/add/poseven/poseven38.json","envs/add/negeven/negeven92.json","envs/add/negeven/negeven80.json","envs/add/negeven/negeven18.json","envs/add/negeven/negeven86.json","envs/add/negodd/negodd55.json","envs/add/negodd/negodd70.json","envs/add/posodd/posodd90.json","envs/add/poseven/poseven81.json","envs/add/posodd/posodd14.json","envs/add/negodd/negodd71.json","envs/add/negeven/negeven15.json","envs/add/posodd/posodd96.json","envs/add/poseven/poseven93.json"],"money":"3.79","age":20,"gender":0,"hand":0,"experiment":"noncompositional","instcounter":2,"subjectID":"6110a0a6f5b4f82d939254bb","studyID":"6168186185dddf5426605411","eval":[["negodd"],["negeven"],["posodd"],["poseven"]],"regrets":[[8.180187225341797,1.5853633880615234,6.773832321166992,2.2123184204101562,6.342955589294434],[5.249847412109375,0,6.851034641265869,1.8986682891845703,8.924608707427979],[6.411409378051758,0,6.532726764678955,3.1209897994995117,7.179971694946289],[6.759538650512695,1.8647632598876953,5.819303035736084,0.4409313201904297,5.29185676574707],[4.707235336303711,0,2.6633338928222656,1.8380136489868164,5.135698318481445],[3.442512035369873,0,4.3802385330200195,0.8240966796875,6.218940734863281],[5.4635138511657715,0,5.752195835113525,3.3767051696777344,5.228632926940918],[0,4.367048263549805,2.223292350769043,6.541782379150391,2.560023307800293],[7.602703094482422,3.0977582931518555,9.891082286834717,0.9602327346801758,7.302242279052734],[0,5.764379501342773,1.3216800689697266,6.458826065063477,2.1139068603515625],[0,3.433746337890625,8.226080894470215,11.341643333435059,11.341643333435059],[0,5.070196151733398,1.0054330825805664,3.52490234375,0.3121376037597656],[4.48748779296875,0,0.8860607147216797,7.302612543106079,7.302612543106079],[6.681504249572754,2.153247833251953,4.65846061706543,1.6746139526367188,4.539329528808594],[4.885841369628906,0,6.319561004638672,4.51010799407959,8.73494577407837],[9.035135269165039,1.3741531372070312,8.186031341552734,1.1345806121826172,6.995631217956543],[6.2233781814575195,0,7.988742828369141,1.188502311706543,8.17688274383545],[0,0.27697181701660156,5.288472652435303,1.4072818756103516,6.145308971405029],[9.469807147979736,1.8023195266723633,1.8023195266723633,1.8023195266723633,9.469807147979736],[4.119765281677246,5.454432964324951,2.129636287689209,3.2018814086914062,5.847769260406494]],"maxrewards":[17.305143356323242,14.312875747680664,14.286161422729492,12.664810180664062,12.883953094482422,10.617740631103516,12.46699333190918,14.598552703857422,12.98071575164795,16.57630729675293,18.41520118713379,10.614005088806152,10.208272933959961,9.780780792236328,14.231101989746094,16.090164184570312,15.420348167419434,10.078596115112305,15.352819442749023,9.305784225463867],"bestoptions":[5,1,4,5,4,1,4,0,0,0,0,3,1,5,4,5,1,0,3,4]}
