{"actions":[[1,2,3,0,0],[5,4,5,3,1],[0,1,2,3,5],[0,1,2,5,5],[0,1,2,2,2],[0,1,2,4,4],[0,1,2,5,5],[0,5,5,5,5],[0,1,5,5,5],[0,1,0,0,0],[0,5,3,5,5],[0,0,0,0,0],[0,1,5,5,5],[0,1,5,1,1],[0,1,3,3,3],[0,1,5,5,5],[0,1,5,5,5],[0,1,5,5,5],[0,1,5,0,0],[0,1,2,1,1],[0,1,5,1,1],[0,1,0,0,0],[0,1,5,5,5],[0,1,1,1,1],[0,1,5,5,5],[0,1,5,5,5],[0,1,5,5,5],[0,1,5,5,5],[0,1,4,4,4],[0,1,0,0,0],[0,1,5,5,5],[0,1,4,4,4],[0,1,4,4,4],[0,1,5,5,5],[0,5,5,5,5],[0,5,5,5,5],[0,5,5,5,5],[0,1,0,0,0],[0,1,0,0,0],[0,1,0,0,0],[0,1,0,0,0],[0,1,0,0,0],[0,1,0,0,0],[0,5,5,5,5],[0,4,0,0,0],[0,1,5,4,1],[0,1,5,5,5],[0,1,1,1,1],[0,1,5,5,5],[0,1,1,1,1],[0,1,1,1,1],[0,5,5,5,5],[0,0,0,0,0],[0,1,5,5,5],[0,1,5,0,0],[0,5,5,5,5],[0,0,5,5,2],[0,0,0,0,0],[0,5,1,0,0],[0,0,0,0,0]],"rewards":[[5.94232478022438,5.0835681007308535,3.4474733903566865,6.492993454475545,6.782175731122784],[5.58534290252569,0.0195078022901655,5.4345017955080275,5.4439218878542075,5.526607143471708],[6.75950483479033,11.6030822490482,4.021706493436545,9.282567540439976,7.936666808723789],[4.92261605993782,4.87497268605925,5.529178234049813,8.131971288939289,8.035708186205625],[6.014999746500672,2.349555192310095,5.991489296397424,5.899858184504075,5.997445134402406],[10.953531124557054,7.0342851391138375,11.33135895233241,13.170393746703587,13.103027326291835],[1.9539545372507954,2.4269952116504037,4.06156069784139,7.362803961630515,7.357167358601459],[0.6831277828374072,6.990673548869563,6.928313253911245,6.945627174039608,6.944366188094162],[2.709428768185086,9.704756925344936,14.419859389033713,14.246641130692966,14.38227127719464],[8.742174758494643,8.105046801412684,8.767147882156783,8.783221703691668,8.636312380806926],[0,3.6770064189367964,2.5901297917788364,3.5557240370802465,3.7820495743312366],[8.509304392984408,8.604505896346492,8.244381627355565,8.441575118997193,8.446774451996513],[1.2961018621977765,2.2226313481125533,5.380141970563309,5.353050109547759,5.5457136526169615],[2.059119554260031,8.21335640536647,7.6224988442679775,8.153124515266748,8.233321430334241],[3.575623479470709,10.461929107402678,14.164599325053473,14.427330475751559,14.395820087979095],[4.171658678763856,4.156228168844397,6.04253264509691,5.941689119415939,5.900971950922189],[2.888794748008373,10.477677950832016,10.154261898302819,10.012491406074908,10.155886962179048],[7.0904429320837465,14.699978911207308,16.091573290784247,15.878960193100049,16.089139467966692],[8.35279554323285,8.119693618543527,4.312237491095439,8.25698990043743,8.479819311037335],[0.46133208140429277,4.692733282221005,0,4.690272972300886,4.717023149410151],[8.806415159300501,12.809338355954742,8.127158058989147,12.697313154227201,12.939984231682844],[6.595520244822304,5.7368517812905315,6.578450705446506,6.672104786034072,6.733189388074965],[4.021520980686159,10.101926393718589,9.658468850915733,9.580872879895303,9.505965040944487],[10.570899848907946,16.199694455119015,16.154736461703084,16.144549861883142,15.840276667182327],[3.062911109737131,3.3066580219193744,4.9843004162009725,4.942898899413229,5.079249581504652],[0.1127609339913814,7.142056229509818,6.500962433124144,6.102897556609716,6.326579992722469],[3.227960394539995,10.558451479153929,11.105451570285858,11.098792517422636,11.217664737421376],[1.9733544443251698,2.300595621555628,5.846781659450926,5.85975045668335,5.7359030522295695],[6.669325463501207,1.5490050321057804,7.115512251779655,7.168280428747393,7.317576564832552],[8.588651375119797,3.4591114422921634,8.435597929525798,8.633593276902046,8.439082847839211],[2.322221025280081,3.223951504420026,5.424810295755537,5.235828212678322,5.374622538633042],[5.584631309876095,2.049768454244286,6.413102830080973,6.48186628315412,6.254034524860273],[7.584113401093236,5.105135269605063,10.894429565143314,10.866276692289528,10.8494717994175],[2.726769008182362,3.1551496971101938,6.047254289920417,6.223549323984896,6.186163006911556],[3.999075580703586,10.050884769944565,10.026715495577864,10.042424109670378,10.014412913363593],[6.9853809099680015,16.10959812721996,16.05711375304325,16.129662019916733,16.154194105122624],[1.9615901410910737,4.161243330379756,4.022785625024569,4.227080011298814,4.071969467652283],[8.209355152348726,0.22545790447424627,8.181865472665022,8.195198636147571,8.084321529721874],[10.204298948091722,2.784801383659781,10.089986993024386,9.997485294578576,9.862022750322025],[4.7024973372559815,3.288366187732646,4.75736549919936,4.7508040182794,4.692838419112574],[5.602728658740726,2.437073268593158,5.97042989851439,5.9833085254609495,5.894428225218758],[10.505385234680617,5.858051968665936,10.725621368392954,10.648896744408495,10.417097960658381],[6.6253205218876,6.26017837291676,6.372916410080082,6.71286762094518,6.638823415678658],[2.3518516432273056,5.748911537266472,5.73117621598818,5.693032053953812,5.816404209213046],[8.973664108086494,6.31250648021547,8.924035073399246,9.000335151637714,9.041245288810616],[7.710463139324498,8.078808044590186,5.205990901347172,5.320970515381635,8.056788907535545],[1.46280065376139,8.761068034704774,8.371882124065767,8.509814277437448,8.402411033131834],[9.443877720405137,16.74859734760091,16.940871768428334,16.796053363629568,16.755249000540946],[4.82413713931239,5.318752110153441,7.604093844154996,7.474193820413613,7.405188276572314],[2.6518151255502547,9.370788968733793,9.547132789199999,9.468098636743921,9.302753973291756],[7.589828813042553,14.51846418980247,14.661547117459504,14.4432757162734,14.602186637599583],[2.066927820452697,5.753955108975383,6.016219198617023,6.040272441945459,6.010981898078235],[7.252236935444145,7.0690823370258915,7.2818076317945994,6.9785540435991456,7.1667275977127565],[8.869854832537696,5.576529198998796,7.472354528190327,7.599219025038012,7.594586234755874],[6.667365847895484,6.07127944009744,2.1732769235905662,6.434092811546037,6.5836590471600145],[1.8128189403783173,7.156587688425629,7.3239151900482025,7.330275720677668,7.044843774250652],[8.425607469863717,8.566034677695106,9.288262908846187,9.305889286641538,5.242146517530182],[7.363517564635454,7.0840551150697335,7.209280423277942,7.104554180061637,7.184765017709128],[4.535762459137898,2.493432508988476,0.7347583280634338,4.610068367891791,4.7791664807658165],[11.814092941394934,11.86977701543463,11.824895132929546,11.793340983694321,11.851460760745937]],"times":[[11796,3079,1280,1575,344],[1688,514,416,1081,857],[1662,2217,584,2407,680],[2811,523,425,843,315],[1767,307,587,593,244],[1362,1731,243,1042,130],[3540,274,659,348,130],[1383,723,194,2,67],[1923,259,875,186,274],[1756,273,1162,27,170],[1188,818,1553,210,186],[1288,459,121,74,108],[622,810,443,202,147],[1238,330,3433,913,209],[1156,138,1587,185,34],[449,226,922,73,58],[1311,145,4913,203,48],[944,155,1226,45,441],[1555,401,1548,194,99],[1836,1091,1611,533,25],[1640,267,1583,429,96],[1559,131,260,2,117],[984,154,1492,176,54],[1436,975,1098,144,114],[961,161,531,104,80],[1165,199,1148,94,86],[1498,156,421,74,97],[1835,176,611,127,139],[1152,230,2567,80,74],[440,390,513,87,47],[3752,380,518,420,236],[1214,712,1527,146,83],[890,427,1487,25,26],[1699,210,331,236,194],[834,675,259,68,307],[1404,522,226,132,188],[1186,360,110,72,115],[1914,371,934,28,42],[1518,307,440,15,90],[686,593,1433,42,91],[1526,344,90,26,2],[2572,514,91,3,26],[1385,50,193,223,194],[350,799,24,28,939],[1055,1978,209,66,75],[869,499,729,1762,98],[1114,514,3191,20,551],[1320,506,240,98,356],[1269,312,664,140,54],[1062,57,360,80,42],[1171,372,90,40,327],[600,1017,106,66,38],[2181,263,91,84,85],[1132,362,625,281,226],[1071,530,843,322,118],[560,763,372,232,280],[1242,1619,116,138,1242],[2854,847,42,26,13],[844,1001,1623,250,54],[914,222,97,63,62]],