{"actions":[[0,2,4,0,0],[1,3,5,1,3],[0,4,1,1,1],[0,5,5,5,5],[0,1,2,4,4],[5,4,2,4,4],[0,1,0,0,0],[1,0,2,4,2],[0,1,0,0,0],[5,0,5,4,3],[1,0,2,4,4],[5,4,2,0,5],[0,1,5,0,0],[0,1,3,5,3],[5,0,4,5,5],[0,5,0,0,0],[1,0,2,4,4],[5,4,0,0,0],[0,5,5,5,5],[5,4,2,0,0],[5,4,0,4,4],[5,0,0,0,0],[0,1,3,5,1],[1,3,1,0,1],[0,5,5,5,5],[0,1,3,5,5],[5,4,0,5,5],[0,5,5,5,5],[5,4,3,1,1],[1,0,1,1,1],[5,0,0,0,0],[1,0,2,4,0],[5,4,2,0,0],[0,5,5,5,5],[5,4,2,0,0],[0,5,1,0,0],[0,5,5,5,5],[0,1,3,5,1],[1,5,5,5,5],[5,0,0,0,0],[1,0,3,5,3],[0,1,5,5,5],[0,5,5,5,5],[1,0,1,3,1],[1,0,3,5,5],[0,5,0,0,0],[1,0,2,4,0],[1,0,4,0,0],[0,5,5,5,5],[1,0,1,3,5],[1,0,3,5,5],[0,5,0,0,0],[1,0,2,4,0],[1,0,2,4,0],[0,5,5,5,5],[4,5,2,0,0],[5,4,2,0,0],[0,5,0,0,0],[1,0,3,5,1],[5,4,3,1,1]],"rewards":[[6.285224127688835,4.605032888433995,2.4246767521861887,6.40238590443849,6.350740461336083],[8.970193175511731,8.237614494179413,8.356044155864888,8.56911197251768,8.31963191241767],[8.322883436302902,4.082676218442659,14.304086125153901,14.291352869245049,14.165062134385565],[3.315010704647792,7.948519946328733,8.130779812184937,7.893096958105082,7.948341097642097],[4.317247522411747,0,5.573639441927846,4.646122847145874,4.996959619041579],[8.432331024193056,12.31252964230075,10.883364717163854,12.216197812562948,12.220907025089996],[9.059956896099802,8.939088788983039,9.137289639233783,9.275250008054124,9.272714799710545],[0.7217749313567142,4.342275082866498,5.864376023401463,4.391600769710809,5.9119054828898285],[13.727507432336218,9.545341349524385,13.602317376305386,13.624588022199898,13.546967286398257],[6.520548769219825,3.9771797154388615,6.534667820430308,6.105567830311185,5.094751937331667],[4.248473907256982,10.673536760189473,10.585206529330023,10.994449123438654,10.952647993891974],[11.184607345397511,17.25327703971371,14.835224287592062,14.371552680620258,11.075477361483557],[4.88932491526659,4.761378008999763,1.4343920616963328,5.017207207651488,4.818887304581357],[0.979699849185255,7.61958165727904,7.726040058666764,7.424401514900949,7.765081553435384],[8.85777268008327,5.762035052676753,2.663768377224416,8.927693220576487,8.798204268305112],[5.608909184308554,1.8405014602112248,5.524234205831081,5.652264555637568,5.5937438568439966],[1.3868307779334113,6.428327652572478,5.793400582756919,6.163372493648296,5.9882052426833345],[2.598508929938826,9.174820685463434,11.870931244481726,11.962969351008189,12.027353198032516],[4.463463807667936,7.964951777662169,8.066247536675814,7.9163718655809046,7.82997971162814],[0.7023057241245831,6.562897567489318,6.598659737967408,7.691872855820558,7.637370337438621],[8.70850108601859,14.065887288512057,12.417240753320891,14.076476704196285,14.17458476281294],[3.7593524007215873,7.269745502720719,7.113125942005367,7.012915669332666,7.0572835870031625],[3.265694620199887,8.630355860461345,8.17207946861856,7.7935790531027065,8.477563940000408],[15.103903939565946,12.286972910367174,15.013126880055319,10.176066028480307,14.786163603596885],[3.752292917845966,8.170273931633306,8.098775398265012,8.050734088327093,8.041606921756946],[0.3289170454988497,6.830412578967692,6.444426968013796,7.179252267181633,7.265795576895996],[15.171103773244633,8.118521596981015,4.085698865628641,15.162535938618346,15.098598020535428],[3.720378638753243,9.649905633870523,9.493502973873108,9.669775461529252,9.867548967990112],[10.58687933148361,3.8776384336986727,11.61042600423138,11.033645976087634,11.034320939121109],[16.61846376287797,7.899924761319272,17.012867394405887,16.698514386001275,16.662905801352927],[4.29986632152193,8.998389999338853,8.941474497291171,9.041618175879933,9.259952188921226],[1.4702122172562402,5.075249425591277,5.704099910730748,4.7057917939953695,5.103348464055625],[5.912344714626403,9.887525250835878,12.731707007253183,14.02907970486935,14.126001477238173],[2.7543875806774714,4.360514021280654,4.5060164109487255,4.571134502880488,4.324541778715052],[2.3170913695100763,7.930919893389264,7.424719198871466,7.251048238221182,7.2441493895458935],[9.968150635535382,7.0306225093880865,4.646712877569503,10.106922578919557,10.115034852605998],[1.9709046159825405,7.486754836958318,7.385890963665922,7.508824472635933,7.462039941258255],[0.8223861177968058,7.190844914585364,7.782593419928831,6.946286612624996,7.266834588384117],[9.675011276942074,14.434541833176153,14.541143605107626,14.40641057160608,14.61914961487489],[6.42029389732065,8.65540210333097,8.71494967194818,8.63600202292356,8.553963685274153],[6.626594073297917,0.5229683411456809,7.2326177346952205,7.2210796414670675,7.168812506790688],[9.088394069164046,14.412940316548438,13.464636793881805,13.517426063761404,13.413337059984864],[1.4509452493173465,5.509428151127238,5.506434250099406,5.3717139486361365,5.52974992507238],[10.322330500849441,3.106678424657633,10.129026111727873,8.250341714061099,10.125415877774842],[12.702530586942544,4.384594622542802,12.668299828048125,14.52724694690846,14.614693868933049],[5.5258985504741345,3.7013891494390774,5.344997070135847,5.2877115529749315,5.377971533361969],[3.2992434402562876,9.286752563125171,8.886763707043215,8.025051229877896,9.299562894854956],[9.110861887358427,14.613468630492017,11.826295231760772,14.760053932158574,14.799153964830333],[2.9621169040071327,7.223823742114038,7.100252234072986,7.2474659175425735,7.579169752592262],[9.772889614498071,1.650480279263578,9.663275245162975,9.582696586196029,9.610769052295039],[13.280607885687571,4.870165513423358,15.383825283267269,16.757969049711264,16.783141963391436],[6.5899087109821615,1.458095593729978,6.504218450943359,6.53754102459702,6.411670923566021],[0.35899346129992066,7.268985234078087,7.031247692054729,6.317867284886454,7.201311918740056],[5.616284949210632,13.549296604712438,11.49929735874797,8.600189477345769,13.698827766233444],[6.389638436286179,8.942744770063719,8.863448607476895,9.035598324532547,8.656649419437661],[6.00612468516808,1.3266010169649294,6.536143729004725,6.980103639676321,6.817662538285822],[10.010154471046507,13.785557696049233,14.80924685431424,13.043944391331191,13.207031517940177],[6.562027426057799,1.3881959698099426,6.563358358549246,6.468424074158886,6.708638620488812],[10.154475504980846,3.9737490167725165,9.786812407576447,9.595183610939245,10.14567483897139],[11.00495402686277,5.48727524415782,13.995809373833854,16.211424892447376,16.031159257087104]],"times":[[13278,2000,864,2475,1563],[4273,1463,1045,610,1299],[4891,2675,3877,1222,778],[3332,543,425,466,379],[3328,505,886,1128,513],[2841,608,1049,345,497],[5879,599,358,886,445],[1442,289,358,569,389],[2369,782,403,325,380],[3532,481,1694,369,879],[4039,743,631,788,549],[1572,2304,707,595,558],[4150,515,1080,2066,464],[3395,346,444,314,636],[1862,449,659,434,822],[2775,367,1243,359,514],[1126,262,480,564,506],[2321,357,4768,435,363],[1607,438,647,394,534],[1771,361,568,980,400],[1666,348,2501,274,873],[1713,542,469,484,498],[2344,368,1397,808,593],[4693,1582,248,1702,477],[1381,345,392,294,515],[1242,299,1328,1102,497],[2186,435,1761,285,298],[1939,367,298,287,239],[1485,444,461,288,745],[748,661,462,400,448],[2097,255,219,262,247],[2775,1473,1275,963,426],[2202,314,815,381,579],[1762,257,280,332,449],[2534,309,600,1597,1545],[1435,318,584,872,378],[1456,241,239,331,371],[558,287,1554,321,217],[1439,1909,2511,307,300],[2553,331,403,306,485],[746,306,2086,480,485],[1511,293,2101,881,314],[1844,283,205,244,302],[2794,287,311,376,426],[4656,326,1056,775,960],[2783,267,216,216,161],[1945,154,1201,676,296],[2506,320,1153,301,224],[1454,283,194,166,225],[1545,1818,48,1210,922],[2093,320,1120,419,269],[1569,331,292,301,375],[1844,288,1264,607,324],[745,539,1293,683,693],[961,550,608,346,282],[3877,583,672,664,812],[942,550,760,365,906],[1847,336,262,277,184],[1510,417,777,1568,353],[2673,401,646,620,374]],