{"actions":[[0,2,5,4,1],[2,0,1,3,5],[0,1,5,3,4],[1,3,5,2,0],[1,3,2,0,4],[0,2,4,5,3],[4,2,1,3,5],[0,1,3,5,2],[1,5,3,2,0],[0,2,4,1,5],[3,1,0,2,4],[0,2,4,3,1],[0,2,3,5,4],[1,3,5,0,4],[1,3,5,2,3],[1,3,5,2,0],[1,3,5,2,0],[1,3,5,2,0],[0,2,4,1,5],[0,2,4,1,3],[0,2,4,1,5],[1,3,5,4,0],[0,1,3,2,4],[0,2,4,5,1],[0,2,4,1,3],[5,4,3,0,2],[1,5,3,2,4],[1,3,5,0,4],[2,4,0,1,5],[1,5,0,4,2],[1,3,5,0,4],[2,4,0,3,1],[1,3,5,2,4],[0,2,4,1,3],[5,4,2,0,1],[0,3,1,4,2],[1,3,5,0,4],[2,4,0,1,5],[5,2,0,1,3],[1,2,3,4,0],[5,0,3,2,4],[1,5,0,3,2],[5,3,1,0,2],[4,5,1,0,2],[0,2,5,1,4],[1,3,5,2,4],[1,3,5,4,2],[2,4,0,3,1],[0,2,4,1,5],[3,0,5,1,4],[0,4,2,1,3],[1,3,5,0,2],[4,2,0,1,5],[1,5,0,2,4],[2,4,0,1,5],[4,3,5,0,1],[1,3,4,5,0],[1,3,5,2,4],[0,3,5,2,4],[2,4,0,3,1]],"rewards":[[5.57104642298912,7.317391310205168,8.731425481776633,7.731715691674729,6.6088908722278985],[0.08562112828703834,0.9824900347409639,3.6147239129593283,4.865820700462967,3.522868885325384],[6.819349424183578,10.290998641120435,12.362052729481134,12.23263807145624,8.133895880743001],[4.281468586280657,2.7154888887588506,1.9887030846870697,3.4642892517836943,4.223225282079432],[2.659001804993655,2.001731107865263,9.899655491249327,9.286109554504261,9.66957336637905],[13.883985586954916,13.39720839909571,11.555740373162799,3.5500168868922355,4.940643642076106],[3.123297226261959,4.370920793388844,5.72341121158561,3.7327353525378,2.902326280076446],[1.1124869677507483,3.0503887069508138,3.9261747841833947,4.069899962118322,1.1000709048777122],[8.598828367728382,6.790519745782381,7.977228250291435,5.641643329319168,6.932548823400663],[4.876211186278459,3.1375512670488668,0.9702011547853935,3.737382739086694,0.6171664464863978],[1.6029236444149049,1.2858002292492612,6.394054359479317,5.578713379274805,5.679694699830059],[11.30697719369236,8.489681257562891,6.460371902334043,4.26883198931584,5.106165238720904],[5.300975142097253,2.6302347819877303,2.3621894432647776,0.5502885785237303,1.6377883045264334],[7.68718443015615,7.581851656358876,8.285021030778914,0.8251870529294718,0.08065407351934162],[12.103063334230606,9.810231958315345,9.064116384561943,3.143499100744753,9.939197377035958],[2.9731184625247526,3.81653316481909,5.353833726421536,2.8924223848257435,2.2709861542895324],[2.0560174780821527,2.0460366980517097,3.142464576519529,7.715487571419009,8.246390219394907],[4.816371203945175,5.860140344637474,8.132946612148926,10.463081941769737,10.321683683799957],[9.11481573640719,6.914612373370872,5.640791498472643,8.230966508282963,5.155432711228001],[6.952042289643438,7.093945450011449,6.834673598854962,0.9216463230295033,0.39140452843056145],[16.211642726745612,14.226338101678014,12.344544804721675,9.153128960113106,5.235590547406348],[4.991104207032925,3.659336486309185,1.264631162033832,2.607038227605352,6.786418353002156],[5.7285205543131354,0.4430081494191569,0.04910128493061536,5.749758711724776,4.858929172488226],[12.585166711480953,9.260340744697341,7.448847894757691,1.5496578817604965,5.459679403556465],[3.1808481759663776,5.367235107607064,6.776738524369544,4.387230789108081,6.352420156421704],[7.165877537618254,1.2491237083166746,6.714316855627389,1.677064002610313,1.8837451234043887],[10.987367006412509,15.370701873760101,13.009843190785965,7.125609864709844,8.090600004066758],[1.881814450040228,2.874732723935994,3.8961915786373065,1.5448237703110859,4.089630596145489],[0.0945831290663134,0,0.5846575912448011,6.404858535712224,6.356583038173126],[8.178722597747361,10.522148793480307,2.2491950693344047,4.265203255059363,3.0081272356511897],[5.061354094424645,6.83558957402038,7.539703555120733,3.0850094526591127,7.34747908034695],[1.3384293063926185,1.724053837178991,1.614155436255094,4.753325610126429,4.701002079263502],[9.623207348695548,11.332976026078121,11.793192031943333,6.4008081331475815,8.83726691127407],[2.094213248330876,4.722682585209619,5.433640020951564,3.7408362367179477,5.259474609846134],[0.2326959874744084,2.9014919754631117,1.9388262695795517,3.3622438830609,0.6501934419480749],[5.2665786120107025,5.360183806168058,4.5409697016810675,8.377273014914502,6.4855743851273004],[6.008885612254315,3.665007153909947,3.416784828084141,7.189390030876886,3.0564372500162955],[2.3806374849437826,1.5111337438579295,2.8661459188252962,5.264270311249399,5.289536491464567],[8.596711021284708,7.5183824734868185,10.013617124870345,11.21553231703896,8.658406753241922],[4.573987651086056,4.494693353893357,3.9357232783943283,3.3719076185206878,5.721987625493332],[7.329734651726967,1.4375062013331823,7.885102449417123,1.2727156148812666,1.48099548415674],[12.069753025428188,8.534168582123012,7.082354576005419,11.636023872391762,5.671950503096615],[7.361283911631104,7.030431196166764,5.7821750660727576,6.098622398096521,5.221181070977771],[9.804863672373186,4.771113798538972,4.818116209900546,10.48419357444056,9.78788985059904],[16.524978253076938,15.21219640355858,11.994201522158168,10.469721827063148,17.623582791843923],[3.204255107065457,4.4199002169234385,4.453741125323746,4.400403977331856,4.672369733129535],[1.844414109566952,0.11525330374857798,0.902497330093005,4.416398323268415,5.073778850774589],[9.548652309373587,9.058919024181634,7.85653916040796,4.59695597606442,5.31798252250545],[7.7754544708911455,7.8247075403588795,6.474469568952602,6.914390520300627,5.357292601050537],[3.652469517261275,5.033479190064513,2.1159405688219115,2.5629576751963117,5.679799877194783],[12.710423591462424,12.09459460902671,13.588803764435468,9.796487463717524,9.853571635108402],[7.972579122100565,6.248765693111586,4.782121857107124,9.504295863544765,7.386816610583277],[0,0,0.053536576045901285,3.826826686321828,4.106436531954938],[12.016270410950849,9.216322479321919,9.711221048869081,7.458271627244354,5.816217880712455],[5.353105691700623,6.736087627111819,3.061071604551494,3.8823223003671212,7.541095905907595],[3.694229050079093,11.512750062830174,11.683254133157202,3.5669985983126242,10.336805408271522],[14.098322457728804,17.186759180834432,10.453989267120782,19.409679976312056,6.547026372869075],[5.675390030565359,7.095230203536829,9.089260221358815,6.6759964593416,8.308800007556265],[10.846847943919455,3.776666137416513,4.755630432227314,11.433851320100489,10.57011651229441],[17.925786683324866,19.068494115575625,14.96660990266742,11.001562033623843,9.946027756697786]],"times":[[467355,6867,3401,6942,4708],[6104,4484,2703,3313,1850],[6230,5992,3232,1877,950],[5886,2073,1279,2154,2567],[2480,2171,1669,1183,3759],[2362,792,1008,2552,854],[3287,1668,2994,1402,1148],[3756,1044,1467,2373,1296],[3853,667,1533,1586,1276],[3536,636,762,1106,1952],[2357,1398,1305,1235,1125],[2257,414,705,2839,514],[3496,566,2444,363,1567],[2438,1086,634,3196,1181],[1731,412,811,1243,1026],[4932,934,978,1856,330],[1904,247,711,1063,362],[1886,288,970,976,340],[82423,915,1031,1786,1227],[1601,1319,759,1344,1110],[1491,276,618,528,564],[2675,988,688,2811,2088],[1413,591,812,3296,1553],[1133,235,282,1488,2065],[4123,948,351,1429,819],[5971,5254,3518,2899,1677],[1255,1066,2007,2667,988],[2481,1251,698,1773,308],[1527,2308,1790,1042,1584],[1188,315,5336,1453,2384],[4292,784,648,1425,1992],[1240,1165,1206,1372,863],[939,358,7219,2775,1802],[3662,1201,928,2067,239],[1725,3346,1295,1221,1997],[951,399,3983,1039,737],[4687,1429,882,1974,866],[1414,1518,2684,662,1118],[1164,1098,1090,1786,1032],[11741,329,812,283,1702],[887,1697,4436,1968,824],[1183,1079,1100,917,1872],[5611,949,4579,1029,1048],[1122,3361,1170,1170,2783],[915,1190,2036,7684,1602],[2895,1042,806,1649,449],[1367,1069,1052,1122,1263],[4590,244,951,1772,1163],[9986,231,712,1184,688],[3397,1120,1009,9693,706],[973,677,1251,1942,699],[1936,975,585,1447,4707],[945,1960,2613,1225,1482],[1175,299,1805,2387,798],[2512,694,2081,1065,823],[1209,2327,1128,1838,910],[1265,717,261,430,1786],[2059,796,658,1091,248],[970,2056,3291,170,328],[1108,667,2303,1304,948]],