{"actions":[[4,4,4,4,4],[0,1,3,5,5],[1,2,3,3,3],[5,4,0,1,2],[4,1,0,2,3],[4,3,2,4,4],[5,4,0,5,5],[3,4,1,0,5],[5,3,1,2,0],[5,3,2,0,1],[4,3,1,1,1],[4,1,1,1,1],[3,4,5,5,5],[5,4,2,5,5],[5,3,5,5,5],[0,5,4,5,5],[1,3,5,4,5],[5,3,1,2,5],[4,5,5,5,5],[4,5,2,2,2],[2,3,4,4,2],[0,5,2,4,0],[5,3,4,1,1],[1,1,1,1,1],[0,1,3,5,5],[4,5,3,1,2],[4,4,4,4,4],[5,0,3,5,5],[4,5,3,4,4],[4,4,4,4,4],[4,5,3,5,5],[5,4,4,2,4],[4,4,4,4,4],[4,4,5,5,5],[5,4,4,4,4],[4,4,4,4,4],[5,0,0,0,0],[0,1,1,1,1],[1,1,1,1,1],[5,0,1,0,0],[0,1,1,1,4],[1,1,1,1,1],[5,0,1,2,0],[0,1,3,1,1],[1,1,1,1,1],[0,5,1,1,1],[0,1,2,1,1],[1,1,1,1,1],[5,4,3,5,5],[5,4,5,3,3],[5,5,5,5,5],[5,0,0,0,0],[0,1,2,3,3],[1,1,1,1,1],[5,0,5,5,5],[5,4,5,5,5],[5,5,5,5,5],[0,5,0,0,0],[0,1,2,2,2],[0,0,0,0,0]],"rewards":[[6.767585445886537,6.603163836013402,6.786486280175601,6.906051891460631,6.702988188524734],[3.5280500633865204,10.40429742800007,11.426043817862494,11.601730930258583,11.660008527053694],[14.206371972656411,9.582641279301809,17.259584733406925,17.247415351869957,17.260467712590376],[6.795567272252835,5.762556034384446,4.295327343696888,3.762354166075939,4.7453662231892535],[9.636205770103876,3.53212889067443,9.558935803068705,9.227605606609487,3.7614515708495557],[15.413465869687979,9.054372832795746,14.074626529228834,15.467941977126738,15.35054363363179],[8.496436918458615,7.466880034215674,4.794948567287662,8.571978405432237,8.667126370709846],[2.8340291256064525,0,1.9814538212080082,0.09590529419581273,1.8620110262981648],[10.931772901887179,10.362487226421552,7.866435489622289,7.7693756678487915,4.791715840837623],[6.586081934419399,5.5538304996372645,4.998312960418632,4.360836566979767,4.737035100302964],[1.4817550669311905,6.674080282736256,5.95590617935341,6.2195620424528615,6.156866783822331],[7.322480536539323,10.669091617965165,10.830340341194276,10.864764831727195,10.852912246038342],[5.449214550951339,6.594781458146375,7.8154784084011055,7.6892027041949405,7.843608884625854],[4.525634826462883,1.5367111884103428,1.550464865386613,4.4782540038007586,4.548430887613114],[12.284539413557011,10.458355973265329,12.387093268213281,12.35789939749544,12.273560522889289],[1.5590226812398233,4.072223757557286,3.4761154480953693,4.11374448212902,4.143398480667546],[8.67324411563498,8.085729276628713,8.511238164318991,2.537948273816632,8.556186702111559],[12.613110909905416,12.35834837219886,9.478609027643195,5.1250861426704475,12.71084893566951],[7.788292959935796,8.063969886991526,7.942667433188307,7.963946701625979,8.045631209438787],[5.405993784630048,2.1666658700014105,5.886204410625501,5.914658418572566,6.010928581112118],[11.473191553002334,9.247464999268036,13.091636055576165,13.277798640521716,11.333300822099737],[4.450004631722359,1.8678582172512774,3.514250841164393,2.0228885217505876,4.5150779790241],[5.015318402374317,4.925333829421073,1.6121337810306764,5.575689816382049,5.488980864671502],[9.580937946250808,9.672249122963462,9.448554508480948,9.441443566014758,9.683904290398408],[3.35516558463695,3.8298021856010633,5.763574838034228,7.508329237993944,7.404399615049942],[6.856057219831256,2.09214032020525,2.5058253029077346,1.812824492319529,6.179777836399603],[13.97934405582177,13.947021207028149,13.939519852202933,13.884783605489497,13.860622766690463],[5.617462379102968,3.7113650559299156,4.021429262367881,5.547380023120258,5.665475866364378],[7.1433025646603765,0,0.9202321639016269,6.973365547142983,7.01837085372657],[12.154718719113594,12.201281361200216,12.25054305503291,12.029736606773639,12.168361024181868],[4.759282732695267,5.578795719983191,3.602820636849362,5.541917233521455,5.632017176663058],[1.3080578126327074,4.444210205087063,4.431252278730184,3.7362716179135336,4.561704090566742],[8.819879540364829,9.00596227280475,9.03881453425815,8.926494666684981,8.965137146876554],[4.888195697525215,4.707439031277315,4.862929782760568,4.677383798937488,4.712276863592464],[1.1560635370545456,6.582204595481966,6.621666040677505,6.8171794545209465,6.754494847161541],[11.381645587646744,11.501707462492279,11.505613515432048,11.744539007703839,11.513311759554632],[1.8647681485205034,4.974413028371832,4.957521835387799,4.9464697549405345,5.022182451957169],[3.641131311859976,11.874328436522465,11.642751650785009,11.974484251432374,11.957655575565534],[15.450074502747398,15.328335369108817,15.383473082728692,15.656661467716473,15.428115503450552],[5.7435613666793,8.13469525333211,7.120534278152426,8.008508723797828,8.041122595222776],[1.6725966838503779,8.680807010836359,8.558116996025694,8.728933115085077,1.3560854043346044],[16.00315908665977,15.965595502839443,15.787985598401622,15.764455932049856,15.87300743242367],[1.4759961204824563,4.6271385929718445,2.9964067846156204,3.740981329399207,4.521272348946052],[3.8447029473163767,8.25022888825445,8.2747613148976,8.287712416136301,8.346032520343673],[11.37375153246895,11.402489819241541,11.13574652396818,11.262863897635965,11.377371866079692],[8.42852748319108,4.454749703586521,7.772075476201609,7.886510230232456,7.844163822637617],[1.7577091690167121,5.101863752288511,2.2043806142164453,5.063981206124488,5.254832258313687],[13.17757305847012,13.165411452163843,13.036594852643203,12.967185811911419,13.11357525524987],[4.872556150230853,3.898834126165421,3.499725160764428,5.2012364911743285,5.205568199915212],[4.3951131379399975,0.395330006886472,4.755744458243714,4.5970655142959655,4.476005659977039],[9.61992986858388,9.600165947446694,9.835635983646885,9.897076132803354,9.738768204035694],[2.7709817478156182,5.83950046942947,5.652306546879835,5.696165609374115,5.525475616772672],[1.0589030853246417,2.9288458466129357,1.399936592563133,3.7732859110119055,3.863048448016281],[8.7194458133035,8.813728022270377,8.705590692471072,8.797942414076918,8.831422791407311],[5.2851516790056525,1.4519727402605043,5.343473888436357,5.35826692099522,5.335322107780242],[7.643823697512471,1.5985019517337151,7.801064657505539,7.670119332546365,7.6468534767454885],[13.101230793811688,13.092126633547752,13.061046350654983,13.077471091951727,13.007024803442558],[5.717387739992744,1.307396358811422,5.745262423909304,5.577415574349667,5.606364997668523],[6.358319049617548,1.3658353700536483,6.91357727438501,6.903438608489379,6.929208115361618],[12.002498367885652,11.88603750095235,11.886439580026057,11.855996682324633,11.970964417320275]],"times":[[19984,2010,1435,871,1082],[2179,576,2106,1156,1227],[3987,1549,1932,737,891],[2912,909,1557,2516,969],[2101,1107,503,1477,914],[2984,700,1584,317,359],[1475,1796,1538,1184,444],[2873,369,2292,756,2206],[1461,1699,1698,294,671],[1930,986,938,1193,112],[2513,1308,2259,332,295],[1858,392,2844,63,591],[3089,664,461,314,269],[2398,210,1512,243,201],[2509,686,293,34,594],[2295,367,1041,133,442],[1402,1073,837,690,16],[995,1337,972,1307,243],[1252,453,355,293,215],[1751,174,1362,551,43],[3501,569,280,1534,385],[7544,833,1366,1099,1069],[2940,309,155,814,372],[459,142,58,43,485],[1499,892,2100,754,317],[1023,722,375,429,1229],[294,68,36,452,236],[704,437,1326,422,210],[3779,160,591,225,207],[313,85,23,6,1526],[3231,554,545,381,100],[391,243,330,717,164],[299,406,114,24,864],[6027,980,111,361,437],[1199,133,224,358,270],[582,127,180,179,119],[2387,609,337,417,164],[714,234,712,68,94],[267,124,82,85,43],[1190,369,1031,55,44],[2964,108,101,424,163],[308,24,26,19,528],[815,332,584,491,161],[1990,94,2651,151,161],[214,394,230,239,182],[1918,343,646,1173,651],[2007,170,202,451,173],[554,466,265,219,269],[1555,1493,1393,1,433],[793,585,472,289,373],[274,131,115,78,106],[1675,911,435,42,28],[1295,639,526,276,252],[637,157,217,177,221],[1761,520,163,131,128],[1353,262,83,416,315],[266,104,116,104,92],[3032,487,77,114,88],[879,192,940,234,227],[456,169,112,188,269]],