{"actions":[[1,2,0,5,1],[0,1,4,0,2],[0,2,4,0,2],[5,4,3,2,1],[0,2,4,0,2],[4,2,0,4,2],[0,0,0,0,0],[0,1,4,5,4],[0,0,0,0,0],[0,5,5,5,5],[0,0,0,0,0],[0,0,0,0,0],[0,5,0,0,0],[0,5,0,0,0],[0,0,0,0,0],[0,5,5,5,5],[0,1,4,0,0],[4,4,4,4,4],[0,5,0,0,0],[0,4,4,4,4],[0,0,0,0,0],[0,5,0,0,0],[0,1,1,5,1],[1,1,1,1,1],[0,5,0,0,0],[0,1,5,5,5],[1,1,1,1,1],[0,5,0,0,0],[0,1,5,1,1],[1,1,1,1,1],[0,5,0,0,0],[0,1,0,4,0],[0,0,0,0,0],[0,5,0,0,0],[0,1,5,1,1],[1,1,1,1,1],[0,5,0,0,0],[0,1,5,1,1],[1,1,1,1,1],[0,5,5,5,5],[0,1,4,0,0],[4,4,4,4,4],[0,5,5,5,5],[0,1,4,4,4],[4,4,4,4,4],[0,0,0,0,0],[0,1,5,1,1],[1,1,1,1,1],[0,5,0,0,0],[0,0,0,0,0],[0,0,0,0,0],[0,5,5,5,5],[5,4,4,4,4],[4,4,4,4,4],[0,0,0,0,0],[0,0,0,0,0],[0,0,0,0,0],[0,5,5,5,5],[5,5,5,5,5],[5,5,5,5,5]],"rewards":[[3.2773746970306954,2.8879882041692078,1.8180389872843317,4.9941381384939225,3.4476058430584717],[4.799856423500687,0.8590943869208512,4.609623796152352,4.796147853905293,5.816772323812253],[6.672792701100219,8.691694261573307,9.45660039916836,6.610351386032864,8.711607343644875],[0.12961237717049895,0.453394657858795,2.4823297214450797,3.20465669338872,4.236906883887128],[5.615799678195067,6.487578604631966,5.012158156964417,5.744089220571252,6.47365739132036],[5.410096254088537,9.68615888028572,10.914455129418865,5.3687392441997615,9.797041778472911],[6.612473410358712,6.514423157452659,6.576216009300283,6.649925157478328,6.5893196927760815],[3.6870409530720663,2.0217877328818443,5.228130305218083,0.9130382137819948,5.245895416189546],[10.274014521206528,10.330971726237925,10.513843759293762,10.265358933580968,10.33437544207414],[3.656846245643325,6.579534424296945,6.444156013822346,6.698815514277119,6.65057248949382],[12.533441076949073,12.598495333345632,12.741236422281432,12.707111363276024,12.573758833954782],[16.002964239613743,16.109446673386625,16.26581330874973,16.30994716846372,16.236972391902896],[4.3164567804150735,1.7393195405940898,4.252641337240624,4.188833179015258,4.202477010511743],[9.52729297435496,1.70096967647876,9.401601993283094,9.537910130247527,9.33407443960573],[13.768148968689372,13.659820944769086,13.721839824902412,13.835988115370169,13.715547040775293],[6.370178964259687,8.845723847295163,8.95709237442267,8.850318718510977,8.820987176869256],[6.8697211683238075,0.6338643580138041,5.827357909671201,6.940490088844566,6.7587203739466],[13.994723743104899,13.898356636885307,13.919109303852272,14.098396978626921,14.168750077693037],[5.652887917885935,1.4014400386181882,5.520872207691739,5.475645658081129,5.592923497416709],[6.915211114165339,7.368248233114047,7.390452523092083,7.6512406350182145,7.494829574604799],[12.65485773529015,12.650408875644407,12.523284829136221,12.519773365442495,12.622043345328636],[5.454995347680412,0.7015568479888948,5.427323624497712,5.366062192966088,5.351228856296544],[0.858763769546447,7.682499112615977,7.572489781795324,8.449851620208605,7.729329556302616],[12.062746489067937,12.212495604195654,12.314794998972289,12.122229804480845,12.102424599921243],[8.202262152481804,4.371382289162797,8.084517239589974,8.027736239351729,8.094779265684815],[1.3300317065793472,6.708267610729492,7.378987880658523,7.165843989119533,7.491423456060231],[14.15415190135437,13.935429656859052,14.087540715651183,13.849792019886118,14.06211114922012],[10.081068834029836,5.560961740824698,10.4792977423001,10.16172666200563,10.418508836611577],[0.4259170085456549,6.129194348824102,6.151752054141158,6.092662380357101,5.947671387768706],[14.767433734571666,14.72685248339767,14.700133198035138,14.568322170584395,14.734897945877021],[4.810486701901878,2.063099508590733,4.962801784295474,4.726940981020603,4.841673914014964],[4.178684771574083,0.851541837883998,4.305596291174712,3.6248727311703655,4.17797160035928],[9.12641614910136,9.103830607036409,9.147822346843345,9.099971413376654,8.999741265171478],[9.607912361354767,3.688453078758455,9.649083021186266,9.796166832947227,9.525795412234876],[4.009051335058647,10.79355811038021,10.947590168196559,10.904521793478729,10.80976306438561],[18.70314429447994,18.5713821210799,18.64448019810136,18.649579287641526,18.980878978711598],[7.184951248840672,2.007046536649811,7.27317492563522,7.177371784918314,7.279536645932171],[0.45853078945177694,6.185369478633275,5.882064311349847,6.330357895307819,6.282799890627576],[12.416610075025702,12.649604945230168,12.669318477454622,12.466207195565541,12.613460155193104],[0.1992423198781989,5.490351543207264,5.579689701466219,5.54587033893839,5.437241242020384],[5.034608894207383,0.14570395128106975,4.282095320820253,4.988279726529144,5.042635834341653],[9.042956867840578,8.993111973791951,9.025206080963162,8.89542422675376,8.862290286373039],[3.4700537939655507,7.9040307222966195,7.987265698272158,7.956875658359973,7.89882289064538],[4.3551050688267505,0,4.688675216068091,4.789315324318716,4.835468620282368],[12.32058597711437,12.269407871919649,12.162798303715855,12.254894527953418,12.008042508828245],[7.091900279028839,6.861194884367957,6.938354116174406,7.024160442122529,7.00078181839098],[3.221897025098693,8.8139903897708,7.714881590054791,8.694462005800151,8.764974647434874],[15.065003498745902,15.09308234914972,15.07570307000585,15.090387653915554,14.979608190299253],[4.045571904247968,0.7161109252318565,3.894205538409021,3.941943759018346,3.883866884732416],[10.021854659904966,9.99410864741794,10.047625598556962,9.667585750759958,10.019926423855834],[13.883146533103346,14.071620597743005,13.885909625980217,13.839366380445258,13.82313598089131],[2.17544921766755,3.982853194266126,4.15162322716051,3.951961201957522,4.1199720287155195],[0.6718877102544278,5.49206907084178,5.570620567605859,5.337175367874325,5.637785027406221],[9.636985109272437,9.588327934351238,9.556503722168937,9.671210948573561,9.687536190192127],[5.088792035430873,5.233204554659635,5.057760629554592,5.224278459153862,5.12121728664273],[6.054050293934894,5.927006323438486,6.127173146621065,6.170727271882925,6.080222125426093],[11.5565677086686,11.449894001625697,11.42162376770688,11.223136182829995,11.210508615638917],[3.091520647966599,7.09852735905681,7.345351633122875,7.083227003770196,7.217041049773459],[9.430739027603087,9.674765927550766,9.480520475196393,9.442279875566484,9.539507559461939],[16.827312697016566,16.759025444460303,16.967792720027333,16.647470710895075,16.77133724894439]],"times":[[12001,1321,949,2901,3532],[2255,602,2719,1116,934],[3859,707,619,1744,379],[1535,3846,378,799,469],[980,798,245,633,378],[6058,676,333,590,244],[2193,633,334,393,377],[1687,1248,1504,1294,393],[730,244,166,304,393],[759,813,590,290,276],[2087,485,321,353,381],[2306,379,277,230,368],[748,232,546,350,368],[1074,1673,156,259,247],[477,248,247,454,546],[792,263,351,322,411],[601,218,2124,292,395],[617,190,243,263,410],[1278,364,307,246,350],[496,513,1086,185,369],[1850,228,217,217,352],[2082,603,140,199,292],[1617,390,923,1387,344],[328,200,201,307,546],[526,200,140,170,186],[490,1068,214,320,348],[571,155,170,259,306],[748,1010,111,292,232],[425,261,743,620,306],[298,171,339,50,336],[647,170,233,202,219],[1644,336,368,1046,197],[324,127,143,382,382],[666,2226,78,277,354],[693,366,1343,1764,351],[305,353,262,381,366],[961,3187,230,188,290],[410,652,470,289,169],[276,143,187,156,352],[584,172,201,152,350],[928,1309,1129,471,501],[380,260,217,367,322],[521,423,305,245,243],[1614,2814,2721,318,217],[973,185,232,396,322],[381,771,349,291,352],[553,397,1176,423,353],[590,232,155,200,321],[508,353,485,293,323],[714,369,790,288,295],[324,290,246,293,399],[549,263,187,141,96],[2724,49,233,202,215],[373,139,124,143,278],[605,5119,9,113,245],[507,1027,202,263,230],[584,230,173,229,369],[623,1941,234,125,232],[1333,319,129,140,547],[403,142,110,128,127]],