{"actions":[[1,4,0,5,2],[4,0,3,5,2],[2,5,1,0,3],[5,1,4,2,0],[4,2,3,5,1],[0,4,2,5,1],[2,5,1,4,0],[4,1,3,0,5],[1,4,5,2,3],[2,4,1,5,3],[3,1,0,5,2],[4,2,0,3,5],[1,5,4,0,3],[1,4,0,3,2],[5,1,3,0,4],[1,0,4,3,5],[1,5,4,0,1],[2,3,1,4,5],[0,4,1,3,2],[2,4,0,5,2],[0,3,1,5,2],[3,1,5,0,4],[0,4,2,1,4],[5,1,4,3,0],[4,1,2,3,0],[4,2,3,1,5],[0,4,3,2,5],[0,4,2,1,3],[1,5,2,4,0],[2,4,1,3,1],[5,1,4,0,3],[1,0,3,4,5],[0,1,5,2,3],[1,1,5,4,3],[1,4,3,3,5],[4,1,3,2,0],[5,2,1,4,0],[4,3,2,1,0],[4,1,3,0,5],[3,1,4,5,0],[1,2,0,4,3],[4,1,2,3,5],[4,1,0,3,5],[1,0,4,3,5],[1,4,3,2,5],[1,4,3,2,5],[1,5,3,4,0],[1,4,3,2,5],[1,2,4,3,5],[1,4,3,0,5],[1,4,3,0,2],[1,4,3,0,5],[1,4,5,3,0],[1,5,3,0,1],[4,1,5,2,3],[1,2,5,0,3],[1,4,5,0,3],[0,4,1,5,2],[0,4,3,2,1],[0,3,1,5,2]],"rewards":[[6.123213995720428,7.860470660373279,4.750601193190627,7.628685784268291,7.181440829779557],[3.752235947160484,4.167747365031673,0,0.04128207440441089,3.213750838969283],[10.105458671383802,7.884921035250415,7.002666571973459,9.050866582012482,6.147333150964974],[7.243938158749834,4.343364435757464,6.613787989574113,4.174746198406518,3.4061686568759435],[8.82653131379563,7.976850744749447,2.6057230569870113,2.3528851185313555,3.183981516965303],[12.260365088293447,15.44458631356037,12.297622503331109,9.67257922801149,7.500438320773858],[5.972763483663092,3.388478986233503,6.476351111697496,4.1199355911498055,7.961477189093797],[5.447278731901652,2.4633246118483267,1.418098080720876,4.913324155639007,1.3543326135728448],[9.08280673079824,9.754681968320709,4.720212013031553,12.032856318186946,7.216590033648841],[5.275139767385417,4.775581090916234,5.78125424229194,4.182860041310949,5.111248797478082],[6.414793249498834,5.790387614063375,2.8897662861479287,6.127108171616523,2.244769684688835],[7.7489518403454225,7.546108411049028,9.603195497392266,11.712450764715712,10.214792404771941],[8.282688668982024,6.295000690440507,5.783595634401832,8.136935855656425,6.67730177538739],[10.268856244330191,3.281598167236054,2.998848558673166,10.062772152505966,3.2448639867213434],[16.65535815299457,18.4207399841508,16.715543372762724,11.130291038668382,9.062976651241167],[3.864314107146433,4.607362321585963,1.5263269009134572,2.7365232194409352,1.2191348803111048],[0.540944633775624,0,4.653413798354582,4.795371311501662,0.8515280711594865],[8.204322746076155,3.0871844256525516,4.343705959227421,6.151023007713656,0.8969574680949421],[4.985332932994307,8.050416806014491,6.555682366242457,7.423858945961316,6.982677941067324],[3.7676295012499557,2.557894323880109,4.691718352035023,0.8794612819002361,3.677924777937193],[9.653937056895447,8.0006163464923,8.28968146186792,10.64169879722137,10.715706542449647],[5.420353946516924,6.420825977876375,2.02027237090383,7.647537948114533,3.7864850681631093],[1.7995610474792216,2.920124654397385,1.724819615592004,8.046031952248837,2.997072645825333],[9.939736008856443,14.345356362305813,6.492858763903868,13.319836168421965,9.566165829618342],[5.565369503930475,3.9101725878334515,4.755478109933679,5.465244421638735,1.9659962870126677],[3.047291249674588,1.9345039356628384,0,0.7242769666190894,0.3030298018193936],[5.2147353340140725,8.553375963707653,5.489323039613705,6.546862114472626,7.8439917149804055],[3.663277974070953,1.8991643340287618,3.3238145732403157,2.943135731032331,2.832464366617028],[1.3355778311877902,0.6607745506838204,5.715126362190142,4.249014320346157,4.320774941425041],[8.786652817771108,5.921422395543177,4.384889214926376,3.7109477897126784,4.198533959689358],[3.4953586638881657,5.60843632093495,3.8817718334665785,5.349969621928847,5.1967957814321295],[3.1723882600482574,9.169250363951422,3.767949308115262,8.166134700349245,3.717114558129477],[14.734377686723274,8.769663847789737,7.242544900383212,13.576188569623074,8.719169335099005],[3.781910998631441,3.7174107401274803,1.1521605620062352,2.488974800844683,2.3979565546983643],[6.483321861386512,0.38707524917121644,6.6102348083559015,6.687026812373568,6.723358294157457],[2.9130111653599333,10.08647505791979,9.390765282444168,2.399955681145861,5.8275192383412655],[3.3802695648493586,5.263498727265755,5.895145957192713,4.882173418982489,6.184713673321932],[0.9902279696859071,5.570582225715705,0.9740102548261743,4.318356408818626,1.947366812584118],[5.8517018613503575,10.187040483795498,10.98125449046588,8.57344538602947,7.083285129070155],[5.5870971801836635,3.918488591100359,6.641740551906897,7.832866650894837,2.823277810983912],[2.495473799984164,6.165645034541525,5.393714919201912,6.0712888738391335,1.8307817871124137],[12.484900394179373,6.643312201569808,11.240900075136658,7.451255780329024,9.923376860961001],[4.096048699223132,1.6435524586296852,0.7881877634863019,2.712948384407089,4.420389510307498],[1.8092537197025371,5.261591028944795,5.336814545664704,1.0388301089769103,0.6988729306921768],[3.493287024355109,9.267398062331413,3.8837553963260345,7.444876666160004,5.2241125389017125],[7.93865780228525,4.133941979194405,6.776079218998706,6.179546053277045,4.364579351918511],[3.3220758444623186,3.6254621455496743,2.6714816759529336,1.1528710037717296,0],[11.114139347520993,5.478626604051195,9.298366587527696,6.837055801376437,7.899319521152709],[3.5979116521361814,2.26993703404362,1.5627008382555923,3.078673935396038,2.4705171816445364],[1.7523362988773497,4.315531917761321,1.7136993215295908,4.47336618438145,0.7458411969363457],[5.509147266181433,6.220543998364135,4.791398465473234,8.514719496095328,7.016762676178303],[6.7156074165547075,4.8065355419000175,5.345631338906857,7.895677000852461,3.678526345190068],[2.6360003296379126,10.548613302801444,2.7695921979164977,3.3753939250478506,9.71234222839957],[9.31344078659399,6.493819912217112,8.443181751096574,17.735449681500615,9.070558659491669],[7.8320625807189765,5.727336464640311,7.574732018539218,6.200311505481254,5.670897640510485],[3.1170159544958005,8.465130706788305,3.4273145138214542,8.029781469939065,2.310761870745],[8.629257288099943,15.960758558772634,10.84438958117026,12.460475848531983,8.318084675730828],[4.157233465282629,8.59727044663949,4.907595449838114,8.62483284037353,6.885186353252112],[1.199411215606878,1.91634536740275,7.285362840613641,1.871329383239418,6.559397913049531],[5.289657461628978,14.213033816870993,11.319590233647626,14.55358962071895,9.145860547874543]],"times":[[13568,3365,2667,1818,2675],[2570,1119,1168,507,685],[2595,1033,833,746,913],[4435,895,999,847,672],[2009,697,708,425,667],[596,1233,843,1343,558],[2431,807,329,865,448],[908,547,550,507,427],[379,850,495,429,804],[719,994,253,357,2040],[1992,537,554,283,1136],[1244,415,396,493,454],[2006,615,380,376,309],[479,978,299,273,455],[1183,410,672,358,415],[1002,248,480,428,722],[485,2000,359,286,247],[348,805,283,238,457],[475,1290,484,649,430],[397,865,290,615,48],[709,835,177,1207,694],[1604,522,604,450,462],[588,896,389,517,799],[2105,739,602,786,512],[2172,331,999,741,473],[2186,280,417,249,401],[937,1004,399,501,318],[934,838,458,465,567],[3276,333,499,609,312],[3335,845,135,370,784],[1517,223,199,333,293],[672,335,623,325,268],[858,729,232,99,530],[1599,82,364,438,259],[3275,91,283,942,6957],[18238,385,416,535,414],[1901,436,537,244,326],[2374,465,300,202,208],[2855,903,487,350,557],[4746,334,496,681,495],[3773,980,408,877,370],[3175,565,462,474,292],[1836,156,351,47,97],[1951,457,643,266,409],[1644,974,377,289,307],[3965,1551,101,297,269],[10186,22,482,59,759],[2291,1407,450,460,634],[1156,683,870,305,430],[1056,1043,406,229,476],[1276,189,111,1529,63],[1531,995,234,8,110],[1655,667,35,438,36],[2339,462,394,175,1024],[1204,80,161,484,580],[997,239,297,488,260],[522,307,82,224,196],[489,962,372,318,287],[340,716,309,351,102],[475,651,453,434,410]],