{"actions":[[5,5,5,4,5],[3,0,0,0,0],[5,0,0,0,0],[3,1,0,5,0],[5,0,0,0,0],[0,0,0,0,0],[5,5,5,5,5],[5,0,0,3,1],[0,5,0,0,0],[0,5,0,0,0],[3,0,5,5,5],[0,5,5,1,1],[0,5,3,0,0],[0,3,3,3,3],[3,0,4,1,1],[1,0,5,3,5],[5,0,3,2,1],[2,5,4,4,4],[0,5,3,5,5],[0,4,1,1,1],[1,3,3,3,3],[0,5,2,0,0],[0,4,1,3,2],[2,0,0,0,0],[0,5,3,1,0],[5,0,4,5,5],[5,1,1,1,1],[0,5,4,2,3],[1,1,1,0,5],[3,1,3,3,3],[3,0,5,5,4],[4,4,1,4,4],[4,5,0,4,3],[0,5,4,5,5],[1,4,0,3,3],[3,5,5,5,5],[0,5,0,0,0],[0,5,1,0,0],[0,3,2,0,0],[0,5,0,0,0],[3,0,1,2,2],[2,0,0,0,0],[0,4,4,4,4],[4,1,1,1,1],[1,4,1,1,1],[0,0,5,0,0],[2,1,0,4,3],[0,5,0,0,0],[0,5,1,4,0],[0,5,5,5,5],[5,5,5,5,4],[0,5,0,0,0],[0,0,0,0,5],[0,1,3,0,0],[0,5,5,5,5],[2,0,4,5,5],[5,1,1,0,4],[0,5,5,5,5],[0,5,0,0,4],[4,0,1,0,4]],"rewards":[[5.3329966732658365,5.542080296478687,5.360163889979758,4.43298987981692,5.287835428850119],[1.9235438673116958,5.378544111166209,5.232446842161644,5.38786591759437,5.342254732256287],[6.7492608628464765,7.655354718105738,7.671282671687717,7.607062360287255,7.475319533918064],[1.5318891319792851,3.678154718868043,3.901818238418498,1.219976943086829,4.086646166837297],[2.6954785237272536,10.153553046948028,10.312398965227064,10.31743619680734,10.23104094734882],[14.337306838863066,14.094470973820762,14.204700205672156,14.302971208301889,14.235077355671148],[7.396368326635251,7.378067152032971,7.145945150354891,7.009242380736599,7.297067914610938],[4.788786052369631,10.396171562467527,10.428417865727948,4.5151882525490565,4.951106509752714],[16.489300183718168,12.133504880392165,16.471263303381107,16.55368980554691,16.4125689929918],[8.353273383448599,5.862089843977273,8.19384148249791,8.288501128038126,8.203065107652558],[6.386488088260902,1.7945928641501092,7.046022815605935,6.961681593868472,6.700177661982689],[10.176747890110017,12.79542480600375,12.950185449065632,14.135867305551207,14.171601115634145],[9.908690773192996,5.365066604589753,6.593608819332215,9.940051861394089,9.886743952567182],[2.4244030671239574,10.007337048860819,10.254020372165705,10.085479044217651,10.022637280019294],[16.5777366507477,12.231564506970829,8.884927026270399,17.398917498908638,17.526007249983447],[4.1406817722285165,3.657059295295284,6.855317694182668,4.514003356763042,6.722828370436522],[2.2854477240093436,5.944086333922452,1.8017282282626663,5.559379393237017,2.0514314740231776],[9.808243081882392,9.096814534319806,9.863339753696517,10.00822259939305,9.931309302317919],[1.1395436371893297,4.4839013144903275,3.726741206481711,4.461434345894042,4.434694946077979],[3.33497914374266,2.553491509737855,7.6095374425047435,7.633284906110872,7.656000820496839],[10.68178897692583,10.899194941422998,11.133414651998342,11.081598482395377,10.982459782940529],[5.5073283588143465,1.9979780885861333,2.5744353066184265,5.507003312105666,5.83346370016838],[6.062261483142068,5.53927878679519,0.6236412706237018,0.8060077964449708,6.066056009435719],[8.821413235871812,11.778498700752378,11.585891589011435,11.667600275154289,11.725237911437135],[5.502551882735096,2.261785695899672,3.3097545892225275,4.230715548009175,5.386132714083984],[7.400389222375335,1.7854256955290848,2.534262376085735,7.278460878152626,7.59064713067457],[9.629289638883648,10.481228273994875,10.54806444226409,10.53535358885522,10.460526451955642],[7.065958902739427,8.278375713940543,7.353769036090182,6.237063787346084,7.659543006648059],[8.191483060451198,8.163534744055728,8.42037102683808,3.269804758304174,7.124264109906594],[15.685742286215477,14.646344404651913,15.773329569685332,15.70712696504313,15.487682880584828],[3.9507104305318395,3.848633497286278,5.417677985235907,5.659620105641956,5.100624999312262],[7.1863666723297035,7.172169249850758,0.025482899160103586,7.00808828554757,6.86739772076427],[12.207814330736243,5.30387227835805,10.676030033020364,12.079403769027456,5.165604479101903],[5.971212048032549,10.088990421018693,9.384418217471506,9.868072230982127,9.776487363279404],[4.673282774661222,0.4505685077698462,0.4512171365681219,5.249151557904393,4.982034031223217],[12.887163302338076,13.637125567114154,13.362061377453294,13.290740200929378,13.293057654778154],[8.027802382859639,4.596323630960132,8.149846891304053,8.07811247697803,8.104194596552583],[6.5209302847432875,2.3036153913530817,2.658699430205823,6.488837262715374,6.409536661798458],[14.578382654663363,7.994078580926403,12.432713716167328,14.53145467597327,14.640249086213567],[6.919825616368458,1.2244870368669272,7.09218074511115,7.048036491596636,7.007026164150513],[0.004928155108504251,5.814381690208663,0.42113535372036515,5.775338002524756,5.6955404219960455],[9.091480465224526,12.697487237809751,12.67017639666326,12.874874030008506,12.826525417742673],[6.163708653099039,9.055040665302094,8.871292634796298,8.870054683418148,8.857060371301404],[4.40405889865249,10.754576461108552,10.590569037254832,10.833619666874238,10.834094755200304],[16.41900011108262,13.37695687338898,16.456352294507838,16.4334613347706,16.686211654589474],[8.308559417559232,8.285404410840457,4.328863076409247,8.268078831154163,8.243721632399113],[0,4.616994114010608,0.6622587041468252,0,3.295192071286767],[8.988010867799641,7.929170175335277,8.78944758341325,8.681936894443217,8.911177036650255],[4.9644560633993935,1.7604413983169072,3.544973284316327,1.8176795554641625,4.8177633943524025],[3.522169269254125,11.043384231175258,10.838317122903396,11.006681015032681,11.106591364367528],[12.512543678557892,12.747335701013466,12.633189684472855,12.729070258378538,6.17796048856276],[6.552801037354725,2.486985126426605,6.705279113993296,6.801040124444583,6.810661318209409],[6.817116667456763,6.6740443936604805,6.73860784570117,6.670849034374576,0],[13.422210475343165,7.507518856616796,3.80521516310947,13.416746682565682,13.530662924195939],[0.304978221669949,6.029990577129454,5.8714334622056725,5.8853543384901075,6.008900940415273],[2.2229443214120295,1.824756419028146,1.9545724830111428,3.1255730703064564,3.2737300932821567],[3.3244382075735666,5.958818194425864,6.026777991348232,2.380574143489358,5.745869536524015],[3.7523732814802115,5.585679636409025,5.563002031330315,5.516983813439179,5.627608080068891],[6.529837097541282,1.2883196358298719,6.410226356980671,6.196371364812816,5.810483632759282],[10.646891909562724,9.981155303078344,4.882347147137539,10.09178396497239,10.64667943802364]],"times":[[14271,916,613,308,374],[1646,355,237,428,434],[2311,308,235,237,208],[2152,327,185,428,438],[396,208,146,134,68],[305,81,134,80,94],[1408,398,65,78,112],[417,284,752,506,225],[306,164,171,439,10],[1000,336,673,363,77],[182,285,223,382,72],[809,76,129,245,238],[1985,186,850,73,7],[249,226,222,95,48],[333,419,112,256,202],[611,252,90,141,672],[281,82,190,16,517],[90,11,706,105,41],[549,278,855,1131,221],[351,190,249,169,140],[288,5,290,95,6],[976,338,422,145,203],[467,122,252,230,151],[161,334,145,8,4],[623,574,263,331,150],[162,258,157,124,228],[190,79,129,46,61],[522,252,325,184,984],[318,299,258,441,612],[299,30,485,29,4],[444,94,201,342,71],[178,185,236,362,41],[355,116,121,148,216],[1566,375,365,183,105],[663,263,127,305,199],[265,199,507,114,1025],[652,725,333,124,137],[76,112,269,69,12],[536,134,1186,129,122],[842,163,315,82,66],[301,200,125,249,563],[235,70,77,20,65],[969,285,31,103,564],[104,76,194,16,395],[216,289,141,204,42],[593,246,217,137,121],[142,241,135,5,223],[301,143,240,19,887],[433,223,422,475,140],[147,107,244,97,128],[153,79,5,50,3],[588,168,160,197,187],[44,102,213,160,130],[579,85,85,157,98],[307,158,213,147,81],[1005,203,56,224,96],[221,613,423,205,339],[539,134,229,124,76],[557,175,379,171,70],[181,4,596,523,84]],