{"actions":[[3,1,5,1,3],[0,2,1,3,5],[1,3,5,1,5],[0,2,4,0,0],[0,2,4,0,4],[0,2,4,2,4],[0,1,2,3,4],[0,1,2,3,4],[0,2,4,2,4],[5,3,4,2,0],[5,4,3,2,5],[0,2,4,3,1],[0,5,1,2,3],[0,1,5,4,3],[1,3,4,2,5],[1,5,0,3,2],[0,2,4,3,1],[0,2,4,3,5],[0,1,5,4,3],[5,4,2,0,1],[1,3,5,4,2],[5,3,4,5,4],[5,4,3,5,4],[4,2,0,3,1],[0,1,5,4,3],[1,4,0,5,2],[0,2,4,5,3],[1,3,5,4,2],[0,2,5,4,1],[0,2,4,5,3],[0,1,5,4,3],[5,4,3,5,4],[5,4,3,5,4],[5,0,1,2,0],[0,1,2,4,0],[0,2,4,0,4],[0,2,1,3,5],[5,4,3,2,1],[1,3,5,4,1],[5,0,1,2,4],[0,2,3,1,5],[0,5,4,3,1],[0,2,4,5,1],[1,3,5,4,2],[1,3,5,4,0],[1,4,5,0,2],[1,0,2,4,5],[0,2,4,2,4],[0,1,2,3,5],[5,4,3,1,2],[2,4,5,0,1],[0,2,4,5,3],[1,2,4,5,0],[0,2,4,5,1],[0,2,1,4,3],[5,4,3,1,0],[1,3,5,5,5],[0,1,2,3,4],[0,1,2,3,4],[2,1,3,1,1]],"rewards":[[5.5638455662647415,4.732556280050001,6.632754981176882,4.753983221053319,5.6668193008515955],[1.8352469375820344,1.8833335791369004,5.997584760125988,6.74297811613149,5.941734417921356],[10.73516947674065,12.21801316582803,12.676228203660923,10.919381040311539,12.62770978620012],[4.869282179057469,6.437374998201598,9.396626931642327,4.737541086341458,4.882550824784743],[8.829040889644132,8.257290469593666,8.612993246432566,8.75204048178592,8.459973648572312],[13.533776552725357,14.699388229914282,17.6602901927067,14.618294168960333,17.763695751338034],[10.547027843466829,8.267955613353292,6.946357887766884,6.951686498141105,5.234083346499598],[7.970295075581043,3.6049634061216222,7.959836748986174,3.1866775634883155,7.7484398146827385],[18.33996677742613,14.881784964609471,13.150063606043776,14.950532479744945,13.063922165203739],[4.709640917945273,4.606489601959039,5.1101789200682255,2.963701893773011,1.567365604757281],[0.35481371382221727,4.12060108299851,1.335687037590025,3.699700840972742,0.49570552844711147],[6.412517902224141,6.681909936751343,9.243584544005742,5.978009835398438,4.534749634468363],[8.568112586927587,2.960712773597339,6.979637838808773,6.4399863092949605,5.424584690725099],[1.7449643547893874,4.863545450105043,5.371105650629633,2.110011623757383,4.325110818536262],[11.874090186331951,9.689026226223765,5.618779056460914,8.334255068588309,8.24673590801271],[5.704294480278429,3.4666774456294167,5.366398454539735,5.12543713608255,4.74554415144802],[9.474625332088245,9.02687594540019,7.99254586165545,3.7862155268014948,3.239531783103917],[14.758689054674555,13.388496143699436,11.691638879058049,8.969282255081477,7.255398093387354],[2.197895881280121,1.882207513477423,4.685905421239532,3.9999519558473065,3.3599274846172524],[7.16650631076005,2.3798760995193007,2.4535990429076207,1.9129324489337112,7.212942789341774],[9.308864688945164,11.103441936093434,12.192207708241357,6.476358108446135,4.87404744199928],[8.11254438072436,6.432766953854086,7.19862564855375,8.149346770873057,7.291571759114629],[5.284763621045984,11.91936468650361,5.495148538079767,5.257192726077902,11.89574497945867],[19.339648941137177,17.995635939954603,14.890451673912194,12.075037189476632,10.393825130527166],[4.688104605680453,3.78954883047474,3.272290105341101,3.0026498029128335,3.4149276739729197],[4.321095500932182,1.1053338876539365,0.8792857826030959,3.5829672487042825,1.2586261727202221],[5.586542664390941,5.0314899077154,4.184027408696313,6.639228162628793,7.01390949761118],[8.021832711826812,6.702599528509471,4.797226773805199,6.214149474922346,6.826756601916477],[10.416364984925199,10.719318371936891,4.346825747731515,11.751857823333179,4.0791815942627725],[19.22941987282688,17.38815584512277,17.93845254342432,9.40283019334877,11.003791301906515],[2.216666093406829,1.6883075220124406,5.592868785166569,4.493238597793184,4.039845764813478],[12.942864064362494,4.7721514750611,11.642288515453517,13.01266902773003,4.89517097558722],[18.448150857494156,9.320719952047966,15.617971828496016,18.39915018952554,9.180719559725798],[5.6627468123018865,10.094129619460958,8.192061093456767,7.442534011292518,9.852781416224826],[10.814804139333427,4.385257553959951,10.829831496782719,10.85408535100255,10.8231366513702],[20.604349652453376,18.351301942882355,17.690876395018837,20.516031622289184,17.5128765166596],[3.9869019375530894,2.8190549097173982,2.887863154221932,3.306569798002674,5.232820532564634],[9.349990896789626,3.8759537031723394,9.577567137563213,2.8275890568839177,9.812981738808444],[12.614284932483104,12.728541975651677,14.5291294228246,8.064910177570178,12.524288826348949],[4.062568788990127,8.35327319454905,7.788547327628207,7.1499991616904275,6.370466294291111],[0.7947133876248875,1.233287647617753,4.489888736568937,4.124861021810652,5.174841132317564],[9.16991007917287,9.325685691706168,6.165279319222038,11.0470790448642,11.913350931881022],[5.181959353683823,3.5873371391177153,2.9385606989771693,1.5164168234758237,5.574106109544011],[5.120926554340067,5.606346064817643,5.255230960618897,0.44906559736701857,1.7949322469161455],[10.53725256853045,8.941134389458162,6.8031136145960875,3.2636307903033335,6.083518985279245],[2.210187292641618,3.841638174585054,4.115465771447469,2.0197893282616786,2.1446527364465404],[0.36665451919731873,8.086880118976294,7.812525968670202,7.416651470834291,1.2572686596241267],[10.059067918786738,9.855146536210842,11.288415437797056,9.86263514301469,11.279213191196858],[4.63498747641434,5.611544899638573,6.674755030611534,6.21618010730925,7.9027278303030535],[2.764937659894766,5.244940373418339,1.2795304042945141,1.5040188703740838,5.974786285405143],[12.622638857465821,12.494507945744001,10.705884272125287,10.585317922815413,7.260638063892665],[6.693112076653831,5.987517243203896,5.186852443063632,3.845150758799768,6.031847471036983],[1.2849267017156671,4.513384070566388,5.21151833591458,0.6367839311646272,5.276299264761527],[11.6986862487196,10.504960321181287,10.446307230204269,4.730519648172544,8.136288052113406],[3.8525894932602593,6.185416527201252,4.438354175718919,6.0881144659917314,5.410191465149343],[8.751260610558413,2.7425981073321886,8.059332908830601,8.146203439163301,3.0514882443887754],[12.647520174503345,13.663268183316204,15.473977551020871,15.445016423993863,15.49892292035375],[7.887455075236553,7.858839476977602,6.494880904890972,4.927883890415834,5.5644266161890705],[2.8544680558062026,8.436133010832728,3.387692642179066,7.808594745589216,3.0578534030305287],[10.193004537019116,16.114036276853557,12.942267860495724,15.993809557998235,15.953191456425994]],"times":[[35936,2166,1418,5071,845],[1672,1658,504,650,702],[3207,1030,382,760,221],[2398,858,1066,572,730],[914,772,688,423,285],[1008,389,34,908,108],[2485,119,282,963,52],[826,596,896,673,1616],[1065,381,443,669,386],[2413,975,534,1143,1056],[1216,601,171,292,654],[1352,650,1449,678,840],[1436,789,753,127,822],[899,275,435,330,183],[1070,794,596,777,749],[4667,1281,1537,814,1074],[2600,817,930,790,890],[1740,334,795,695,624],[2107,831,1214,78,136],[3133,23,1136,768,340],[1451,548,932,447,870],[3633,953,337,1633,257],[1430,369,337,1581,390],[2175,1087,1732,1117,895],[1872,1072,1063,5,289],[1309,2522,2020,252,1294],[24147,1046,655,11,1324],[1394,1767,847,97,665],[1434,389,665,1884,1030],[1893,114,993,444,728],[3977,644,1120,243,642],[1408,154,259,1703,341],[1300,564,367,347,211],[1255,938,484,496,954],[623,289,296,1275,1881],[449,945,295,529,281],[725,287,53,929,950],[939,236,254,1088,397],[374,409,359,299,934],[13513,1239,522,314,1046],[1293,1068,758,793,918],[4402,879,652,419,326],[23034,895,673,226,790],[1013,1113,699,23,501],[1639,182,270,312,1925],[1494,1099,638,1061,1773],[1142,660,1328,815,466],[1612,142,934,494,274],[1316,1052,521,1019,955],[843,40,139,2812,531],[1248,1087,198,606,87],[30330,822,663,311,318],[1320,925,592,327,871],[994,809,488,404,282],[2968,882,351,757,751],[725,142,516,793,280],[813,351,662,361,402],[1427,945,847,1043,348],[424,387,763,616,387],[2255,518,1013,530,355]],