{"actions":[[0,1,5,4,5],[0,1,4,5,4],[4,4,4,4,4],[5,4,5,5,5],[0,1,4,1,1],[5,5,5,5,5],[0,1,0,0,0],[4,4,4,4,4],[1,0,0,0,0],[5,5,5,5,5],[5,4,4,4,4],[4,4,4,4,4],[0,5,5,5,5],[4,5,1,2,2],[4,2,4,4,4],[5,5,5,5,5],[5,4,5,5,5],[5,5,5,5,5],[0,0,0,0,0],[0,1,0,0,2],[0,0,0,0,0],[5,0,0,0,0],[1,0,3,5,1],[1,1,1,1,1],[5,5,5,5,5],[4,5,3,5,5],[5,5,5,5,5],[0,5,5,5,5],[5,3,1,5,5],[5,5,5,5,5],[0,5,0,0,0],[1,0,2,0,0],[0,0,0,0,0],[5,0,0,0,0],[1,2,3,1,1],[1,1,1,1,1],[5,5,5,5,5],[4,2,0,4,4],[4,4,4,4,4],[0,5,0,0,0],[1,3,5,1,1],[1,1,1,1,1],[5,5,5,5,5],[4,5,2,0,2],[4,4,4,4,4],[5,0,0,0,0],[1,0,3,1,1],[1,1,1,1,1],[5,0,0,0,0],[0,1,0,0,0],[0,0,0,0,0],[5,0,5,5,5],[4,2,4,4,4],[4,4,4,4,4],[5,0,5,5,5],[5,4,5,5,5],[5,5,5,5,5],[0,5,0,0,0],[1,0,1,1,1],[1,1,1,1,1]],"rewards":[[0.861029610989617,1.6449860861173664,4.3494685276826015,3.8561386058636686,4.549992188207649],[5.232732997123078,1.8842922503549189,5.409386368816399,0.728707252185064,5.305585589542678],[9.232127092529815,9.333543199181335,9.309401623962215,9.309650118225566,9.187967160419795],[5.365671158038996,4.385236964876099,5.315035830267063,5.381360004822502,5.39177086151846],[0.824103454565227,5.538650523459645,0.3487397704577283,5.5457580598542995,5.6424972394504005],[10.799432283658817,10.612401822203475,10.569694106895204,10.609018300332412,10.78020025741174],[3.9776921875149918,3.71744805966942,3.923497017830992,4.015928971787923,4.102710115108884],[9.308748328351474,9.24330234378392,9.352418966452985,9.330239371993878,9.231181606741465],[5.9157123967171215,14.157762488191752,14.268016917625237,14.23522017122953,14.369030524235798],[5.852198496695145,5.941479014392419,5.94942521519482,5.852144462074157,5.856859168006639],[3.2796425227471024,7.830541753164469,7.583513875528059,7.665908246038235,7.646822167133121],[13.464503278493357,13.58129948679196,13.379578827106583,13.487120668011052,13.518079573780794],[2.2946371424963123,6.903547827396446,6.87536151547431,6.9155263256301485,7.087125315439847],[5.228295157259538,1.2976763778604319,2.046752994840337,5.995345021044353,6.251992620403158],[10.572109324459511,10.19336350551667,10.433429601528061,10.458359184680097,10.634492341761165],[8.737561439621079,8.597312375914965,8.369608358036452,8.468285752006702,8.593923974872576],[3.885988848185316,0.2934091354916227,3.5795246471368376,3.9106843618743587,3.6949108088719504],[12.236238792686535,12.548131999885634,12.352042686249243,12.324193446824077,12.231044943262116],[9.962916811149881,9.852847971322824,9.849634530066488,9.700305507634686,9.78286961905981],[10.562510672931815,4.277958008296206,10.542289801551735,10.870709472330224,10.78792334120226],[20.5225696240982,20.40239567052463,20.463802588495625,20.49815463450415,20.53706926013349],[1.9986822911284872,6.372116430705686,6.45847726161312,6.618011921083065,6.644008802504751],[7.636868559246486,1.7123380071689163,7.434806177991673,7.3659752520318245,7.577354528121963],[13.566729855524331,13.594828228075452,13.471472641632605,13.65694886855772,13.64734880360464],[6.170182051974737,6.226861653475529,6.253098020477621,6.380318683298709,6.155864968218749],[0.43306255584496334,4.414192547155688,2.946153845694579,4.481524998915738,4.5809098693039365],[10.840650639125116,10.739288944771452,10.696213418518102,10.74283801572539,10.727236131677378],[4.1477682512374185,6.7042238480204155,6.640748803888758,6.742841682386134,6.770229770035412],[6.81612224461866,6.757768161372749,6.682846032665901,6.850891308162971,6.87144897139972],[13.536418592481738,13.61651275728139,13.396511783878678,13.502822226865604,13.549462239706811],[7.935094279138659,4.909369080756774,7.783226321115602,7.751568690377,7.821479237269702],[1.6890744804894762,4.34452589871475,4.5111238203806945,4.367940144019374,4.320193371481117],[12.092371658679795,12.193805593037073,12.313843813210465,12.244092514980501,12.295668579234787],[1.614879911725006,5.636040346296079,5.659413593921232,5.722575392993627,5.516480682782318],[5.575350095044458,0.7204951723353507,5.270601514329197,5.485287750668195,5.834531826704381],[10.935460946676194,10.68604574564068,10.728103541469398,10.775047512660635,10.746495954277062],[9.264056478863044,9.17722388829254,9.303109434569196,9.242274552240284,9.38786085593174],[8.280126243657866,8.372008057492518,8.696059833686245,8.360008663774702,8.444844206719283],[17.780931478248093,17.865749433710658,17.632930880376897,17.680264806222763,17.79185758867173],[6.545342425096776,1.812139166752134,6.733532426967075,6.476733369413531,6.766454675336845],[7.05331954337308,6.721838824929249,5.822198764374595,7.099299999275181,6.971461333293035],[13.492321092707376,13.730732600315273,13.442150394305846,13.44298963739335,13.559384383178303],[7.307059952059106,7.208895908173657,7.095812549802679,7.119802756973731,7.270703145712585],[3.2998179072584066,1.0377740916068243,3.8704186161340473,3.40716533177023,3.830661845261757],[10.07391281396057,9.986689983730479,10.145329066965802,10.170580599170306,9.97084343015001],[1.8783380438876038,4.367494183348056,4.2904528281225796,4.557678642840066,4.404997880308327],[5.475427846710525,1.4813207582257617,5.139804437579168,5.529042745701095,5.514040030568331],[9.632605259308873,9.510718259930494,9.600389863252394,9.568855772622289,9.670314569297776],[1.7403731073885558,3.895283365411805,3.980229810144372,3.644612751108769,3.595042612690656],[4.3845393200153495,1.191311542588003,4.3766892117119855,4.36226158285649,4.38435783665993],[8.265677030491336,8.038732394670328,8.214910837620911,8.367570181089775,8.309813096562177],[4.489005922004412,0.9100804312777229,4.410965341417521,4.584012021465908,4.608858247883503],[12.901810027370484,11.998699445161819,13.130790076466175,13.05045987116824,13.16988709206102],[17.508670814786374,17.759602461859018,17.752405322960715,17.564720046805913,17.745940663998475],[3.710199179270616,1.7165033954941977,3.7095431436134216,3.6948463824649713,3.4971161762843654],[5.699295287847032,1.2606264407541374,5.526591171149832,5.583802723388677,5.706580548583494],[9.360005317569126,9.25741976283392,9.296842385893234,9.360436080205801,9.158287681554677],[5.405434292599055,1.5134332557254613,5.2448687084235335,5.362079120677188,5.271464393229192],[5.2233011338809625,0.698104257736982,4.953142313451635,5.00750222251586,4.7587760673819295],[10.48840383733352,10.582486815934098,10.504051665366637,10.390047116258625,10.6876767098602]],"times":[[52320,2392,2700,3807,396],[21873,3344,3194,2076,1069],[5866,3635,1871,997,627],[10027,3139,1205,259,318],[5765,810,1484,931,386],[14644,465,323,404,337],[8892,893,1288,2069,283],[5199,575,166,231,224],[6714,3817,297,228,554],[10500,1005,276,233,576],[5062,939,707,161,232],[2077,221,164,201,189],[5592,893,342,237,241],[7555,455,1250,1654,751],[4080,574,441,256,501],[4444,1179,207,161,221],[4071,367,583,125,152],[1154,73,42,28,89],[3505,304,151,127,123],[2875,741,434,954,1530],[2470,243,167,203,238],[2096,513,255,213,195],[5377,400,3001,1279,1421],[1477,991,286,264,237],[1547,1083,116,137,107],[1363,253,1291,1455,254],[1058,247,208,264,196],[2401,879,439,179,184],[4180,2885,1820,365,1181],[719,146,119,168,232],[1901,1404,258,136,202],[3303,359,1201,193,200],[476,233,163,259,607],[4453,265,204,241,202],[4132,802,2284,1310,856],[985,234,264,258,224],[2309,1661,212,218,190],[1329,1696,1339,1404,609],[829,226,227,298,265],[2389,614,47,533,318],[2633,3033,948,211,489],[602,255,237,270,243],[1006,1600,219,220,199],[2773,355,2701,1854,690],[1281,169,244,190,204],[1507,399,555,227,317],[1906,703,1533,436,275],[491,205,230,258,245],[2263,450,882,194,289],[3558,1022,338,184,222],[401,159,269,204,236],[2814,468,282,144,173],[5770,2121,240,236,136],[732,196,209,261,250],[1186,499,353,192,155],[2390,542,299,128,61],[761,180,198,228,247],[2095,618,120,224,221],[1308,369,291,203,385],[305,166,219,169,205]],