{"actions":[[2,1,4,2,0],[4,5,2,0,0],[0,2,4,0,0],[1,0,2,5,5],[5,0,2,4,5],[5,5,5,5,5],[0,3,1,5,4],[1,0,0,0,4],[4,5,1,1,2],[5,0,2,0,4],[0,5,5,5,5],[4,1,1,1,1],[1,4,2,0,0],[0,5,4,5,5],[1,1,1,1,1],[0,2,1,0,0],[5,0,2,0,0],[5,0,0,0,0],[0,5,0,2,0],[0,5,3,2,3],[3,4,3,3,3],[0,3,5,5,5],[0,5,4,2,3],[3,2,3,4,5],[5,0,2,3,5],[2,5,0,5,5],[5,5,5,5,5],[0,5,5,5,5],[5,5,3,2,3],[3,3,3,3,3],[5,0,2,0,0],[0,5,5,5,5],[0,0,0,0,0],[0,5,4,2,1],[0,0,0,0,0],[0,0,0,0,0],[0,5,1,0,0],[0,5,3,2,5],[0,0,0,0,0],[5,0,2,4,0],[0,0,0,0,0],[0,0,0,0,0],[0,5,2,0,0],[0,5,0,0,0],[0,0,0,0,0],[0,5,3,2,5],[0,5,5,3,2],[0,5,3,4,5],[0,5,2,3,4],[0,5,3,2,3],[3,5,0,4,5],[5,0,4,5,5],[0,5,4,5,3],[0,5,5,5,5],[5,0,2,0,0],[0,5,0,0,0],[0,0,0,0,0],[0,5,3,4,5],[0,0,0,0,0],[0,0,0,0,0]],"rewards":[[3.7354128585434623,5.116434573981148,2.1999269312055194,3.758618928240412,7.472249916650961],[9.502634191281407,3.6712007899110204,8.631216072254986,9.648831036056015,9.656920059846945],[17.28027473327932,12.29941272785261,11.500813342116896,17.041573164719505,17.260321136880023],[4.9144836034443875,4.2818673203029975,6.642838611728735,8.796435345125367,9.021414492853632],[5.226636548265525,1.2007509960835188,0.4800708189570865,1.5443185754360302,5.106297738202008],[14.129368822795403,13.968230314216864,14.201109785982993,13.953049953331703,14.083484894397186],[3.737653068867913,3.277582373356049,3.891877348148941,2.244127769861369,1.6040306960835606],[1.7593902762189526,4.4272113118042125,4.550022858928115,4.471064829081016,4.685879887094547],[6.296993524656004,3.1360002504792233,5.624198364607981,5.52458013990257,7.042434493264364],[1.7558405830468196,4.7845385171396035,2.701429534224077,4.892154725879221,1.6569059540615463],[3.4229333943838967,10.864244436162837,10.749411060651513,10.840275813167995,10.879651256215576],[6.3438770019192505,15.550116957268639,15.54349349624135,15.594400054710317,15.320494604511332],[5.537867378224467,2.0721357577903836,4.161836251493802,5.991751323424117,5.947712704413786],[3.2675370693746615,6.951813749663713,2.6144043258962797,6.849434531844889,6.939216839633883],[12.996260005081577,13.312550904282114,13.096041942450869,12.918286718389245,13.136204441706337],[7.27744206471986,5.559102841182601,6.496118289346064,7.3101996184216524,7.340062661302018],[2.4579048783408335,9.375534592677612,8.83149293965096,9.55081618190506,9.44434191753924],[6.855138353693152,16.838124792993227,16.78413611324881,16.627664425006408,16.66341077707641],[7.728741603282373,3.2140599912234182,7.673566111277038,5.41861486764806,7.627168163578098],[2.325768220930208,3.775450871238279,5.333628872007318,1.557493877339427,5.316788628260385],[9.985006109618139,5.494744656916674,10.005042637019216,10.103549495203449,10.135249873412713],[3.5995599758791923,4.985903760983569,6.894921124584798,6.934148625575917,6.88675369900355],[1.5590386972192607,5.635417186368472,1.3117530515222415,1.736891831860973,4.663021834845963],[9.459244305584118,6.593069370346631,9.506404564380599,6.934407744095848,12.462057038691583],[4.296202351025828,1.6200474761635606,2.806745739552979,3.1094359761808112,4.227361149979117],[0.06000496723972788,6.386669173286627,0.5266773421858304,6.2758217242488135,6.367072784199006],[10.423929173281756,10.449471014537886,10.503428217170198,10.364364862844523,10.40232961758808],[4.422268276565278,7.312730114079258,7.398968743449442,7.360587719223525,7.263628611547287],[9.593092393986613,9.478622854631384,9.943626634556178,2.7772229093590717,10.008158446502922],[16.01421872977321,15.857017208194215,16.072630123154138,16.114512024918444,16.257914401229556],[3.1580227843737507,7.165243842649579,6.219877385827025,7.113691368799526,7.006057914808773],[5.354636590426483,11.623058031508796,11.596209470649336,11.416572955071624,11.772939996607926],[12.201799194059204,12.110443449268793,12.276375960137885,12.209669764323488,12.259795639183713],[7.990322546323776,3.189458705836699,3.2222970545710807,5.714506088843615,6.735159598221958],[11.200537028092448,11.27244894947108,11.031142750976246,10.993197920628655,11.07488106074088],[19.367906765791055,19.208186690296664,19.110192486314737,19.208406717907646,19.16864804943227],[8.16489828693814,4.417793503492428,8.053923720341404,8.355999381059382,8.242634695468242],[1.8169139566088062,6.613171973334521,5.02182000476369,2.1589959653808743,6.3952005629658935],[10.033737033250462,10.007639106305255,10.347227909064468,10.265055883221196,10.128821299901873],[4.28674986448415,6.168393784755201,6.007676672521317,4.796873579269161,6.559634995077837],[11.027243841751044,10.789481343110808,11.07900183664364,10.968846957823862,11.066656254630603],[17.448088714252364,17.36956167477243,17.334990948211285,17.41154511299436,17.432144730253327],[4.867061164270302,1.9584176329031842,3.8361676742557482,5.069871158140801,4.958269727263303],[8.118315996680568,1.5521701531397707,8.084132209610756,8.312790118058953,8.226284490132302],[13.106016643905372,13.214024187534891,13.012411043353826,13.0839624131222,12.945948411622155],[4.339123477027614,6.6008588562219765,5.925224347105561,5.530931037391224,6.588023951486868],[2.050662335746723,6.821884065178047,6.74042035811884,7.000846475180879,1.8327356989211319],[6.312375907960391,13.46906993081505,12.799581480889433,8.903089590201187,13.528782679337883],[4.600131925358693,3.1875094323304642,3.904618963705773,3.6112198296349507,2.8914557282645292],[0.8372332684198976,3.3197541420344967,3.4663870513100647,1.1213096739834412,3.457076238233778],[6.848317187335078,6.840830388915596,5.39424129793463,4.1309242692530965,6.625868057432633],[7.158289933934092,5.145963661805023,6.84001214705075,6.9266049229923885,7.009601560639891],[0.9853775130210661,8.02136004187188,1.5062340381204367,8.074052476953145,8.066476447348286],[5.870681622747883,14.982769052873172,15.080647398918916,15.028104612365535,15.06552326883436],[4.54660680356139,7.719371550630974,6.704339596281479,7.63570746087791,7.638908155425327],[9.546440726862947,3.209498749128409,9.131588486117426,9.529560405061288,9.353839708864713],[16.98666046445534,17.024365521772214,17.123495855463037,17.011537631482753,17.022864340725516],[1.1809632951831959,4.575154537639458,3.292708581036662,4.602960795405934,4.489929325398076],[13.101151179307724,13.322591467072526,13.1698790055755,13.354337911191113,13.396792086220103],[14.179956058488928,13.987137814703905,14.155231796044689,14.266094043221328,14.107745480856625]],"times":[[22623,8667,1630,3482,2100],[1384,717,2089,504,2416],[1858,2943,1587,1001,681],[1722,358,529,1098,384],[4052,438,1193,589,369],[899,675,350,649,355],[985,1652,568,693,541],[808,485,486,370,584],[734,412,906,705,1140],[1902,421,866,1076,385],[881,442,365,359,309],[1592,387,489,403,312],[1278,438,1363,440,290],[606,408,471,85,352],[1124,409,191,32,565],[875,1097,519,681,356],[783,284,830,390,197],[1448,392,443,270,693],[1360,369,387,458,16],[738,381,503,137,304],[893,783,23,518,389],[942,593,492,378,358],[1496,199,258,21,220],[483,624,494,380,473],[615,319,455,399,312],[856,355,444,135,320],[561,302,75,76,710],[539,193,191,215,84],[439,409,538,613,379],[511,327,337,135,21],[699,554,404,449,124],[582,166,111,152,25],[1715,489,6,35,31],[771,161,269,167,435],[712,306,10,394,200],[1365,299,255,229,407],[848,79,266,161,178],[1201,97,427,127,604],[743,321,131,25,116],[853,172,181,432,221],[797,244,97,8,5],[841,271,199,133,88],[561,427,562,135,430],[1319,333,489,335,100],[468,275,128,367,81],[507,165,326,166,473],[585,422,320,346,503],[960,274,217,310,245],[858,117,338,187,557],[707,272,376,435,364],[751,341,328,496,320],[1144,324,484,879,255],[1023,183,375,65,465],[828,352,380,120,31],[680,204,712,201,105],[569,449,305,551,213],[1103,343,124,383,458],[5889,191,420,41,20],[1249,319,161,109,112],[3368,313,158,651,598]],