{"actions":[[1,2,3,5,1],[0,2,1,3,5],[0,2,0,1,3],[0,1,2,3,2],[2,3,4,0,0],[0,1,3,5,5],[1,0,2,0,0],[1,2,0,3,5],[1,2,5,4,3],[1,2,3,4,5],[0,3,5,5,5],[5,4,3,1,1],[1,0,1,1,1],[1,3,5,0,2],[0,1,5,1,1],[1,5,4,4,4],[0,1,4,5,1],[1,5,4,0,0],[0,1,5,0,5],[1,0,5,5,5]],"rewards":[[12.605141864238899,8.291591122254188,13.563992706690605,15.416367841737639,12.565004901005173],[10.235006939963553,9.633711066832497,6.180269481082392,6.183805079058045,7.5729478564571835],[11.193329583022736,9.535560693269884,11.312114952073381,6.255976285218194,6.4923127246399535],[8.200410264201823,6.12680525374892,10.734730928145026,7.992051065576183,10.684853016611514],[10.491555064078339,5.880420378376065,9.816109340771344,11.272793184564021,11.128115303150821],[5.862273856223891,14.00250368917926,15.461557778337065,17.46074729689568,17.685329517212764],[9.288361285235762,17.89999599947005,16.229533109279817,17.664948719515145,17.990562222547318],[13.34690194682996,7.8075655714577525,9.02678564348765,12.075397781640495,9.548293167779635],[6.051257220813096,3.8367855505910518,9.070583351794706,5.732356852602299,8.075179381914555],[5.592582758711812,8.749118725146413,8.174114335671106,10.196467654704334,8.175983737641713],[3.0089944968909155,12.509174067869042,13.635880575597884,13.540650685280484,13.569492618994397],[8.909818928233198,1.7941413754930533,9.723427182603569,12.177255464295193,12.133953285093225],[15.634226995444909,10.752104900335702,15.69712357330463,15.432272023713297,15.541265169167309],[5.5090547808944565,3.184067401627588,2.6624694054458935,9.065234361573683,7.490447542304117],[6.859340133112639,11.68618456793294,7.918627553600445,11.294574102912703,11.515446543253235],[10.195490239833196,11.678483402843831,18.659948055672178,18.352482863528856,18.36543632599106],[10.73697838848622,16.10674041778854,8.737554914395425,12.635252284335595,15.892236891717793],[7.04452237937695,3.4862428944201733,11.719146286626831,13.695023035074334,13.802545832555557],[11.363098269644954,9.28763694671024,11.73769632928215,11.443423642193732,11.726806936750734],[10.671950763894847,3.2020111986789486,14.267815693822907,14.297941369152698,14.371453351901224]],"times":[[156814,1075,1600,814,1058],[2157,1011,752,1235,389],[1850,492,1031,157,906],[7435,793,1570,2792,6414],[2348,842,806,1904,568],[11001,652,1288,1017,326],[1119,585,882,111,165],[1427,278,322,799,795],[920,261,849,500,212],[977,339,316,727,383],[1353,834,811,824,1224],[795,191,68,910,439],[679,1501,32,33,351],[1217,358,708,1416,782],[14275,201,1184,1053,692],[1051,914,1667,692,472],[1181,235,671,140,380],[3765,473,271,1074,811],[4874,481,684,502,384],[1531,24,920,279,710]],"condition":[["posodd"],["poseven"],["negeven"],["poseven"],["negeven"],["posodd"],["negeven"],["negodd"],["posodd"],["poseven"],["posodd"],["negodd"],["negodd"],["negeven"],["negodd"],["poseven"],["negodd"],["negeven"],["poseven"],["posodd"]],"envs":["envs/add/posodd/posodd58.json","envs/add/poseven/poseven27.json","envs/add/negeven/negeven44.json","envs/add/poseven/poseven39.json","envs/add/negeven/negeven77.json","envs/add/posodd/posodd56.json","envs/add/negeven/negeven50.json","envs/add/negodd/negodd4.json","envs/add/posodd/posodd94.json","envs/add/poseven/poseven34.json","envs/add/posodd/posodd83.json","envs/add/negodd/negodd25.json","envs/add/negodd/negodd80.json","envs/add/negeven/negeven17.json","envs/add/negodd/negodd16.json","envs/add/poseven/poseven72.json","envs/add/negodd/negodd90.json","envs/add/negeven/negeven5.json","envs/add/poseven/poseven24.json","envs/add/posodd/posodd65.json"],"money":"4.02","age":20,"gender":0,"hand":0,"experiment":"noncompositional","instcounter":0,"subjectID":"612dfc96edf9f3ca2f8b4a2b","studyID":"6168186185dddf5426605411","eval":[["negodd"],["negeven"],["poseven"],["posodd"]],"regrets":[[2.7635955810546875,7.187856674194336,1.8677377700805664,0,2.7635955810546875],[2.288747787475586,2.802187919616699,6.250213623046875,6.1263580322265625,4.972004413604736],[0,1.7093915939331055,0,4.995283126831055,4.757995128631592],[2.457183837890625,4.569838523864746,0,2.671970844268799,0],[0.7606296539306641,5.28186559677124,1.531747817993164,0,0],[11.56970500946045,3.618783950805664,2.109419822692871,0,0],[8.356141090393066,0,1.4582557678222656,0,0],[0,5.33624267578125,4.284895896911621,1.2975549697875977,3.8744468688964844],[3.030595302581787,5.339697599411011,0,3.4403858184814453,1.0692882537841797],[4.496214389801025,1.4566679000854492,2.0377159118652344,0,2.1518373489379883],[10.48350715637207,1.1987991333007812,0,0,0],[3.1853742599487305,10.413636207580566,2.3022994995117188,0,0],[0,4.770896911621094,0,0,0],[3.6319808959960938,5.76759672164917,6.231846332550049,0,1.5383119583129883],[4.571207523345947,0,3.665496826171875,0,0],[8.193798065185547,6.81178092956543,0,0,0],[5.155237197875977,0,7.3140411376953125,3.344029426574707,0],[6.810944557189941,10.222163915634155,2.0690202713012695,0,0],[3.3061647415161133,5.5322160720825195,3.055002212524414,3.3061647415161133,3.055002212524414],[3.642240524291992,11.034912109375,0,0,0]],"maxrewards":[15.396668434143066,12.474737167358398,11.1744966506958,10.642559051513672,11.22176742553711,17.571224212646484,17.718761444091797,13.421960830688477,9.120410919189453,10.223679542541504,13.584226608276367,12.188100814819336,15.538280487060547,9.111248016357422,11.518311500549316,18.519304275512695,15.980981826782227,13.734685897827148,14.771265983581543,14.315494537353516],"bestoptions":[5,4,0,2,0,5,0,1,5,4,5,1,1,0,1,4,1,0,4,5]}
