{"actions":[[0,1,3,5,3],[2,4,3,5,1],[1,2,3,1,1],[1,3,5,4,4],[0,3,4,5,4],[4,5,3,5,5],[5,0,4,0,0],[1,3,5,4,4],[2,3,5,4,5],[5,1,0,1,1],[1,3,5,4,5],[1,3,0,1,1],[1,3,5,4,4],[4,1,3,0,0],[0,5,1,4,0],[1,3,0,4,0],[4,1,0,0,0],[2,4,3,5,5],[5,1,0,1,1],[1,5,4,4,4]],"rewards":[[1.894252775540501,6.731996579680665,10.076924990249065,9.244301269341207,10.262834583563375],[8.954360191698376,7.7463553397239675,14.175124636274225,11.712453667802837,15.19452212846377],[14.44990900914874,8.454121219677113,13.397914862609834,14.631085964330271,14.662787771524043],[7.476521062608346,9.859126914447037,11.72688223265087,17.905550836755758,17.734498159995436],[8.065163491633756,5.653359567494891,11.517068962093044,5.898419054909009,11.693980943448391],[12.495696524218536,20.131531927339328,19.28818767849752,20.349265020179672,20.29165766482211],[1.8377381439878364,11.133309615018385,5.508437269875643,10.876366841721838,11.023794741975415],[9.258139646587315,10.426113884299024,10.938291624972697,13.67962755526154,13.404303692398644],[5.922383533059097,8.635569000948761,10.663300409569079,7.36960998756043,10.742313791562008],[8.186760455619671,11.868567993659003,9.846906972932706,11.856508230663975,11.954613783954391],[8.588070155736848,10.383227224500452,10.608599300643153,6.512111160184126,10.555113243179346],[12.719715479284979,10.630979924361972,7.722244906452228,12.605326764131101,12.583936212789178],[4.919211984467046,5.854804535689414,8.227581671129313,12.393504622356781,12.34945631789467],[8.895649492532877,9.308503044803587,8.482053770003255,13.107798049387341,13.337724945610484],[7.117073748976379,3.646858242321646,6.057028537616328,5.9627689776234405,6.947232103356274],[9.153509503114554,9.013304925171834,17.393870786191833,15.671567795561069,17.52990503377033],[5.985699939431404,4.25607188455235,8.27356539086743,8.272667469507708,8.092923385893616],[6.194894086919725,7.998871144014322,13.333781718029913,14.50787603046264,14.437185705286728],[13.585500622111834,14.337893339857867,9.18512206261686,14.540569922195267,14.608657801762432],[4.204636651039908,8.827735687321127,10.17338523820365,10.449025693270492,10.44158122751]],"times":[[19848,4769,1877,1119,1683],[8944,720,654,437,1954],[2590,992,891,1242,1797],[1850,1159,582,847,522],[1926,803,2979,710,286],[1069,765,1367,177,9],[1100,778,1489,2125,388],[1106,1115,403,392,278],[2267,1276,92,476,218],[738,941,648,369,392],[782,893,163,404,789],[1217,1566,435,53,214],[576,897,301,453,92],[715,754,994,646,311],[692,982,452,927,590],[1256,758,724,1315,170],[999,580,947,363,155],[3462,731,811,295,136],[386,904,659,150,77],[664,529,290,216,268]],"condition":[["posodd"],["negodd"],["negodd"],["poseven"],["poseven"],["posodd"],["negeven"],["poseven"],["posodd"],["negodd"],["posodd"],["negodd"],["poseven"],["negeven"],["negeven"],["negeven"],["negeven"],["posodd"],["negodd"],["poseven"]],"envs":["envs/add/posodd/posodd27.json","envs/add/negodd/negodd46.json","envs/add/negodd/negodd65.json","envs/add/poseven/poseven49.json","envs/add/poseven/poseven78.json","envs/add/posodd/posodd60.json","envs/add/negeven/negeven12.json","envs/add/poseven/poseven83.json","envs/add/posodd/posodd15.json","envs/add/negodd/negodd29.json","envs/add/posodd/posodd34.json","envs/add/negodd/negodd51.json","envs/add/poseven/poseven20.json","envs/add/negeven/negeven26.json","envs/add/negeven/negeven16.json","envs/add/negeven/negeven71.json","envs/add/negeven/negeven24.json","envs/add/posodd/posodd9.json","envs/add/negodd/negodd2.json","envs/add/poseven/poseven95.json"],"money":"4.03","age":20,"gender":1,"hand":0,"experiment":"noncompositional","instcounter":1,"subjectID":"613ca534397c7af176d8d6dd","studyID":"6168186185dddf5426605410","eval":[["negeven"],["posodd"],["negodd"],["poseven"]],"regrets":[[8.399717807769775,3.4025392532348633,0,0.8570556640625,0],[6.198723793029785,7.590348243713379,1.1491823196411133,3.479717254638672,0],[0,6.2270402908325195,1.2635984420776367,0,0],[10.263782501220703,7.961594581604004,6.153404235839844,0,0],[3.3459367752075195,5.981220245361328,0,5.64988899230957,0],[7.523944854736328,0,1.0933685302734375,0,0],[9.094874143600464,0,5.4600958824157715,0,0],[4.220451354980469,3.2324838638305664,2.629096031188965,0.04781627655029297,0.04781627655029297],[4.752396583557129,1.9431638717651367,0,3.082705497741699,0],[3.6405200958251953,0,1.9667158126831055,0,0],[2.1207380294799805,0.3831367492675781,0,4.274590492248535,0],[0,1.924631118774414,4.791773796081543,0,0],[7.384481430053711,6.502854347229004,3.882413864135742,0,0],[4.154186248779297,3.8074913024902344,4.590361595153809,0,0],[0.057125091552734375,3.4085757732391357,1.1263809204101562,1.2879838943481445,0.057125091552734375],[8.745948791503906,8.573835372924805,0.27919578552246094,2.078721046447754,0.27919578552246094],[2.853513717651367,4.494965553283691,0.5253067016601562,0.5253067016601562,0.5253067016601562],[8.222578048706055,6.536172866821289,1.0272207260131836,0,0],[0.9398775100708008,0,5.280247688293457,0,0],[6.27692174911499,1.6622886657714844,0,0,0]],"maxrewards":[10.131832122802734,15.226044654846191,14.640454292297363,17.767013549804688,11.54970932006836,20.15078353881836,10.930856704711914,13.615272521972656,10.643653869628906,11.883634567260742,10.731971740722656,12.5531005859375,12.29117202758789,13.185672760009766,7.126043319702148,17.698837280273438,8.718795776367188,14.49305248260498,14.468330383300781,10.41206169128418],"bestoptions":[3,1,1,4,4,5,0,2,5,1,5,1,4,0,2,2,2,5,1,4]}
