{"actions":[[5,0,1,0,0],[5,0,1,4,1],[0,5,1,0,0],[0,5,4,1,4],[0,5,1,4,4],[4,5,5,5,5],[0,0,0,0,0],[4,5,5,5,5],[0,5,4,5,5],[5,0,4,1,4],[5,4,1,1,1],[1,1,1,1,1],[4,0,5,2,3],[0,5,1,4,1],[0,5,4,5,5],[5,0,1,0,0],[0,0,0,0,0],[4,0,5,1,1],[0,4,4,4,4],[0,5,5,5,5]],"rewards":[[9.223280773830293,12.26167678061686,5.134388188115085,12.568785966710822,12.517325893334576],[8.072544754274972,8.765631636161068,12.880705685132558,5.977196399348435,12.729859762159103],[13.094306266139265,5.645255164247614,9.134091968503425,13.238858749006136,13.216363778725647],[7.656073261912622,7.012822051389142,10.624058665726169,5.246669163034979,10.705063575508323],[10.052260008906382,9.43747967089835,4.057765857323025,13.463775885953469,13.430942181411142],[9.480127175918419,16.930382164353833,17.062435229069397,17.00252993717909,17.133434204292755],[12.964344114750102,13.027787395065168,12.947473089965186,12.887719193672188,13.022851202283968],[7.659563161934839,13.564564531119943,13.551504328996254,13.618992066935236,13.4613226443073],[9.073967260779847,14.644636192895984,7.276481822281288,14.8057188920575,14.521743639201874],[8.820758208535503,7.228333868387522,10.425181973990357,4.246536935720807,10.369799079182586],[11.978675357273204,6.065524313205462,15.350259633006376,15.82157380889067,15.555144065671476],[13.399601376433239,13.415639904108394,13.274314124920073,13.352843997335949,13.588048007816267],[5.881467933364964,6.944181879344079,3.741519509696651,7.031313558663008,3.0039599275682733],[6.749888030988035,6.793980548384294,8.934010661310351,3.752151202582796,8.806946482791961],[5.088605942714472,12.329263016591085,6.899188086587842,12.53954629661179,12.389909268259718],[3.006921671876126,11.056295599867964,5.586637107681001,11.157043489241028,10.968236588435134],[15.945197211406134,15.97499792162856,15.94785311500862,15.852711429445604,15.999710498488946],[6.26820618258272,9.235375885615912,9.198224829442001,11.810904706171426,11.731949243942191],[11.760866335789284,12.902518782973523,13.083872961589869,12.73700972232584,12.785494736220453],[6.158006316158155,15.1699789590063,15.14024970872135,15.244757365436932,15.135309530181223]],"times":[[19015,1006,2748,892,2539],[4709,664,1861,3715,807],[3932,432,1466,791,291],[3699,513,957,1411,492],[1693,329,2736,400,364],[4380,315,657,344,434],[901,274,224,259,296],[1623,280,293,148,387],[718,245,1375,138,120],[666,323,637,382,459],[925,725,856,324,278],[802,452,271,212,244],[516,431,401,656,364],[602,185,777,347,258],[788,247,613,168,183],[852,279,821,181,103],[563,201,153,160,209],[1195,317,135,1200,236],[3573,2119,905,89,195],[3307,156,227,72,69]],"condition":[["poseven"],["negodd"],["negeven"],["poseven"],["poseven"],["posodd"],["negeven"],["posodd"],["negodd"],["poseven"],["negodd"],["posodd"],["negeven"],["negodd"],["posodd"],["negeven"],["negeven"],["negodd"],["poseven"],["posodd"]],"envs":["envs/add/poseven/poseven47.json","envs/add/negodd/negodd85.json","envs/add/negeven/negeven26.json","envs/add/poseven/poseven48.json","envs/add/poseven/poseven14.json","envs/add/posodd/posodd53.json","envs/add/negeven/negeven80.json","envs/add/posodd/posodd25.json","envs/add/negodd/negodd71.json","envs/add/poseven/poseven95.json","envs/add/negodd/negodd17.json","envs/add/posodd/posodd32.json","envs/add/negeven/negeven16.json","envs/add/negodd/negodd6.json","envs/add/posodd/posodd39.json","envs/add/negeven/negeven1.json","envs/add/negeven/negeven96.json","envs/add/negodd/negodd92.json","envs/add/poseven/poseven99.json","envs/add/posodd/posodd41.json"],"money":"4.06","age":20,"gender":0,"hand":0,"experiment":"noncompositional","instcounter":0,"subjectID":"61422ddf29bfe1c002aa21b1","studyID":"6168186185dddf5426605411","eval":[["negeven"],["negodd"],["poseven"],["posodd"]],"regrets":[[4.2546892166137695,1.2899303436279297,8.362878799438477,1.2899303436279297,1.2899303436279297],[4.812067985534668,4.011445999145508,0,6.938201904296875,0],[0,7.454258918762207,3.8074913024902344,0,0],[3.128368377685547,3.8001723289489746,0,5.554343223571777,0],[3.325497627258301,3.890252113342285,9.477926254272461,0,0],[7.580930709838867,0,0,0,0],[0,0,0,0,0],[5.868390083312988,0,0,0,0],[6.2233781814575195,0.8490581512451172,8.17688274383545,0.8490581512451172,0.8490581512451172],[1.6622886657714844,3.2947301864624023,0,6.27692174911499,0],[3.697376251220703,9.6771821975708,0,0,0],[1.671269416809082,1.671269416809082,1.671269416809082,1.671269416809082,1.671269416809082],[1.2879838943481445,0.057125091552734375,3.4085757732391357,0,4.083525657653809],[1.9054131507873535,2.0173163414001465,0,4.929706573486328,0],[7.138876438140869,0,5.476663589477539,0,0],[7.947110891342163,0,5.420450687408447,0,0],[0,0,0,0,0],[5.618131637573242,2.675755500793457,2.601947784423828,0,0],[1.2280349731445312,0,0,0,0],[9.151068687438965,0.14482498168945312,0.14482498168945312,0.14482498168945312,0.14482498168945312]],"maxrewards":[13.611783981323242,12.86020565032959,13.185672760009766,10.754615783691406,13.445243835449219,17.07721519470215,12.98071575164795,13.599565505981445,15.420348167419434,10.41206169128418,15.636456489562988,15.021552085876465,7.126043319702148,8.761262893676758,12.398200035095215,11.097312927246094,15.89570426940918,11.858293533325195,12.89051628112793,15.191744804382324],"bestoptions":[4,1,0,4,4,5,0,5,1,4,1,5,2,1,5,0,0,1,4,3]}
