{"actions":[[0,1,5,4,3],[0,1,4,3,5],[1,2,3,1,0],[1,0,2,4,3],[3,4,3,4,4],[1,0,1,2,4],[3,4,3,1,0],[2,1,0,3,3],[3,4,1,0,2],[3,5,4,3,1],[3,4,1,0,2],[3,4,1,0,2],[2,1,3,4,5],[4,3,4,5,0],[2,3,4,2,4],[3,4,5,2,3],[3,4,1,0,2],[4,5,3,4,1],[3,4,1,0,2],[3,4,5,3,0]],"rewards":[[12.77000542431078,8.851597172134523,4.668323161703531,9.778386954682498,7.303480768129804],[12.716047864153476,5.27019622020188,7.657122291094606,3.630786774063042,1.719060283677779],[7.925063472669753,13.131050887492385,8.675421633740072,8.146926856911842,12.952380421161653],[15.113230664406608,10.208352260615635,7.6566492801030615,7.775057831523062,12.017579680470222],[10.220104496751281,14.17247004021881,10.113482429501095,14.230371694591284,14.32824964247206],[8.322180258233827,14.646893085169038,8.353101474729971,15.071354365121127,17.2127946912324],[11.125989352977097,5.696068639008973,11.12707328976768,11.852204788982403,9.588099644863778],[5.715953228258446,11.896946279898549,3.4715766892944564,12.377377427899493,12.32396750803213],[8.289755120728048,5.2260779416567615,7.695745240024283,3.2670955876064567,5.072635234099978],[16.959901901148104,16.27778467437675,8.516626826604826,16.653844155380227,12.768540328913167],[9.748131298836151,4.26425998916466,10.3867264243675,7.298445683686773,6.111058211277419],[9.478250911905624,2.556548380920627,10.195032429667009,7.213054191792392,4.556859313090673],[9.34347359640377,5.649190792868475,6.948806323211817,11.448166768726242,7.880446446978876],[12.380463784594669,6.614489257131058,12.326124376517848,5.400924302597054,16.14867284250138],[5.1386046888381145,10.39807462338226,6.522466685169665,5.091123715410597,6.402630317894215],[10.322062056531603,18.213461112864653,10.554003279418017,17.509922633852977,10.354803198540854],[7.96297111920331,4.248683426912238,6.90120892189508,1.9551482610006197,3.11137142902584],[14.451441507974328,9.232094307501667,9.340713720881608,14.256482291396583,7.233432812186819],[6.515833375472438,10.350559631492283,6.2430161150964345,11.780502185908185,9.93618750428929],[15.483957368983823,9.240430032334963,15.53135337788383,15.449527087480641,12.683840397019893]],"times":[[11715,3482,1293,321,911],[742,449,624,249,110],[672,568,524,726,29],[520,295,162,640,181],[938,267,287,526,1236],[400,17,17,66,427],[309,251,574,336,246],[756,472,408,38,347],[257,235,350,36,423],[302,154,61,33,4],[336,452,720,254,31],[268,21,199,264,275],[299,453,372,37,422],[227,415,736,61,1085],[235,656,338,729,424],[327,125,38,1348,885],[736,32,232,9,503],[422,135,38,392,369],[600,51,278,31,83],[363,302,154,181,699]],"condition":[["negeven"],["negeven"],["poseven"],["negodd"],["negeven"],["poseven"],["negodd"],["posodd"],["posodd"],["posodd"],["negodd"],["negodd"],["poseven"],["negeven"],["posodd"],["poseven"],["posodd"],["poseven"],["negeven"],["negodd"]],"envs":["envs/add/negeven/negeven51.json","envs/add/negeven/negeven49.json","envs/add/poseven/poseven21.json","envs/add/negodd/negodd10.json","envs/add/negeven/negeven59.json","envs/add/poseven/poseven84.json","envs/add/negodd/negodd97.json","envs/add/posodd/posodd5.json","envs/add/posodd/posodd90.json","envs/add/posodd/posodd45.json","envs/add/negodd/negodd36.json","envs/add/negodd/negodd89.json","envs/add/poseven/poseven29.json","envs/add/negeven/negeven32.json","envs/add/posodd/posodd1.json","envs/add/poseven/poseven18.json","envs/add/posodd/posodd57.json","envs/add/poseven/poseven17.json","envs/add/negeven/negeven83.json","envs/add/negodd/negodd73.json"],"money":"3.78","age":20,"gender":1,"hand":0,"experiment":"noncompositional","instcounter":1,"subjectID":"6147dc8fe546cb53099e249a","studyID":"6166d7c29bb8f43a7dce1c8d","eval":[["posodd"],["poseven"],["negeven"],["negodd"]],"regrets":[[0,4.003082275390625,8.28263235092163,3.177889823913574,5.777787208557129],[0,7.344264030456543,5.084927082061768,9.125570297241211,11.08641767501831],[5.385127067565918,0.3105964660644531,4.699924468994141,5.385127067565918,0.5281362533569336],[0,4.661542892456055,7.509654521942139,7.040975570678711,2.872173309326172],[7.306942939758301,3.1779775619506836,7.306942939758301,3.1779775619506836,3.1779775619506836],[8.81936264038086,2.6191043853759766,8.81936264038086,2.3130388259887695,0],[0.6910161972045898,6.020865440368652,0.6910161972045898,0,2.1412010192871094],[8.049495220184326,2.188779830932617,10.530737400054932,1.456160545349121,1.456160545349121],[1.6746139526367188,4.539329528808594,2.153247833251953,6.681504249572754,4.65846061706543],[0,0.6097965240478516,8.396997451782227,0,4.115053176879883],[0.989354133605957,6.218940734863281,0,3.442512035369873,4.3802385330200195],[0.6592168807983398,7.608549356460571,0,3.043243408203125,5.507673740386963],[2.3560409545898438,5.912064552307129,4.528059959411621,0,3.9525842666625977],[3.785515785217285,9.484302520751953,3.785515785217285,10.894355297088623,0],[6.5023698806762695,1.1578197479248047,5.220824241638184,6.5023698806762695,5.220824241638184],[7.906000137329102,0,7.616168975830078,0.7122650146484375,7.906000137329102],[0.694575309753418,4.750277042388916,1.9760279655456543,7.102926969528198,5.739579916000366],[0,5.125988960266113,5.044404983520508,0,7.028613567352295],[5.244335174560547,1.5668716430664062,5.665857315063477,0,1.6741304397583008],[0.6473178863525391,6.5923309326171875,0.5561466217041016,0.6473178863525391,3.504476547241211]],"maxrewards":[12.961175918579102,12.723394393920898,13.477361679077148,15.028053283691406,17.40766716003418,17.21282958984375,11.856703758239746,13.888972282409668,9.780780792236328,16.865697860717773,10.617740631103516,10.184636116027832,11.540962219238281,16.16705322265625,11.61937141418457,18.276988983154297,8.826355934143066,14.312171936035156,11.765241622924805,16.072250366210938],"bestoptions":[0,0,4,1,0,4,1,5,5,3,1,1,4,0,5,4,5,4,0,1]}
