{"actions":[[4,0,5,1,4],[3,1,4,0,5],[2,5,1,4,0],[3,5,0,4,1],[3,5,0,2,4],[4,0,3,1,5],[0,1,2,3,4],[5,4,3,2,1],[0,1,2,3,4],[0,1,2,3,4],[0,1,2,3,4],[0,1,3,4,5],[5,3,1,0,2],[0,2,3,4,1],[4,5,1,2,0],[0,1,2,3,4],[0,1,2,3,4],[0,1,2,3,4],[5,3,1,4,0],[4,1,3,5,0],[4,2,1,3,4],[0,3,1,4,4],[4,4,4,4,4],[3,2,2,2,2],[2,1,3,3,3],[3,1,4,4,4],[4,2,1,4,4],[2,1,4,2,2],[0,2,3,0,0],[0,2,3,2,2],[0,2,0,1,0],[0,2,3,3,3],[0,2,3,3,3],[5,3,1,1,1],[5,3,1,1,1],[5,3,2,2,2],[1,2,3,4,5],[0,1,2,3,4],[0,1,1,1,1],[0,1,2,2,2],[0,2,3,3,3],[0,2,3,3,3],[0,2,4,5,5],[0,2,4,5,5],[0,2,4,4,4],[5,3,1,1,1],[5,3,1,5,5],[5,3,2,3,3],[0,2,4,3,3],[3,2,1,3,3],[0,2,3,3,3],[0,2,3,3,3],[5,3,2,2,2],[5,3,2,2,2],[5,3,2,5,5],[5,4,1,1,1],[5,1,5,5,5],[0,2,3,4,5],[0,2,3,2,2],[0,2,0,0,0]],"rewards":[[2.727261422113373,4.7139388631022765,2.2792854093486836,4.521232587121009,2.8250818145643866],[3.989681181170663,3.0373553460201723,10.848591371853374,10.879995327100708,3.4241966862235236],[14.350079370072887,5.354167452508702,7.524818000591926,13.632615625497754,15.762763451354832],[6.490841508580166,8.641777210858782,3.8025808640193395,7.28818515350028,5.154068307317818],[4.821217369651308,4.217368694186869,1.4868100797556734,1.0224409803484222,1.362292951247242],[8.569657809991217,5.274402865248573,11.080390220905299,9.635894632283344,12.629492915043269],[4.557032389763269,5.671394956583929,6.866044330082059,7.154559991337761,6.650009792381665],[1.0961392499948133,3.204179290558485,0.9573396857213446,3.810949911863794,0.4037674717764389],[8.074635718491093,6.103713730795642,10.342184583266944,7.82246727009654,10.149852698851277],[4.493976808311562,4.751719598894298,3.6605190454095364,3.052434987741698,2.8836359097082633],[8.94753330319648,2.5955084048885504,8.920591731064311,2.7439785241366343,8.889586641019427],[13.667547098469548,7.2443897518744205,5.548113684134863,11.703132543218798,4.729922162634737],[8.361722316707693,6.864193077490214,4.81313408370614,4.1220015383148185,5.647189402051879],[3.474613421936403,2.488966874375091,9.808779891835593,3.328159008775718,8.80058908524501],[11.129623213353385,18.396209352828215,13.907804720145718,7.829295186109382,7.6007210066143225],[3.7040480471420105,4.752197699336568,4.948875259538541,5.550153983771001,5.6288569479094415],[7.8822444670053615,3.179836604525648,7.07446446464676,1.828608505590753,7.6329059888940884],[11.647757469763906,7.723516026788462,12.436934448270605,7.371218675561485,12.87910821033601],[4.261537150395229,5.562087594666958,6.010104667289922,4.633299950945636,7.391475559985811],[0.989624773785574,2.9206255197438304,3.080020402087774,3.674383704627564,0.9090241146176707],[5.918169649688104,6.610088353590993,8.799572219847974,8.511744175694446,5.706978207704511],[4.293865991067293,5.758835491758263,5.620434235386868,7.774680053524802,7.840543096840218],[8.305852801671492,8.321858241415516,8.388526586907348,8.306483656026092,8.19940475384784],[8.194218452556361,14.62907995688577,14.693507312386897,14.770842679836699,14.662655501953884],[5.346221764870163,3.5168733736328326,5.554391210784162,5.734459162461853,5.395373212956074],[1.9184379805167295,2.4107541640285217,5.421503815165817,5.415278463961789,5.546165639553481],[12.003962664413624,10.65218339285145,5.968757420302194,12.253167636921235,12.242476150817415],[6.830612883594516,6.59073374178563,4.077539663456756,6.871505989660216,6.8181662111712305],[9.164307637905901,7.962235032589577,1.984724132762086,8.918792043063467,9.072465717627539],[16.463668229648167,15.281307163383659,6.894791822054618,14.99393480975406,14.897803691796618],[7.131143878433966,6.048108506966517,7.089930683205737,6.806802481508389,7.039321173058086],[5.0649056126123755,4.754241390154915,13.021297457657573,13.233968837853416,13.087040057417278],[12.052299625427686,10.729406800736758,17.238715017497334,17.083466789908467,16.896383423580996],[1.9164755611205275,3.5295675756995766,3.7830216798269856,3.9012635888676583,3.5232727406142867],[5.643021347468281,4.131581879553544,5.443601599837703,5.5838386827947355,5.674720746372175],[7.867627049281127,7.601731787953359,16.35403143977446,16.258794998285115,16.305667332073693],[3.979024255786508,3.6939533487644556,3.423692789398634,3.019964542759896,3.403217386057191],[0.7744514064027336,4.319160674141922,1.3050983171853554,3.2626545445312605,1.316734188360776],[5.546804561521259,8.40540789375602,8.138012574974775,8.42098693736567,8.247909169426396],[4.230881613596788,4.9734666233415155,6.484537011101231,6.586879860391698,6.661184940809386],[1.2862536346494193,0.4306348379576644,5.427948983151813,5.616453124721907,5.66950745895153],[5.222034287198838,7.083874079012148,12.71412644011733,12.860684433134566,13.038680490027428],[5.573419690171273,6.618230810510966,7.3688538361918425,7.742607810225437,7.963775637666509],[0.022253458772608488,0.5837901174123945,1.0842969895167973,6.888839959346069,6.96653552819239],[6.014816396229675,7.040079630363735,8.348148561283976,8.528516632934478,8.488901691813048],[1.2763557324694872,3.488995976273187,5.258126471472701,5.163353346491515,5.188218941276107],[7.857240962114809,7.6857710741519165,7.164745226868353,7.903980703906333,7.920130999276503],[9.039656908138628,11.104108536263595,5.4649301941111235,11.112912241020503,11.068108655603929],[5.545332892678923,4.459164788991743,2.3258613161907737,4.138960269579745,4.0188705279094155],[5.838807918978761,1.747434333534623,5.635023913216126,5.81380209663705,5.720085188213399],[7.506985253018834,6.186727212096469,9.725119791497006,9.63820114507924,9.5532680135277],[2.989010002829532,4.861560645513331,5.676622167843227,5.606196272977155,5.516575674131906],[2.1815642581161945,1.859572695853349,6.0235686664610055,6.142239208789092,5.927808383774285],[9.821803489968419,7.521353387184922,11.072431764686831,11.15202788772232,10.995933620385527],[6.640618607215551,4.283530335877365,3.8013733729533525,6.287845552676358,6.442592441181368],[7.103323151265037,2.168116166874008,6.671094993022698,6.7893345555468345,6.785318933459464],[13.512013828722043,10.006927738632497,13.555608323753919,13.571790544892494,13.315609656421003],[7.784433287155967,5.3055464263642405,4.042957418427634,3.3871489530550343,2.4595357931584627],[9.341662469389025,9.89707108276839,3.7692741628315596,9.82148506382771,9.774112882166955],[16.87815424396447,15.090416567213214,17.214885064848573,16.917147078225486,17.20449511966469]],"times":[[64170,5181,7368,1995,1464],[3334,1261,1247,793,869],[3190,686,1306,927,1074],[3421,384,557,402,401],[1901,448,449,370,511],[1884,465,478,386,181],[5252,525,447,398,556],[1875,302,339,714,465],[1400,400,355,308,229],[2650,353,338,384,214],[1391,244,307,227,104],[1620,538,432,353,248],[3270,711,447,402,470],[1572,292,355,244,511],[1558,721,495,824,449],[2450,338,251,213,74],[1384,276,182,152,29],[5202,182,197,73,90],[3107,868,493,605,432],[1571,807,838,400,588],[1501,794,448,1167,963],[4245,636,776,353,727],[2313,415,399,368,305],[1883,463,479,417,369],[3333,463,1009,572,385],[4738,794,528,386,385],[2325,760,464,353,321],[3622,704,713,681,370],[2098,697,775,480,385],[2539,791,791,478,384],[3135,433,979,727,403],[1786,667,496,369,352],[2371,464,603,400,353],[3266,793,603,417,308],[1966,558,400,322,215],[1942,261,854,402,243],[2821,808,245,527,338],[1752,1292,508,368,60],[1679,569,494,307,261],[5728,400,432,338,213],[1543,1090,384,339,148],[1914,338,354,293,126],[6842,1015,415,384,323],[1885,353,417,323,321],[2125,323,307,294,151],[3088,480,433,309,151],[1715,293,431,371,227],[1601,345,1009,309,79],[2708,320,261,572,338],[2751,277,526,324,230],[1991,352,454,291,355],[2433,280,260,308,227],[1545,418,697,277,165],[2030,305,651,292,168],[2360,323,400,275,135],[1349,488,871,321,136],[2187,996,353,103,2995],[4847,481,477,261,318],[1555,433,369,268,277],[1733,824,370,140,174]],