{"actions":[[0,1,2,3,3],[3,2,4,1,0],[4,2,2,2,2],[3,3,3,1,1],[5,4,0,3,2],[5,3,3,5,2],[5,4,3,5,4],[3,5,3,4,5],[4,3,4,4,4],[4,2,3,0,0],[5,3,2,3,3],[5,5,4,5,5],[5,5,4,0,0],[4,4,4,5,0],[3,3,0,4,5],[4,4,2,5,5],[5,5,4,3,3],[3,3,5,5,3],[3,0,2,5,2],[0,0,5,5,5]],"rewards":[[9.674219363174092,3.398578749535183,9.139992884550756,3.790654248375161,3.9253992273923886],[10.388589910959713,8.049410531495928,6.589758380122137,7.718213692695961,4.729776466901998],[19.599455242589617,18.470833440055607,18.54745801543207,18.386805585226163,18.56860115824599],[7.256866295986008,7.216586293959206,7.523632618311891,9.962796286043366,10.132663541960786],[12.818636373279565,8.625923696571823,10.149699119956107,13.62307537078861,8.49826980699094],[1.3837547482643542,4.35632294291819,4.623044945709828,1.284855945980994,7.0582480247844455],[10.914531835375604,4.51669550128997,11.844356231315786,10.859910303900845,4.615581020348326],[8.690079743126658,5.822740263527148,8.575775864542717,9.02267836542661,5.7416157659995966],[13.924979050185138,8.448640112574013,14.020117306924298,13.714202490772037,13.949200531727014],[6.1215503388559975,4.65201970034094,10.539288849423704,2.1403533655522295,1.9752424352460187],[10.803467952087548,8.56173405091326,5.778225491600276,8.714488790862951,8.660202686589678],[10.20413893375796,10.257423794901946,12.784382096868036,10.08792736816105,10.197666177810852],[11.890636933057626,11.957799342151153,5.891467459728415,9.821919482606079,9.871556092726319],[6.279687029544739,6.162055696794957,6.421806345798194,11.037773283647203,10.662558505121646],[7.567541965572974,7.493558710254569,9.663386913930697,12.377570653008421,8.525218681906761],[5.631969316586183,5.53834414091547,4.5751307892565,11.566324602809667,11.669534496421198],[3.9913482116083117,3.906919764608922,12.24374326410526,5.591459448215936,5.6415657390337355],[5.912640578959351,5.746119384609133,4.8139127898738865,4.867811909458686,6.0233157813392],[13.248519312489071,9.340822681110929,7.164006283482902,11.80111465992726,7.22761581976376],[3.2291524294474074,3.110975492121873,11.25459623658796,11.247950126742587,11.258851950913467]],"times":[[5912,390,125,2138,0],[5825,62,0,15,250],[1358,16,78,45,0],[8171,188,126,16,37],[3878,48,93,33,0],[1972,79,0,63,108],[1261,16,47,16,0],[1163,0,0,48,62],[1604,35,127,78,15],[2705,79,64,0,32],[2260,64,32,16,62],[929,0,0,16,16],[1255,0,0,47,0],[1879,80,95,16,48],[1552,62,0,109,79],[929,48,129,0,65],[1554,37,32,109,43],[1455,0,108,48,79],[1366,48,79,0,64],[2452,0,48,282,62]],"condition":[["poseven"],["posodd"],["poseven"],["negeven"],["negodd"],["negeven"],["negodd"],["negeven"],["negeven"],["posodd"],["posodd"],["poseven"],["negodd"],["negodd"],["poseven"],["posodd"],["negeven"],["poseven"],["negodd"],["posodd"]],"envs":["envs/add/poseven/poseven16.json","envs/add/posodd/posodd36.json","envs/add/poseven/poseven75.json","envs/add/negeven/negeven68.json","envs/add/negodd/negodd13.json","envs/add/negeven/negeven21.json","envs/add/negodd/negodd61.json","envs/add/negeven/negeven26.json","envs/add/negeven/negeven81.json","envs/add/posodd/posodd38.json","envs/add/posodd/posodd15.json","envs/add/poseven/poseven69.json","envs/add/negodd/negodd17.json","envs/add/negodd/negodd47.json","envs/add/poseven/poseven92.json","envs/add/posodd/posodd79.json","envs/add/negeven/negeven20.json","envs/add/poseven/poseven32.json","envs/add/negodd/negodd77.json","envs/add/posodd/posodd42.json","envs/add/posodd/posodd42.json"],"money":"3.65","age":40,"gender":1,"hand":0,"experiment":"noncompositional","instcounter":1,"subjectID":"614defe4118b601762a51338","studyID":"6168186185dddf5426605410","eval":[["negeven"],["poseven"],["negodd"],["posodd"]],"regrets":[[1.4140796661376953,7.195953369140625,1.4762077331542969,6.869295358657837,6.869295358657837],[0.2939338684082031,2.7443933486938477,4.181153297424316,2.899968147277832,5.8221821784973145],[0,1.035125732421875,1.035125732421875,1.035125732421875,1.035125732421875],[6.768877983093262,6.768877983093262,6.768877983093262,4.139991760253906,4.139991760253906],[1.4034013748168945,5.696011543273926,4.133548736572266,0.6786575317382812,5.601064682006836],[8.315224051475525,5.098849773406982,5.098849773406982,8.315224051475525,2.5763039588928223],[2.0123157501220703,8.335971355438232,0.9771804809570312,2.0123157501220703,8.335971355438232],[4.590361595153809,7.454258918762207,4.590361595153809,4.154186248779297,7.454258918762207],[1.5206165313720703,7.018797874450684,1.5206165313720703,1.5206165313720703,1.5206165313720703],[5.585770606994629,6.795899391174316,1.0487127304077148,9.636610984802246,9.636610984802246],[0,1.9431638717651367,4.752396583557129,1.9431638717651367,1.9431638717651367],[2.6633338928222656,2.6633338928222656,0,2.6633338928222656,2.6633338928222656],[3.697376251220703,3.697376251220703,9.6771821975708,5.887177467346191,5.887177467346191],[6.143041610717773,6.143041610717773,6.143041610717773,1.491811752319336,1.8329715728759766],[4.974348545074463,4.974348545074463,2.6576242446899414,0,3.90518856048584],[6.131141185760498,6.131141185760498,6.895143985748291,0,0],[8.954265117645264,8.954265117645264,0.7825994491577148,7.3052144050598145,7.3052144050598145],[3.333451747894287,3.333451747894287,4.451749801635742,4.451749801635742,3.333451747894287],[0.7049760818481445,4.645325660705566,6.701848983764648,2.195545196533203,6.701848983764648],[8.46407699584961,8.46407699584961,0.5982685089111328,0.5982685089111328,0.5982685089111328]],"maxrewards":[10.737724304199219,10.691970825195312,19.506879806518555,14.140832901000977,14.279134750366211,9.613212585449219,12.888118743896484,13.185672760009766,15.445287704467773,11.622084617614746,10.643653869628906,12.883953094482422,15.636456489562988,12.50186538696289,12.500848770141602,11.542171478271484,12.826024055480957,9.34494400024414,14.005579948425293,11.756032943725586],"bestoptions":[4,5,4,0,1,0,1,0,0,5,5,4,1,1,4,5,0,4,1,3]}
