{"actions":[[1,2,4,0,0],[2,3,0,4,2],[0,2,0,0,0],[5,0,5,5,4],[0,1,2,4,4],[1,0,0,4,4],[0,5,0,0,0],[0,1,0,0,0],[0,0,0,0,0],[5,0,5,5,5],[5,4,3,1,5],[5,4,5,5,5],[0,5,5,5,5],[4,5,5,5,5],[5,5,5,5,5],[0,5,5,5,5],[4,5,5,5,5],[5,5,5,5,5],[0,5,0,0,0],[1,0,2,4,4],[0,0,0,0,0],[0,5,5,5,5],[5,4,4,4,2],[4,4,4,4,4],[0,5,0,0,0],[0,1,0,0,0],[0,0,0,0,0],[0,5,5,5,5],[4,5,2,0,0],[4,4,4,4,4],[0,5,5,5,5],[4,5,3,1,5],[5,5,5,5,5],[2,5,5,5,5],[4,5,4,4,4],[4,4,4,4,4],[2,5,0,0,0],[1,0,2,4,2],[0,0,0,0,0],[0,5,5,5,5],[4,5,4,4,4],[4,4,4,4,4],[0,1,0,0,0],[0,1,0,0,0],[0,0,0,0,0],[5,4,5,5,5],[4,5,5,5,5],[5,5,5,5,5],[0,5,5,5,5],[4,5,5,5,5],[5,5,5,5,5],[2,0,5,5,5],[4,5,4,4,4],[4,4,4,4,4],[0,0,0,0,0],[1,0,2,0,0],[0,0,0,0,0],[1,0,0,0,0],[1,1,1,1,1],[1,1,1,1,1]],"rewards":[[6.416583234573691,5.009418897271832,3.9617258164208646,6.776354756837309,6.578703362449414],[4.577269248561906,0,5.504585111651951,4.222568944570561,4.673194202191003],[12.194550160288207,9.472853261498452,12.282331309699549,12.00126795854405,12.13373776773925],[5.256360900022882,2.2891785836663923,5.3971352518283044,5.482364849100335,4.694245414428314],[5.801646706994636,0.8142477797734256,5.426295425215493,5.968871922739512,6.098600165667735],[3.996453835372494,7.953140744700441,8.048473470672624,10.744904439549053,10.793329756566322],[8.230295120472302,4.119100504276185,8.457567706667678,8.18398564313872,8.406565303654967],[8.743304905150323,3.563588397204765,8.79773530719004,8.667072013483804,8.627599322322451],[17.010029685307643,17.06222517947089,16.901851102575474,17.07354560185216,16.96736520208025],[4.149242054217231,1.6339862560538856,4.066511431885948,4.260788148939199,4.159101700504063],[6.399810233693326,0,6.827210548297753,6.292708314931691,6.388047789776187],[10.455458032726355,4.3707319062608185,10.607586572711925,10.366908725987765,10.432663580533474],[5.360817298070267,8.51022847753266,8.295891819612352,8.243442189136491,8.164072286993587],[4.250998106505337,11.762654674923027,11.552504723365253,11.790078606656174,11.728184463048548],[19.932830771826186,19.90515658692761,20.22887053939083,20.16724421680194,20.16944116655785],[1.4563040233190794,4.961242551688419,5.0281726620446605,4.781849874508684,4.982164818548492],[2.5765037389643384,8.996773424223445,8.823109909502396,9.044951306677639,9.018093157187987],[13.962448636411306,13.961973750925797,13.975837084687138,14.061624721055898,14.006329898701207],[7.7822995085127795,3.1575004193562064,7.548234548222322,7.77043496609934,7.628243578881776],[2.2005552552247662,6.461728037737909,6.719884147378624,6.853875391817594,6.573127973841598],[14.229031163963098,14.339687301946709,14.115327988592043,14.501073268600392,14.313549801262377],[4.6316589826851775,7.850434853566736,7.823789488604327,8.045229438362966,8.065269779840383],[0.7429267074081738,6.730147570060682,6.6550197269894245,6.496932933020286,6.767236760910284],[14.166382704004713,14.183512474720914,14.02061431996385,14.15249203904588,14.076841807483136],[3.9874813680023453,0.8099235730607628,3.852298572654118,3.8484938113645972,3.8798799180843835],[10.022631264447076,2.749607253186426,9.928010940045025,9.870900988112695,9.887800493135725],[14.059151706581462,13.904437697024346,13.86129390599038,13.879592796885412,13.756549791552953],[1.556394547640157,4.880322668771772,4.876694205676684,4.967324078166395,4.764666341878034],[7.226531454023728,0.7205355094980597,7.450136718300585,7.600759905966515,7.680131120753278],[11.560745645306916,11.483350304870564,11.57732432470556,11.420816363186379,11.559863282016444],[3.3689094470521623,7.192456966014029,7.216546098144684,7.284722072175957,6.972902915299255],[0.26793938423733926,5.986557193363401,5.912162996762005,5.947365724125243,6.049458034195586],[13.07907839246846,13.266717134376968,13.268433494442407,13.125565691550552,13.267181542019522],[4.144555028491219,7.202351689439588,7.181808649639362,7.192989284502842,7.105608128255521],[8.897186506878596,2.500443852105798,8.824945783335178,9.009303638741901,8.853418038626117],[15.587804691126825,15.533078021445316,15.526263616371407,15.63622661031677,15.367055956115111],[4.310772057861349,0.8065942406045445,5.697437089209718,5.645787697900329,5.544097942494112],[0.9922889345120999,5.129981004107734,5.661916970295851,5.705214873955085,5.646296288344757],[10.740997689809392,10.823031321797895,11.079484547812003,10.776584973935163,10.732986690335203],[0.8197794494639394,5.215691282646017,5.168102781627152,5.320893287854972,5.207503588056106],[5.372531044608294,1.3198696879606706,5.204361229716562,5.246767533015291,5.252595296664025],[9.38049423526357,9.197281778631096,9.108929565784022,9.485417640463911,9.337646661218157],[6.689092180798254,5.424648570496685,6.481329864204162,6.502845957759091,6.709220538387849],[7.182098919127693,0.38077348425985946,7.112798706218064,7.078827813596052,6.962436245414461],[13.55663274488242,13.580947459727577,13.87580741279683,13.63588091684838,13.660576669317994],[8.341402327691803,6.4010361245598615,8.410796184445154,8.275011634335668,8.33689659032124],[3.910083064264896,9.655020989206754,9.810271373060836,9.732569581172847,9.620434701016732],[17.991437272680873,18.03489625116573,17.958789959954743,17.881285632320456,17.914784203445507],[3.944767734136522,6.605571038298461,6.565620902584595,6.5852473596555265,6.636567546697014],[2.836455404942223,8.692835960351939,9.006242112098299,8.902925339875276,8.742935404083537],[15.41961770153416,15.517414952610427,15.487570947546397,15.541398934178664,15.376141383649967],[6.989930893810106,5.270344839282021,9.889726059426634,9.791932066168194,9.890968329988496],[6.600253899624442,0.09574272645783813,6.578424212021894,6.90479838790185,6.728879974499925],[15.495464466417305,15.319431620601609,15.392012256035983,15.502096060886153,15.343061172042436],[8.927680430251769,8.866970574154534,8.797493356068031,8.845193216412948,8.94857031576435],[2.5810313979153214,5.278640594389689,4.864290209343455,5.004858971112385,5.0050166981407385],[13.743163523525173,13.878631231629813,13.801764356032988,13.715051550624636,13.97252561026829],[5.636733714543392,7.347404987634409,7.259894438301446,7.184730032454863,7.187700168148222],[8.765211850581611,8.759191379802763,8.721230789349608,8.954330776841612,8.970586651647958],[14.620619351442077,14.453376635391917,14.670584636583516,14.568512878339886,14.687445215572255]],"times":[[29238,4940,3232,2696,1811],[27393,626,14241,664,2388],[20215,1282,541,1455,4195],[6361,4145,1766,719,1472],[8432,693,9083,746,1647],[12558,1156,2280,3016,2504],[5248,1833,1499,609,1876],[11305,575,843,970,1514],[960,310,202,2195,1778],[3769,1616,802,858,2155],[6971,655,7016,1212,861],[905,827,326,929,517],[5162,689,762,627,877],[10091,501,735,668,1865],[518,328,309,327,703],[1971,568,740,367,487],[12685,534,942,518,1012],[429,263,211,288,676],[1810,397,359,307,480],[7846,415,6678,2358,2907],[838,341,351,1836,548],[2252,2818,1932,428,635],[5887,781,740,514,2471],[2181,264,268,310,1042],[1802,662,715,356,462],[2607,667,398,375,684],[957,207,237,293,588],[2245,370,1210,289,1373],[3639,470,2710,1955,1655],[1637,292,270,477,757],[3104,1178,1056,291,473],[4517,515,1910,2268,523],[848,277,246,274,731],[8181,916,882,1721,1030],[1983,1658,375,1977,572],[1160,245,150,277,367],[5885,1878,1508,584,1346],[2505,2774,1666,2105,2975],[1054,450,252,305,650],[5210,1723,144,217,394],[1677,1892,321,286,374],[611,278,207,436,460],[1362,6907,605,452,864],[1867,2005,323,1938,545],[536,148,115,148,320],[7028,1102,476,273,451],[2042,494,350,339,489],[1879,310,211,253,321],[2146,1518,1102,277,398],[1697,452,1203,254,349],[396,148,124,186,536],[6246,1265,637,217,341],[912,377,215,68,108],[341,99,91,279,416],[2473,1783,335,342,1116],[1689,682,927,582,529],[902,92,116,179,341],[16682,965,363,296,644],[2475,2213,271,379,525],[898,62,121,136,165]],