{"actions":[[2,3,5,1,3],[0,1,2,4,5],[0,1,2,4,5],[0,1,3,5,1],[0,1,2,3,4],[0,1,3,5,4],[3,0,1,2,3],[0,1,2,3,5],[0,1,2,4,5],[0,1,2,4,3],[0,1,2,3,4],[0,1,3,5,4],[0,1,2,4,5],[0,2,1,3,5],[0,1,2,4,3],[0,1,2,4,3],[0,1,2,4,3],[0,1,2,4,5],[0,2,3,4,2],[0,2,4,5,1]],"rewards":[[15.327912752802005,9.257455097806917,8.217053211266492,9.07644811309529,9.315161058234695],[11.031293879933418,5.5373522226292335,10.906639677222355,9.34709439490332,3.1308680067732086],[8.811068962721556,13.33054945278714,5.902924260638867,6.292598565572427,7.555701506405086],[15.838009502996893,7.512291597536976,8.844706885427776,5.300583787102279,7.726675678042958],[15.353977293843986,8.823795405926646,16.650140829610073,10.820281244535838,17.21200621488667],[15.419173210435616,8.124459318367474,7.561329532327272,5.854893887229777,14.022096329453769],[9.890196875218916,2.174518318780673,8.123639084872075,3.0003706925666362,9.853286311352266],[3.397597462348252,8.734872814862179,4.672273126800747,10.388655520568054,10.800183815496975],[10.049680886014427,5.68696559819623,12.000581429435293,12.397030361890907,8.693985237384597],[9.619713532042915,14.324009789859057,7.782429283572741,6.591995844637909,13.448215790744936],[1.4299918087887893,6.082768498587315,2.184318270809711,7.151794545682374,4.639619154017002],[10.30016481963352,4.712557808107184,5.343947775517556,7.150205854746039,10.747633499534295],[11.35184443032923,6.36750991074583,12.65753158904982,13.323769670995787,7.788384370493694],[6.158423248392274,4.923799968980998,9.033000372962684,9.03261120716132,5.058447139890718],[3.0174487028580135,10.208639016886325,4.990868603967728,6.353799668659752,10.864640916356258],[7.081998435127738,12.036827053845904,5.702750460250039,4.811900180217331,11.832930237383428],[4.740698820281107,9.654094112667588,6.467207040654382,9.096959100332855,11.185764365880587],[12.049303890292522,6.01222092787033,10.60293910430574,10.473080305962924,5.071332447982657],[6.7946632974154335,5.080727506458488,10.725564741860524,3.656786923879488,4.851587941407134],[5.310501228342307,6.6420981094381,8.781637625863645,7.740932000296932,4.4481470332946715]],"times":[[21926,5192,3094,1575,4782],[2949,1385,919,587,832],[4339,550,358,1241,828],[4198,1205,2426,930,1546],[2006,3276,862,436,675],[3241,634,1056,858,468],[577,224,930,115,631],[1105,1171,313,628,540],[997,1306,956,773,1825],[756,746,781,837,849],[1261,676,291,883,307],[633,503,1879,406,1346],[930,662,1054,384,822],[802,610,726,1067,420],[560,680,862,633,976],[2173,633,310,627,585],[863,472,358,538,866],[773,555,551,475,150],[528,172,700,521,645],[1795,319,940,342,743]],"condition":[["negeven"],["negeven"],["negodd"],["negeven"],["poseven"],["negeven"],["posodd"],["posodd"],["poseven"],["negodd"],["posodd"],["poseven"],["poseven"],["negodd"],["posodd"],["negodd"],["posodd"],["negeven"],["negodd"],["poseven"]],"envs":["envs/add/negeven/negeven33.json","envs/add/negeven/negeven1.json","envs/add/negodd/negodd38.json","envs/add/negeven/negeven45.json","envs/add/poseven/poseven19.json","envs/add/negeven/negeven62.json","envs/add/posodd/posodd75.json","envs/add/posodd/posodd34.json","envs/add/poseven/poseven92.json","envs/add/negodd/negodd22.json","envs/add/posodd/posodd29.json","envs/add/poseven/poseven41.json","envs/add/poseven/poseven64.json","envs/add/negodd/negodd28.json","envs/add/posodd/posodd13.json","envs/add/negodd/negodd87.json","envs/add/posodd/posodd40.json","envs/add/negeven/negeven7.json","envs/add/negodd/negodd53.json","envs/add/poseven/poseven96.json"],"money":"3.62","age":40,"gender":0,"hand":0,"experiment":"noncompositional","instcounter":1,"subjectID":"614e7491536c022fd30a16a7","studyID":"6168186185dddf5426605411","eval":[["posodd"],["negeven"],["negodd"],["poseven"]],"regrets":[[2.5414628982543945,8.516377449035645,9.68278694152832,8.638376235961914,8.516377449035645],[0,5.420450687408447,0.3111410140991211,1.8295955657958984,7.947110891342163],[4.466274261474609,0,7.739561080932617,7.162855625152588,5.834881782531738],[0,8.233076572418213,6.918022155761719,10.327818393707275,8.233076572418213],[2.1369810104370117,8.5968656539917,0.7965431213378906,6.562154769897461,0],[0.19791793823242188,7.6317644119262695,8.191061019897461,9.770879745483398,1.6203727722167969],[0.4349193572998047,8.253854751586914,2.2965736389160156,7.421969652175903,0.4349193572998047],[7.2016730308532715,2.1207380294799805,6.16835880279541,0.3831367492675781,0],[2.6576242446899414,6.903242111206055,0.5119972229003906,0,3.90518856048584],[4.745100021362305,0,6.6119279861450195,7.76908016204834,1.0708141326904297],[9.225324153900146,4.712333679199219,8.380377054214478,3.537095069885254,6.11902379989624],[0.4806051254272461,5.601879596710205,5.141148567199707,3.611663341522217,0],[1.9252376556396484,6.975478649139404,0.7264251708984375,0,5.583560466766357],[3.0217337608337402,4.089602470397949,0,0.055088043212890625,3.988422393798828],[10.087654829025269,3.1583261489868164,8.148980140686035,6.7624688148498535,2.300663948059082],[4.9650492668151855,0,6.3446574211120605,7.210136413574219,0.31621360778808594],[6.996852874755859,2.1560497283935547,5.341951847076416,2.649369239807129,0.3321399688720703],[0,6.203803062438965,1.4644708633422852,1.631424903869629,7.088634490966797],[3.7654714584350586,5.590082168579102,0.08149242401123047,6.983460426330566,5.590082168579102],[3.3113951683044434,2.038694381713867,0,0.8233108520507812,4.09941291809082]],"maxrewards":[17.862939834594727,11.097312927246094,13.434104919433594,15.783611297607422,17.40629005432129,15.724145889282227,10.447568893432617,10.731971740722656,12.500848770141602,14.341005325317383,10.75134563446045,10.570014953613281,13.338310241699219,9.117252349853516,13.193018913269043,12.03335952758789,11.739814758300781,12.147457122802734,10.57330322265625,8.570419311523438],"bestoptions":[0,0,1,0,4,2,5,5,4,1,5,4,4,1,5,1,5,0,1,4]}
