{"actions":[[0,2,5,4,3],[0,2,4,1,3],[0,3,5,1,4],[0,2,4,5,1],[1,4,2,4,4],[0,2,1,5,0],[0,5,4,5,5],[5,0,2,3,0],[0,2,5,1,3],[1,0,2,5,4],[0,2,4,0,4],[0,2,4,5,4],[0,5,4,5,5],[1,2,1,3,5],[0,2,5,5,5],[1,2,4,0,2],[5,0,5,0,2],[0,5,0,0,1],[0,5,0,1,0],[1,2,1,3,5],[1,0,5,1,3],[0,5,0,1,0],[0,1,2,1,2],[0,5,4,3,3],[0,5,4,3,5],[1,0,1,3,5],[1,0,5,4,5],[0,5,5,5,5],[1,0,1,5,3],[0,5,4,3,5],[0,4,5,5,5],[0,2,4,4,2],[0,5,1,0,0],[5,0,1,0,0],[0,1,2,3,4],[0,5,0,0,0],[0,5,0,0,0],[1,0,1,3,5],[5,5,5,5,5],[0,5,0,0,0],[0,1,3,5,1],[0,5,4,2,1],[0,5,0,0,0],[1,0,2,4,2],[0,0,0,0,0],[0,5,0,0,0],[1,3,0,2,5],[0,0,0,0,0],[0,5,5,5,5],[0,1,3,5,1],[0,1,3,5,5],[0,5,0,0,0],[0,2,4,0,2],[0,2,0,0,0],[0,5,0,0,0],[0,1,3,5,1],[0,5,1,1,1],[0,5,5,5,5],[0,1,2,4,0],[0,5,1,0,0]],"rewards":[[1.9592240590076777,2.098092667972201,5.397083935448959,4.147515812322868,4.367658159449406],[0.7826055832062185,0.9022217654136349,0.48675457315386605,5.658776676197274,5.931139508972637],[2.9386091208416865,10.294886385032212,10.610629515442225,8.141989130924674,4.808014488930175],[5.6619043440633705,3.4391440170996916,2.894755986317245,1.3626103515341266,4.8074140848774105],[3.6486900117938883,11.513644520988008,10.881359070332838,11.740168472319072,11.443704518099048],[16.38139878826645,14.40837449368263,8.556236277127546,5.3725946686974915,16.13913550252351],[5.000763877715441,8.007166887632291,7.776929125012558,7.881789758889338,7.8967592914465365],[2.1270615585328314,6.0850569310283475,5.899873795509249,1.9517217088001806,5.919046377092573],[11.048970783175676,11.411335187091426,10.011044459723474,6.965750489667532,9.248814232373508],[2.8425341916304068,3.1440005886529527,3.2683413071442455,5.652972814920805,4.414475609964827],[9.183540698891274,9.245970052883639,8.996153164476578,9.008818603374117,9.15491687640512],[12.45757403189348,12.569013728401604,13.631095740267385,9.423845723727025,13.60315370867416],[3.4685942845843365,4.700394196179313,4.543383783806102,4.837521960274051,4.827865539825205],[5.837866540353288,0.336921892245064,5.89082090253118,5.2339175908607345,5.583234289030536],[3.99779274366408,3.1380419953105143,10.279173133215648,10.497578411107972,10.459864445111522],[4.40980213653678,5.296917594437992,5.8853740374612755,4.322357853026528,5.330030114270278],[2.508218762908136,7.5388756707747255,2.227794622998827,7.602174642054415,7.560348786431718],[11.947264392321411,7.795606724935846,11.830209848237676,11.902343791318536,6.581046889278729],[4.955455907521918,2.1171900202543745,5.064457306503285,4.83552967554981,5.090478925039037],[7.472201238174,1.5473903065509749,7.523458736636381,6.704674003197597,6.35237793398183],[12.165675510328482,6.437507595651447,8.618574152396851,12.026214250202523,9.749590604561762],[8.996784853685948,6.665845862581626,8.992021974865338,7.724478676919807,8.907663336687854],[3.71059587154777,8.242250355090613,3.211289585927817,8.338622625128068,2.996792011320687],[12.58973301525405,15.679905916085833,9.375244381786091,15.508473535903763,15.554259934039974],[3.358573649161895,7.8930478187404,6.738350769904826,6.664148773274677,7.687600761942568],[4.8317994771219706,0,5.081087426645339,5.779816522789528,5.67224091698528],[9.115269123977999,3.047885266013253,13.430110739541698,7.1337780413982115,13.580755911232542],[1.2784894101948363,6.233098852949161,6.3024357320182425,6.139050492131738,5.943085574230442],[3.96646440485262,0.1479549866400297,3.8707814419185302,4.401225847835409,3.265948228393375],[0.3334553022775988,10.776372313376168,4.596769626666897,7.053614850981626,10.80075437885208],[1.117260030240665,3.9642125923900737,4.869026974276915,5.166371500651864,5.0172470225905546],[9.190522036865621,8.816786271854035,9.171488609614046,9.285645113909137,8.875815153873532],[10.170284180050274,9.497182273583027,3.9315068112182043,10.198634208013182,10.19293862671641],[4.086088947048047,7.3819572071592034,5.799248237245613,7.1538284973584885,7.094298687926529],[8.520258553772402,2.650248544466727,9.359661632900496,2.8503997828429832,8.788790349814354],[15.65592628455436,7.014388315298852,15.556203801775371,15.759383248551053,15.788628291107988],[8.188801008623424,4.329336474431038,8.516236701733174,8.431965891682212,8.301902172215787],[5.187462954703162,1.8844351924628358,4.949081383059136,5.084810806161204,6.41519977361653],[10.711939120464557,10.990352207172622,10.856495100029527,10.703889788377543,11.012905790944702],[3.9487428271193945,1.7837371912215108,4.060693153546003,4.137060040592964,4.002890865514954],[0.5806314901392857,6.891315362879088,7.250400605131413,7.882463850802139,7.073475159451575],[4.700750278577071,9.599265445208358,2.656612078085212,3.7619321607830254,10.374311927624769],[7.816688679239257,2.99587592903584,7.672741228645974,7.5423328307787925,7.575778115147134],[1.5187395369240453,6.298821096629468,6.421498389075427,6.136851629473199,6.311999971179643],[13.883601325286685,14.148125921068,13.949896760985201,13.90104821307788,13.8558935096845],[8.19156077510477,4.306388973509382,8.07557328031974,8.045485440842867,8.071449960342239],[2.7571330665225147,2.3108436210847274,6.62006038823239,6.018519369312041,2.026833114977364],[14.619460405067915,14.600537504529832,14.376330698987319,14.483462598106906,14.554488512121269],[1.556827222801924,4.102124612690066,4.220040273642445,4.065051158675126,4.060313495234784],[0.4412861848182947,6.478096198812563,6.8988795677428465,6.289888545111825,6.452766659171189],[2.153786831613185,8.07482832255311,9.917522774660187,10.546037671756151,10.595367764899983],[6.908050039896707,2.5776806060924526,6.751440331744123,6.868447498705969,6.604991113262989],[6.716301273716246,6.410053400274298,6.76534571739899,6.754321912729752,6.26518044006736],[13.480097568114143,11.442264486573933,13.5331905858756,13.68669902325293,13.352046074108765],[6.4728868059331495,1.8790982538123364,6.699789783492863,6.67575074813149,6.6531086521750025],[2.4317009936979197,7.077270778787987,6.4140030661634455,5.836250501820689,7.0011024214564355],[8.983507985107469,7.492481196431593,13.112757059857751,13.423869366509726,13.452653797112553],[1.8998843798927965,4.488594682865453,4.506786382577871,4.632523828471612,4.473909757454593],[9.285220767449818,3.3219460724436733,9.036428710009393,8.948445059001823,9.399473270953969],[11.110634776217271,7.603193113694052,5.623952866359254,11.112984485756193,11.214393625663908]],"times":[[11231,1118,2276,482,266],[2615,120,312,920,229],[1929,6,4,463,555],[2659,99,253,32,130],[1132,50,1026,653,498],[2278,230,74,13,919],[1641,867,707,344,403],[1966,148,426,315,594],[1136,17,450,20,132],[1101,107,109,60,4],[1217,325,205,669,434],[862,507,704,67,851],[1397,270,260,14,91],[1371,589,758,649,300],[1756,584,534,319,254],[1253,572,745,398,362],[1929,176,172,98,9],[503,304,214,507,123],[1068,1628,408,105,62],[1539,748,314,889,224],[845,149,3,147,1242],[1630,25,144,49,64],[1673,272,418,392,35],[1299,535,559,880,649],[823,1129,227,578,368],[1471,100,607,139,37],[1678,22,759,7,150],[1164,88,323,44,140],[1793,137,47,333,56],[1262,406,246,9,396],[1483,1026,444,183,159],[2852,1025,441,456,419],[1696,149,716,323,328],[3419,176,706,818,351],[1505,310,377,260,635],[2998,378,158,332,321],[2237,851,138,281,245],[1235,408,402,18,179],[1705,579,336,513,629],[1258,91,170,256,235],[2295,336,798,975,437],[984,4,268,376,597],[1219,787,363,297,303],[1112,346,761,277,392],[768,484,270,518,317],[3650,68,550,91,40],[3382,1563,382,535,259],[1932,281,224,323,389],[3379,315,269,255,263],[5043,496,582,285,334],[3018,638,749,272,455],[958,274,499,428,383],[2004,810,378,630,568],[2604,1326,402,447,524],[1075,442,472,301,267],[1223,327,265,434,389],[1018,1235,1693,700,493],[1819,338,271,196,277],[1206,712,582,333,309],[1784,310,279,751,299]],