{"actions":[[3,2,5,0,0],[2,3,3,3,3],[3,3,3,3,3],[2,2,2,2,2],[2,2,2,2,2],[2,2,2,2,2],[2,3,2,2,2],[2,2,2,2,2],[2,2,2,2,2],[2,2,2,2,2],[2,2,2,2,2],[2,2,2,2,2],[2,0,0,2,2],[0,0,0,0,0],[0,0,0,0,0],[0,5,0,0,0],[0,5,0,0,0],[0,0,0,0,0],[0,5,0,5,5],[5,0,0,0,0],[1,1,4,4,4],[0,0,0,0,0],[0,5,5,5,5],[4,4,1,1,1],[0,5,0,0,0],[0,5,5,5,5],[4,1,1,1,1],[0,0,0,0,0],[0,5,4,1,0],[0,0,5,1,1],[0,0,0,0,0],[0,0,0,0,0],[0,0,0,0,0],[0,0,0,0,0],[0,0,0,0,0],[0,0,0,0,0],[0,5,5,5,5],[0,0,0,0,0],[1,0,0,0,0],[0,0,0,0,0],[0,0,0,0,0],[0,0,0,0,0],[0,0,1,5,5],[4,5,0,1,5],[5,5,5,5,5],[0,0,0,0,0],[0,1,5,1,1],[1,1,0,1,1],[0,0,0,0,0],[0,1,0,0,0],[0,0,0,0,0],[0,0,1,0,0],[0,1,0,0,0],[0,0,0,0,0],[0,1,0,0,0],[0,1,1,1,1],[1,1,1,1,1],[0,1,0,0,0],[0,1,1,1,1],[1,1,1,1,1]],"rewards":[[3.4899661912193713,3.7626298067815336,1.2596609145738251,5.058272293333784,4.923738680972592],[0.7509579605252088,7.576883454909356,7.574125919167133,7.765781937202234,7.384847448231353],[11.036182517208056,11.083335824785241,11.326171911335503,10.986434666065929,11.281844264717424],[6.3528853526176245,6.482481335971845,6.414747380004833,6.297989223529602,6.388143636476259],[8.253587342621055,8.185617174955985,8.377785753592827,8.216353166135274,8.26628137831602],[14.550619240149418,14.743864536472506,14.756759712504719,14.701440559890363,14.741101588597491],[4.0059954984862856,3.7142712762609356,4.2001304762272,3.986055745398885,4.163569742404991],[5.684482963253055,5.338823710743725,5.036791372262569,5.282768511428747,5.478000414451325],[9.463420050041433,9.53425785253893,9.589460050994587,9.407658699059596,9.475105684723719],[9.51685504219568,9.591346223736247,9.551888679201664,9.39620092461858,7.27638500723001],[4.609030339705764,4.870205552027336,4.759571270079149,4.966338549125527,4.867967041090109],[11.999834829402724,12.150922003126773,12.015734276987436,12.011393324081068,12.05700901482934],[6.09059448605831,6.366921485825017,6.429519453972654,6.023058136928458,6.254687926738213],[11.020124975075046,11.058796542222193,10.813310654900867,11.111622339962873,11.15352853664119],[17.294137448418574,17.320190525340507,17.52025901155794,17.292218295712402,17.497305423573568],[7.131626054459341,2.6028036923913107,7.1538953578066735,7.281741736424113,7.097939880391636],[4.904193183732374,0.20353274936771643,4.962154992693468,4.823591000653401,4.867963366746027],[11.994682843365085,12.15948377149581,12.13461129774976,12.06675547797249,12.231255540015175],[0.5202562831777603,5.439202334851517,0.1930858927254201,5.200528346350818,5.390362710550593],[0.5170359112809492,8.009135636718051,8.025026335880327,7.864126189057921,7.848854112822063],[0.9869150581647345,1.096882852872571,12.078385465790491,11.993648800435253,11.986021025477744],[8.776094945179416,8.63734858962756,8.463855162656655,8.645293716370185,8.708947236196524],[1.0823903784847992,4.952734714518826,5.088381015774705,5.1964305345839,4.918024641285757],[6.036790185898352,5.904278971860119,14.471780916338883,14.383819007206235,14.252351146373027],[5.020705060391904,2.952396140428961,5.004137219939905,5.1660853193888,5.126005992160058],[2.2648671173285644,7.8624706383582375,7.943460133586648,7.9545279883432976,7.890050287675608],[4.5497178005429975,12.933162326702629,12.935190728266551,12.90853102912808,12.835778002457895],[5.078844431209207,5.1667519360672545,5.285796440325911,5.294099200857871,5.235029775037887],[2.1857498391677224,3.011324070203319,1.5412740772687055,4.419743179470466,2.291476100134535],[7.328405748172164,7.241192746252405,4.080011015395564,9.190096828682758,9.301751302430466],[6.235773862044284,6.511026109128804,6.216716075346183,6.524609963162742,6.432840871955522],[10.18191897480683,10.23447405521209,10.13943413774282,10.2560265589211,10.272656209916185],[16.46201516469075,16.44600875375027,16.7710158497584,16.641547544610386,16.44756153167251],[4.975232475507657,4.826497940415418,5.212874957606723,5.077144893259858,4.992579065076328],[6.061170976623208,5.955108202593943,6.048121115185616,6.029082461015113,6.094499670097387],[10.837274800321504,11.04849114836971,11.06400385821343,10.934254486290236,10.913830720998531],[3.569624457833841,6.734269281374829,6.685289450717832,6.63079351734926,6.757330254256169],[10.720530206306563,10.746339339111707,10.609591208054903,10.609734227188989,10.496954152064768],[6.512211854237859,14.219479588958897,14.413164030540553,14.381295503608358,14.46258612034752],[8.057266345201905,8.010449787390865,8.008703126191733,8.057544551660317,7.9585102263699365],[11.090573664157853,11.032604650908452,11.092113431773654,11.235177240573705,11.264780850697434],[19.146094437028236,19.20657035654057,19.06959948416491,19.160790272237893,19.287150299037105],[4.680270916992082,4.517546288997299,5.717015201642315,7.26539945503135,7.346434440468384],[3.4582525231950676,1.2845593320411053,3.679961725485575,0.3971051434202818,1.1191698995389836],[8.351656289507673,8.330296587748347,8.185163723772458,8.381664819764472,8.189009629644282],[7.916320024635693,7.799572680725064,7.728818229669022,7.698831159499977,7.8772233619829946],[2.4877648897272437,3.949379954503689,3.8089512845878426,4.127495605875715,3.8740750799391],[10.260045638072906,10.080992958925837,9.939900181355695,10.42647995935188,10.297006765498123],[5.0037458435364455,4.938703673971497,4.993935169451063,4.909537732869294,4.969253986225291],[4.755104949613594,1.860810750788672,4.550850849910699,4.6586890479334855,4.6669123213156904],[9.653709112834315,9.493928871533576,9.65888802783769,9.554568355094158,9.490592904005501],[5.488959798024552,5.38083577088164,4.47239469415103,5.558838935052361,5.445976067758657],[6.60954464650216,1.556239365810719,6.534628486130051,6.781188549559339,6.570672440722723],[12.27948874023254,12.218248148620486,12.240653111206111,12.1131165326381,12.243988965088521],[5.372395051155818,4.967346465203576,5.131943397456447,5.379033010042092,5.4721681936348805],[4.258873232777182,10.778641630434775,10.785936046665565,10.4540059686645,10.832615780703856],[15.663498030644313,15.526453783807426,15.71741106212221,15.67356760473028,15.684168142322171],[6.930421422801049,6.29515454385984,6.981542771658765,7.019894906927121,6.880688906452391],[3.0770110124664662,8.237888254004123,8.24976753257878,8.201198444742815,8.335221296734014],[14.49704259515091,14.505193510540005,14.697141785197875,14.63483975208842,14.608931608850542]],"times":[[34373,4716,4387,6665,5714],[18925,3985,5489,1267,1159],[6488,3387,834,1813,888],[5721,1919,2455,1207,1868],[3630,1509,1455,21,2195],[2786,1327,1200,947,884],[9399,2056,4522,1105,1184],[2384,1649,1202,822,1026],[1274,759,867,834,2209],[4770,1109,971,918,1073],[2001,14,2846,970,914],[1567,709,728,736,683],[8794,10693,26,6185,17],[13704,26,625,503,747],[2001,504,487,509,563],[16604,13466,2428,449,532],[4252,3755,491,439,413],[620,341,404,459,451],[2598,1879,6519,476,435],[2364,2069,14,539,437],[5788,25,1535,402,531],[5256,1168,400,362,392],[3468,802,694,396,468],[1254,13,1285,512,525],[1842,1110,549,519,496],[1760,851,696,683,894],[2519,2519,616,495,1913],[43659,13,859,439,425],[1614,1014,957,3557,520],[1910,23,946,1398,474],[3037,686,565,978,989],[1736,664,488,499,743],[1060,381,561,436,401],[2745,2159,415,499,602],[1455,2114,1160,409,517],[1185,477,440,448,780],[2554,2227,531,450,570],[3029,612,614,583,442],[2195,469,428,613,512],[1520,2231,401,923,1003],[2292,631,569,552,528],[862,600,660,877,517],[1489,1248,2773,3634,16],[1997,502,1616,827,1970],[859,449,440,403,707],[2537,698,485,491,613],[1597,462,1111,1835,440],[2068,27,721,326,444],[3771,755,392,592,1341],[1669,323,440,369,373],[1103,451,436,527,447],[1226,1378,376,1474,468],[1499,688,339,403,454],[436,698,483,409,434],[1444,546,2140,649,628],[1147,396,1182,522,630],[977,460,490,434,802],[1027,1606,2339,749,553],[2068,421,656,473,501],[1264,578,489,406,383]],