{"actions":[[3,3,3,3,3],[5,5,5,5,5],[3,3,3,3,3],[0,0,0,0,0],[5,5,0,0,0],[0,0,0,0,0],[0,0,0,0,0],[4,0,1,1,1],[1,1,1,1,1],[4,4,4,4,4],[4,0,5,5,5],[4,4,4,4,4],[2,2,2,2,2],[2,2,2,2,2],[2,2,2,2,2],[5,0,0,0,0],[0,1,1,1,1],[1,1,1,1,1],[0,5,4,3,2],[2,1,0,5,5],[5,5,5,5,5],[2,2,2,2,2],[2,2,2,2,2],[2,2,2,2,2],[5,4,0,2,1],[3,3,3,3,3],[3,3,3,3,3],[0,0,0,0,0],[0,5,4,3,3],[3,3,3,3,3],[0,5,5,5,5],[5,0,2,1,4],[0,5,4,4,4],[0,0,0,0,0],[5,4,4,4,4],[4,4,4,4,4],[0,1,2,3,5],[4,4,4,4,4],[5,0,0,0,0],[0,3,5,5,5],[1,0,5,5,5],[5,5,5,5,5],[5,5,5,5,5],[2,0,0,0,0],[5,5,5,5,5],[0,5,5,5,5],[0,1,2,3,4],[4,4,4,4,4],[0,0,0,0,0],[5,4,4,4,4],[4,4,4,4,4],[4,0,1,5,5],[0,2,1,1,1],[1,1,1,1,1],[5,4,0,0,0],[5,4,3,2,1],[0,0,0,0,0],[0,0,0,0,0],[5,5,5,5,5],[5,5,0,0,0]],"rewards":[[3.2429621973725244,3.3089739307308004,3.308429442299767,3.2684340606677798,3.333899883009996],[5.303230075488703,5.180218112139705,5.329763944491405,5.043018605206005,5.044403765005564],[8.250497443448284,8.260561431905845,8.338941757466225,8.149022778587877,8.326361521318269],[6.602672860473931,6.646127747553067,6.570969019518175,6.529265396834446,6.6536585799130625],[0.8524431974697697,0.6505410144928142,4.802192871201953,4.881568929401674,4.73148825603995],[11.337550059871342,11.261770289215828,11.280605063612322,11.367952892160353,11.457047307526357],[4.604925782038928,4.719191862413206,4.761796362094572,4.594000857734497,4.681677450445893],[1.2365573689382356,0.7072619071177797,4.361703042072701,4.288351447280969,4.35498827115559],[8.107329917343225,8.236470160830843,8.131646180830716,8.26373911199206,8.295667947215284],[4.4030699133797215,4.386637912021249,4.224251114810529,4.431206521937794,4.444289450853876],[0.9392646776177929,1.0970819269574044,4.404216903044675,4.330487999690076,4.4723665325153705],[5.24036918367616,5.271669842447821,5.238433047805274,5.3635339973108325,5.396248048721518],[5.430617834446827,5.5580868583411345,5.426944162853921,5.372828346478485,5.343142376982923],[6.027593360025134,6.074590505390836,5.799422913862636,6.198222400291337,6.022423297647438],[11.410291510330646,11.388494719802244,11.475677790909165,11.302423202922817,11.320758697352481],[3.009022797606029,7.369769433667104,7.353939737575049,7.402346007116758,7.246644560568038],[2.734240707397411,8.376754578014248,8.34415122856948,8.237303300862365,8.170321917312753],[14.933719728775174,14.948480428297637,15.077127762298057,14.883519424589728,14.992347794136636],[5.727041368222065,2.6577585030231137,3.0621676379261222,3.788374427862996,4.265897284836125],[1.3656927093657623,2.999117623077637,1.1721386485228313,4.018605524817574,4.037543741192042],[6.726846731034827,6.728698964847426,6.712591598951229,6.696689135112638,6.887371450219244],[6.303491727535018,6.2390176157126245,6.201008512098417,6.132609887736973,6.241823998847476],[6.50015143761842,6.691507424108255,6.61541839452345,6.594780605197024,6.628385811418414],[12.756634457224026,12.570444587247913,12.745450530834056,12.720887192280648,12.536818317321803],[1.9881744006506923,1.7755378355186928,4.767853800964381,2.52287025940798,3.7773298557026886],[11.23310801366879,11.085430162920083,11.205890098214706,11.022659362801917,11.05211527340085],[13.639412724651722,13.745498347571539,13.696252087820165,13.877451855315641,13.742928614633868],[6.147566383550681,5.966851805111464,5.968748319446263,5.990867515350915,5.923601073396689],[0.5329970943275268,3.4183956169912175,0.38541200392023683,5.038921834669459,4.900137393497761],[12.844540698054402,12.982912046931853,13.030664728927928,13.171553975507148,13.014629801807315],[2.0184492470517923,7.323797886753038,7.524389366645105,7.620465486491931,7.585582771180756],[0.3608871350200172,3.576667847507029,1.8912887688619835,0.5921422423692567,2.8758261243874754],[5.347075970739205,7.5695127129454995,8.646245291155132,8.572059928156456,8.502654689810091],[7.696607127412156,7.690898464905878,7.756504536346515,7.604224687268497,7.898207681402554],[3.24255913750264,9.918164248126851,9.924898530142606,10.01991623271848,10.05361779996398],[15.608985920306734,15.698900835640707,15.562704819818938,15.797322091894726,15.595295437884902],[4.62601380938431,4.388769296497808,3.5928040246972373,2.9821907169512145,1.7437032172734583],[8.986000034948837,8.72265236890962,8.86223169876012,8.84325782833515,8.930176297007197],[4.721254413299223,13.707157132065987,13.51651183462151,13.731984676858971,13.526488560400306],[2.6034898886560165,4.580884382866554,7.54257351762824,7.337895901817649,7.298037996153405],[4.6915875530460855,1.6757359376196184,5.112185977371123,5.094534248677534,5.137694398007626],[12.178841567725101,12.39909115672103,12.536432450036155,12.274730159977938,12.514207644318185],[7.903348267067552,7.930958464463452,8.171748750510831,7.908025152626876,7.931723488082097],[6.431231757121646,7.823189422691572,7.749151281955232,7.732713806388947,7.79391453004298],[9.058749343337865,9.036831508264381,8.907083280224489,8.825086236690423,8.818569995212336],[6.1037780664047805,8.37386414252535,8.16543491700955,8.311525061153363,8.153697803063134],[4.501853612598317,0,4.232849239230262,0.7083450681074034,4.220789787123768],[12.423540241015127,12.066001164182767,12.254979594694621,12.400926465597331,12.393177837645533],[6.30960949902111,6.247661049791578,6.235747325121364,6.0922974697519106,6.162798884131111],[4.915364001749605,9.665470151475386,9.669627737506119,9.672689900330514,9.755496554698025],[17.44310009960325,17.621554395392366,17.790418523031313,17.486954629761343,17.499352850206837],[5.890572216027015,3.3875605035501257,3.2778070825519294,6.249788710365704,6.335149248816046],[1.607477525503352,2.3977637705719856,6.767649121829908,6.805024802550571,6.812156187683126],[10.111263910203078,10.148717719214538,9.892831373020233,10.004795189844243,10.095437775614034],[5.099510180908429,5.464514617526077,8.529456083845368,8.442088481054485,8.512827482927992],[0,1.409317745334076,0.33105247835152163,3.639174060504267,0],[10.788112716732957,10.972047558755953,11.05788573440561,10.876956310538073,10.953375244204677],[7.247242334750506,7.270492452408064,7.133792114028748,7.226525925863605,7.021021376272342],[5.441742645393548,5.485389308810698,5.744500611232196,5.773783851683524,5.501049689639415],[7.56052440862873,7.75110484916122,9.547946612458086,9.348645160587933,9.220849315253844]],"times":[[21624,3338,2521,2728,1685],[7608,1231,1161,1062,1253],[5634,958,1277,744,969],[3980,701,816,832,762],[3089,1462,2883,634,750],[3447,641,357,599,590],[3895,628,493,341,712],[3122,2001,866,626,590],[2358,561,451,703,1381],[3748,663,288,369,327],[3551,835,878,505,416],[6052,379,341,426,458],[3278,427,337,375,539],[621,874,225,314,540],[1590,385,351,365,628],[1938,546,507,282,294],[1738,350,312,347,302],[3782,275,240,295,310],[3431,494,657,551,505],[545,453,241,774,316],[1516,376,342,308,364],[3730,298,184,287,310],[2976,216,248,209,238],[563,308,390,318,325],[2039,422,326,1147,98],[1093,343,289,350,395],[1265,196,226,324,413],[2984,789,181,206,239],[631,1267,307,124,381],[1182,160,145,174,314],[2975,157,365,114,139],[1123,567,2247,94,1],[352,1111,451,400,185],[1800,197,398,286,318],[1527,354,286,193,108],[1491,296,1,784,435],[1075,63,4,857,540],[1476,206,130,168,287],[2014,150,302,43,235],[1332,935,34,207,749],[3226,628,40,164,44],[1831,18,440,309,331],[2486,269,289,302,379],[2098,296,270,158,242],[1927,344,345,268,729],[2152,283,309,257,330],[1549,313,180,380,47],[1913,252,125,252,280],[1593,905,559,318,234],[1114,198,288,188,182],[1329,222,199,237,326],[3472,267,161,493,259],[1213,240,299,324,2],[367,340,221,344,328],[1853,213,11,174,32],[1436,77,175,227,668],[396,234,501,280,320],[947,343,119,176,309],[1143,343,495,204,117],[1539,408,1240,277,270]],