{"actions":[[0,1,0,0,0],[0,1,2,2,2],[0,0,0,2,2],[2,1,0,2,2],[3,4,3,3,3],[0,0,1,1,1],[0,1,2,0,0],[1,0,1,1,1],[1,1,1,1,1],[0,1,0,0,0],[0,1,5,5,5],[5,5,5,5,5],[0,1,2,0,0],[1,0,5,1,1],[1,1,1,1,1],[0,1,5,5,5],[5,4,5,5,5],[5,5,5,5,5],[3,4,0,0,0],[0,1,0,0,0],[0,0,0,0,0],[0,1,5,5,5],[4,5,5,5,5],[5,5,5,5,5],[0,1,5,5,5],[4,5,5,5,5],[5,5,5,5,5],[3,4,0,0,0],[1,0,2,4,2],[0,0,0,0,0],[1,0,2,0,0],[0,1,0,0,0],[0,0,0,0,0],[0,1,2,0,0],[1,3,1,1,1],[1,1,0,1,1],[0,1,0,0,0],[1,0,1,1,1],[1,1,1,1,1],[0,1,5,5,5],[5,4,5,5,5],[5,5,5,5,5],[1,0,2,0,0],[0,5,0,0,0],[0,1,0,0,0],[0,1,0,0,0],[0,5,0,0,0],[0,0,0,0,0],[0,1,0,0,0],[0,1,1,1,1],[1,1,1,1,1],[0,1,2,5,5],[5,5,5,5,5],[5,5,5,5,5],[0,1,0,0,0],[0,1,0,0,0],[0,0,0,0,0],[0,1,2,5,5],[5,4,4,4,4],[4,4,4,4,4]],"rewards":[[8.248159854026266,7.313689899683737,8.254690728590658,8.439164248442914,8.40012378276973],[8.845373829444576,3.531094453252985,9.707173438749038,9.708043755995371,9.880695519364519],[17.036444188119304,17.09947618040606,17.0005552780574,16.54090302086493,16.71178418153071],[2.726462052251649,2.710039596414379,2.1904509860361068,2.6596705756046997,2.799076588035055],[10.580083697059035,4.385407221568151,10.824790199441452,10.812602754610616,10.633003807302224],[5.719589511535793,5.720646753858246,13.555914518476229,13.490294884546937,13.69229379503742],[7.198465309998061,6.271974929925595,5.017840915455207,7.259927315733052,7.431658193646468],[6.4067884171852025,0.4888229652308978,6.277318756844739,6.272028115823298,6.289303881717778],[12.468877624067389,12.428946974561507,12.68122647391489,12.545379139503321,12.595680076245344],[6.283468509097343,5.75341747360936,6.472994434880846,6.297955577388778,6.3015697012845795],[2.108010926718542,4.327752030611216,3.8867067215127586,3.537426547202651,3.6300245114115013],[7.010953819189747,6.94045847730616,6.858339088810389,6.790827910351981,6.932381617117741],[5.181624362723148,4.767145806929338,3.7047948092578413,5.135305934565115,5.138538875571871],[4.445718301496931,2.0077994651409554,3.168742154139695,4.38527195368051,4.371735847245399],[9.276982950153586,9.336486203224483,9.27492966702042,9.38385922852199,9.23000171718452],[3.8173119985309714,4.645246734596711,6.582986231946859,6.6166580511438395,6.525856631378554],[8.921283983856194,2.7049490975385373,8.792723604374729,8.854015136370155,8.837586314361099],[15.497091468437086,15.381986193542843,15.50986004628703,15.305505506292514,15.501913718146854],[6.769054916276664,6.212695526869073,7.466061624193663,7.139796542832677,7.319650295445133],[11.054747063369922,3.9338069766053425,11.244129567115005,11.031746258657511,11.163269663028075],[18.41310557986083,18.332131990349072,18.524094798844896,18.486514323718637,18.47228169109917],[3.743571928366647,4.92415854418782,6.27742975301232,6.122809302043469,6.130159104638334],[0,5.0098223266848025,4.71642310548435,4.8217975070420795,4.659239245648058],[10.858254462897438,10.908578428168175,10.954890474466529,10.832348275980431,11.064214850273913],[3.637488450796573,4.029881571632262,7.5032551355823625,7.6707198313237335,7.59764202056306],[2.076125678179974,9.87890399113397,9.861940232245564,9.741105276157166,9.69233927011877],[17.264247167015704,17.33485393322178,17.299588347664503,17.29494471707068,17.38771291212163],[2.4050556596046615,2.3421952153225165,5.047193392109761,5.174742782317561,4.9644010829308876],[0.036579949603482154,6.801917009697854,6.228609313678442,6.249142634263047,6.3123703718969395],[11.962207497059461,11.970845217869895,11.915795718993092,11.868373469871083,11.94497887849155],[3.893976682095153,3.9132271213117678,2.221740097033555,3.9280384091221143,3.886766981146134],[4.588652253093966,1.6385008045885836,4.546443544208419,4.6354619573173155,4.6216060816670055],[8.431977182385584,8.266057059933106,8.503741152439241,8.45922189940843,8.56116388308691],[8.409595123181122,7.1971355185837345,6.49625410595296,8.35462616295015,8.54031710159076],[4.822238976866278,4.224777350124875,4.692776857097196,4.628036633735103,4.634565369483002],[11.816581816952567,11.647947259743043,10.021208720905715,11.872313462708245,11.653127570720216],[6.67162667239109,5.545677726678194,6.476616629178448,6.442362855173202,6.521677401141274],[5.56602632455555,1.130567201111125,5.2175892295414785,5.4034050590731475,5.375873750356163],[10.732536554567845,10.61119960206965,10.85249296921528,10.742628563073454,11.032582192057122],[4.198338745629203,5.411014293556284,8.006774055273205,7.884800613893401,8.043041556161068],[8.89602642827174,1.9023651009421052,9.184592472197737,9.055532795727688,9.042366741039613],[16.956087211783046,16.849122613145212,16.822348677842143,16.998442097374856,17.059717058146276],[3.843183271218934,5.446700938608769,3.462514712643691,5.390615047564027,5.478751973057438],[4.398337479609913,1.1060831001110103,4.16954889733971,4.4525384255296965,4.189081525295401],[9.61063145513951,4.398194905069909,9.65755531378749,9.452159889983445,9.561042750155154],[4.856885569993389,3.8320192976899,4.937820652750265,4.569261861059929,4.7170444591585],[4.799129934932458,0,4.672851352927389,4.886933916699626,4.773503059862056],[9.433691474686611,9.654609656915579,9.658547763857122,9.62830660638904,9.519034973885514],[6.891833665825224,6.764122546446591,6.978660474165449,7.214978427678373,6.904074802329243],[5.2209916938155025,13.005212569849498,13.113429254574342,13.23175116967773,12.903463977787794],[19.763267694976598,19.751888371886746,19.912023958671227,19.579284762797233,19.725415902138828],[5.067605583194327,5.260771480142109,5.855457873163595,6.9307065431571555,6.981053558270151],[8.156105334612315,7.922268951235975,8.014741077110367,8.160972796537898,8.057421356056604],[15.041414739840308,14.872181714018982,15.079950202189748,15.024378415758243,15.012239276302388],[4.954631114478043,4.540269981986048,5.045559137787255,4.929288802542016,5.026844070923259],[8.063782834651953,2.053605816915286,8.288725629424611,8.08508761999812,8.299695758065962],[13.268188828634509,13.223555908904729,13.224061876081498,13.049605359567993,13.060141486369355],[2.3487725054774766,2.9313803693219986,4.109925378529993,6.902707124449356,7.006363601826391],[1.3551032216634828,5.154845651981266,5.201639397272369,5.133374121396523,5.198576579878317],[10.481459623170693,10.762634294247027,10.441186122410246,10.723910040468438,10.605119958622542]],"times":[[49139,1717,832,28,16],[13075,544,298,1097,55],[6069,138,120,204,53],[3865,1540,1112,764,48],[2874,831,262,16,72],[922,9,187,66,9],[1536,575,1455,85,5],[2455,260,17,70,42],[668,149,87,71,49],[2597,320,1260,9,78],[710,120,2679,24,193],[4229,86,109,50,53],[4188,433,444,128,22],[2583,194,4997,1056,241],[4707,243,339,127,46],[3113,693,659,172,157],[1375,173,209,318,42],[1004,32,40,43,33],[1897,254,1475,183,93],[6164,1130,82,170,7],[2286,69,162,176,45],[3745,139,698,50,146],[1131,253,392,33,13],[818,114,117,85,165],[2514,172,520,128,5],[974,93,57,110,89],[545,93,90,124,107],[2150,114,1113,73,97],[3991,292,3151,1966,908],[883,131,111,5,145],[2074,145,1705,2172,243],[1186,465,12,449,213],[69,101,113,136,128],[2114,308,2286,6,157],[3273,3925,1216,1035,35],[1855,20,46,442,370],[2021,198,221,185,118],[1194,374,501,188,32],[980,313,207,88,137],[1583,202,787,85,49],[1876,367,255,63,389],[474,5,174,127,78],[1640,233,1880,129,21],[482,506,424,17,125],[2689,188,259,96,60],[6635,1666,139,267,59],[1141,785,361,166,61],[196,123,65,4,243],[1123,683,1147,103,10],[791,212,1886,70,128],[278,37,20,233,7],[1351,384,892,762,237],[1535,1767,103,117,13],[731,48,38,10,160],[1451,236,224,64,52],[733,994,50,89,163],[230,166,141,147,110],[1734,269,883,334,134],[2357,880,1035,17,158],[638,228,143,102,119]],