{"actions":[[3,4,5,3,3],[3,4,5,4,4],[2,4,0,0,0],[4,3,0,5,3],[4,5,3,4,4],[4,5,4,4,4],[4,3,0,1,0],[1,0,1,1,1],[1,1,1,1,1],[3,4,5,5,5],[4,5,4,4,4],[4,4,4,4,4],[3,5,3,4,3],[3,4,5,4,4],[4,4,4,4,4],[3,4,5,5,5],[4,5,5,5,5],[5,5,5,5,5],[3,4,5,5,5],[3,5,5,5,5],[5,5,5,5,5],[3,5,4,0,5],[3,5,4,5,5],[5,5,5,5,5],[3,5,4,0,3],[2,0,0,0,0],[0,0,0,0,0],[3,5,5,5,5],[3,4,4,4,4],[4,4,4,4,4],[3,5,5,5,5],[3,5,5,5,5],[5,5,5,5,5],[3,5,3,0,0],[2,1,1,1,1],[1,1,1,1,1],[3,4,5,0,0],[2,0,0,0,0],[0,0,0,0,0],[3,5,5,5,5],[3,5,0,0,0],[0,1,0,0,0],[3,5,0,0,0],[3,0,5,4,5],[1,1,1,1,1],[3,5,3,1,0],[2,0,1,1,1],[1,1,1,1,1],[3,5,5,5,5],[3,5,0,3,5],[3,3,3,3,3],[3,5,5,5,5],[3,4,4,4,4],[4,4,4,4,4],[3,5,3,3,3],[3,5,5,5,5],[5,3,5,3,3],[3,5,0,0,0],[1,0,0,0,0],[0,0,0,0,0]],"rewards":[[7.0560314431496165,5.862650644064329,6.0767956667672065,6.978925796628658,7.093654553834121],[2.853795152283102,8.442514631162016,3.142461858905839,8.468500530314488,8.558226830701237],[14.594116173672292,14.156089143335349,17.323368478956727,17.306178025956918,17.42961269977675],[5.217826533877899,4.786975292514735,2.1338059179693456,5.913204678529701,4.718067356727802],[7.04001189886671,1.5041456381876384,2.171949685468432,6.889672382409079,6.558926614678752],[12.41852055271565,7.713610012893265,12.11968044505761,12.214853301047926,12.167871107609223],[2.198442171243257,3.2752304221814184,6.074217664281081,5.579283164219817,5.839557450278175],[7.428068379328864,3.3064646032936684,7.646445312864378,7.697630641036258,7.709629323126382],[13.193515290522996,13.242787499136787,13.070386036458803,13.361021833992613,13.149521865043681],[5.720325940671857,6.816750628526824,7.629544256687177,7.552075392638568,7.457180677751917],[6.951647054493716,2.3039316493734097,6.954243707994222,6.98959269343518,6.9655596431378495],[14.152924595775733,13.936517118343403,13.79246356747492,14.00110570833626,14.073152650294569],[6.255231357060004,6.031084580590593,6.3767425067668215,5.773932098002706,6.0797761308824745],[3.4661093107578225,7.803869568314361,3.243644508877967,7.55885417826059,7.7377250353873075],[13.172430105762686,13.407894120295337,13.449986825304162,13.437249725719967,13.582068027284512],[5.892664462766839,6.355568181144012,8.385373173832487,8.167311979759692,8.27835515885255],[3.950113007015683,9.691928659284098,9.724840151710316,9.629055045086764,9.751685279923942],[17.989848669422084,17.96016176017373,17.91432457506861,17.848813458191554,18.06119654583681],[6.380921887164007,7.019677008087763,8.227847754470869,8.241555025314193,8.10920321939676],[7.402050884745291,8.850035780466593,8.858558227083718,8.813774714132485,8.952135386221938],[16.987746963524156,17.118924632744402,16.945283252947945,17.0235762953743,17.292420479025306],[3.415640775876685,4.508379982303165,3.6723596229774205,1.6419151506305136,4.370502747869024],[4.768232863643184,5.130455741224246,0.3924698364744016,5.031176611867059,5.25425139461969],[9.595260494046352,9.569337478103346,9.534965384689498,9.516728483963282,9.492875227704111],[3.808820865531415,1.9232957612413613,2.594268125273,5.079100333213427,3.558164442094112],[8.858341721717814,8.202567767317907,8.01237758422356,7.925675530065565,8.113047612951375],[13.048889337107356,13.089282962035687,12.975961606149783,13.034347412397063,13.138557017250307],[7.038997237653277,8.104839355835498,7.934096247195463,8.068944042687292,8.21197123683709],[2.206313917280589,5.387149126348732,5.377441870394259,5.388327889303319,5.5640832728244805],[13.14290613061345,13.106101100806441,13.086927916654115,13.047126286680482,13.138369469152375],[7.863092463407675,9.147777171106926,9.045552696407114,8.830391214290572,9.074206596233406],[10.622724707936985,10.515577652386884,10.663395159428823,10.64884810028172,10.690855275504662],[19.707849985608224,19.584502641026187,19.89093563566809,19.879098738599904,19.62808396479891],[7.252503443414966,5.524691251463028,7.301607693506104,8.835602230134464,8.679543438280376],[1.1967412659369352,7.731816053557202,7.841957448013644,7.89730924416805,8.027414107317176],[16.63399650099002,16.64740422386684,16.675152268133758,16.507447112791844,16.56487780276103],[1.61128571868076,2.1011683151689247,0.4752480902933963,4.453914111388818,4.443911890383205],[7.222474997179064,6.665833044780829,6.743727506757013,6.6593554516143545,6.7079720108209],[11.185151948353623,10.985922325268334,11.126145788801136,11.115945637431865,11.06930743421047],[3.9300711082612736,5.053739105119981,4.994090077650937,4.728644489114053,4.906568601538436],[1.7121618464334765,1.3224185286844532,4.734263487592431,4.854378132378498,4.8648959053876],[6.492838699065914,4.50271158165451,6.521757739812606,6.624196801017424,6.639623483749303],[6.005271810889288,4.634278220441799,6.7924221238914555,7.011184463822014,6.684966576572689],[2.3504248021272716,0,2.684654210335681,0.4258161601424806,2.5680981023766534],[8.808260562452444,8.972836791489309,8.731773889067144,8.912393158055687,8.991874099903116],[7.725220830432826,6.010007217682217,7.563441963814107,8.042147278594669,8.20787748219876],[1.945651750193542,2.551063872431109,7.920268557034099,8.09376516426447,7.89387118046908],[15.953923222563592,15.775719195485525,15.896248174033289,15.898892111126393,15.708292547248655],[5.960413435851347,6.661860424197917,6.779343316413394,6.597178184620078,6.615299201724324],[11.995648475996727,10.777717306628224,4.1712004415600346,12.091816313236825,10.77627826524344],[17.942850928680844,18.015774070554265,17.93270870436264,17.99795944884526,17.92597268579447],[6.425350023335125,7.795149493347023,7.773530577290144,7.486956462091469,7.7376466255514025],[0,3.518784270593555,3.768935286038929,3.6038558203186293,3.6861773414761356],[11.756102100197378,11.702040694517603,11.601831983641938,11.697328983524102,11.641237766150844],[6.598522540841476,6.241548656994352,6.714776750535941,6.596103488114986,6.601755394031],[9.901778088240137,10.269191041768634,10.188335325852215,10.076687735476025,10.073718509912306],[16.43279744751386,16.66360245083104,16.62377435306135,16.867676490820116,16.569648191619628],[4.193446226078268,3.39655550589001,7.417746167807873,7.1350116564908435,7.101218046923143],[0.9735871397620849,4.57237766572543,4.521504623933474,4.671991350885589,4.686491554904452],[11.796173591874174,11.857399700582528,11.789163103658296,11.83530715370653,11.948808863772225]],"times":[[17848,1856,546,1592,407],[2823,568,742,255,339],[2226,367,2284,436,714],[2530,2862,893,516,1586],[1771,248,590,272,805],[1190,285,42,905,391],[2548,282,1137,1424,474],[2811,243,327,2337,2366],[1069,253,393,434,649],[2271,292,320,228,228],[2409,334,449,146,265],[1214,32,77,119,410],[3019,628,1756,2193,837],[1700,1820,191,118,43],[1009,42,15,295,314],[1680,1912,260,221,136],[1605,336,511,206,281],[1252,115,135,648,347],[3780,1026,439,39,28],[3361,266,186,245,123],[1362,190,264,268,544],[1411,377,283,1687,915],[1681,271,225,384,16],[1234,214,212,167,301],[3235,385,351,1215,690],[2364,1918,333,268,345],[428,118,81,158,290],[1582,1187,263,290,346],[1321,1299,2002,11,235],[1756,97,70,107,384],[2658,1039,181,200,300],[1490,347,372,29,225],[1247,174,244,616,341],[1591,282,1257,3108,870],[1950,743,286,488,317],[554,113,270,296,334],[1500,525,1385,1500,238],[1823,1794,88,91,59],[561,237,108,118,271],[4485,590,544,201,124],[1804,187,678,542,57],[387,991,21,359,104],[1369,575,2945,175,426],[1077,1942,418,796,284],[1898,386,45,97,153],[2015,807,341,1294,1118],[1828,405,249,250,188],[888,33,94,98,432],[1212,316,940,14,130],[1450,262,1428,263,48],[644,47,96,50,309],[1393,110,237,54,143],[1254,1231,538,259,1014],[1144,61,75,43,224],[1255,631,331,226,200],[2793,375,148,326,612],[1328,225,127,145,68],[1528,82,1224,54,64],[1901,263,31,69,87],[573,2,502,91,186]],