{"actions":[[5,5,5,5,5],[5,0,0,0,0],[0,5,5,5,5],[5,0,0,0,0],[0,5,3,3,3],[3,3,3,3,3],[3,3,3,3,3],[3,0,0,0,0],[5,3,0,0,0],[5,0,0,0,0],[0,5,5,5,5],[5,5,0,3,1],[0,0,0,0,0],[0,5,3,3,3],[3,5,0,0,0],[0,0,5,3,3],[3,0,0,0,0],[0,0,0,0,0],[0,5,3,3,3],[3,3,3,3,3]],"rewards":[[14.50108600558094,14.317800808867256,14.713114529660047,14.448458915541798,14.48665774827625],[3.6394156725952413,12.086061139770305,12.1925222862245,12.051057315590372,12.132506891970054],[6.357900364217387,14.979027321886281,14.933943078920715,14.838232234174226,14.919669645867293],[5.106215523285203,10.454505019246797,10.575465506257306,10.673855182634098,10.575928966134116],[7.331463130555811,10.85623700013162,11.928852651254715,11.848524518666228,11.884894843696216],[18.13831827669231,18.22055379727136,18.145691809709955,18.2886200729551,18.209291286255],[15.48653887759453,15.337905400903923,15.372371090453157,15.567256529515722,15.425167793538792],[6.294023601900286,14.062103208642418,13.895502448314506,14.024668811439096,14.096691967378547],[10.111491673154898,7.259610216805157,12.680344064672557,12.413842034921318,12.611251064965256],[5.1440474329837915,15.830448059218575,16.071701385996477,16.033138387332958,16.081822715732976],[3.0959250622854113,13.232246520585301,13.108198406265805,13.365704505670669,13.133841253141],[1.1596318716598426,1.3138156853639058,9.583617140873875,4.423720848661268,5.944487001573371],[12.835678356150995,12.925345034658775,12.702357755154138,12.694997252747935,12.701797450957715],[7.437267308418554,7.1853636626461315,9.827256236276755,9.915191990566095,9.703074510580675],[8.316581698379983,10.932954751064822,12.464593552430237,12.431309053534402,12.514304375677266],[6.795196109044769,6.84346930213896,8.417855235602978,10.489320571724706,10.53507140388835],[7.358274889649623,10.458211330664087,10.505006012720854,10.246878599011826,10.392822390484884],[18.011446313821008,18.019983179018215,17.90017915199692,17.886758554104727,18.010606294211627],[9.580017390885601,10.170690104988365,13.602092839933368,13.798720251701168,13.500290344285407],[12.882563463848745,12.770036777847055,12.925458421494826,12.998017969553725,12.713823133245473]],"times":[[18030,2783,1621,1583,1244],[1717,1055,1094,889,772],[1153,1182,1132,648,828],[1838,926,743,670,933],[608,859,3176,474,423],[2812,535,334,395,362],[1134,371,272,237,326],[1771,840,690,340,419],[1298,1548,429,338,268],[874,472,278,285,274],[2799,493,285,131,298],[1246,460,376,596,1430],[910,805,61,133,508],[724,379,1115,762,492],[1006,476,211,227,150],[1360,160,529,304,255],[1107,389,431,199,801],[936,148,743,629,643],[1365,1079,196,209,81],[942,152,117,282,328]],"condition":[["posodd"],["negeven"],["posodd"],["poseven"],["negodd"],["negodd"],["posodd"],["negeven"],["poseven"],["negeven"],["posodd"],["negeven"],["poseven"],["negodd"],["poseven"],["negodd"],["poseven"],["negeven"],["negodd"],["posodd"]],"envs":["envs/add/posodd/posodd7.json","envs/add/negeven/negeven72.json","envs/add/posodd/posodd32.json","envs/add/poseven/poseven51.json","envs/add/negodd/negodd61.json","envs/add/negodd/negodd43.json","envs/add/posodd/posodd56.json","envs/add/negeven/negeven85.json","envs/add/poseven/poseven2.json","envs/add/negeven/negeven25.json","envs/add/posodd/posodd13.json","envs/add/negeven/negeven21.json","envs/add/poseven/poseven76.json","envs/add/negodd/negodd48.json","envs/add/poseven/poseven90.json","envs/add/negodd/negodd53.json","envs/add/poseven/poseven98.json","envs/add/negeven/negeven67.json","envs/add/negodd/negodd40.json","envs/add/posodd/posodd54.json"],"money":"4.26","age":30,"gender":1,"hand":0,"experiment":"noncompositional","instcounter":0,"subjectID":"614f619ea5715fa9a3c8c453","studyID":"6166d7c29bb8f43a7dce1c8d","eval":[["poseven"],["negeven"],["negodd"],["posodd"]],"regrets":[[0,0,0,0,0],[8.333234071731567,0,0,0,0],[8.603354454040527,0,0,0,0],[6.876538276672363,1.5794610977172852,1.5794610977172852,1.5794610977172852,1.5794610977172852],[5.459500312805176,2.0123157501220703,0.9771804809570312,0.9771804809570312,0.9771804809570312],[1.1933002471923828,1.1933002471923828,1.1933002471923828,1.1933002471923828,1.1933002471923828],[2.109419822692871,2.109419822692871,2.109419822692871,2.109419822692871,2.109419822692871],[7.539012908935547,0,0,0,0],[5.354256629943848,8.12332820892334,2.892828941345215,2.892828941345215,2.892828941345215],[10.887277603149414,0,0,0,0],[10.087654829025269,0,0,0,0],[8.315224051475525,8.315224051475525,0,5.098849773406982,3.7891950607299805],[1.5482120513916016,1.5482120513916016,1.5482120513916016,1.5482120513916016,1.5482120513916016],[3.322847366333008,3.8458304405212402,1.1734580993652344,1.1734580993652344,1.1734580993652344],[7.696770668029785,5.020279884338379,3.441194534301758,3.441194534301758,3.441194534301758],[3.7654714584350586,3.7654714584350586,1.8936643600463867,0.08149242401123047,0.08149242401123047],[5.266378879547119,2.2393245697021484,2.2393245697021484,2.2393245697021484,2.2393245697021484],[0,0,0,0,0],[4.67216682434082,4.134085655212402,0.6546916961669922,0.6546916961669922,0.6546916961669922],[0.4490203857421875,0.4490203857421875,0.4490203857421875,0.4490203857421875,0.4490203857421875]],"maxrewards":[14.476806640625,12.190908432006836,15.021552085876465,12.147195816040039,12.888118743896484,19.39752769470215,17.571224212646484,13.877506256103516,15.4818115234375,16.058147430419922,13.193018913269043,9.613212585449219,14.290048599243164,10.874683380126953,15.962085723876953,10.57330322265625,12.713241577148438,17.950870513916016,14.334716796875,13.349113464355469],"bestoptions":[5,0,5,4,1,1,5,0,4,0,5,0,4,1,4,1,2,0,1,5]}
