{"actions":[[0,1,0,1,3],[0,3,1,5,0],[2,3,0,5,2],[0,5,4,3,2],[0,5,2,4,4],[0,1,2,4,3],[0,1,2,0,0],[0,1,2,0,0],[0,1,2,3,0],[0,5,4,0,0],[0,2,2,4,4],[0,1,2,4,4],[4,5,0,5,5],[5,0,4,3,3],[0,1,4,4,4],[4,0,5,5,5],[1,5,0,4,0],[0,1,5,4,0],[1,4,5,0,3],[0,5,0,0,0]],"rewards":[[12.230561854509824,7.433556250268096,12.105821002012485,7.552870428952249,5.349338791067799],[2.0021134824188946,10.63532479533542,7.370427564676338,11.630471611960022,2.1830819003193933],[11.357588536856587,16.67993261975245,11.112724726588585,16.59907352796264,11.38613981083671],[4.986786672685574,16.28427702490518,8.541318520702475,16.793770373842392,6.362342999267485],[11.211768061639726,7.464251101532992,13.006074520731099,12.975890413757952,12.869763384144683],[6.1473699394263335,9.051069420107439,6.058477491758206,5.291106039843754,8.354227013429332],[8.502182069604327,5.598893527551622,7.096623746520091,8.422793715619076,8.614947090948734],[13.264140228979539,9.481456445706,10.972626208505169,13.040781060471053,13.341291845827127],[9.974431642409234,11.199698294470785,7.59728907536883,8.401417280774231,9.903593221983044],[18.515086202926692,9.687559486519758,17.30463441164576,18.560320204201982,18.432640406883785],[12.656362844605734,14.77358439412004,14.558263250895587,15.919875021373214,15.941810544639967],[10.037260466220907,3.568301497284998,11.59382549485444,13.499061486705592,13.458279650702126],[6.4682987777638665,12.967904531724106,3.128707804703167,13.083819499382908,12.945002544205536],[7.829090713772792,8.943482011706784,5.163369563380304,9.967058162769694,10.00877343991881],[11.47481773634121,5.576961182805707,14.492753393944652,14.342450857013109,14.636349628199678],[9.111523029169343,6.930108284786043,13.802230957350579,13.76424349682493,13.993759297871875],[8.903241397986903,4.817508897964725,13.065333688304174,9.828731451281744,12.946956471454001],[1.868449527907126,6.911643424730769,8.854518343653302,4.13406023705153,1.846601636168528],[9.112735626362731,3.750563453193986,6.915543445766854,6.138031047834971,7.1542097553690285],[12.553871063501948,10.158071320214356,12.426986143936807,12.59447450082757,12.688494972445408]],"times":[[13346,1750,973,1070,307],[1383,1,68,832,704],[1685,34,253,32,1829],[825,968,1044,1729,1438],[717,672,3635,2244,1974],[743,1139,901,2369,821],[844,579,1002,1825,728],[469,446,752,482,1261],[399,390,358,2096,904],[438,535,1310,497,448],[685,1128,859,949,832],[880,1157,929,719,613],[1004,748,603,935,283],[685,770,1064,1313,493],[489,1282,2449,358,233],[618,485,1282,134,237],[847,490,1321,509,566],[737,571,1136,374,386],[614,589,305,258,630],[698,755,704,2688,908]],"condition":[["negeven"],["posodd"],["negodd"],["posodd"],["poseven"],["negodd"],["negeven"],["negeven"],["negodd"],["negeven"],["poseven"],["poseven"],["posodd"],["negodd"],["poseven"],["posodd"],["negeven"],["posodd"],["negodd"],["poseven"]],"envs":["envs/add/negeven/negeven22.json","envs/add/posodd/posodd38.json","envs/add/negodd/negodd50.json","envs/add/posodd/posodd45.json","envs/add/poseven/poseven4.json","envs/add/negodd/negodd68.json","envs/add/negeven/negeven94.json","envs/add/negeven/negeven26.json","envs/add/negodd/negodd74.json","envs/add/negeven/negeven64.json","envs/add/poseven/poseven90.json","envs/add/poseven/poseven87.json","envs/add/posodd/posodd13.json","envs/add/negodd/negodd39.json","envs/add/poseven/poseven7.json","envs/add/posodd/posodd66.json","envs/add/negeven/negeven51.json","envs/add/posodd/posodd57.json","envs/add/negodd/negodd96.json","envs/add/poseven/poseven2.json"],"money":"3.92","age":20,"gender":1,"hand":0,"experiment":"noncompositional","instcounter":1,"subjectID":"615136a1cc981971f91ea321","studyID":"6168186185dddf5426605410","eval":[["negeven"],["posodd"],["negodd"],["poseven"]],"regrets":[[0,4.686161041259766,0,4.686161041259766,6.971579074859619],[9.636610984802246,1.0487127304077148,4.251075744628906,0,9.636610984802246],[7.061698913574219,1.8175811767578125,7.353343963623047,1.888132095336914,7.061698913574219],[11.882196426391602,0.6097965240478516,8.396997451782227,0,10.366357803344727],[1.748652458190918,5.350109577178955,0,0.01788616180419922,0.01788616180419922],[2.7804927825927734,0,2.9092655181884766,3.755642890930176,0.7132043838500977],[0,2.897736072540283,1.4060754776000977,0,0],[0,3.8074913024902344,2.0430498123168945,0,0],[1.2167396545410156,0,3.6745948791503906,2.6825342178344727,1.2167396545410156],[0,8.834800720214844,1.2234687805175781,0,0],[3.441194534301758,1.3418655395507812,1.3418655395507812,0,0],[3.354912757873535,10.11430811882019,1.9345216751098633,0,0],[6.7624688148498535,0,10.087654829025269,0,0],[3.3438377380371094,2.1069440841674805,5.879891872406006,0.9021329879760742,0.9021329879760742],[2.8916244506835938,8.843093872070312,0.04010295867919922,0.04010295867919922,0.04010295867919922],[4.620489120483398,6.679898262023926,0,0,0],[4.003082275390625,8.28263235092163,0,3.177889823913574,0],[7.102926969528198,1.9760279655456543,0,4.750277042388916,7.102926969528198],[0,5.595175504684448,2.323899269104004,3.3065710067749023,1.8823356628417969],[2.892828941345215,5.354256629943848,2.892828941345215,2.892828941345215,2.892828941345215]],"maxrewards":[12.184840202331543,11.622084617614746,18.446819305419922,16.865697860717773,12.891671180725098,9.04089641571045,8.487170219421387,13.185672760009766,11.188934326171875,18.490520477294922,15.962085723876953,13.485445022583008,13.193018913269043,10.98252010345459,14.475752830505371,13.786097526550293,12.961175918579102,8.826355934143066,9.3183012008667,15.4818115234375],"bestoptions":[0,5,1,3,2,1,0,0,1,0,4,4,5,1,2,5,0,5,1,4]}
