{"actions":[[1,0,0,3,4],[0,1,2,2,3],[0,2,4,0,2],[0,5,5,1,0],[0,1,2,4,2],[2,0,0,0,0],[0,5,1,1,4],[0,5,5,5,5],[4,5,5,5,5],[5,0,1,2,0],[0,1,2,4,0],[0,0,0,0,0],[0,5,4,5,5],[5,4,3,1,5],[5,5,5,5,5],[0,5,0,0,0],[0,1,3,5,5],[1,0,1,1,1],[0,5,0,0,0],[0,1,3,5,1],[1,1,1,1,1],[0,5,0,0,0],[0,1,1,3,1],[1,1,1,1,1],[5,0,0,0,0],[0,1,0,2,4],[0,0,0,0,0],[0,0,0,0,0],[0,1,3,5,0],[1,1,1,1,1],[0,0,0,0,0],[0,0,0,0,0],[0,0,0,0,0],[5,5,5,5,5],[1,1,1,1,5],[5,5,5,5,5],[0,5,5,5,5],[0,1,3,1,1],[1,1,1,1,1],[0,0,0,0,0],[0,1,0,0,0],[0,0,0,0,0],[0,5,5,5,5],[1,1,1,5,1],[5,5,5,5,5],[0,0,0,0,0],[0,1,1,1,1],[1,1,1,1,1],[5,0,0,0,0],[0,1,0,0,0],[0,0,0,0,0],[0,0,0,0,0],[1,1,0,3,5],[1,1,1,1,1],[0,5,5,5,5],[0,1,1,3,5],[5,5,5,5,5],[0,5,5,5,5],[0,1,5,0,0],[5,3,5,5,5]],"rewards":[[4.1171768862222216,4.219609006224377,4.264895934513584,4.821949000375727,5.394409227864119],[2.695143041042875,10.512078469675043,3.234085534051745,3.3150351073559774,10.286171893751211],[6.989603664940126,8.024058389739205,9.07030206241754,7.112176744924474,7.785071741900426],[5.281307403656779,0.09700057361831002,0.1784199597607154,4.5103112449642255,5.250760509858648],[5.754804990958607,1.9445156127275762,6.499480679584775,4.897255040973997,6.391717805380557],[9.886437414994786,10.802506238835438,10.93672859388235,10.824645710907243,11.058800440274334],[1.006771193626713,3.7236697487403156,2.280513119037369,2.2885469945403747,2.8742243604004645],[1.6168560295474528,4.402415300376244,4.746486672034039,4.453754085426001,4.785819202021944],[4.173540268472982,8.343012952271257,8.228356745157726,8.277535461947501,8.244178985362929],[2.233433613483195,5.77383488042583,4.462945353273557,4.137218335468009,5.619645006751999],[4.349192805428434,1.1426384957189943,5.705440709585133,5.492056873675761,4.450482548036513],[10.195628638957679,9.994033942951988,10.089796491019968,9.99155561477947,10.076814175519356],[4.000940508399799,5.354733150035333,4.048000641469724,5.469571703881924,5.125410216936939],[9.443145646179289,3.7465785698079954,9.550480575890685,9.63314363264539,9.468515849360388],[14.706026631498125,14.631912183057594,14.610318680773553,14.747025674403673,14.723411150161406],[5.962291802269939,1.7887520324081168,5.9441153035577186,5.918934847043681,5.839768395881317],[2.553499020051607,7.707479093042883,7.607565115738654,8.700044490996257,8.684792193156339],[12.526147789847192,8.323083398106725,12.612035439068084,12.45808342740469,12.582874097050546],[4.890012989072574,1.304920278820862,4.969934020929826,4.930557054250929,4.846744300490943],[0.8417273415426874,7.540635955756498,7.792885821689024,7.561094797948449,7.650361313531178],[12.149437282949222,12.272949837915794,12.307469482000078,12.412938846506256,12.118210109797824],[7.293235137441065,3.1768221599831774,7.436958090877604,7.1726072815985065,7.151214512163506],[3.270646569517583,10.043357505236093,10.115528930521986,9.500401055177633,10.053280771288101],[16.19324713870613,16.16045668426778,16.367633511330517,16.20978679192072,16.064258858649538],[0.6121718557256034,4.937188195265837,4.786158161912626,4.969335477775611,4.708738436020002],[6.40009167282146,1.5137735632604423,6.242725770838674,5.711993899539055,5.939391857485763],[11.173065561023561,11.217625000653939,11.105435508666636,11.266773103174707,11.304532050713243],[5.0635291164300185,4.881682762903175,4.947872433757227,4.923344651158414,4.81071762189358],[1.7013909760591939,7.3470134017293764,6.721192097894451,6.453471717783502,1.327351768221928],[12.062044879369969,12.129581362443215,12.059242965216903,11.907200712434548,11.99022104246349],[6.969943349747196,6.754619670405902,6.863747222201708,6.867820828853858,6.809112472026904],[9.27530723969276,9.364409944296932,9.290739061690886,9.403424945325993,9.34960980945958],[15.9955869754171,15.973546440483673,15.966488877707729,15.942548973932197,16.125122075054414],[5.592350560905321,5.637267712841198,5.565580579692478,5.557029116205033,5.59105231005877],[6.217875086002994,6.066204043141022,6.034194372682737,6.163342382452575,5.931692573647545],[11.48308809147895,11.54613470972023,11.714858301139452,11.528599460046639,11.827682744262795],[1.3702622457159115,5.717615562614384,5.611475400557184,5.590687992370437,5.60692734158304],[0.723454822033742,4.30834671999822,3.4973142150902974,4.244436852395844,4.372375055701381],[6.89715121333788,6.838651219034177,6.916274012499828,6.8952089057791195,6.69245891295906],[7.8068115857608635,7.966555833957473,7.889362619884265,7.853639666893391,7.746137264046523],[4.29512750615161,1.8757643343245558,4.59773665872282,4.353468233765056,4.594172495366485],[12.263867895593608,12.100932351810162,12.182092076060682,12.230795267871397,12.292255682344756],[1.3562228340017433,4.722567848309208,4.519669599960024,4.712255635000159,4.568630166132287],[5.258729892900073,5.166247004942163,4.938927874891525,4.347919274427283,5.1204804261129],[8.78932073363933,8.776045783060026,8.817062701306476,8.903768856950398,8.58890669099785],[6.309679609490333,6.320844942443348,6.1394332383206685,6.159510626638627,6.21116139062651],[4.288085194980657,10.680659494434718,10.748661842664504,10.752700750327897,10.481214107331187],[16.667744924773636,16.540088861765156,16.269102851333134,16.465354983954708,16.47417711986633],[3.455776662488535,8.033890268756894,7.9840891349396905,8.079643819710402,7.993226027196896],[4.996483887756308,2.517298941666044,5.035178027982762,5.12206948964597,4.857177608436865],[12.90012833481652,12.949678146380394,13.00346107215226,13.00276566949187,12.992486863921632],[8.347307235092718,8.341829920501551,8.153003685301618,8.335602749992656,8.23993291887529],[3.9578412544267323,3.9407627907001017,0.9107168344408361,4.751192300862346,5.078504375436349],[11.805677195944696,11.850728604718578,11.867908020036033,11.792603053171145,11.861251058887262],[0.34863827566936795,5.107221943388969,5.084410329252185,5.126437778834134,5.213893885076187],[1.7003976546328559,5.824270707926568,5.935328379525904,6.241120707057124,6.70526883781887],[11.826913693490937,11.562776306262517,11.743270412006021,11.60349098189757,11.442514023295745],[5.066840768936397,8.323700027904033,7.962706419209022,8.029533375904366,7.994375785355169],[6.136999959428909,2.4071787601764614,2.1396898445218997,6.130278376415406,6.101331391922253],[10.05439998842303,9.237956363318862,10.185507893392074,10.254478067230776,10.024449402091566]],"times":[[22505,52340,237,328,72],[5986,4223,5896,80,2804],[9445,1944,1102,3291,2016],[6858,2789,77,1064,1399],[3230,569,2965,519,1673],[4679,370,570,793,808],[8974,521,2050,79,607],[3631,375,4821,304,373],[1204,502,4804,330,276],[4760,404,1529,568,1646],[2380,339,2296,849,1959],[2932,475,311,282,310],[3438,785,4501,280,328],[1101,1144,1869,1011,1039],[909,336,248,285,293],[6602,1047,1810,463,417],[2593,1045,1622,968,888],[1309,683,311,245,158],[3335,465,1031,127,181],[1305,704,1215,807,694],[2422,462,273,166,148],[2785,705,457,335,217],[2661,292,835,744,320],[643,259,239,205,209],[2462,385,1054,288,298],[2108,404,308,1345,698],[851,285,238,189,282],[4253,1559,301,257,294],[2346,126,1143,1591,797],[1140,310,181,151,172],[3102,654,134,166,110],[1219,1329,188,154,594],[669,269,289,247,257],[2033,1134,273,255,289],[2526,2231,349,358,2256],[856,158,272,297,294],[1836,1397,288,130,128],[1140,279,1072,898,2135],[919,319,3606,153,182],[977,1805,214,238,191],[1601,366,376,578,218],[375,264,210,208,288],[2293,525,509,262,242],[2076,643,318,3462,1144],[800,252,223,248,224],[1562,575,251,216,230],[1146,895,2423,302,257],[484,373,314,330,327],[1937,1703,78,448,247],[1245,500,478,305,282],[311,252,192,220,232],[3253,1167,221,190,301],[1200,29,495,1841,695],[458,225,178,179,352],[1346,403,226,231,240],[1907,1173,1552,294,630],[681,151,185,168,270],[2019,2385,353,242,252],[6063,620,1584,231,320],[1134,4446,217,254,231]],