{"actions":[[0,1,2,3,4],[5,4,3,1,2],[2,5,0,3,4],[0,1,5,3,2],[0,2,4,1,3],[5,1,4,2,3],[0,1,3,2,5],[0,1,2,4,3],[0,1,3,4,5],[0,1,3,5,2],[0,1,2,4,3],[0,5,1,2,4],[0,1,2,3,4],[0,1,2,4,3],[0,1,2,4,3],[0,1,3,5,4],[0,2,1,3,5],[5,0,4,3,1],[0,1,3,5,4],[0,1,3,5,4],[0,1,3,5,4],[0,1,4,5,3],[0,1,2,4,5],[0,2,4,5,3],[0,1,3,4,5],[0,2,4,5,1],[0,2,4,5,3],[0,1,2,3,4],[0,1,2,3,5],[0,2,4,5,3],[0,1,2,3,4],[5,4,3,1,0],[2,3,4,5,0],[2,1,0,5,4],[5,4,2,0,4],[2,4,0,1,3],[0,1,3,5,4],[5,4,2,3,2],[5,3,1,0,4],[5,3,2,1,0],[0,2,4,5,1],[1,3,4,5,1],[0,1,2,3,4],[0,1,2,4,5],[0,2,3,1,4],[1,0,2,5,4],[5,4,2,0,1],[0,2,4,5,1],[0,5,0,1,2],[0,2,4,5,0],[0,2,4,5,1],[0,2,0,1,0],[0,2,1,3,5],[0,1,3,5,4],[1,0,2,5,4],[5,5,5,5,5],[0,5,5,5,5],[0,5,1,0,0],[0,5,2,5,5],[0,5,2,5,5]],"rewards":[[3.2903417362582146,3.353139519705369,3.8337377482871173,4.150982388897612,5.973475876079238],[7.22240958276703,2.0841474383449254,6.716167597168045,6.80086314016779,2.2739864332226847],[6.091675775873023,13.64162148129,5.004317414950399,11.11883129478969,7.803837204622277],[5.877777593924304,3.7898851837229612,1.9428037496412043,3.6335391004546147,3.558965449457315],[11.949108598822672,12.643121646795802,12.297804600543211,5.595201323816959,4.033420951363506],[7.4898614892849915,9.47063081173553,14.573170437995604,16.20010679549405,7.456578229868578],[4.725025133615526,4.961980976727097,3.0064276362781137,3.866544284150206,1.1000050117546836],[7.181311897271863,3.276572428065168,7.876711321031408,7.075173542988661,2.9288173806318114],[12.203267390053115,8.78539763642442,6.092222575834098,8.980206774149753,3.953473484334208],[4.594890062741903,5.189009182545692,8.5057499141133,9.244947800055277,6.67638569255643],[7.8772327426098645,2.5813885418228617,7.971799235106085,7.636258046439514,2.3427490138520826],[12.373597972651192,11.272864849414459,7.575404950950453,14.431621678601891,16.021042973083166],[4.984529066222011,4.476047726693488,3.89635142318564,3.6473799411564287,2.5369826087771816],[8.194888220060765,2.2575120108358693,8.8690095098893,7.783834477595612,3.7933489598443733],[13.358292743837719,6.658462308233703,12.699124893978203,10.496548625524373,7.637880712563359],[1.8350819935299905,3.4400217180151214,5.959732201402307,7.039867780527451,5.684213695786887],[3.8111139499018933,3.4245526173630343,8.847200801478708,9.336989570608985,9.50108900669882],[16.42926396743751,5.701319824582828,8.480004177041343,15.194472158914888,12.398404713074044],[3.9997709534753216,4.948553415565722,6.61141562414122,8.738917590631607,8.517749237410392],[1.4287554450672741,6.433856737483764,7.356784978250954,5.682059095214769,1.7304043960259488],[5.415276540214341,11.337464021727019,14.175470671318768,14.594842641819305,10.530413149245165],[2.190136773100744,3.423139117255734,5.263902579521987,5.99746759730127,4.458508561666946],[7.1376359584921465,1.906311916776955,6.865048727969633,6.897557646139794,1.557126646722894],[9.079023513236221,11.147847353922035,12.329416427863762,7.684777932204422,6.896510147146621],[0.5254183825575867,1.4472382125182575,3.608690326432166,3.8636532432781285,5.529340896742833],[7.967031204550952,8.208617318100753,8.17746278043034,0.4436553567575293,0],[8.454269688072893,10.273155930724949,12.268059883044463,5.918971554213452,3.480445623531752],[5.18728898603826,3.1175969132068437,3.8136269513943994,3.588546234543352,1.2286030736762472],[7.865555714293028,2.6295181226902224,8.073783394247002,1.7916364553637312,2.423760896477528],[12.996288236470347,12.040231386463763,9.85251596397158,3.1142240433660753,5.346119199162497],[6.080580408232718,4.984942537889409,4.2057776855809355,4.771495329906494,4.283941518579045],[4.169851620385872,9.857253853011276,3.722690911860796,3.744467625116493,9.342805727823757],[13.954267234351905,8.297220065946922,13.895309831969048,7.037900335273339,15.606423052216766],[3.1615638989095953,0.6296900899926329,1.123882720956552,4.880199596308319,4.0520516945187355],[4.606663936378744,9.379421886457417,9.063716068175808,9.097557155187564,9.411342573036086],[11.796170658992686,13.485404441648052,9.960342888915353,4.05929236294619,6.070810360086005],[1.0185313401708667,2.582556681297465,3.8123337235852444,5.360108015158772,4.787323575297619],[9.496829259496229,2.346339227931716,2.370304127663707,9.271814733187828,2.4265116645319282],[14.646870030679132,12.951336579004309,11.642974726662441,3.7049848544850352,7.1070393079541665],[6.748726528801432,5.675917864186215,5.653835221612744,4.992976362204712,5.1309595605041896],[2.0457890707307387,2.3598702037694803,2.3268729940502877,9.305868153590232,10.10077047326299],[15.48608193411759,14.994061929910101,8.51458087402859,16.15366900270065,15.15881294339716],[8.81753495568527,7.882560749105492,7.43255877553504,7.085409067414609,5.9281761816239555],[8.632030464426562,2.956550909519785,7.569700233981975,8.34242839408556,3.0632076248879727],[17.485293358703714,14.771940929720362,10.051044419865123,10.555847736483562,14.20824514390076],[3.838808144443483,4.012812595345338,4.9817860294593395,6.185820964687595,5.276394672606401],[2.898865113787758,8.506264248051924,8.733742564525157,9.001023899419184,2.800002411195563],[12.823386490534046,13.742453699601397,13.681427870539332,8.756015018786206,6.453294847386716],[0.9044270351404147,5.2979539665915345,0.8813686656107088,1.7673787459229282,2.7183724695891143],[5.031129492390192,5.286713702732081,5.373063174659548,1.3374705181208963,5.173475235136705],[5.707032209160117,7.85808778285418,9.238034605209569,6.500112144942616,3.778339083927924],[6.028830995002104,7.0261179806545115,5.725077818260868,6.184433125440438,6.051936099054676],[2.9662727099613515,3.7151036839208516,7.718466937123548,7.556485637278812,8.863786828922434],[9.12223969471794,13.84852447424315,14.098624881620115,16.853827652742496,9.50135846576057],[3.654569243319751,2.98474905949742,5.4988705768582316,7.244022912047506,6.569616913916532],[9.53536584429426,9.585472462665937,9.629514740702206,9.732595953129806,9.266897892112718],[4.729430800357899,16.64307137653188,16.76626470343114,16.686240143724444,16.683822694859693],[5.640042452190845,1.338654041310652,4.478152870483017,5.558674528275161,5.513364643121641],[1.6609536354286927,7.2630161882707425,1.1960203711972162,7.3250041759453595,7.288897137761153],[7.042325220109347,8.7910698688436,5.752106425331137,8.687848248221298,8.639463842847748]],"times":[[38695,1150,645,1560,579],[1937,1952,1041,1020,3441],[6256,1184,746,2864,790],[3679,544,801,426,775],[4262,1003,1072,2385,1564],[3260,3264,995,1085,1725],[8665,3287,1556,3344,978],[3050,1930,1563,2686,1166],[2413,1149,2714,406,476],[3837,594,1517,746,3122],[3435,2012,4785,1378,2761],[9646,1583,1032,729,1236],[7330,884,3264,3914,479],[7805,607,1233,1704,868],[6615,1971,1000,1019,2411],[4758,617,1966,456,1433],[1739,884,453,1248,454],[3284,946,450,442,2287],[1451,1282,2010,715,651],[6145,722,1225,1442,419],[1342,496,1085,418,900],[3400,414,512,948,339],[2527,449,523,531,356],[2667,1088,559,2536,2076],[4551,903,1633,610,1696],[2711,798,1196,1944,1439],[2001,459,469,2090,1384],[2042,638,469,1058,309],[1377,389,313,2313,746],[3683,914,704,1210,410],[11366,383,914,1979,1297],[788,84,70,865,25],[3555,652,634,622,257],[2863,440,209,388,127],[661,374,768,1401,907],[2556,244,1219,751,897],[1379,548,612,286,628],[3616,840,511,1332,1997],[492,368,869,2428,495],[3643,535,406,1615,393],[1070,689,365,188,406],[1365,1911,423,309,558],[1951,508,456,668,242],[1402,272,544,821,1491],[2590,1159,406,371,555],[11865,409,202,241,55],[524,432,446,698,327],[1227,409,296,266,459],[1886,435,462,394,271],[1599,390,749,224,300],[1267,510,568,398,276],[1367,401,569,526,1316],[2904,3402,387,481,628],[2302,700,447,300,630],[3264,400,422,1033,17],[1872,20,1584,274,186],[2178,1534,368,290,265],[3010,1587,1506,871,1172],[1826,376,2503,694,86],[1337,366,2247,368,119]],