{"actions":[[1,4,5,2,2],[1,4,1,1,1],[4,1,5,4,4],[1,4,0,1,1],[1,4,1,1,1],[1,1,1,1,1],[1,4,4,4,4],[1,4,1,1,1],[1,4,1,1,1],[1,4,5,4,4],[1,4,4,4,4],[1,4,4,4,4],[1,4,4,4,4],[1,1,1,1,1],[1,1,1,1,1],[1,4,1,1,1],[1,4,4,4,4],[1,1,1,1,1],[1,4,1,1,1],[1,1,1,1,1]],"rewards":[[8.014160416428142,10.226810721732225,4.827478742191933,10.423588019778565,10.354463251911188],[14.008044778692858,6.746152006928592,13.949622329770255,13.995312551973873,13.879152053969364],[8.989677946924356,8.59687952344815,3.7461651173069423,8.697269758503829,8.713511163482641],[10.199586256374852,6.457354955987032,3.125103421201176,10.050627879136202,10.065543053942815],[15.729509494998311,10.81100598622014,15.779423194784465,15.916631526665563,15.747564808682037],[10.886221976363485,10.691543631471276,11.012266281500438,10.900624772390627,10.6487576268712],[6.013376698886477,15.923868028857932,15.91275199195767,15.829893066744132,15.67479163226192],[7.405956869248691,5.757449361314716,7.384533554409497,7.268723922349359,7.497101454386966],[13.397324154634736,8.394442291514936,13.35360508316794,13.273459980608013,13.433590301678477],[2.789519876134481,11.109611077827413,4.99124250648431,11.097109034125436,11.32336063814079],[8.552424259705962,15.696609658451047,15.624470865647424,15.660784824704066,15.7073729539651],[6.274191321245312,16.56957431033968,16.37162512961018,16.478476756513253,16.425126019001528],[5.2863090323199655,13.499658873660303,13.48024266133227,13.838470698232774,13.65109841779024],[11.63661629895872,11.557067103623051,11.556094024108397,11.448028406872782,11.556277883327022],[9.927251247751652,9.915573265721092,9.940282902510058,10.133308559102264,9.876276960851376],[17.395448716251668,8.786166507270778,17.5762138673032,17.654091285397804,17.262738384181475],[5.399666991568991,12.283490648046156,12.272521647651509,12.273136713404574,12.16168290909765],[11.356802437028936,11.381406159220075,11.40851460988685,11.339983686951863,11.339661066500163],[7.958716858534014,3.636397613539902,7.970045873427796,7.748052733742904,7.988069228330608],[9.418971379334252,9.48381642597778,9.404794898441862,9.256628175011597,9.423510227923233]],"times":[[14021,544,588,800,336],[1021,294,138,127,66],[909,74,279,466,107],[870,354,550,129,190],[845,53,30,95,60],[467,230,92,60,172],[378,669,57,131,19],[428,190,54,55,139],[422,584,145,44,116],[342,664,391,47,30],[434,264,80,128,14],[412,295,15,146,139],[693,567,91,152,16],[362,78,54,123,123],[318,100,73,107,96],[402,24,141,37,76],[310,440,119,135,12],[263,236,88,159,115],[253,269,126,130,116],[325,207,30,81,66]],"condition":[["negeven"],["negodd"],["negeven"],["posodd"],["posodd"],["negodd"],["poseven"],["posodd"],["posodd"],["poseven"],["negeven"],["poseven"],["poseven"],["negodd"],["negeven"],["negodd"],["poseven"],["negodd"],["posodd"],["negeven"]],"envs":["envs/add/negeven/negeven40.json","envs/add/negodd/negodd69.json","envs/add/negeven/negeven72.json","envs/add/posodd/posodd13.json","envs/add/posodd/posodd95.json","envs/add/negodd/negodd48.json","envs/add/poseven/poseven79.json","envs/add/posodd/posodd38.json","envs/add/posodd/posodd32.json","envs/add/poseven/poseven25.json","envs/add/negeven/negeven67.json","envs/add/poseven/poseven82.json","envs/add/poseven/poseven47.json","envs/add/negodd/negodd16.json","envs/add/negeven/negeven68.json","envs/add/negodd/negodd19.json","envs/add/poseven/poseven9.json","envs/add/negodd/negodd14.json","envs/add/posodd/posodd12.json","envs/add/negeven/negeven50.json"],"money":"4.11","age":40,"gender":1,"hand":0,"experiment":"noncompositional","instcounter":2,"subjectID":"61574c653bc516bbff154525","studyID":"6168186185dddf5426605410","eval":[["poseven"],["negodd"],["posodd"],["negeven"]],"regrets":[[3.3839588165283203,1.252516746520996,6.827908992767334,1.1450996398925781,1.1450996398925781],[0,7.191675186157227,0,0,0],[3.3041000366210938,3.5988054275512695,8.333234071731567,3.3041000366210938,3.3041000366210938],[3.1583261489868164,6.7624688148498535,10.087654829025269,3.1583261489868164,3.1583261489868164],[1.5853633880615234,6.342955589294434,1.5853633880615234,1.5853633880615234,1.5853633880615234],[0,0,0,0,0],[9.814733982086182,0,0,0,0],[4.251075744628906,5.585770606994629,4.251075744628906,4.251075744628906,4.251075744628906],[1.671269416809082,6.7888689041137695,1.671269416809082,1.671269416809082,1.671269416809082],[8.479602575302124,0,6.064975738525391,0,0],[9.467825889587402,2.2379837036132812,2.2379837036132812,2.2379837036132812,2.2379837036132812],[10.212286949157715,0,0,0,0],[8.362878799438477,0,0,0,0],[0,0,0,0,0],[4.139991760253906,4.139991760253906,4.139991760253906,4.139991760253906,4.139991760253906],[0,8.780336380004883,0,0,0],[6.74722957611084,0,0,0,0],[0,0,0,0,0],[1.3875513076782227,5.577934265136719,1.3875513076782227,1.3875513076782227,1.3875513076782227],[8.356141090393066,8.356141090393066,8.356141090393066,8.356141090393066,8.356141090393066]],"maxrewards":[11.655343055725098,13.911941528320312,12.190908432006836,13.193018913269043,17.305143356323242,10.874683380126953,15.803167343139648,11.622084617614746,15.021552085876465,11.221083641052246,17.950870513916016,16.514808654785156,13.611783981323242,11.518311500549316,14.140832901000977,17.49802589416504,12.202956199645996,11.306570053100586,9.242339134216309,17.718761444091797],"bestoptions":[0,1,0,5,5,1,4,5,5,4,0,4,4,1,0,1,4,1,5,0]}
