{"actions":[[2,0,4,5,3],[0,3,1,5,4],[2,4,3,0,1],[1,4,3,2,0],[2,4,1,5,0],[1,4,3,2,5],[1,3,1,5,0],[2,4,0,2,3],[3,1,5,0,1],[2,4,5,1,0],[3,2,4,0,1],[1,4,3,2,5],[2,3,5,1,0],[3,2,1,4,0],[3,2,0,4,1],[3,1,4,5,0],[3,1,2,0,4],[3,2,0,1,4],[4,1,2,3,5],[5,0,1,2,3],[2,3,0,1,4],[3,1,4,0,2],[3,2,1,4,0],[3,2,1,4,0],[3,1,2,4,5],[3,1,2,0,5],[5,3,4,2,0],[3,2,4,5,5],[3,1,2,0,1],[4,3,2,1,3],[3,2,1,4,4],[4,3,1,2,2],[2,2,2,2,2],[4,2,5,1,5],[3,4,2,3,1],[1,4,1,1,1],[3,1,2,0,0],[3,4,1,2,1],[3,2,3,3,3],[3,2,0,1,3],[3,2,4,2,1],[3,2,2,2,2],[4,5,2,1,5],[0,2,3,4,0],[4,0,4,4,4],[2,3,4,5,5],[3,4,1,4,4],[4,4,4,4,4],[1,2,4,3,4],[4,5,0,2,0],[0,4,2,4,4],[3,1,4,5,0],[1,0,3,4,3],[3,1,1,1,1],[3,4,1,0,0],[0,3,2,3,4],[3,2,4,3,3],[3,4,1,2,0],[0,3,4,4,4],[4,1,0,0,0]],"rewards":[[7.027104520973331,8.117767370623193,7.281519138162796,5.90788245056993,7.419940707823961],[2.529324988161807,8.091159223405974,7.8138188297027,8.426458243065573,2.1142271541418465],[8.935899424667136,9.46028047741908,15.373385698932028,10.845902995690288,15.887477450959937],[6.0721564449974155,7.777106477304721,7.038726551553778,6.263669491754461,5.503740492054926],[0.8372966024884434,0.5106632873036444,7.353614660966952,6.456416041633266,0.8893667420976056],[13.51575556608978,8.306220366587178,13.619734263813363,7.045709513923971,14.941945739368615],[7.713454551580004,5.348386744547661,7.963339024289103,4.246825905527427,8.445003927938233],[2.200617501617498,1.572693390493063,1.8040080543853598,2.0004525490688287,5.077286135105974],[10.45847448099303,12.996401773235089,10.7376610340277,10.14715544694798,13.067257891045594],[2.5422347677507218,3.6714326768544514,4.411934596183543,1.546413028142831,0.4898980469911042],[10.749895774544717,2.7775994933063077,2.558544652874036,2.657746221277595,10.148281636704597],[11.644647657213737,6.333328774154527,14.624310991003888,5.271739274946071,13.934210361045476],[4.4493100739270215,4.075915203260063,1.9607816568313807,5.241013954534056,5.638228412111331],[5.6211457863776735,1.71928061725241,5.6246911950681655,2.8354916879669037,1.6176423735526702],[9.74793625145528,6.186599139472736,7.297125379830059,5.165747232867584,10.889484532878436],[3.4675555439893877,4.472343203658494,2.9538376129338024,2.2554249906564356,6.315181044981736],[3.78901993493165,2.8701459638237554,1.1112757917040545,0.17057571513496406,0.4997134835472159],[7.050905645602421,4.330964628697184,6.4224364491083445,7.36497110730556,3.479995525317149],[7.565066955553209,6.219659999535565,6.887620796982407,8.177710994017842,8.693279655566593],[0,6.7068318341096145,0.20222820320670803,6.6160043140345035,0.7500618284409905],[13.612192928101724,8.859087312630567,11.717671664510323,6.630618131829997,13.615053872030822],[4.1679565225196775,1.7143887255228694,4.43526063462118,2.1032880984744255,2.9801494418890786],[11.566510927660584,5.2972384534435575,13.239671717538148,4.934845919495206,4.485384806556843],[15.687123744949927,8.155759786542276,14.68152117613423,9.328720633356664,6.78121219517723],[4.041548091383978,3.2430565383458645,3.818352227057842,4.537086339009942,4.893980121918803],[7.832366539720638,7.098445326005611,0.4143132394014102,0.15644445445708033,6.264754654657024],[11.324760690609217,11.826002594864743,3.7459344026233503,3.9610957924849064,3.259013889975745],[7.348037272198372,6.37894864718593,7.355731380055612,8.041399279715078,7.826993113000312],[4.406449818552791,5.167482471085835,1.7988583396007773,1.3533829212602946,5.1160213552508464],[8.24858719645478,11.837104614213823,8.271432621776736,11.453823492045807,11.694014499285931],[7.089658951936807,6.712126720036672,6.196033880936542,8.869077737033008,9.06107827725541],[10.429479648525692,3.7093985995642926,4.439917959524455,11.850486096106033,11.81357597683131],[18.396145518354206,18.487145165377278,18.500845077965664,18.52170337858214,18.449857789424737],[6.121712840080081,6.195641727375161,6.61548429123896,4.517490114544533,6.436984045056133],[8.12371059143777,2.801164555215306,1.9501598123392092,8.187746800245407,8.003520167049624],[12.574477355538718,9.014288130193803,12.386443544735831,12.512991335771718,12.545429942345786],[6.297943909260671,7.978319019353525,5.962973982942606,9.665982209815134,9.629855610503006],[10.44281751156684,3.5864352655969483,10.716512430682911,3.6868892290182127,10.905859663275312],[16.667507045056944,9.800486307610095,16.661907050521243,16.65543394441611,16.68075970089037],[4.431561358061035,3.9451303676102096,2.821333414190161,3.3829687856841084,4.475364970339915],[1.6075550646753878,8.974016365316992,8.378228338257605,8.830551959549263,2.178778109262359],[6.037638622952382,12.678422115252273,12.738946203703584,12.56101536290824,12.782773787984143],[4.432114678211637,4.888278687206714,2.8971642370761006,1.2877777787235054,5.12406616467776],[7.087080464115381,6.973519649052269,1.9696466934523889,6.930362246159727,6.928963344755374],[11.348338107075632,8.735369582658585,11.379181779613896,11.513405855163327,11.26176038151774],[5.635271774672027,5.8526946711730945,6.305730679857631,6.878767852463852,6.720332908211098],[2.0634009633903347,10.451508491313692,2.2960628331825252,10.559206962573654,10.557700884188561],[16.977014974947934,16.858853637666318,16.74300043796836,16.902483881638315,16.827353752123066],[4.159218722187315,3.1367530983980614,5.966216984470087,4.244361377677636,6.072335650244528],[6.3329264462854145,1.630067093804554,6.526905739798691,5.908853532541743,6.423775384326086],[9.553206987654479,12.414349017607297,9.171316342799694,12.648611365620882,12.446163874114411],[2.182043738340918,2.894147081719254,2.163478803349417,1.5338777014698146,4.370441161071389],[8.335862658376938,3.81752679456444,8.58571917580845,4.219418367283635,8.528044752102932],[10.601556759758067,11.31413788803367,11.22887457171355,11.310088785497916,11.164403213095804],[4.07862572595596,2.961178565681037,6.11327776084829,6.832704090222223,6.681335766447036],[2.5373614004736402,8.628513084320597,3.5299666449454223,8.78701267689716,3.510370301498893],[12.948265357789099,7.695481108646747,6.530959557903989,12.793494371589357,13.11304148928233],[4.523295837644591,4.16783296091392,4.849812747914921,4.369102177724611,6.318748053456049],[9.222325661369455,3.7814678399308073,9.661988591659847,9.706471030152288,9.522139718104855],[13.86246565161247,8.786036345525295,15.542183686129368,15.340444267915506,15.41671558198308]],"times":[[26828,2257,2142,4290,1509],[3706,1579,2706,2333,3047],[3312,1575,1025,1929,882],[4290,1034,525,1016,596],[3265,1028,1202,1884,780],[2066,1161,485,668,840],[2170,957,733,748,646],[2169,979,550,2019,865],[2634,1287,951,485,352],[3001,647,491,445,513],[1929,1083,2038,446,596],[1776,1044,523,641,1160],[2993,691,578,799,390],[2273,633,818,513,869],[1545,558,796,449,552],[1850,1136,629,290,426],[1729,686,289,285,798],[1169,544,825,448,340],[1153,374,570,471,397],[1624,893,414,384,628],[1768,568,868,452,674],[1465,324,672,319,1172],[1617,419,783,727,354],[1200,439,305,444,716],[1648,430,520,364,382],[2049,363,343,2603,1332],[2249,623,697,540,689],[1569,865,256,528,611],[1321,245,608,468,597],[1376,730,567,649,779],[1313,621,660,485,567],[1049,830,525,396,468],[2553,810,1033,355,443],[1242,867,309,973,348],[1209,440,818,494,873],[2393,1629,318,338,717],[1186,180,455,358,1073],[2169,605,161,402,308],[1601,954,409,271,274],[2649,453,776,128,466],[2370,439,2508,676,712],[1209,225,618,940,345],[1353,776,481,340,554],[2561,484,331,941,632],[1513,996,428,1205,853],[1624,634,377,764,1352],[1408,308,1018,531,286],[1113,790,341,287,785],[1168,586,198,670,40],[1066,222,391,1569,345],[1353,586,1767,124,1103],[1337,88,504,105,90],[1305,194,1643,219,637],[993,562,747,125,428],[1217,882,916,1073,851],[1145,81,1385,429,215],[1736,680,773,41,9],[1016,129,91,958,13],[1001,836,1119,416,409],[1121,669,68,348,153]],