{"actions":[[0,1,2,4,5],[0,1,2,3,5],[1,0,2,3,4],[1,3,5,3,0],[0,1,2,4,5],[0,1,2,4,5],[0,1,2,3,5],[5,3,1,3,0],[0,1,3,5,4],[5,0,1,3,2],[0,1,3,5,4],[5,0,1,3,4],[1,0,2,4,5],[0,1,2,3,5],[5,0,2,4,3],[0,1,2,3,4],[0,1,3,2,4],[0,1,2,3,5],[5,4,3,2,0],[0,1,2,3,4]],"rewards":[[11.188426754035964,16.45996719262862,9.216089832318875,6.155951207813103,12.42727042358684],[6.133621489057155,10.852167126855782,7.629337480171073,12.94697199932165,13.570108325955438],[6.536452867409362,9.260993596035066,8.955623510543965,3.5513721896591948,5.998538543219982],[7.884319780502103,9.121101854443888,9.318341685516693,9.231116582508497,3.5002598697958502],[12.068645698319727,6.8010713937470175,13.31549896662649,16.262429536484547,11.210394028815054],[14.603978824736442,8.595862617250168,15.645981903173887,17.134518598771077,13.66309675503763],[4.192764987354862,6.677432304470849,4.398801007051369,8.440753084752135,9.747682178741039],[16.449120784190747,16.641134680072298,18.496996836519948,16.714450871244686,11.03571227962054],[9.21611182111781,13.567521392704137,14.028001575384211,12.218808652455051,6.60305637919261],[7.0157062229475144,8.413941511722559,10.533457648174833,10.95150989126974,6.4324801580810735],[3.7529303564414156,11.81734203066188,12.8445963867972,14.666210823944748,7.272391704332937],[4.656865545915647,13.975284347822594,8.426336590328956,7.008894407438893,9.825996878026416],[3.481019134907833,10.112741542984379,11.423962357583356,13.34836084895366,5.65523498701287],[10.04639251539871,2.7862070813837527,9.595229429836458,3.088497830400704,5.141369841025022],[5.610612018552056,14.116762358761024,12.642722565709242,9.712706514051954,7.382509934574797],[16.98891521707734,10.62312760190914,14.573659478762696,8.826275509641631,12.297667077696666],[16.99205736781066,10.34791936492031,7.89857447773509,15.127001048236687,13.521564202575709],[9.1190095064211,14.279696280771224,7.13047105970492,13.5853670211289,13.451549377060331],[8.016305876353487,11.741156716739786,6.262018908735697,10.409642140897345,9.063251017172082],[4.71673591027033,9.574104423728024,6.365625341108422,11.6015392348284,9.206612425852521]],"times":[[85921,3197,3355,2819,2682],[4747,1194,2475,2515,1771],[4644,2798,2107,1123,1379],[11420,3146,1411,3915,2451],[2852,1170,1458,3162,1771],[5043,1426,1331,2187,1307],[2228,1043,1530,2138,1139],[4324,2090,1658,2627,1995],[2723,906,2875,866,1099],[2811,1538,1018,1474,3090],[2533,1026,1379,682,1154],[3540,786,763,2155,579],[1900,1418,2891,1075,994],[1867,659,1210,923,991],[1780,874,2370,1106,1026],[2492,1090,1139,2434,402],[4637,1090,1651,747,658],[1588,1475,1667,1331,851],[2148,1290,1218,794,994],[2980,1061,1838,1242,2226]],"condition":[["negodd"],["posodd"],["negeven"],["posodd"],["poseven"],["poseven"],["posodd"],["negodd"],["negodd"],["negodd"],["posodd"],["negeven"],["poseven"],["poseven"],["negeven"],["negeven"],["negeven"],["negodd"],["poseven"],["posodd"]],"envs":["envs/add/negodd/negodd83.json","envs/add/posodd/posodd55.json","envs/add/negeven/negeven76.json","envs/add/posodd/posodd12.json","envs/add/poseven/poseven13.json","envs/add/poseven/poseven73.json","envs/add/posodd/posodd84.json","envs/add/negodd/negodd50.json","envs/add/negodd/negodd7.json","envs/add/negodd/negodd11.json","envs/add/posodd/posodd4.json","envs/add/negeven/negeven19.json","envs/add/poseven/poseven87.json","envs/add/poseven/poseven25.json","envs/add/negeven/negeven68.json","envs/add/negeven/negeven70.json","envs/add/negeven/negeven14.json","envs/add/negodd/negodd2.json","envs/add/poseven/poseven85.json","envs/add/posodd/posodd40.json"],"money":"3.94","age":40,"gender":1,"hand":0,"experiment":"noncompositional","instcounter":0,"subjectID":"615a246b9484d07bb01d0724","studyID":"6168186185dddf5426605410","eval":[["negeven"],["negodd"],["poseven"],["posodd"]],"regrets":[[5.4051103591918945,0,7.344982147216797,10.19279670715332,4.008645057678223],[7.276116371154785,2.679293632507324,6.16096305847168,0.5602140426635742,0],[2.775607109069824,0,0.4662504196166992,5.817387819290161,3.2648258209228516],[1.3875513076782227,0.08420085906982422,0,0.08420085906982422,5.717839241027832],[4.037535667419434,9.078519821166992,2.7050514221191406,0,4.881918907165527],[2.512144088745117,8.589361190795898,1.3311138153076172,0,3.545506477355957],[5.544663429260254,3.183928966522217,5.416476249694824,1.4325084686279297,0],[1.888132095336914,1.8175811767578125,0,1.8175811767578125,7.353343963623047],[4.817554473876953,0.3628387451171875,0,1.9048919677734375,7.566031455993652],[4.018072128295898,2.4658203125,0.6832113265991211,0,4.61684513092041],[11.00931429862976,2.927243232727051,1.727914810180664,0,7.405635833740234],[9.26054859161377,0,5.525313377380371,6.901480197906494,4.132318496704102],[10.11430811882019,3.354912757873535,1.9345216751098633,0,7.899526596069336],[1.1695680618286133,8.479602575302124,1.454756736755371,7.9819018840789795,6.064975738525391],[8.512092113494873,0,1.404250144958496,4.261725425720215,6.768877983093262],[0,6.437711715698242,2.376941680908203,8.253228187561035,4.803495407104492],[0,6.660869598388672,9.221297264099121,1.950897216796875,3.560497283935547],[5.280247688293457,0,7.364565849304199,0.9089488983154297,0.9398775100708008],[3.869197368621826,0,5.564359188079834,1.423776626586914,2.6732444763183594],[6.996852874755859,2.1560497283935547,5.341951847076416,0.3321399688720703,2.649369239807129]],"maxrewards":[16.577537536621094,13.517339706420898,9.383827209472656,9.242339134216309,15.97038745880127,17.070764541625977,9.802659034729004,18.446819305419922,13.998590469360352,10.943734169006348,14.661672592163086,13.915315628051758,13.485445022583008,11.221083641052246,14.140832901000977,17.014469146728516,17.015954971313477,14.468330383300781,11.719669342041016,11.739814758300781],"bestoptions":[1,5,0,5,4,4,5,1,3,3,5,0,4,4,0,0,0,1,4,5]}
