{"actions":[[0,1,5,4,5],[5,0,2,4,1],[4,3,2,5,0],[5,0,1,2,3],[1,4,0,2,5],[5,1,5,1,1],[3,0,5,1,4],[2,3,4,0,1],[5,4,2,0,4],[5,1,0,2,3],[1,5,3,2,2],[2,1,3,2,2],[0,5,2,3,1],[1,0,3,3,3],[3,1,1,1,1],[1,1,1,1,1],[4,2,5,0,1],[1,4,4,5,4],[4,4,4,4,4],[1,0,0,0,0],[4,0,4,4,4],[5,2,3,1,1],[1,2,3,0,2],[2,1,2,3,4],[2,0,5,4,5],[5,4,4,4,4],[4,5,4,2,4],[0,2,1,5,5],[5,4,0,1,5],[2,5,3,2,2],[0,5,0,0,0],[0,0,1,3,5],[0,0,0,0,0],[2,4,2,2,2],[2,2,2,2,2],[2,2,2,2,2],[0,5,0,0,0],[0,1,3,1,3],[1,3,0,1,1],[4,1,5,0,5],[3,2,2,2,2],[2,5,2,2,2],[0,5,0,1,2],[2,1,0,5,4],[0,1,1,1,1],[0,4,1,0,0],[0,0,0,0,0],[0,0,0,0,0],[4,1,0,0,0],[0,5,3,4,5],[5,1,2,3,3],[0,0,0,0,0],[1,2,5,4,0],[0,2,4,1,1],[1,0,5,5,5],[5,1,3,0,0],[5,0,0,5,0],[2,0,4,5,5],[5,0,4,5,5],[5,5,5,5,5]],"rewards":[[4.434917842540639,5.968761917595874,8.880183929244334,7.285424216145354,8.647306743660254],[2.904026224270826,7.057448417590828,7.529718143428073,7.369262943455876,3.4195857556381113],[14.512247606712949,9.502543898903106,12.945331823791777,11.739886262270057,11.530223694211209],[3.693933968004925,7.382211273672759,7.801175696476129,6.3320855743150375,5.115617340320842],[6.358028959464156,1.452965884733768,2.93774076788787,2.97372589884218,7.043778903701774],[10.77774931984033,14.015289304510407,10.791015072382404,13.980713086909157,13.786386785475521],[2.757540552547436,0.8709329629894554,4.470639695686339,1.4067014024197153,3.9454987230135306],[5.439031947099819,1.044469008790547,5.323880027939548,5.316698832749686,1.8936782946323207],[5.150495657806323,9.445486962720247,7.172079031322125,6.000744704825613,9.22282771647144],[1.7390779058883135,4.673526507754701,4.533477181370036,3.6149507378767436,2.989851650055312],[2.6848329770092905,2.9044883073437373,2.610048046603889,8.965409521196635,8.918278745388161],[12.701013985347934,7.473217224297712,5.766771357183392,12.78714254972588,12.733367145566186],[5.7172237737209635,3.816454400913087,5.020073319190488,4.61526142402232,5.70217271439865],[7.573348749108547,1.5602661117077712,8.24594070939965,8.257816250725467,8.325460386797827],[12.615723197032748,13.189613569725946,13.1622092884566,13.215639366958813,13.228474417003554],[7.1350878047190855,7.241777068995698,7.099252003258931,7.218698879221231,7.180322060616932],[4.278464592076926,4.592271895331729,1.7888907893168176,4.301794617401933,1.7154065229390036],[8.983042366776221,9.285423559086556,9.150950576542579,6.6461660450451365,9.185818147579974],[7.125935519880162,7.225324507691159,7.2638043549066325,7.153843448453742,7.0628727560303926],[2.2401238227665328,9.750566908601556,9.840492159629184,9.951463306581894,9.853894851751713],[16.552579450556944,12.728596311837702,16.511069254160766,16.50307852093078,16.65135066240991],[3.546343366189788,5.877775496403579,5.726231978546774,6.42056397084854,6.4342102010098285],[2.412198148465733,5.831435523485522,1.4349813441927288,5.018989915288308,5.619769982257132],[11.894254453129914,9.04506441226727,12.01035667025286,7.287114438347137,9.66489071584604],[2.884004153048548,2.381822066500575,5.194832159917601,4.486960545751447,5.1978885211979255],[3.220311097797144,7.777599957710182,7.736416964206333,7.62030284830582,7.763594993606256],[12.299462188189466,8.470364429533808,12.27433622490158,10.195917508577176,12.217273999126222],[2.875547233924904,2.6657747887423375,2.419050792924361,5.7667786077538805,5.895983754338849],[0.35780494376072774,3.7114332400334273,3.3813874382129216,0,0.21613111245801347],[6.818978983024318,6.024761593175223,4.426791352896253,6.797364865097778,6.91549293750012],[7.958362432382025,3.4019280566149406,7.967285916862103,7.873055532300013,7.76627567503435],[3.5895447823623403,3.309739983799447,1.3023772370639117,1.4257920955212466,1.6301490845427673],[11.108346231478597,11.183867863579193,11.314595833997444,11.162786312459524,11.249291467730568],[6.81039592228435,5.175754518968091,7.286486942210709,6.904437854395164,7.02740155983273],[7.956547511486033,8.146955680064487,8.048100746634017,8.102846742688715,7.953949607810546],[15.164775223463922,14.949237256829631,14.766449738982134,14.896449210497732,15.19146333156021],[5.725894081626055,1.6669359306597644,5.73470390775246,5.647087353345052,5.590258430917974],[0.9642846754206139,5.629614930847443,5.365194133497516,5.673806551957702,5.352310825525629],[10.86488310485469,7.928780840128264,6.515938529410671,10.790215249073457,10.833924151570066],[4.077746519475684,3.0467860729598577,4.432929344089268,2.808752304328099,4.620473584967393],[2.0035020156099725,7.319958025230979,7.2864135489777935,7.131450941752374,7.407167585094717],[10.464355133459561,6.872591746266001,10.53988888261812,10.53357782248592,10.404276035753997],[5.552950019428591,3.8804182049555975,5.310052174780159,5.764642266858997,5.477994154909759],[0,3.4144279033262617,0.4209319758543716,3.108471623277313,0.06216727852535975],[5.860284932512379,9.266947791821595,9.430089292473259,9.288266386104572,9.402419228683778],[6.129226741251355,4.224144382448636,5.319765919245114,6.108941769308826,6.233623499154174],[9.546008846235285,9.666923165728385,9.493676008274292,9.562597150183938,9.595948983897872],[15.57088478668126,15.512337365794426,15.712748443078421,15.591236896681487,15.715366030935773],[2.71900052573182,5.7905095295705244,6.627830431313036,6.765421065094356,6.540462302789563],[0.35682504785185504,5.500190865964875,5.7245743697924425,0.06724734212998498,5.420912644184645],[7.989283614539109,11.449784415275593,4.186275211992952,9.22306216975974,8.976896112890328],[8.836599559415381,8.836394935150052,8.78049808871851,8.610369135282733,8.950319411064461],[3.104699256464391,0.43274212631173403,3.540361190144911,1.2005096654911172,0],[8.332344246314685,6.653256237903762,5.479785162014953,11.242918408178731,11.131382858940254],[4.897647144452508,4.940708271635044,7.948453185923201,7.98643977699133,8.163662933365856],[2.0432149011493372,2.232461830503992,2.1761592975140753,6.064817820809106,6.132044470174425],[10.005247306810514,10.974178488462972,10.929428238044677,10.095099330712104,10.922911582520634],[2.007276260420283,2.1222532324863783,4.4668083623247945,5.348918090561259,5.398356384635287],[5.501121595431468,0.923901833769148,0.3753333494800206,5.389885446782051,5.273163231224573],[10.651674219924924,10.755023470101502,10.680284707727036,10.694053521689687,10.543438524987929]],"times":[[29861,5611,3437,2734,2497],[4544,1968,1734,2687,3401],[5790,2233,1848,1928,5691],[6666,692,2167,1893,1389],[1883,1835,587,1886,1106],[1062,467,692,347,638],[3652,656,676,2090,864],[7424,1457,2009,1186,1972],[4029,659,1922,2357,437],[4743,556,896,583,170],[2367,915,3099,723,1245],[563,853,1456,77,243],[3300,802,2431,1207,1117],[1127,431,1578,1256,16],[3321,361,284,224,322],[2506,980,136,159,170],[1994,1126,602,534,1152],[568,1706,628,924,569],[2536,627,371,328,306],[1725,719,294,335,352],[2737,319,925,40,131],[2658,736,793,481,369],[728,1263,564,1370,480],[535,972,235,286,198],[1247,683,1065,720,252],[1338,2649,471,179,95],[1126,385,348,1670,195],[1960,792,350,750,819],[1441,1814,1302,593,702],[1429,178,281,395,352],[3704,655,170,63,64],[657,1476,134,677,214],[209,94,138,77,137],[3126,2125,344,82,56],[1023,406,94,28,61],[333,21,174,46,45],[2361,876,323,163,94],[1743,1038,1812,1282,299],[467,640,1639,702,161],[3207,1381,520,327,302],[1464,795,401,18,96],[457,739,87,181,12],[2144,1061,239,914,1524],[1873,406,32,723,514],[489,95,49,115,51],[3739,771,359,295,13],[415,207,86,112,158],[169,90,86,83,370],[2358,1219,337,302,136],[320,1568,801,535,580],[1783,556,516,1118,169],[3762,392,29,42,101],[1801,696,868,664,349],[1536,1448,883,671,231],[1641,183,279,518,389],[1142,431,114,545,133],[1198,436,126,150,52],[1542,306,444,262,498],[1571,432,183,414,172],[1145,106,73,123,219]],