{"actions":[[0,1,2,3,4],[1,3,5,5,5],[2,4,5,5,5],[0,2,1,1,1],[4,1,2,0,5],[0,2,0,0,0],[5,0,2,0,1],[5,5,5,5,5],[5,0,4,1,5],[5,0,0,0,0],[0,5,0,0,0],[0,0,0,0,0],[0,5,5,5,5],[4,4,4,4,4],[1,4,5,4,4],[0,5,4,1,1],[5,0,4,1,1],[1,3,5,4,5],[0,1,2,4,3],[5,0,0,0,0]],"rewards":[[0.7864038493262897,6.748663754461922,3.599036142293178,6.540535490507115,4.983475998369869],[4.547850172505179,6.4621622979722435,8.035493182652155,8.218613473632507,7.98816736895494],[7.3836647847555,8.913799905313128,13.406250517985463,13.355746952617832,13.566212923851884],[8.17292897536314,6.4583845193480265,15.866316298349469,15.658047343482325,15.664479719726375],[6.809191683956008,13.231105585742291,9.560347914384687,10.218321944560197,10.853756575082613],[12.135637002316107,9.665003643283278,12.103825791069468,12.133149605425801,12.248360685756923],[6.9271897676608605,6.1205049002077505,5.476040983650535,6.065091316838564,10.29767553616181],[17.45787720571581,17.58200604662592,17.585844700179905,17.749920373203487,17.747001742559597],[3.552160964990491,9.576797211264424,6.211523840446511,5.866475409215366,3.5070502336813187],[4.527284613366224,10.423810425835116,10.33275076493267,10.272627205159344,10.254934400587459],[9.088507573480003,4.854090955247911,8.99900081215981,9.112838771816808,9.104348214845682],[16.757124960682965,16.685117337064597,16.572656030180475,16.62299816286275,16.55945241276666],[5.442127985372318,12.331019072580936,12.522027107651791,12.3220924919814,12.423617434895096],[15.225475283620048,15.112153941476034,15.066267113929436,15.3022342942815,15.209267706939594],[3.9720224449150483,12.923942586900566,6.033814852223662,13.091537467162507,12.929767119547808],[9.603838989124004,10.24024642521346,5.998165375961385,14.354167827651489,14.357167083619743],[8.281081534039307,10.06441529210271,5.7312978080223305,11.74726027026742,11.644311664098275],[8.25130196217049,10.001816387682524,11.466862106719299,5.3440124282151364,11.686073737286653],[10.119134238280898,2.5319913137089016,9.719665709065191,11.205348058561064,3.1244443081685884],[3.0298672991674307,13.972498763914,14.067176087458046,13.743578176977339,13.805191239308426]],"times":[[19027,2224,2442,1685,2376],[5262,3539,1481,1060,852],[4532,1929,903,626,221],[2144,1760,714,605,512],[1721,1592,1402,1122,751],[1722,2905,382,403,478],[1842,686,2378,559,1017],[2603,459,698,328,284],[943,340,2240,796,1675],[1952,328,589,220,185],[986,572,215,97,167],[854,430,140,134,260],[1139,512,362,96,92],[1239,356,231,209,308],[888,316,537,275,97],[768,815,615,929,347],[672,1047,662,223,668],[645,1401,1130,695,215],[646,750,882,311,472],[1192,256,604,44,274]],"condition":[["posodd"],["poseven"],["posodd"],["negodd"],["negodd"],["negeven"],["negodd"],["posodd"],["negeven"],["negeven"],["poseven"],["poseven"],["posodd"],["negeven"],["poseven"],["negodd"],["negodd"],["posodd"],["poseven"],["negeven"]],"envs":["envs/add/posodd/posodd16.json","envs/add/poseven/poseven61.json","envs/add/posodd/posodd55.json","envs/add/negodd/negodd44.json","envs/add/negodd/negodd98.json","envs/add/negeven/negeven22.json","envs/add/negodd/negodd67.json","envs/add/posodd/posodd56.json","envs/add/negeven/negeven23.json","envs/add/negeven/negeven52.json","envs/add/poseven/poseven89.json","envs/add/poseven/poseven75.json","envs/add/posodd/posodd39.json","envs/add/negeven/negeven97.json","envs/add/poseven/poseven60.json","envs/add/negodd/negodd40.json","envs/add/negodd/negodd12.json","envs/add/posodd/posodd79.json","envs/add/poseven/poseven25.json","envs/add/negeven/negeven85.json"],"money":"3.95","age":20,"gender":0,"hand":0,"experiment":"noncompositional","instcounter":0,"subjectID":"615c78c8eaf971af9b614772","studyID":"6168186185dddf5426605411","eval":[["negodd"],["posodd"],["poseven"],["negeven"]],"regrets":[[9.18041980266571,3.3178038597106934,6.323294401168823,3.474949359893799,4.811278343200684],[8.570648670196533,6.747828483581543,4.982963562011719,4.982963562011719,4.982963562011719],[6.16096305847168,4.607393264770508,0,0,0],[7.616096496582031,9.06840705871582,0,0,0],[6.322953701019287,0,3.3958911895751953,2.835216522216797,2.18988037109375],[0,2.5849695205688477,0,0,0],[3.7938756942749023,4.438443183898926,5.184544086456299,4.438443183898926,0],[0,0,0,0,0],[6.145024061203003,0,3.4505205154418945,3.8593263626098633,6.145024061203003],[5.699101448059082,0,0,0,0],[1.0346927642822266,5.300866603851318,1.0346927642822266,1.0346927642822266,1.0346927642822266],[2.840761184692383,2.840761184692383,2.840761184692383,2.840761184692383,2.840761184692383],[7.138876438140869,0,0,0,0],[2.5435409545898438,2.5435409545898438,2.5435409545898438,2.5435409545898438,2.5435409545898438],[9.014128684997559,0,6.929415702819824,0,0],[4.67216682434082,4.134085655212402,8.326570510864258,0,0],[3.6246795654296875,1.739375114440918,6.280725479125977,0,0],[3.2911205291748047,1.5568351745605469,0,6.131141185760498,0],[1.1695680618286133,8.479602575302124,1.454756736755371,0,7.9819018840789795],[10.840871810913086,0,0,0,0]],"maxrewards":[9.983402252197266,13.005456924438477,13.517339706420898,15.743728637695312,13.047744750976562,12.184840202331543,10.56743049621582,17.571224212646484,9.646987915039062,10.275115013122559,10.091710090637207,19.506879806518555,12.398200035095215,17.734373092651367,12.990724563598633,14.334716796875,11.813016891479492,11.542171478271484,11.221083641052246,13.877506256103516],"bestoptions":[5,4,5,1,1,0,1,5,0,0,4,4,5,0,4,1,1,5,4,0]}
