{"actions":[[0,0,1,2,3],[5,4,3,2,0],[1,3,5,5,5],[1,3,5,0,1],[5,4,1,3,5],[0,2,3,1,5],[0,2,1,2,4],[5,4,1,0,2],[0,2,4,5,1],[0,2,4,5,3],[5,1,0,2,4],[0,1,4,3,5],[1,3,5,0,2],[0,2,4,5,1],[0,2,4,1,3],[0,2,4,1,5],[0,5,3,2,1],[0,2,4,1,3],[5,1,2,0,4],[0,2,4,1,5],[0,2,4,0,4],[0,2,4,5,1],[0,2,1,5,5],[1,4,3,5,5],[0,1,3,2,5],[1,0,2,4,2],[1,4,3,5,2],[0,2,4,1,3],[0,1,3,5,5],[0,2,4,1,1],[0,2,4,1,4],[1,3,5,0,1],[1,0,4,3,5],[1,0,2,5,3],[0,1,3,5,1],[1,0,3,5,4],[0,1,2,4,5],[1,0,3,5,1],[1,0,3,5,5],[1,0,4,3,1],[1,0,2,4,4],[1,0,2,4,4],[0,2,4,1,3],[0,1,3,5,1],[0,2,4,1,1],[0,2,4,1,3],[0,2,4,1,0],[0,1,2,4,0],[0,2,4,0,0],[1,3,5,5,5],[0,1,3,5,1],[0,2,4,1,0],[0,2,1,3,5],[0,1,3,5,5],[0,1,2,3,0],[1,0,2,4,0],[1,0,2,4,0],[0,2,1,3,5],[0,2,4,0,0],[0,2,1,4,4]],"rewards":[[3.438331014323821,3.434144823445224,3.929137507816342,5.376376398896316,6.602666330439469],[0.4462229309583392,4.81063106253239,0.2943075870059538,5.812858288691999,4.402333558304004],[3.5531506145065515,6.679128871891928,8.373834144451886,8.458397815141236,8.637312976121708],[4.945898192128208,4.699131015673633,2.2234852226749062,5.329913028366832,4.865509514211099],[9.8294658530863,3.356664283769919,10.751388964594621,10.379559486051278,9.796833962221365],[9.778196602061271,7.966107105637687,14.831510912023257,15.669456499898994,11.975240547103587],[7.241054494164078,5.381810083096642,6.330814624095614,5.494156284747231,4.597720018050808],[2.3870800642985164,9.675599049287305,2.3724961666605977,9.445684960922083,8.877073331908612],[16.653627595782492,14.432490978695629,14.356734312548381,6.75254476040615,8.943602597841501],[4.90096119679313,7.016531062566007,7.807713493431649,9.599598777669643,7.308288088148159],[1.016171962565424,1.774278161525892,4.848336169599477,3.8515246460916046,2.6814172483825636],[9.51894267695304,8.168879660103833,10.561430973740405,7.873536671839706,10.713177935292919],[6.492905059423056,3.047838811939737,2.53690819229392,6.645197343700915,4.925938539470163],[6.708816208577917,6.444161363204496,6.837168744930646,0,1.1385120590861606],[13.51424126526293,11.253788528420037,10.365461669747962,7.620037496279665,3.6681381136022173],[5.497103734753171,5.512177328366765,3.561721927825511,6.00788649672036,3.9211924769229425],[0.5873446575305614,3.0298110256331365,2.737486941638613,0,3.426270014311595],[6.034539115440075,4.507768214357057,3.753391154801321,9.235106529663929,7.700437361065671],[4.567459034430659,2.2274254133421487,3.3511312964423037,2.6652358419082196,4.224250051153258],[6.40909886320174,6.0753335151911445,5.755033891186507,0.4941515108471825,0.23183312357654057],[9.087979962944404,9.385147556356252,10.132901245326972,9.017608438370335,10.275736234457453],[2.0511780594455047,2.6348498391427007,4.87861505890522,5.043419059946976,2.8325157281557836],[3.5801988004071195,3.8581210896969003,10.763953981064764,10.923870573695174,11.030760877735679],[13.2410374629912,9.228769429885249,14.27044678171335,16.00999214135374,16.02274879117117],[8.98118628584577,7.709296059524709,6.053069690410468,7.314759758073909,4.400541033254102],[2.378973416840122,4.880710708237684,5.119586244928202,4.607477965222283,5.05835959881007],[10.373884412064605,10.452308045041239,7.503800263813723,7.051966524220299,11.986856143713798],[7.560832924159033,5.172450367844211,4.057458355057854,6.326487586905033,4.447708372877476],[3.501995365488181,11.468244121512761,10.600884870288844,11.46083944358912,11.592594719880049],[10.916066329868489,8.653271214152733,7.966345010434642,17.488360530616234,17.5594107953372],[4.092380533672807,6.931192906789162,8.621112564744672,5.110634837843609,8.539781484007268],[6.441005124529736,7.295677416373717,6.026348867047627,1.4074132203523602,6.248507939793807],[11.307860526351137,5.4764394430199355,10.444614384409508,14.089936497830864,14.672444621600311],[3.791552145794338,4.466550063352701,3.7397464256957975,3.460867920264278,3.531730378659146],[0.6932821538137113,4.526037766976876,3.549115960038185,3.218609039365801,4.286824673145702],[8.35658672183387,5.391783356475021,6.819197812707405,6.598203849776556,4.201770341677558],[3.277448099714979,4.211081162156695,4.301098925541684,6.146807718619505,7.091159967639366],[5.267230450608596,1.341611843062394,4.0539771255198795,5.5258850043693855,5.301282261500417],[9.693098636867266,4.741703718911038,9.797996955461615,12.606734969394527,12.625001330181869],[3.7652475991986587,2.3674980048356513,6.30125259442211,5.215634307707154,3.8781046894767885],[1.8721270598723228,7.2816183928360445,7.338335904931097,8.03663384075208,7.8384402187074524],[5.484622756562032,9.601446838655418,11.687266055633014,14.455666716088775,14.246136701843918],[6.989863432329452,6.238583831777989,7.5305495807901845,6.365976995525343,7.79206584752741],[3.070197020945321,8.323366863509824,8.013702632618646,6.981775969797101,8.345730180399924],[10.179775089347409,9.462718233249085,10.429023497631457,14.598492943854305,14.356250576797267],[4.4503653405914685,3.6351078242409227,2.8323112095988803,4.542531069680766,3.0304140009930736],[9.075723479159663,9.040745029677304,8.89612104363888,2.5836467428019336,9.098394019505067],[13.720093197836636,7.50763967702018,12.649061807138862,11.70780694197735,13.837227040828301],[9.630930637238183,7.294406502518902,6.78243154247662,9.552375325956808,9.661117766977878],[11.419073926257047,10.591785344890434,11.771983069786216,11.846967884140094,11.816415983738652],[13.326286573693952,19.551118494605916,16.97381252612931,17.198697099152923,19.78385712154493],[4.324754280227887,6.51171591914737,6.954581528751107,5.028383218126558,4.338291125067275],[1.7115885342717465,1.6376967798267255,4.504912711071784,4.1891209333982875,4.553424092893502],[6.0003214675073435,9.620727158547135,11.83033030406462,12.933298461371164,12.925830161826731],[5.778638415707125,3.6749648968403,3.6484678185561696,3.4547743560734876,5.599429348858097],[5.579857376627751,12.03191323190276,12.74182940506795,12.307501370152535,11.944200528276857],[9.497888567956796,17.703309413729695,16.173760711733618,14.82367604639852,17.96597581888382],[3.775662878757596,5.01441951922067,4.793076854422161,5.657744774270411,6.407815657462942],[7.888592315345997,7.231832331490523,7.681920441553204,7.989751228353524,8.057877947641824],[11.841502513491866,12.249953391929793,7.905924193565559,13.263415208983135,13.052316801005222]],"times":[[10355,945,2548,648,553],[1343,358,711,963,1319],[2430,2011,295,2082,959],[2083,1056,318,1475,97],[1168,240,1216,2638,841],[1456,182,136,875,1288],[1781,854,1273,294,221],[790,442,1383,372,794],[1127,556,453,559,1332],[3120,258,316,683,1455],[2739,1156,626,640,1006],[1248,350,1095,587,359],[3356,1221,155,334,811],[1239,176,14,865,572],[1758,627,615,386,1007],[772,127,45,733,52],[1043,1094,81,721,183],[1141,377,536,564,1407],[1429,442,917,284,587],[1110,468,157,328,1058],[1346,2246,120,660,363],[624,453,232,672,449],[1401,384,370,1469,576],[1160,689,1504,1085,235],[729,522,855,467,232],[1118,304,1311,93,394],[1033,497,816,72,1189],[1024,727,200,264,583],[908,623,1502,800,276],[925,727,441,332,395],[2105,502,451,151,966],[1417,830,392,804,737],[830,536,530,1849,1179],[802,282,723,765,208],[1159,535,1042,523,64],[915,337,1169,384,520],[903,407,443,864,31],[872,362,1019,333,319],[921,298,1586,560,118],[2779,163,600,211,610],[1439,221,1634,1800,153],[3162,96,1134,180,122],[1949,219,381,799,810],[1761,299,725,311,369],[1461,259,709,358,401],[693,388,400,477,246],[1640,189,355,813,180],[1161,553,1358,303,19],[872,68,37,105,1280],[1109,1795,294,182,1121],[674,467,1969,762,383],[949,636,98,154,740],[1231,263,234,720,106],[1274,222,874,369,126],[468,447,476,1491,503],[1264,246,2040,500,393],[1290,216,1351,139,4],[654,53,441,654,515],[723,181,459,418,394],[573,1079,196,847,423]],