{"actions":[[1,3,4,1,3],[5,3,1,1,3],[4,2,1,4,2],[1,3,4,1,5],[5,3,4,5,3],[1,3,4,5,4],[4,2,3,5,5],[1,3,4,5,5],[5,3,1,0,5],[1,3,4,3,3],[5,3,1,2,2],[1,3,4,1,0],[1,3,4,3,3],[4,3,5,4,4],[1,3,4,5,0],[4,4,4,4,4],[4,1,2,0,1],[5,4,3,4,4],[1,4,3,0,0],[4,5,5,5,5]],"rewards":[[6.409889536299676,8.802556663068401,7.545521584310099,6.468314246526919,8.765125322989075],[6.140675525425606,4.491377979512722,1.9536993526456399,1.8830502767951933,4.520536452582643],[12.993367814074311,12.302813189609106,7.657396706457525,13.042682529140652,12.272568404191857],[13.60505930720471,15.280761068147669,8.652540698237223,13.541280806354084,14.52545145828059],[6.957090708886099,4.458989135437487,8.94570557022513,6.904312524175436,4.459847963864269],[6.305220646226366,7.407334873210427,10.297680392827573,8.58275113452925,10.24645499803327],[7.24913571679049,7.9413292291195585,14.388733713561505,13.711215360269284,13.684165351182832],[16.33778565255884,15.136014456830942,8.138644019202056,13.354075127784444,13.593728479040657],[7.764918998458214,8.502606896914177,8.928610363912235,8.053810331067323,7.792073165537293],[10.28196041112318,14.377221541691707,6.380531413007335,14.194940581030764,14.223812435653361],[5.461106840839018,8.780378924710778,7.553727078605092,14.552254571883733,14.652773727798232],[11.243879874491668,10.531134201707125,6.1214780030164535,11.38498353342367,8.257624183080488],[13.095352698209767,15.282544401586371,8.135149653401525,15.116438299425814,15.17001438063093],[11.595632631566875,6.395746400569287,5.575532384804752,11.585902857368747,11.766207922317358],[5.7108848868272215,4.625417659777309,9.331639936563723,2.1993338716091335,11.877212024486557],[17.875750737258723,17.710287964061795,18.00753613172879,17.915785102530783,17.91487944235858],[3.72410217887319,10.598525826656466,4.995234144606815,6.8878575368035975,10.578582278758821],[6.292316686132033,10.130125153418518,5.543057124801463,9.859106428449548,10.21966820336964],[5.874387698094276,5.421186594174267,4.6376082293363305,9.590884916490726,9.541913921430776],[8.885659515047237,11.396961957525207,11.222996367420167,11.29010745591129,11.346458920176024]],"times":[[17965,3749,2502,2649,409],[6185,1276,838,3593,443],[9358,2424,859,2447,702],[7760,837,1007,1163,2716],[2901,1906,1557,679,2299],[3609,319,557,521,1210],[2314,533,1434,691,848],[3113,1938,906,432,1029],[1561,3481,837,1005,725],[2518,1029,420,589,387],[1741,319,432,859,410],[1325,849,263,612,365],[1832,410,433,275,39],[4756,1805,2694,264,275],[1089,973,420,534,500],[1842,332,342,331,364],[3766,657,1849,499,444],[6894,2052,2209,342,264],[526,376,703,1749,635],[2248,319,298,286,365]],"condition":[["posodd"],["poseven"],["poseven"],["posodd"],["poseven"],["poseven"],["negodd"],["negodd"],["negodd"],["posodd"],["negeven"],["negodd"],["posodd"],["negeven"],["negeven"],["negeven"],["negodd"],["poseven"],["negeven"],["posodd"]],"envs":["envs/add/posodd/posodd15.json","envs/add/poseven/poseven35.json","envs/add/poseven/poseven26.json","envs/add/posodd/posodd96.json","envs/add/poseven/poseven33.json","envs/add/poseven/poseven59.json","envs/add/negodd/negodd24.json","envs/add/negodd/negodd86.json","envs/add/negodd/negodd95.json","envs/add/posodd/posodd2.json","envs/add/negeven/negeven45.json","envs/add/negodd/negodd14.json","envs/add/posodd/posodd41.json","envs/add/negeven/negeven78.json","envs/add/negeven/negeven34.json","envs/add/negeven/negeven60.json","envs/add/negodd/negodd53.json","envs/add/poseven/poseven31.json","envs/add/negeven/negeven21.json","envs/add/posodd/posodd77.json"],"money":"3.86","age":30,"gender":0,"hand":1,"experiment":"noncompositional","instcounter":4,"subjectID":"615c66162bfcae4aa4e99f60","studyID":"6168186185dddf5426605411","eval":[["negodd"],["poseven"],["negeven"],["posodd"]],"regrets":[[4.167637825012207,1.9431638717651367,3.082705497741699,4.167637825012207,1.9431638717651367],[2.898989677429199,4.525236129760742,7.059465050697327,7.059465050697327,4.525236129760742],[0,0.743617057800293,5.393742561340332,0,0.743617057800293],[1.8023195266723633,0,6.892848968505859,1.8023195266723633,0.7132129669189453],[2.056896209716797,4.40472412109375,0,2.056896209716797,4.40472412109375],[3.8793697357177734,2.9418535232543945,0,1.670863151550293,0],[9.817143440246582,8.7030029296875,2.5803680419921875,3.1227874755859375,3.1227874755859375],[0,1.435145378112793,8.438899040222168,3.106104850769043,3.106104850769043],[0.9853677749633789,0.30614376068115234,0,0.7743635177612305,0.9853677749633789],[3.8410701751708984,0,7.824529647827148,0,0],[10.327818393707275,6.918022155761719,8.233076572418213,1.2841625213623047,1.2841625213623047],[0,0.6624250411987305,5.200576305389404,0,2.9260759353637695],[2.028977394104004,0,7.09989070892334,0,0],[5.627159118652344,10.759184837341309,11.641083717346191,5.627159118652344,5.627159118652344],[6.154681205749512,7.217079162597656,2.6729183197021484,9.633941650390625,0],[1.17462158203125,1.17462158203125,1.17462158203125,1.17462158203125,1.17462158203125],[6.983460426330566,0,5.590082168579102,3.7654714584350586,0],[3.836545944213867,0,4.637385368347168,0,0],[3.7891950607299805,4.180817604064941,5.098849773406982,0,0],[2.3435888290405273,0,0,0,0]],"maxrewards":[10.643653869628906,8.98553466796875,13.112540245056152,15.352819442749023,8.9544677734375,10.263191223144531,16.91373062133789,16.565460205078125,8.813417434692383,14.273157119750977,15.783611297607422,11.306570053100586,15.191744804382324,17.194011688232422,11.94810676574707,19.13727569580078,10.57330322265625,10.137138366699219,9.613212585449219,11.247147560119629],"bestoptions":[5,4,4,3,4,4,1,1,1,3,0,1,3,0,0,0,1,4,0,5]}
