{"actions":[[0,1,5,4,2],[0,2,4,2,5],[5,4,0,1,2],[3,1,4,2,0],[1,5,4,3,0],[2,4,0,5,3],[4,2,0,5,3],[0,2,4,1,3],[0,5,4,2,1],[1,3,5,4,1],[5,3,0,2,4],[1,3,5,1,0],[1,3,4,0,5],[1,3,3,3,3],[0,4,5,2,1],[1,3,4,4,4],[4,4,4,4,4],[5,5,5,5,5],[0,4,2,1,1],[5,2,0,4,1]],"rewards":[[10.7311418862163,7.334547572983656,4.699144482903343,7.01217368102344,11.165223835118917],[6.24871098617973,7.438378288798573,8.850721031853233,7.264710886497994,13.419497460353428],[9.684651139565146,2.580507073364439,4.6427957353779865,10.459128902556598,3.5476434753329733],[8.073302810878483,8.698679432555776,4.274937163455499,4.042386423979311,1.856908486902117],[9.80030625509702,6.082275250509961,10.37411377785525,9.375762661363769,13.838300851410512],[14.456705559496063,14.471382210391774,11.680331902612288,9.751390653176685,8.809292591468122],[12.11262517099547,12.43293091954043,14.564624744094704,6.729084386900206,7.984047874500511],[10.059187466379232,11.50723517682777,13.354821397930847,3.3720842922037257,5.87695283061356],[6.99241604015484,13.842222109822172,9.180049407411667,8.090547827339023,11.099242844903195],[15.040573949113499,12.144737671267206,11.583430938469245,8.001162198625805,14.88498130994988],[8.302673564213606,9.914959362318859,15.69932688384949,14.80618885329907,14.199062642731125],[12.306012917531909,11.111590951870225,8.86031959555139,12.260187429316703,5.841061121044111],[4.361795589653059,5.509778255408506,10.215925626438898,6.976850658986672,6.177822564515332],[9.610954335394,11.786878504680342,11.687632254707717,11.844576243378926,11.848619051602299],[8.894177679997313,6.192113779342453,7.335746054558803,5.456267106702823,13.385357624088307],[10.145053827265937,10.334259536340088,18.202440739723027,18.104692641214704,18.211338019608192],[13.04065434817516,12.909943552309375,13.081158932046616,13.037089416341155,12.91378560791909],[16.000536087739388,15.872619263223447,16.00441644033527,15.822987240706162,15.724211437375482],[9.39768065538837,4.665933582964784,6.940475589403696,13.09204910043004,12.922745107323097],[2.5493952983024886,8.58490236916216,8.34137589712797,5.987150730291663,4.350781285688574]],"times":[[37559,2299,3140,1654,2070],[2865,2824,934,2139,1372],[3705,398,667,187,234],[1535,187,217,548,289],[967,127,171,143,140],[959,69,95,139,170],[862,213,96,8,231],[458,305,96,50,143],[396,262,35,77,42],[1021,82,114,288,81],[784,39,752,623,37],[964,39,112,197,307],[1172,290,248,323,143],[1055,127,1355,77,96],[1437,54,68,157,67],[314,472,1013,261,98],[777,279,108,80,143],[1016,157,110,174,129],[705,233,294,79,112],[843,472,652,4,68]],"condition":[["negeven"],["posodd"],["negodd"],["posodd"],["negeven"],["poseven"],["negeven"],["poseven"],["posodd"],["negodd"],["negeven"],["negodd"],["poseven"],["posodd"],["negodd"],["poseven"],["poseven"],["posodd"],["negodd"],["negeven"]],"envs":["envs/add/negeven/negeven36.json","envs/add/posodd/posodd55.json","envs/add/negodd/negodd42.json","envs/add/posodd/posodd76.json","envs/add/negeven/negeven0.json","envs/add/poseven/poseven7.json","envs/add/negeven/negeven92.json","envs/add/poseven/poseven87.json","envs/add/posodd/posodd66.json","envs/add/negodd/negodd10.json","envs/add/negeven/negeven98.json","envs/add/negodd/negodd1.json","envs/add/poseven/poseven31.json","envs/add/posodd/posodd99.json","envs/add/negodd/negodd38.json","envs/add/poseven/poseven18.json","envs/add/poseven/poseven61.json","envs/add/posodd/posodd73.json","envs/add/negodd/negodd45.json","envs/add/negeven/negeven24.json"],"money":"3.94","age":20,"gender":1,"hand":0,"experiment":"noncompositional","instcounter":1,"subjectID":"615d6f2d083d5961537852ab","studyID":"6168186185dddf5426605410","eval":[["poseven"],["posodd"],["negodd"],["negeven"]],"regrets":[[0.2777900695800781,3.775418281555176,6.47545051574707,4.236761093139648,0],[7.276116371154785,6.16096305847168,4.607393264770508,6.16096305847168,0],[0.7280797958374023,7.737826585769653,5.824009895324707,0,6.725347995758057],[1.2461204528808594,1.0043401718139648,5.339205265045166,5.340629577636719,7.674378752708435],[3.890578269958496,7.700904369354248,3.261075973510742,4.331443786621094,0],[0,0.04010295867919922,2.8916244506835938,4.7851457595825195,5.680254936218262],[2.560023307800293,2.223292350769043,0,7.985720634460449,6.541782379150391],[3.354912757873535,1.9345216751098633,0,10.11430811882019,7.630521297454834],[6.679898262023926,0,4.620489120483398,5.661794662475586,2.4386796951293945],[0,2.872173309326172,3.492431640625,7.040975570678711,0],[7.427950859069824,5.795172691345215,0,0.6304445266723633,1.4579153060913086],[0,1.1108722686767578,3.4864511489868164,0,6.428520679473877],[5.868841171264648,4.637385368347168,0,3.0947914123535156,3.836545944213867],[3.4203262329101562,1.167379379272461,1.167379379272461,1.167379379272461,1.167379379272461],[4.466274261474609,7.162855625152588,5.834881782531738,7.739561080932617,0],[8.080423355102539,7.906000137329102,0,0,0],[0,0,0,0,0],[0,0,0,0,0],[3.9235315322875977,8.39849853515625,6.339883804321289,0,0],[6.192925691604614,0,0.5253067016601562,2.853513717651367,4.494965553283691]],"maxrewards":[11.157499313354492,13.517339706420898,10.43156909942627,9.535383224487305,13.62446403503418,14.475752830505371,14.598552703857422,13.485445022583008,13.786097526550293,15.028053283691406,15.649435997009277,12.262975692749023,10.137138366699219,12.966524124145508,13.434104919433594,18.276988983154297,13.005456924438477,15.942695617675781,13.15029525756836,8.718795776367188],"bestoptions":[2,5,1,5,0,2,0,4,5,1,0,1,4,5,1,4,4,5,1,2]}
