{"actions":[[3,4,5,1,2],[1,2,3,5,0],[1,2,3,4,5],[1,0,3,5,4],[1,4,5,3,3],[3,4,4,4,4],[0,1,3,5,5],[4,5,5,3,3],[3,5,5,5,3],[0,1,2,0,0],[1,0,2,3,1],[1,0,1,4,0],[0,1,2,3,4],[0,1,0,0,5],[0,1,2,0,2],[0,1,0,5,0],[0,1,0,2,2],[2,0,0,0,0],[0,1,2,0,2],[5,3,0,1,1],[1,0,1,5,1],[0,2,1,5,1],[1,1,2,1,3],[3,1,3,1,3],[0,2,5,4,5],[3,5,3,5,3],[3,5,5,5,3],[1,2,0,5,4],[5,3,4,3,5],[5,3,5,5,3],[3,4,5,1,0],[0,3,1,0,0],[0,0,0,3,5],[0,1,2,5,5],[3,4,4,4,4],[4,5,4,4,4],[1,2,1,2,5],[2,1,2,3,4],[4,2,4,2,4],[0,5,5,5,5],[2,4,5,2,4],[2,4,5,2,4],[0,1,5,0,0],[1,2,1,3,1],[0,1,3,1,1],[0,1,5,0,0],[0,2,0,2,0],[2,0,0,0,0],[0,5,5,4,5],[0,1,3,1,1],[3,1,1,1,3],[3,4,5,5,5],[1,2,3,5,0],[0,2,0,2,4],[3,5,0,0,0],[0,2,0,2,3],[2,0,2,0,2],[0,1,0,0,0],[2,0,1,3,1],[0,3,1,3,1]],"rewards":[[3.868118718526627,4.587637430561914,5.0590085783901015,3.47498396130969,3.886788139588462],[7.149091663206419,0.14676308717660813,7.826473463059291,6.177374268994238,0.2796914394871727],[10.626747461155155,4.105046565590895,11.818765593735185,3.816494914013828,11.048548674656606],[4.001320029995363,2.921658154220743,6.595020423146012,8.405706938822165,7.307477472278855],[2.2809968951463615,9.175207233420801,2.2785713193943558,3.4095865024934766,3.411533128137174],[10.104248152093714,16.401184290556383,16.527648017331945,16.495901866648353,16.4712933406333],[1.8175213138603425,3.4589216832119423,5.6871334363656425,7.011940904277132,6.920558131258621],[2.4386068287034814,9.27499811752995,9.298419735881405,9.345442273224375,9.324595980382249],[15.095544639944878,16.545822254292215,16.346496320320984,16.28625984262833,15.11858881666573],[7.031598124643526,6.073437909527405,4.208358198046933,7.07717443516639,6.965736667655521],[5.832563833144764,3.0989084675387417,1.6016178800608576,5.883669192587496,5.814615921455604],[11.811735011784982,10.082130049062904,11.800165631533936,5.162329727301122,10.03042245606435],[1.8186781691177734,2.436325059290566,1.9246033301450713,3.1032955395356674,3.675910962823608],[8.15948388767783,0.4308111132047787,7.922777270975829,8.17153987531018,0.9738307114443194],[9.994127627514134,2.796196340572097,9.687880875555612,10.057749621284488,9.603632646208364],[7.654661112568107,4.986132199186745,7.467449292455853,1.8098086761308079,7.589050290608912],[9.803040878552581,3.968915164176125,9.545390502198524,8.704060897450345,8.59520536347364],[12.453412606843775,17.276644360018086,17.356928284281874,17.09879332381638,17.01882637299982],[4.365921656429243,4.138593830620252,4.110942153816684,4.400568367631445,4.258731922587425],[5.853645958314228,6.339679712752895,2.554653894208385,6.164159618284402,6.14054002014854],[10.31922875494224,6.696782966541045,10.080672517811728,6.8715770590039105,10.212791929018401],[7.412513430648263,5.745247469900555,5.571061135008302,2.6356921107575513,5.777062201889285],[8.791124353223829,8.796769184705164,2.785464793504811,8.89061051549947,9.107451047086727],[13.401492452398932,14.532879552234101,13.342761027344768,14.641588862699678,13.50566244912625],[2.9058614042398654,5.126901814740691,7.306609061699043,6.653193636950282,7.1697722770067775],[9.771349614725604,9.54295587723842,9.70810226400715,9.575418936755367,9.668309260734183],[15.635124803776087,16.82842996311454,16.811209914062044,16.775215233323415,15.382625331906251],[4.2075154493985245,4.925169991560369,3.5088267046654535,7.769055344075881,6.6141821984755405],[5.654524720363522,5.774231784243056,0.23382690683976426,5.693653263205056,5.762759687363669],[13.610985593599944,12.209012694007797,13.47107077911789,13.57999933832894,12.376696226718304],[5.834649501906721,4.331013723131967,3.5202279815635906,6.475095126795753,7.9619907946411805],[5.035085751686932,1.3105816909943104,2.375117810624741,5.0581780178708655,4.975595055488696],[13.039042064868358,13.145798103814498,12.964069127373595,7.330161697065549,4.610513933022097],[4.536113371067351,6.343128300791041,7.27753120792018,9.805589972091367,9.947346303423865],[3.1973344341285777,10.132684196682396,10.208898015541653,10.1100832252475,10.222100740194232],[17.887555249485224,13.254471273283551,17.92042897954627,17.943717349427917,17.730307336420484],[7.821212129062498,7.454309729444755,7.838786516982028,7.640697448577919,6.236975572459267],[9.961811016203919,4.106606702304313,10.255237504969088,4.628157648621541,10.978899755719866],[17.31481195242782,17.507585899070996,17.241502013974774,17.508335200723963,17.26370296875733],[3.472674333164085,8.16141536433649,8.121045859436725,8.123646718212491,7.935098256741099],[5.653811831987898,4.487198041212159,0.41622506477889076,5.832062731669437,4.630640632665355],[10.958434357741776,12.15349161245081,8.320575242667553,11.014903861094169,12.13239426528681],[8.420010502368964,7.928536863341449,4.22727821680921,8.218333220738316,8.509432184284874],[5.245554908065666,2.192454243147186,5.241069162367192,5.208861592052162,5.289101062989382],[10.203548643411876,13.078372817364457,10.57134624203942,13.005997704874288,13.19894289592684],[8.032210906219866,6.8260923546071295,3.0860368546191506,8.095995161920012,7.958179397404663],[11.081412582779862,11.379668612471498,11.211882037297372,11.489110471765791,11.05643972258597],[17.273469192126193,19.148772044141616,19.047201862903503,19.080722756082594,19.095442474909436],[1.3028981593523097,5.743745024245822,5.666174531482731,4.875557447617423,5.727828325211708],[3.7495262765404216,10.273568882899415,11.3580121032435,10.355736591148464,10.267446783205296],[16.676641462588634,12.80021365473628,12.760806455363682,12.906527381272426,16.807293534633864],[7.29230459277001,8.03467632438919,9.582388552366885,9.791489024850188,9.63334032409655],[1.618224193948473,3.8680658711071376,0.5610742252203966,0.8464735851647618,4.576711992472418],[9.274536649633315,10.864562979310929,9.540646488075149,10.867736982988566,10.594620032854971],[3.4964000098059356,3.062449972651645,7.041004296133279,6.888043473560337,6.9852614360437855],[6.918282745673473,7.602707379068485,6.63695277056364,7.632049731782842,1.545431223619304],[12.012337991944815,14.111840590135543,12.146326640008976,13.928729525893797,12.125309871937892],[8.40239674653407,7.99409254876629,8.28385389440592,8.247724949722397,8.419989410145899],[1.4714305481661127,1.7490719142877018,6.225333581665287,6.3089568665927525,6.14650377441318],[10.208018363872936,13.67932385783264,14.417779207628232,13.568949312370856,14.32934863120073]],"times":[[14353,833,795,855,224],[3051,148,1214,1143,615],[2366,373,417,123,412],[1301,303,1084,386,127],[1752,260,196,882,1149],[1484,835,399,347,443],[3312,985,629,331,454],[1079,222,227,51,378],[552,41,50,58,480],[1301,29,460,656,633],[952,126,173,595,638],[400,299,303,256,146],[989,107,71,80,5],[983,68,68,244,156],[153,55,618,682,278],[933,97,199,48,63],[637,64,27,3,567],[1075,289,319,247,342],[848,668,548,249,463],[516,237,167,518,334],[1787,564,150,738,131],[1086,330,225,126,15],[307,428,148,95,944],[620,70,148,16,85],[1351,66,67,577,16],[917,404,266,260,178],[559,324,249,166,56],[1793,43,147,387,631],[946,75,411,91,50],[577,453,250,133,235],[746,107,400,667,424],[1429,118,955,49,105],[372,309,329,418,224],[626,594,58,380,272],[753,407,307,287,263],[644,253,204,211,85],[1538,217,372,183,431],[888,237,263,582,168],[670,516,107,189,185],[1355,167,265,125,185],[2681,198,588,406,53],[1301,116,154,160,144],[805,64,415,225,75],[881,17,824,344,143],[847,516,166,79,117],[1087,456,63,22,32],[685,1755,185,139,73],[424,779,177,24,29],[999,74,170,333,42],[1234,267,744,22,444],[596,956,195,79,443],[954,15,3,305,96],[1338,180,486,259,146],[327,478,166,559,346],[460,27,447,247,125],[619,83,7,495,388],[354,441,305,77,254],[909,1830,485,307,23],[1038,14,183,617,234],[1275,294,216,149,46]],