{"actions":[[1,4,2,0,5],[0,2,3,4,5],[1,3,0,5,4],[0,3,5,2,1],[5,3,1,4,0],[2,4,3,5,2],[5,3,4,2,3],[5,4,2,0,1],[0,2,4,2,3],[0,2,5,4,3],[5,4,2,0,2],[1,4,3,2,2],[5,3,1,1,3],[5,3,1,1,3],[0,0,2,3,3],[1,3,2,4,5],[1,0,2,4,4],[1,2,2,3,2],[0,2,4,5,5],[4,5,3,2,2],[0,2,4,4,2],[1,2,3,5,5],[0,1,3,5,3],[5,3,1,1,1],[1,3,1,2,0],[1,2,3,5,1],[1,1,1,3,3],[5,3,1,1,3],[0,1,3,5,5],[1,3,5,1,1],[1,4,2,4,4],[0,1,2,4,4],[1,0,2,4,4],[0,2,1,4,4],[1,2,3,5,5],[0,2,4,4,4],[0,2,1,4,1],[0,1,2,4,0],[5,3,1,3,1],[0,2,3,1,1],[0,1,3,5,3],[1,2,4,1,1],[2,4,5,0,0],[0,2,4,2,0],[0,2,4,0,0],[5,3,4,1,5],[0,2,4,0,0],[5,3,5,3,4],[5,0,2,1,0],[0,5,3,1,2],[0,5,3,3,1],[5,0,0,0,0],[1,0,2,4,4],[0,5,0,1,0],[5,0,4,5,5],[0,5,0,0,0],[1,5,4,4,4],[5,0,5,5,5],[0,1,3,5,5],[0,2,4,4,4]],"rewards":[[8.482300003161091,5.768724916843936,8.126413617300834,8.331839842597873,6.447195314603371],[2.9637242596744264,3.5149947581055794,9.990086645704679,3.2231365286785114,10.130042180695305],[18.47531044138273,16.721784841931516,11.169348076911758,16.16533118955406,9.18859256966332],[2.945060302404553,5.734050200421493,7.4173386836185475,5.263944504226944,4.493882511440399],[10.1282614633626,11.072586596536013,10.181932431033015,3.9772249405689712,4.146400853674649],[8.344446811090842,10.346048769142518,17.107395804352898,17.61889469524925,8.417794464912783],[7.856622175257399,6.385811460325941,7.484766877029103,5.2199994147765665,6.455690185186904],[0.4123163649060726,4.881235025792899,5.696996214193354,4.5177151159954745,0],[7.8940604949295015,11.062726743412851,12.340358908734851,10.835315103413608,6.799008211398254],[5.213301611967558,3.30837850488793,0.13701994986761454,0.414870423597021,2.6457061820633094],[1.5222744732586435,4.951491470682247,6.591783024901596,5.8358458668607485,6.478808700463125],[6.261750278250732,5.442289910482961,4.479239355771783,9.729581015559862,9.620101522747385],[5.291006903207683,6.849538183183412,8.187716529831727,8.026644465039986,6.832646551374211],[8.567831772856119,7.453603392595464,8.666828039360364,8.662120010085898,7.462308102780508],[9.409710754465104,9.271682508002934,8.139190868412301,14.321269930451448,14.371451079698408],[4.551355465916243,4.098814087785171,4.232249815265513,3.3516383905389993,1.922903801139073],[1.2846733551537446,6.469520422083415,5.938314440206614,5.9412215974266465,6.035387492319411],[5.813950856727448,10.243542548269087,10.05565018462531,4.716907324458638,10.139434685681186],[3.496359626056772,4.222686392158317,5.359786737565508,6.799382018356582,6.7972424287335995],[4.35860304826584,2.3690562676863025,1.4428057558251692,5.485962070387031,5.3399234206358095],[9.575529433243027,9.950127928349099,9.987379969491363,9.994036793013619,9.851016178357385],[3.168815092660202,5.081643696578193,4.496161993226616,6.18851018703865,6.074371940085485],[4.240245756386818,10.613393541872053,11.524068402539212,9.870082459717988,11.615502085283973],[16.17703360637839,16.124228514809825,13.897442227842461,13.594872084740729,13.708736283845743],[2.527917719129244,5.508954515473714,2.418588978404124,3.3173031273012534,1.2635375558568853],[10.251069156381963,2.95309828317095,11.489797213675008,10.494481006187002,10.218296038425569],[12.821056029388107,12.719405012006545,12.78706756243378,16.971306664273804,16.88613733740307],[5.74376035965572,6.433977218363626,7.74086868625681,7.823548974151334,6.452094827338191],[4.107713463849372,10.549505703430073,10.3504815628643,11.332485281239808,11.112016021998352],[18.41682804998985,16.837748312283995,16.73132644372487,18.35844560444668,18.50077320922008],[3.0961340888218967,4.16045383400443,3.098698683650196,4.188429402207727,4.272645113467025],[7.403844741946721,1.4731703252550148,7.310031556611328,7.916473163113647,7.967703424228272],[4.873520092747255,10.065393947878684,10.507072955060623,12.036072078074085,11.960910349642068],[2.7134387759586747,3.700395177854309,2.913122739361098,6.316434745611715,6.396302490547952],[9.839723198901543,3.571083573939591,9.728861098119754,10.235075685528077,10.433204663383352],[5.868215668446406,7.304282132763817,9.955511368690482,9.923251578295618,9.956275500604018],[9.266078929971867,7.532754045869544,8.778104406621784,5.87976828459934,8.917646484340242],[4.498171590016297,0.8545188466713083,5.800015641143699,4.439334720811763,4.479813755698722],[5.8251467050792485,9.376323541078401,9.77035281482654,9.156825944806965,9.634460334201036],[7.502022933808021,6.344696054620084,4.964883617096209,7.778426841282748,7.654299069046371],[3.007022845197871,6.386204757097455,6.3293756795171445,6.8636538669947775,6.380680002773742],[13.82148902018593,9.240393413263416,6.85071586326414,13.932891003454476,13.926162533928519],[6.858767377410925,4.165170836751675,3.0867982427104153,7.3697035823498975,7.606199596202142],[9.108216664436208,8.216955400464773,8.545461179480712,7.911654997873984,9.126645527598017],[16.558241051207318,14.830617982507388,12.752796913022145,16.298925920169207,16.30230951862999],[5.7265009240527185,5.10669890445015,4.837020468801205,2.8685071509563382,5.5716824754669645],[10.452052613542437,9.511364532681444,9.312255911948641,10.604607648792538,10.603046376158122],[9.127398440248143,9.217360131066881,9.175613741000733,9.279826925982768,14.34009642799078],[1.2136903505825398,5.715075369221564,3.425607811152027,4.540951970405569,5.66593413633645],[0.7859827992094532,6.3186529357607375,6.859329687471207,6.318417917597724,1.2548830537268267],[6.519369328221968,7.700535173398946,9.967345256939467,10.28136131716833,10.789831711040982],[1.8010790308437445,4.3334621841769625,4.185941856726607,4.289067668537945,4.292137262698951],[2.6138835034905687,9.593468567053481,9.726642373113808,9.646902213564818,9.756703415240377],[13.785157186363541,3.6043372830766436,13.801025679689046,6.823466610434962,13.797995066966308],[4.42702289144849,0.713982131811485,4.183228465706639,4.389963145338884,4.390600399053519],[6.381841825526955,1.8300212317388624,6.245225627099105,6.154034916672044,6.29905447578248],[4.118901555804242,6.41785210310114,10.130345200296466,10.155593663532628,10.114503913302917],[9.051707615873767,6.293826750530059,9.16821714167738,9.024619494296768,9.216531696651801],[4.213370633442068,10.625230369023669,10.48583495161122,10.754136561242772,10.640859604358972],[10.76764377883422,11.06760171140444,13.524782320043721,13.328935015361939,13.179619605035713]],"times":[[13371,2294,1550,1399,1680],[1919,1423,1431,1405,1688],[1466,1918,1253,1055,957],[3844,1774,1095,990,655],[1431,807,1142,3365,2021],[4323,2750,846,422,1358],[5067,1580,965,1237,1727],[2105,1471,2193,1050,577],[2461,1367,1663,2411,1040],[4080,1258,1476,1199,1234],[3037,915,1145,1433,1752],[1872,2750,1655,769,511],[6416,1690,1340,1046,1473],[5082,1453,976,1104,536],[1616,1577,1321,1611,1007],[2989,1600,890,1274,873],[2137,624,721,1081,1163],[1964,1047,718,2384,334],[1071,1991,741,633,290],[955,1713,823,1472,423],[1039,1190,1144,2756,552],[3598,720,1024,873,353],[2117,944,2011,1537,362],[2656,1224,1321,974,843],[2677,946,839,850,113],[1392,792,1152,681,537],[817,1040,1503,1424,624],[1417,487,2303,714,1240],[1144,1310,1194,1241,1185],[2374,1049,727,1352,327],[1103,655,1432,665,269],[1203,583,810,817,1746],[930,561,769,864,322],[840,670,498,705,261],[903,809,920,640,234],[2854,819,2222,905,801],[919,883,247,1033,447],[2005,433,939,1259,1398],[1396,962,1447,1000,305],[1322,673,513,1202,416],[1411,414,1184,727,928],[1962,1147,1217,1175,3289],[1415,577,761,401,240],[1275,839,1185,610,679],[1613,840,1042,1570,443],[1251,1295,927,985,319],[3273,951,678,466,305],[2719,992,1415,376,416],[3687,934,1222,721,73],[1166,1563,3615,1170,1865],[1425,777,2505,2072,726],[1526,1888,919,2344,1367],[3933,528,775,658,545],[1437,2600,475,294,74],[1398,2447,328,71,792],[2119,1595,95,592,450],[2636,2249,765,399,192],[1430,1184,321,98,135],[1184,3425,2001,1361,304],[1897,666,690,879,98]],