{"actions":[[3,5,1,0,4],[1,4,4,5,5],[5,5,5,5,0],[2,0,0,5,3],[0,0,5,3,0],[4,4,1,4,4],[5,0,2,2,5],[5,3,1,2,2],[2,2,2,2,2],[4,4,0,2,2],[1,5,5,5,5],[2,2,4,4,4],[4,2,3,5,5],[4,4,1,0,0],[4,0,0,4,0],[5,0,2,2,3],[4,3,0,2,3],[5,1,5,1,5],[2,2,0,0,4],[5,0,0,3,4],[3,4,4,1,0],[5,0,1,0,1],[3,3,3,1,5],[4,5,0,0,0],[5,3,3,0,0],[0,2,4,4,2],[5,3,0,0,0],[2,0,3,5,5],[0,2,4,3,2],[3,5,1,0,0],[0,1,2,3,5],[5,0,0,1,2],[3,2,3,2,3],[2,1,5,3,1],[4,0,2,3,3],[3,5,3,5,3],[3,0,2,4,4],[3,0,2,1,1],[3,1,3,4,1],[0,1,2,3,4],[5,4,2,1,2],[2,4,5,4,2],[3,4,5,1,2],[0,1,2,3,4],[0,2,4,5,2],[0,1,2,3,4],[5,2,1,4,0],[5,1,0,4,1],[0,2,3,4,5],[1,4,5,3,0],[3,1,2,2,2],[0,1,2,3,4],[5,4,3,2,1],[4,2,4,2,2],[3,5,4,0,1],[2,0,3,5,4],[3,2,5,3,5],[0,2,1,5,3],[3,4,1,2,0],[3,4,0,1,3]],"rewards":[[5.742755477341978,4.343047984175853,6.569903846891729,6.8956743997230765,4.97554489664297],[2.3308359231794884,0.44650555449588925,0.27492050713934335,2.765152802566652,2.6072485320477377],[7.181001521171572,7.015950319525294,7.242375369429056,7.2834348873221355,6.291709568655038],[3.0878907117862027,5.07596975347989,5.137123688868823,1.3194561960321742,3.9974139125608383],[6.414004547928988,6.427031468487879,2.980473405162768,1.600582706986358,6.510870083833446],[7.124628861805794,6.949539080740692,6.623467418837242,7.1965409253907175,7.1445735684264875],[6.741479350246692,2.8996032954075974,5.461207346106186,5.52664034881139,6.861067266235952],[2.9200263773254935,2.0005032630418764,2.0170747520440697,8.871410790540276,9.038889406220708],[14.499066063631492,14.512766545394484,14.452753217764291,14.60533952870093,14.50036705730036],[6.93634027931343,6.874897203542722,3.1352859698685194,5.405821477355249,5.424578274561057],[6.498636465704941,7.287152223666908,7.035220220123291,6.958067227333482,7.206508677902429],[7.032361059325428,7.26465721503403,8.02271106644963,8.16087825764776,8.013640420337934],[3.8041379361474568,4.585797690305679,3.5204166377055475,2.9079632544078113,2.955675357753059],[7.287714990448215,7.22160635757331,1.4330663715163463,6.935532543204205,6.833043073340665],[11.095047921177141,13.760707134697258,13.80753403999489,10.873201953382566,13.716878648792052],[7.388479261296035,4.447961113704454,4.881672304135785,5.160908006887861,5.991765190797469],[3.684509622261567,10.031018006357506,2.9622770777675607,2.767186844347555,10.071601700618897],[16.723620862323326,14.257835063365839,16.894587393235966,14.020910192655537,16.86059265608282],[3.0558416773811885,3.062380751578155,5.136126418862482,5.0616634219584045,0.355810792131552],[1.7468711512605863,5.6806239314294285,5.703695137085526,1.88137283352514,5.093800535185632],[4.624049538465808,5.657379059984166,5.318253403636541,6.086150885507062,10.982258933837684],[1.8455961504720633,5.896465108247193,5.194913635893601,5.589624656590624,5.081852977910193],[5.531610256254201,5.771041470117804,5.691291119163053,5.518168188142673,5.177983652631246],[4.9021578699398365,7.00087217358986,7.514119583852487,7.561375681768166,7.668461487606108],[4.463170279359707,6.193880287796295,5.992296923748968,7.12213750506577,7.0959599923051355],[6.479464944037204,7.337340554366777,6.281688175538706,6.5939959710007425,7.316597686777542],[5.392240870913886,6.2443950632383745,13.569291790142646,13.729734724067713,13.623710641031415],[6.5337378921225815,6.453536053565391,7.300794498822708,9.054429247372038,8.813891961687744],[6.03078741130021,5.94439010698404,6.088330029333339,0.13787843841468828,6.052123896188328],[7.515325407163244,9.514489517096015,7.06138289925855,12.773267954450596,12.712730663964916],[7.1237031683324075,5.938927557543715,5.915825612869175,5.710583067296828,4.493611696240145],[5.066354412798322,0,0,4.53600831989963,1.0097647686819904],[10.687074058411733,7.009944583161433,10.682666846416181,7.226414371499513,10.531447387229631],[7.371127265531012,8.285672586082002,5.215905178632965,6.43801091164688,8.355047543127506],[3.316684934695615,3.53479035897819,4.4789365131385805,10.745613855577027,10.683485678244587],[17.05198244509633,17.10430452059933,17.074687897209966,17.301043255355268,17.073687548448007],[7.056025874409485,5.683753938407047,6.267028585686147,7.56478791499275,7.600075042249832],[6.423866451129802,0.9226082762778308,0.8881560532022457,7.3880639387830405,7.374184473658239],[13.601267186503684,13.443734836011597,13.557596139560161,8.206561227508985,13.210377115929312],[4.089247265418591,4.24455914941217,5.174825239379223,6.074862163351929,5.897188185122881],[2.1833669017408366,8.718081733409804,7.569600637663785,2.203712129891021,7.56120826768044],[12.906707722246395,14.525341634016966,7.850871355342557,14.406856865373792,12.94893378183465],[5.843841740660763,7.564419479664322,7.671935941185986,5.793871093771167,6.021197383675218],[8.136979750677831,2.8561313768948238,8.608431447153274,2.5562613923373783,8.192962031945173],[12.511838186267974,14.743559109180758,15.920090107226807,10.883008318868626,14.74417968680601],[2.9414837085046486,4.668668484836909,5.122177989993555,5.732271783028173,6.303657288685461],[10.273288659384566,3.247158733585102,10.108747235037082,3.7656265037424643,4.012103173172655],[17.489915871542564,14.777298615731176,7.091073378729389,10.32074436758906,14.811592180018451],[4.008922430326185,3.2917090759061622,2.7430023137005652,1.622530359082787,1.7189725677831498],[1.1853240041699014,4.359006065551507,0.8327710687801086,0.7731947110108484,4.3525506962184535],[3.54251277272923,4.166663898650543,8.614057229365006,8.77219177581475,8.629184692327684],[3.7425233895113603,4.043231536054853,5.446901144993767,5.961964140891629,6.2452511575359475],[2.3087694438466353,10.55118374603179,2.3297823864251948,10.001048528359199,2.4760819985618125],[16.852813947650933,15.625008105795944,16.775656594365948,15.558771686156636,15.45748963291745],[3.6542418104138106,4.562019541981081,3.93997582375065,1.1230644670307504,3.1599463349096757],[3.6666617807472104,3.3137602569857934,7.256372305740541,7.163802695944165,2.7198554109134503],[11.134254834144377,6.69095703239763,11.63512936670484,11.105455959407852,11.73431784023772],[5.9431679514933275,3.5399188419269736,4.893330524028275,1.614426207946174,3.117351290649533],[7.443857339343579,2.147684512194041,7.661244985603908,2.1696617250138246,2.468987829578796],[10.705667453271232,4.659676447677787,8.404848458458199,12.540523816595753,10.628802360684245]],"times":[[165400,1135,484,1017,1001],[1770,822,701,697,813],[1669,325,222,328,830],[2984,832,390,426,702],[701,656,545,494,347],[1155,631,409,360,86],[1165,227,563,211,505],[1267,461,932,217,514],[1118,267,304,228,311],[1894,225,357,476,270],[1553,211,256,192,193],[1085,158,503,268,87],[1107,170,62,27,191],[651,188,231,77,174],[885,266,22,91,51],[1159,133,532,134,767],[1725,2585,898,797,920],[1221,1328,362,1526,444],[1733,293,35,243,841],[1914,294,219,379,65],[683,260,44,900,418],[953,3,159,259,216],[1214,85,77,225,182],[1305,140,530,180,4],[1186,413,396,1638,350],[740,1382,1537,828,458],[1420,865,1269,718,1063],[1797,924,3081,1479,1276],[1967,1153,2344,1345,2939],[4060,1667,1055,1096,1073],[2560,1183,2234,2224,1240],[2225,406,409,928,657],[2262,1311,444,398,297],[2260,996,1734,1333,755],[2690,907,661,1017,1508],[1344,2544,1695,514,552],[2038,1664,880,1194,437],[3101,1340,856,764,4043],[1108,192,1219,498,685],[2821,732,797,1965,3430],[3792,469,2075,1665,2654],[1434,707,637,1027,2082],[4265,1810,853,4623,2238],[1095,2915,663,5029,918],[1691,712,1094,456,3783],[1578,855,473,2896,2812],[1068,4665,5280,3454,1963],[1291,763,1503,2407,1612],[1491,1046,1347,1203,248],[1841,1982,468,710,1957],[1117,833,387,648,1203],[4090,1574,536,1416,1272],[1702,950,2593,2142,1793],[940,947,61,14,826],[1471,781,122,785,224],[929,2730,1103,1459,1179],[859,653,1759,2715,329],[2979,1443,910,1690,2549],[2025,334,954,1527,357],[1118,491,19,839,1578]],