{"actions":[[0,1,2,3,4],[0,1,2,4,0],[0,2,4,0,4],[5,4,3,5,4],[0,1,2,4,5],[5,3,4,1,0],[5,4,3,0,1],[0,1,2,4,3],[0,5,5,5,5],[0,1,2,5,4],[0,5,4,3,1],[5,5,5,5,5],[0,5,5,4,5],[0,5,5,5,5],[5,5,5,5,5],[5,0,4,1,0],[0,5,5,5,5],[5,5,5,5,5],[0,5,2,5,3],[0,5,0,0,0],[0,0,5,0,0],[0,5,2,0,0],[0,5,2,4,4],[0,4,0,2,0],[0,5,5,3,4],[0,1,2,3,4],[4,4,4,4,4],[0,5,1,0,0],[0,5,3,1,5],[1,0,1,1,1],[0,5,4,5,5],[0,5,3,1,3],[5,5,3,5,5],[0,5,2,3,1],[1,0,0,0,0],[0,0,0,0,0],[0,5,2,0,0],[5,0,2,3,1],[0,0,0,0,0],[0,5,4,1,5],[5,0,5,3,5],[5,5,5,5,5],[0,5,1,0,0],[0,5,2,4,0],[0,0,2,3,4],[0,5,1,0,0],[5,0,5,5,5],[0,5,0,5,5],[0,5,2,1,0],[0,5,2,4,0],[0,2,0,0,0],[0,5,4,5,5],[5,0,5,3,5],[5,5,5,5,5],[0,5,2,3,4],[5,0,0,0,0],[0,5,0,0,0],[0,5,2,1,0],[0,5,5,5,5],[5,4,0,5,5]],"rewards":[[2.010588573976191,2.105609539909932,3.802703512523248,4.000447851129745,4.067822138520499],[6.584606291377395,1.4702555682581513,6.5414925993455615,7.229834620545819,6.652396648744341],[8.493595353191857,10.428313967028476,11.394228721905852,8.653604603555682,11.423071661532417],[5.4525851402192735,5.084287848348242,3.9684973558280383,5.479188832312067,5.094624159461301],[6.8125570336147705,0,5.5284156540320835,7.027325782835406,0],[5.2747006760721735,4.795218504905953,12.25636976613693,4.088951690365057,10.70751702672021],[4.472677517046457,5.373344691525248,5.930583710094402,7.150425761275118,5.856274984214427],[0,4.391610212832176,1.0762108689892687,0.2732679879658906,4.720383298361236],[6.9428483722100225,9.742691034046473,9.613346705073951,9.738933471512391,9.678939543703473],[4.020926549623448,5.107194133542987,7.144097866240781,8.68981694475956,8.63828196732695],[1.3602495375595922,6.169343107760541,1.7456703269391223,7.375098782558346,6.572087461081303],[14.679875330503128,14.520844831351718,14.546631973265244,14.525007571793436,14.663338802197336],[3.019288569980411,7.80724176334626,7.505880016580231,6.781922781476635,7.624931883843172],[3.6149553004743384,11.66282102339586,12.0115527604393,11.786837195913336,11.700683774325116],[19.313617128783847,19.401215207074138,19.49694573215174,19.451923926883183,19.433465872240177],[1.9552578704624262,4.112724765754503,1.9112310602533393,3.5996836975875284,4.053266349535811],[0.6459644341244466,7.932415130121236,7.845523918992374,7.928225224538462,7.87788235955995],[9.754586630685584,9.767059507447952,9.79822166337543,9.662002112348924,9.544590045585233],[2.4334854283879706,5.363853725892492,2.868401831990305,5.262509637263958,3.8192001545510905],[8.073404358353622,3.1610244194539274,8.101566989352643,8.014614361997266,7.970379378665701],[10.341885672414312,10.227447435778952,8.264535476268598,10.244533486878467,10.451122730073372],[4.961714092958079,2.0614191036551026,3.2781700442431685,4.992001061135682,4.958087174445977],[8.61768828490346,3.6868440122895594,8.73718182031503,8.862745535038174,8.84635753765362],[13.521886163141442,11.436304151691306,13.60133239790077,12.123565457909406,13.516029828576087],[5.553897438422642,8.88868381467545,8.93307719289015,7.622772939890499,8.670074417808674],[9.061216951748985,2.8940282292108677,8.510981622112354,2.648351301618431,8.794405546720368],[17.391722413538155,17.449298167997796,17.552571450005605,17.508588479607265,17.459342518169585],[5.052547774869445,2.920105447117716,4.535991109036783,4.957449296867254,4.94033349629154],[2.4524692512559283,8.10028678789201,8.154638037349166,8.308071892176965,8.025929423951709],[13.031548041834757,7.596513870168782,12.89045325014721,12.916332398764464,12.988563897889543],[0.2125129915140147,5.001629579084629,4.205214643119526,5.113762193182129,5.205364868942193],[1.6290894238759888,6.675022461082055,6.309901332839727,6.165295574188115,6.3698399770272705],[11.559253898516102,11.642756557784288,10.733236080605582,11.500169148616488,11.460679880412666],[5.484941776039247,3.451426512996352,4.302625434851424,5.167619098577714,5.538203731082218],[3.1488467548685835,9.316755768896472,9.437020494630376,9.37313145631859,9.38610093366895],[14.715468823273747,14.652110481384147,14.711774016237442,14.91019954051371,14.847291961185793],[7.144781422422812,3.4402978618839244,5.653679455840991,7.323046379316799,7.127649164103409],[2.513277071834992,4.6427727406477866,4.629819106459141,1.521128784995918,0.9421948022284573],[11.817699216458212,11.700943949792793,11.824640994246028,11.850469259153096,11.787406484503396],[2.953393405213379,7.311785342333244,6.60543212428157,3.7361632409859236,7.264836651804005],[9.510278168160598,1.7619905550177997,9.292573026707458,9.849306193615407,9.39569873088632],[16.724629940336488,16.839671293801164,16.865132364379967,16.70146113791459,16.899541336605022],[3.7527862406721098,0.6748991119166697,3.5429599129865297,4.145371084896199,3.97101554411205],[10.081908509089365,2.3437525728462583,10.103605021466384,10.13818309949928,9.926662763282025],[13.837467252227139,13.882931452454436,13.352677335340033,6.293531490618507,11.616600453061928],[7.5494952837961895,1.9952628126852858,6.162130330633518,7.720892306786255,7.7520320711442245],[7.975827825181146,1.954880039986157,7.864553044505802,7.861164050531859,7.963368762790479],[9.688198054078478,9.880081531360956,9.557448187948255,9.910590390683806,10.078260358960915],[4.082016831367403,1.4409535936354734,3.096410751227738,3.614367831726145,4.050939977922459],[10.20353110355151,2.5762452825822146,10.487034869039116,9.107263712135124,10.134306068575173],[14.33042855528981,13.701037600816427,14.305124074235971,14.281857401565544,14.386574667210349],[2.208372498363595,5.33148245669163,4.490114224678582,5.449274261465881,5.419761280810268],[13.023136338278464,4.550398767557744,12.945271419796548,11.454597266451131,12.879908327657189],[18.57078821597529,18.34711730631385,18.450309636105217,18.480203775038056,18.650119896606405],[3.039250551883975,5.474194227486954,3.878601991205196,4.327930563652938,4.884605707861225],[1.9840805014277252,7.263044192025434,7.079138624573628,7.242866023380809,7.1461081020079105],[10.268204195560934,7.538120425498589,10.228980813003146,10.232115299049934,10.002171511144747],[5.20398417972001,1.4811734053016723,3.4726054693238924,3.4717139579032863,5.2617101864305305],[1.573288748913139,7.1920995681365865,7.222044746078029,7.199440416956933,7.205593945076714],[8.595882605037088,3.524333431285826,6.809719088377106,8.736285851793719,8.73839995722965]],"times":[[7013,707,1125,1789,326],[3535,787,247,334,316],[2009,323,336,384,303],[2178,298,258,742,302],[2363,201,325,539,1077],[1016,291,4892,1956,2072],[2902,218,282,1092,177],[1027,466,1585,1230,215],[3017,316,591,340,362],[2894,372,308,676,363],[1173,296,475,571,644],[573,284,249,238,250],[1794,269,1239,227,229],[1117,226,252,180,304],[384,92,119,270,173],[1993,81,994,202,679],[780,134,775,427,227],[1027,64,104,138,146],[1219,211,992,745,1002],[1654,203,207,251,136],[441,240,183,216,215],[1562,215,841,171,233],[723,128,564,2332,499],[591,110,239,213,205],[1065,259,1927,881,316],[767,239,441,240,644],[935,93,114,100,184],[1228,248,284,461,137],[722,133,520,701,789],[1104,89,114,294,134],[979,182,562,157,155],[880,429,989,597,564],[364,34,294,92,66],[890,395,628,484,1328],[657,148,501,1600,228],[315,117,72,150,150],[1274,191,610,215,148],[776,351,318,170,294],[329,155,140,80,128],[1228,206,247,329,149],[814,92,195,453,1073],[335,508,203,91,9],[857,376,449,251,224],[2206,103,359,899,351],[328,137,937,608,161],[721,158,913,207,213],[674,259,252,269,237],[679,123,104,156,56],[1058,168,812,589,228],[519,229,384,317,660],[441,91,136,142,138],[709,117,618,106,82],[858,800,82,318,161],[340,4,312,489,284],[969,205,710,206,364],[701,282,464,214,204],[305,46,406,440,353],[868,293,339,531,463],[454,125,601,349,362],[339,398,172,149,158]],