{"actions":[[5,5,0,0,0],[0,1,5,5,5],[5,0,5,4,5],[5,0,5,3,5],[5,0,5,2,5],[5,0,1,5,4],[0,5,5,5,5],[0,5,2,5,5],[5,4,3,0,1],[5,0,0,0,0],[0,5,0,0,0],[0,5,0,0,0],[0,5,5,0,5],[5,0,5,5,5],[5,0,5,3,5],[0,5,5,5,5],[0,5,0,0,0],[0,5,0,0,0],[0,5,5,5,5],[0,5,0,0,0],[0,5,0,2,2],[2,5,0,2,0],[0,5,0,0,0],[0,2,0,0,0],[0,5,0,2,0],[0,5,3,5,5],[5,0,5,5,5],[0,5,0,2,0],[0,5,0,0,0],[0,5,2,0,2],[0,5,2,0,0],[0,5,0,0,0],[0,2,5,0,0],[0,5,5,5,5],[5,0,0,0,0],[0,2,5,2,2],[0,2,5,0,0],[0,5,5,2,3],[3,5,0,2,3],[5,0,5,5,5],[0,5,5,5,5],[5,3,0,2,5],[5,0,0,0,0],[0,5,5,5,5],[5,0,5,5,5],[5,0,5,5,5],[5,0,0,0,0],[0,5,2,3,2],[2,5,0,0,0],[0,5,0,2,2],[0,5,2,2,0],[0,5,3,3,3],[0,5,3,3,3],[3,2,0,5,3],[3,5,5,0,5],[5,0,2,3,2],[2,3,5,0,2],[5,2,0,0,0],[0,5,5,3,3],[3,2,5,3,0]],"rewards":[[3.2666307438992517,3.435988024945389,6.42566071600982,6.513981901745487,6.473309075946456],[2.897207282697912,7.79895385768214,8.870078570957284,8.76432825407475,8.71631606807869],[12.023489705933537,9.096097620509289,12.29359171476113,6.390058402102431,11.9749304144411],[8.585715729268607,5.622216361853784,8.817650892706029,7.7627801468941895,8.581593843269626],[4.6025756812055425,0.744740496887994,4.465059461587032,2.0707260799969824,4.614763577615392],[13.106046791813469,6.435758082659116,11.440891535977954,13.320507032175817,8.861205913399811],[3.4100630825053053,6.333397352320269,6.274895961192799,6.306243431686589,6.281683303639677],[1.73975293436279,7.2977114563986625,2.2492118105147245,7.323547783109728,7.224441219340579],[13.415436098207033,7.974497627627889,11.128138510066407,5.036345731771491,10.177993637818613],[1.9573266729674874,6.602073976502145,6.655681703837705,6.54831130985843,6.642629304766737],[10.623261423384541,4.2634451723717515,10.562391823214,10.67459987281726,10.738912688840024],[17.22183673018964,6.178434422577527,17.210582437631928,17.214977630249052,17.243394102641627],[4.193017773200041,5.925237119726226,6.018385948196802,4.199333016041979,6.030141565476057],[10.26922198192529,2.8741544504823033,9.963345085764779,10.138644575655913,10.239226974381108],[16.06995849674614,7.057464188708849,15.956862305234651,15.078644770525797,16.01687159369219],[3.9200326960371834,6.341965817454807,6.048434218304547,6.2146231145069875,6.256736843909594],[8.986738501072487,2.5427510829385254,8.916669777251528,8.77452132725742,8.855179894238884],[12.981914072314295,9.04771565162216,12.693924087731911,12.758183112042772,12.667979836288486],[0.4472397777888447,5.151987461284544,5.264084585969338,5.411264855899553,5.229177395635043],[7.783767479168519,0.539940134092438,7.926103432943666,7.901943439084116,7.845333810947565],[8.360155061043722,6.1069012994357355,8.33244052493685,10.354658999826869,10.443570691329409],[7.397067329215301,6.286259314442318,9.537924419648192,7.49654058143925,9.424331541840075],[5.070424162187482,0,5.114638345104507,5.230288893508527,5.005670998609466],[14.51314430977414,12.17063162327313,14.469852996832984,14.67990918395443,14.72340549611087],[6.903951778728104,4.528620443406634,7.0050834256004535,6.101548104988229,7.222245023196967],[0,5.119930903899282,4.834894860441106,4.986787385369846,5.059026867129081],[9.709238606630466,6.887002792677582,9.790934700441026,9.571728624222493,9.61935777132428],[3.922281446045005,0.8577127677006287,4.070764659627365,3.2121543911369392,4.0055583664871275],[9.951780360453801,2.2472254963388525,9.793358734012223,10.106197028313675,9.94964147877287],[13.850254518271266,3.06370373714101,13.428464946205755,13.840370665219263,13.377405798603087],[5.085298523986526,1.979653868869933,3.2007789873330488,5.183443054592635,5.078309981168078],[8.668996177723594,3.7898144335339383,8.771578030349868,8.865725484937798,8.590815814048895],[13.869991990265124,12.045847233546912,5.59012743632914,13.591822865236942,13.62679536362233],[4.082181275196348,6.702101737281229,6.60926758371656,6.622709466555075,6.5829282605018085],[4.253112100357884,10.619552659630322,10.411892151906608,10.414111523956718,10.640686339153763],[14.60262708075331,14.729605804760313,11.175629671800563,14.942627580180876,14.913832800438229],[4.675824164450755,3.8290357982563488,3.371406237147173,4.67132940135629,4.674443092596244],[0.7996902177632439,3.299002530091202,3.344270848866228,1.2276056395051083,3.48825551118899],[6.833222476033017,6.702777441568584,5.4097568590565945,5.024716520135747,6.835325228572059],[7.96559673887129,4.455796733441052,7.921248859644984,7.930681635182358,7.833120114763982],[2.6807192537735776,6.07942059146358,5.983732248840486,6.002225198375967,6.1014450417565715],[14.060512642637548,12.581134208431468,7.307735076963206,7.8890243794006425,13.773979347359763],[3.209240914065013,7.045431835416523,6.892321767803584,7.085216341540581,7.228075772450628],[5.365382977678256,11.575514548084765,11.627123424056485,11.57210635113382,11.675079264253677],[14.714501150270154,12.42516456556887,14.575187947787052,14.7038926748592,14.757426952911374],[5.633070129918837,0.06993621103036107,5.631388374585024,5.587825524593468,5.635196464547631],[1.3357013748792843,5.163725401838385,4.964599449001325,5.061660533730512,5.006112084963245],[4.943148592600513,6.792937247690594,7.469836135389818,4.658845167218986,7.200015818248334],[3.514277419494523,1.4969484699928208,4.038584393903288,4.0041493105476835,3.9272316882765588],[5.950868737143371,2.0976417025824268,6.1893206966117935,6.315805758198043,6.199143285587706],[10.08506730160612,3.5942921796094813,9.960472564100836,9.9476980345997,10.000734607160183],[2.102858502575179,4.841462549262529,3.122424823511568,3.350546543242936,3.1722226042665986],[1.986410817574916,7.143189503731424,7.892187636056092,7.982529057325202,8.010066916362804],[11.18541238880421,4.826881783821004,4.0371944400006,12.150030384964378,11.217554971476583],[6.28627556154764,6.438779996203165,6.566456390611904,5.009363509580285,6.441768279296149],[2.348223089935022,4.553281853862463,4.709320319100345,1.2204553248951289,4.875521081446988],[10.40242040040206,7.448280316726601,8.616435797700607,9.538962163256137,10.366453851243204],[0.926980148993712,4.643219269588898,5.301795303496399,5.426767078112295,5.246485406673718],[3.8644794617469134,8.575214147252662,8.780015897726454,9.07384304265078,9.121755952328412],[12.178928240415566,7.93205576649785,9.486780256248268,12.166808093581702,9.01815426273054]],"times":[[8563,1340,2040,319,363],[2107,377,618,68,2],[1362,781,415,218,206],[1880,597,259,1218,33],[1395,542,497,731,388],[1142,534,439,423,132],[3104,513,261,94,1992],[886,537,841,207,8],[1072,439,310,669,89],[1303,623,98,255,145],[933,450,90,101,97],[1019,323,156,21,97],[896,389,884,205,72],[1320,359,124,55,13],[970,1009,72,456,33],[1022,165,60,163,140],[809,197,25,115,61],[574,367,54,55,124],[699,283,125,122,116],[898,264,97,76,151],[902,263,82,338,42],[934,364,732,257,8],[426,129,94,58,190],[945,340,23,28,127],[688,309,243,263,392],[885,144,445,71,41],[916,363,312,280,231],[722,289,147,565,29],[615,305,300,29,212],[588,149,289,270,279],[633,228,268,134,275],[526,278,84,79,43],[865,293,18,274,44],[482,246,179,133,112],[885,452,18,141,56],[1018,138,896,233,386],[990,244,120,418,106],[485,206,125,870,370],[1115,259,297,248,162],[1070,348,50,150,113],[539,13,130,165,3],[562,529,402,173,414],[736,248,214,205,17],[650,383,98,32,151],[399,221,36,130,149],[705,206,256,54,44],[606,110,65,1,129],[521,381,371,458,11],[563,202,1195,330,225],[591,309,208,219,110],[430,184,162,351,214],[484,205,320,125,245],[619,259,324,72,47],[647,243,282,82,71],[774,403,234,377,151],[717,288,274,378,284],[486,295,19,506,127],[613,93,252,411,154],[478,315,231,306,154],[909,216,231,106,836]],