{"actions":[[0,1,2,3,4],[0,1,2,4,3],[0,3,2,4,1],[5,0,4,3,2],[0,5,4,3,1],[1,4,5,2,3],[0,5,4,3,2],[5,0,1,2,3],[4,5,3,2,1],[0,5,1,2,3],[0,5,4,3,2],[1,3,5,4,0],[0,5,1,2,3],[0,1,3,5,4],[0,2,4,5,3],[0,1,2,3,4],[5,4,0,3,1],[4,2,0,1,3],[1,3,5,4,2],[0,5,4,2,1],[0,2,4,3,5],[0,5,4,3,2],[5,0,4,3,1],[1,4,2,3,5],[5,1,0,2,3],[0,1,5,2,4],[2,4,0,1,5],[0,1,5,2,3],[0,1,2,4,3],[0,1,4,2,5],[0,2,4,3,1],[0,1,5,2,4],[0,2,4,3,1],[0,1,2,3,4],[5,4,0,3,2],[0,1,2,3,4],[0,1,2,3,4],[0,2,4,5,1],[0,2,3,4,5],[5,4,3,2,1],[5,4,2,0,3],[0,5,4,3,1],[5,4,3,2,1],[5,4,0,1,2],[5,4,3,2,0],[0,1,2,3,4],[5,4,2,1,0],[0,1,2,4,5],[5,0,1,2,3],[0,1,2,3,4],[0,2,4,5,3],[0,1,2,5,4],[0,1,2,4,5],[5,4,0,2,3],[5,0,1,2,3],[0,5,4,2,3],[5,3,0,1,2],[0,1,2,5,4],[5,4,0,1,3],[1,3,5,0,4]],"rewards":[[1.0605554128153964,2.1188402564199955,3.0567826268611156,3.3899058350983666,4.660524997482995],[13.04339528595134,4.950749358273801,11.795917023413562,13.022580299585847,4.8414955573429195],[14.111886254418975,8.228838348850445,14.935024139640774,17.497126994440045,6.910676602931996],[6.200772843287681,2.6388465462541824,6.104588277904362,4.502100775702586,5.273571324808086],[4.312145536177517,10.026740045477558,4.409160215620619,11.253862903934056,10.427531990089227],[13.679810226690455,10.382671034095916,16.1076432470211,9.00742806405093,16.096147719192064],[2.910748600328872,8.424777024458185,7.392274763178784,6.637703254984079,5.2353772433629695],[2.4816669218287393,9.844719286002087,2.1829948249296867,9.116624467633432,3.615037109284902],[16.485330946621684,10.803716103973358,10.202103300647975,14.087415140730592,6.418278381546063],[4.5946824892559786,1.6898978693170188,3.0171872474221435,3.897672925991682,2.166138000817122],[3.8717308918033866,9.64343991117384,4.154269722628347,8.567743895246368,3.4669241886799944],[11.208897502451356,10.621591692753872,11.132805897696038,6.050663261485036,8.346704211899837],[6.000214555274306,1.7394696074021752,5.763253388708355,4.075772924809221,3.112904113167841],[3.1413146515668746,7.765050595322861,7.055885184042728,6.947410723496234,2.6322838726134576],[9.120614751858472,6.761782681214835,4.54670705148701,8.538505172438798,10.125772753987553],[4.939107746728491,5.591219172568226,6.693731721803,7.216156214279728,7.618163868086652],[2.096949082073672,0,0,2.911345003354171,2.2050869957792147],[6.623269064786207,8.003644548937512,4.870542002615644,7.90586058622809,10.371290969398048],[2.7489075567987125,4.5068269596975705,7.39648140808036,6.392360299348008,3.1960304701299616],[1.5511212918182506,5.0404132887368,1.6981724186700673,1.8634243750503974,4.791425942471567],[4.155447933046747,5.306616209528748,8.017840662131187,10.63298965935833,12.483408337298087],[3.1919311651433153,7.555949047295722,7.245238531562742,6.592694093351666,5.196121554619218],[4.104879701164699,1.4413289536360545,1.8200755699592075,4.667594493360049,4.514305988201387],[9.638745381849773,8.997622443648227,6.592799911110695,11.393071774553617,11.69748473566831],[3.134633592466057,6.011894884908578,8.162295983639066,5.561945127945068,4.548444544300748],[5.128860461886586,0.994241795691186,1.107240235083637,4.758370208728084,5.074443775601042],[10.254156930722916,9.103978214683153,13.449735872183938,6.704483326925182,4.255219167597721],[7.616841671305498,5.039172833236066,1.6641348750411054,3.7683368483489885,2.693765019123945],[9.712902360963152,4.191965716975585,8.639741307898642,9.577904869777184,3.9723477702332115],[17.119946401250587,9.21067099861114,11.730589554329574,12.425812525039449,5.511773912277597],[9.173507900156652,7.170407432398219,5.781816449544762,5.901051098465743,7.458144599477362],[4.890544191364885,2.44206143481704,2.4844423078119706,4.910438723091956,4.584811005390525],[13.825165150268772,11.957324702170894,10.239582809836788,7.510532483070356,10.15950512946136],[5.68340764392207,5.263054163694414,4.406515856863933,4.060905647042239,2.4690901873664006],[5.204398142798561,2.9001087590606516,1.8002802463780705,5.762567591615463,1.688333544539748],[7.647710133892538,10.956665152410617,6.185264073465873,9.887041650036807,4.86844456875584],[5.59227661627572,4.488491939799926,4.556071314586145,2.5431464219751723,1.7411131178218304],[5.189833172777577,5.606876372062059,5.789999808110367,1.437541722454308,0.9147667850332102],[10.882887144699072,10.013126392993762,3.1308102369857207,7.256256331717961,2.009006684926031],[9.086231103029732,8.27112513728978,7.12099461168301,6.44544437416002,5.747185771168299],[4.596700204636541,10.672793133925781,11.267575975016277,10.627347029060841,3.9900524544030045],[15.147310455599078,13.820004030699195,18.98152037318807,11.012980140335085,9.732289509932789],[7.731457844168407,7.265358649467048,6.028283168276817,6.893193238372675,5.826418162614977],[2.910450141358636,5.3443773494885045,5.790613573082554,1.5285423152336253,5.822665858102343],[10.710720063862116,12.722027274398146,7.464310497046048,12.737870184301395,10.40298432276957],[6.717874085544112,5.0483782768419285,4.139308358183104,2.944684017048938,2.2421979639247467],[8.861968561124144,4.027936563674488,4.145812178007454,7.43002359514879,4.061574796440768],[10.682371145283032,12.565530447152064,8.062029707740892,6.239786080928351,10.943513075464057],[1.5841982939988701,5.309826977546031,4.798208061081248,4.267316562023281,3.5489444359487305],[4.435479046948689,2.8971146524047775,4.3507616484225125,1.4571492117236338,4.778160575819784],[9.858388065786707,8.47764527744707,7.834713536564684,2.921415027243713,5.115034217709701],[3.9881151167003726,5.464477897182609,5.612810180522546,8.12666072160146,7.2655288093414905],[11.027797222651175,4.882670962819934,12.186497210251378,11.901819691792687,5.3518162591704455],[13.40623082629517,19.117671337539832,14.804787497783023,18.094004226618583,11.75660646738139],[2.724136400840551,7.460506902063605,5.813430112438382,5.643943396252844,4.403811225728166],[2.8830723215074,8.837288267612243,2.5161219884004726,2.7119060746002743,8.946888169639326],[11.374799661974588,13.406551874921803,10.450061657678834,14.333565248995086,8.349139553321919],[4.263548937303096,4.342840843177398,5.438753467424809,6.554814449264613,6.960807121105741],[6.724764945041729,1.8061691656502148,2.1245651657462807,6.577325401310965,6.999159146444918],[10.789040471255248,13.002656770853115,13.477073026268336,6.253224732847601,8.840402517977347]],"times":[[27556,3784,2127,1721,532],[5053,531,710,1847,3009],[3374,3508,1425,1624,2523],[3254,1137,1663,1126,1999],[1560,505,800,484,1320],[1877,886,755,2145,2142],[1706,669,1067,834,2245],[2173,1289,1129,1232,1345],[2976,489,1099,954,1009],[3387,928,1310,346,1113],[2287,708,1747,771,1549],[950,672,832,927,1806],[2246,702,1219,926,945],[4599,884,2482,713,976],[2018,2212,1134,244,839],[1727,955,383,869,305],[1067,1429,790,1542,940],[3380,1029,1117,1100,801],[4284,1183,609,1063,848],[1410,869,491,956,599],[3378,1003,764,944,696],[4006,770,659,602,1147],[993,761,313,2473,706],[1144,883,1632,561,735],[2734,2158,771,1309,647],[716,690,584,1895,562],[916,348,324,517,1549],[1469,614,1474,475,1012],[996,642,464,2455,1832],[707,227,949,1216,665],[6126,1027,1067,1051,1542],[1620,999,795,1424,662],[687,902,781,414,705],[1515,338,796,1193,1771],[3546,780,528,1527,932],[674,853,893,836,327],[990,117,109,1255,571],[2386,835,743,2387,886],[848,626,548,350,731],[1436,265,610,1405,83],[1070,351,2605,904,1753],[1765,2181,329,494,1499],[3405,570,522,1910,203],[2631,379,1158,471,1012],[5224,799,858,1324,285],[3061,285,652,859,1181],[1015,195,1577,1144,659],[730,30,841,852,1147],[6052,905,259,737,486],[1396,364,1081,2243,823],[761,314,239,800,1997],[3663,982,758,1249,381],[1361,1033,828,1075,1292],[1654,1055,1445,831,592],[4761,703,704,580,1720],[1582,1197,624,1270,1307],[1120,822,391,1692,541],[3460,572,1186,1481,707],[1798,639,596,426,960],[1421,669,995,440,737]],