{"actions":[[2,5,1,4,1],[5,4,3,3,3],[1,1,5,1,1],[2,2,0,3,5],[2,0,1,1,2],[5,2,5,4,0],[0,3,0,5,1],[0,3,4,4,5],[1,0,5,2,2],[3,2,0,1,5],[5,0,4,1,1],[0,0,5,4,4],[2,2,2,0,3],[3,4,2,2,3],[0,0,5,0,0],[1,4,4,0,0],[5,4,3,3,3],[0,3,0,5,3],[4,1,2,5,5],[1,0,3,1,5]],"rewards":[[8.813634316007308,10.135939105491955,14.145533966988568,6.027929774858869,14.231384610942607],[9.618839316969016,2.77448780030654,10.127740328588752,10.090581621038435,10.17581476631529],[12.710137710438397,12.800212097124872,9.533829605747211,13.05018713876019,12.962148908401677],[18.497314748623154,8.394013998534888,10.882286603871634,10.057148852068911,9.926875541753613],[8.919415937779524,6.2299705945012525,11.341143628914862,11.511105029633908,9.080558368227415],[13.019145600010958,8.98770283033854,13.215377169226448,8.736429939849526,3.5753722482893653],[12.139013963863109,5.8371858085499895,12.019393898707502,5.114248866787809,6.184457278112146],[12.573783569862147,8.255309324094194,13.739445966170026,13.600660146173583,9.05400249776672],[6.20065463957404,12.57710886682991,10.948500729611945,14.188480770562913,14.316921326968664],[8.06322456132374,5.025714196622419,3.0625681458178513,7.73156733654206,9.833305599488531],[9.928671284671115,3.1536423749476463,5.279803972704518,7.5667918952029805,7.554858070823739],[7.829908202388318,8.040490504566048,8.487324029253582,12.26436970387987,12.309684829198307],[10.916714894831228,11.050734816907298,11.00818105210072,7.8924643086439055,6.775908621769022],[9.41503818638399,4.586789470523501,2.9914975827108683,3.1697277935580184,9.670889253185685],[12.1611955338003,12.195926296640646,9.771804870768486,12.346505471785658,12.402385192229431],[10.955718292623944,14.294312939673521,14.26496332902244,19.276495301161088,19.35784766021952],[6.906870424247359,14.27322989188836,10.442950386000067,10.220812469181787,10.35409235103457],[12.148576425041544,6.191670148259975,12.131339315380115,3.7582968756043345,6.063145810539532],[8.37517020479579,8.312969640339483,5.7625243524459435,11.094160993040695,11.184721668673225],[8.246004156278868,3.6016494372115,9.382368032225195,8.238332398422857,11.316301080189744]],"times":[[41416,2493,2084,1641,1376],[1449,1252,2750,877,1265],[1427,818,622,381,2056],[1066,443,656,1282,2645],[5947,1488,66,323,1911],[1417,713,318,2284,2004],[2662,1192,480,510,1328],[1549,1113,127,381,32],[1269,633,351,837,525],[1151,1272,910,533,560],[3234,371,135,106,14],[1225,268,880,240,218],[2741,390,554,1874,373],[2977,54,899,422,1334],[3310,371,77,481,755],[1649,817,553,725,636],[1138,825,4177,418,159],[1056,94,256,218,439],[1624,504,466,342,399],[1698,68,1154,329,265]],"condition":[["negodd"],["negodd"],["negeven"],["negodd"],["posodd"],["posodd"],["negeven"],["poseven"],["poseven"],["posodd"],["negeven"],["poseven"],["negodd"],["posodd"],["poseven"],["negeven"],["poseven"],["negeven"],["posodd"],["negodd"]],"envs":["envs/add/negodd/negodd40.json","envs/add/negodd/negodd42.json","envs/add/negeven/negeven89.json","envs/add/negodd/negodd57.json","envs/add/posodd/posodd0.json","envs/add/posodd/posodd4.json","envs/add/negeven/negeven7.json","envs/add/poseven/poseven65.json","envs/add/poseven/poseven82.json","envs/add/posodd/posodd90.json","envs/add/negeven/negeven20.json","envs/add/poseven/poseven55.json","envs/add/negodd/negodd50.json","envs/add/posodd/posodd49.json","envs/add/poseven/poseven10.json","envs/add/negeven/negeven87.json","envs/add/poseven/poseven64.json","envs/add/negeven/negeven72.json","envs/add/posodd/posodd52.json","envs/add/negodd/negodd93.json"],"money":"3.87","age":40,"gender":1,"hand":0,"experiment":"noncompositional","instcounter":1,"subjectID":"615f916268c85b7438784ede","studyID":"6166d7c29bb8f43a7dce1c8d","eval":[["poseven"],["negeven"],["posodd"],["negodd"]],"regrets":[[5.547961235046387,4.134085655212402,0,8.326570510864258,0],[0.7280797958374023,7.737826585769653,0.3623666763305664,0.3623666763305664,0.3623666763305664],[8.727579116821289,8.727579116821289,12.14481258392334,8.727579116821289,8.727579116821289],[3.1172523498535156,2.9703311920166016,0.47197532653808594,1.2243671417236328,1.6373720169067383],[4.743781089782715,7.407693862915039,2.3591346740722656,2.3591346740722656,4.743781089782715],[0.5694618225097656,4.743781089782715,0.5694618225097656,5.068769454956055,11.00931429862976],[0,6.072149276733398,0,7.088634490966797,6.203803062438965],[0.9702587127685547,5.611722946166992,0.05614948272705078,0.05614948272705078,4.768852233886719],[10.212286949157715,3.8358154296875,5.642814636230469,2.3426055908203125,2.3426055908203125],[1.6746139526367188,4.65846061706543,6.681504249572754,2.153247833251953,0],[0,6.681504249572754,4.539329528808594,2.153247833251953,2.153247833251953],[4.29633092880249,4.29633092880249,3.7004966735839844,0,0],[1.2547054290771484,1.2547054290771484,1.2547054290771484,4.29633092880249,5.495063781738281],[0.8391523361206055,5.88972282409668,7.241622447967529,7.241622447967529,0.8391523361206055],[3.220564842224121,3.220564842224121,5.883946418762207,3.220564842224121,3.220564842224121],[8.356224060058594,4.791220664978027,4.791220664978027,0,0],[12.151710033416748,4.791220664978027,8.81123161315918,8.81123161315918,8.81123161315918],[0,6.054265975952148,0,8.333234071731567,6.054265975952148],[2.847921371459961,2.8995656967163086,5.502551078796387,0,0],[2.8995656967163086,7.51461935043335,1.9308786392211914,2.8995656967163086,0]],"maxrewards":[14.334716796875,10.43156909942627,21.64248275756836,11.306173324584961,13.762589454650879,14.661672592163086,12.147457122802734,13.700996398925781,16.514808654785156,9.780780792236328,9.780780792236328,12.226438522338867,12.226438522338867,10.382583618164062,15.50332260131836,19.13840103149414,19.13840103149414,12.190908432006836,11.182873725891113,11.182873725891113],"bestoptions":[1,1,0,1,3,5,0,2,4,5,5,4,4,5,4,0,0,0,5,5]}
