{"actions":[[1,1,1,0,3],[1,3,4,1,0],[0,0,3,3,3],[0,1,2,3,3],[0,0,5,0,4],[0,0,1,0,0],[3,0,1,4,5],[4,0,2,4,1],[1,1,1,1,1],[1,0,4,5,3],[0,1,1,1,1],[1,1,1,1,1],[1,5,0,5,4],[1,0,4,5,5],[5,5,0,5,5],[5,0,0,0,0],[0,4,1,0,5],[0,0,0,0,0],[0,4,0,1,0],[1,0,5,4,3],[0,0,0,0,0],[3,0,4,0,1],[1,1,1,1,1],[1,1,1,1,1],[1,5,4,0,2],[0,4,5,0,1],[1,0,0,0,0],[0,0,5,4,3],[0,1,1,1,1],[0,1,1,1,1],[4,3,0,0,0],[0,0,0,0,0],[0,0,0,0,0],[0,4,1,4,4],[4,4,4,4,4],[4,4,4,4,4],[4,4,0,0,0],[0,0,0,0,1],[1,1,0,0,0],[0,1,2,5,5],[5,4,4,4,4],[4,4,4,4,4],[4,1,0,5,5],[4,0,2,5,3],[5,5,5,5,5],[1,0,5,3,1],[0,0,5,0,0],[0,0,0,0,0],[0,1,2,4,5],[0,2,4,5,5],[5,5,5,5,5],[3,4,4,4,4],[4,5,0,2,1],[4,4,4,4,4],[4,3,3,3,3],[3,4,5,0,1],[3,3,3,3,3],[3,1,0,3,3],[3,4,4,4,4],[4,4,4,4,4]],"rewards":[[7.089209443151599,7.0309620268693305,7.052122284812982,8.03642027596381,7.637373070882774],[8.718587428049249,8.604521126441348,1.5406993984498523,8.689106701587857,1.8530968128486731],[9.967937148676405,9.909118587638805,16.157215922441452,16.13980053941687,16.157814763908725],[2.6051087556989154,2.0891768283421133,3.165898225282283,3.9619012773804267,4.080266658567464],[6.455980440697592,6.4737599892143844,0.07513286427048543,6.511598009623066,5.9409925086973026],[9.285295552249954,8.988353496741887,2.4840395785113416,9.073679876806246,9.10616458115578],[3.7516101796842465,2.2707237139124707,3.0144589905404526,4.032553856779216,4.640177459911278],[1.711785863492274,0.16824475174006107,0.9051406312086057,1.7892084808910538,7.528790122328636],[10.487968767028224,10.457501085755172,10.57917261997601,10.655709863810145,10.67078471846422],[4.75120084610179,3.581257253562729,1.224548187422451,0.15841662402115445,1.9156437914568036],[4.279498767702767,10.974004539283452,10.958744254381278,11.062721799824178,11.079263600381704],[15.806871247455227,15.715490349211988,15.728990391919535,15.576667017105043,15.6144839090451],[4.660786335377986,6.391389434793037,4.166042869582786,6.520895420261386,5.668760667452641],[6.149760662420008,1.856904976925246,1.4857321912701988,6.262042126404389,6.131554874510914],[12.719932615611755,12.658648072007535,5.754275792536344,12.597739011668677,12.522192757894942],[5.708514045936162,9.365624905784214,9.47246204162833,9.341816397786813,9.42393867305506],[7.813251020576685,7.739420586896757,4.191851678794207,7.916181858481456,3.168089276147797],[17.22443606961516,17.262245933142296,17.295821442652564,17.191630943538843,17.081656410468682],[8.39406607732193,6.23018423424842,8.271225308602315,7.855897274481012,8.332181284418752],[4.087790682085897,0.8670261972664494,5.246947045353708,0.09014878794632104,4.651069386751358],[9.0786730186781,9.218903617283333,9.056496312204224,9.053927037378763,9.30569516111368],[2.606110723567511,4.437257596760682,2.4165092106132384,4.591308020174248,4.146479978922904],[12.589683404447253,12.423951779766679,12.45568183300353,12.443082710915997,12.474333809271094],[16.601762654946338,16.539478394592425,16.610759064563165,16.70346583703395,16.576564345253527],[2.6238931555165106,4.417410597306463,4.893747266986386,1.596557559678047,2.905895824613107],[4.718666992217191,4.517256691345705,0.4472031920848103,4.782565294772624,1.8830238610522279],[4.368665519899904,6.550073629732443,6.392395489998214,6.398480082711513,6.43693604413747],[1.0269779165562491,0.8390666294239024,3.9133862217908577,4.145295800652589,2.37275763022397],[1.6589431790085742,6.882349245742134,7.026919475094015,6.755649301802932,6.864629968802703],[2.5696697096868726,8.589636285721719,8.636891635103822,8.42791810130246,8.487844726862736],[4.177123921802324,4.6530574046973285,7.126630791923725,7.276187428651536,7.130842704800335],[9.002644515194715,9.113419121872118,8.886650316786817,9.084893954174596,8.980106117867933],[16.309874262949755,16.560223642063765,16.445861209317165,16.482812564317932,16.58138918869524],[1.3151292554554053,5.81424170975948,2.666814641672524,5.735026135339032,5.8445982649442545],[7.368766028002406,7.084795574185537,7.040661682512335,7.011260393183331,6.946792682579974],[13.200404280442285,12.94720756580637,12.980400452038118,13.052317841058741,12.903092339414224],[4.135992104667248,4.062942474573362,7.356889052425324,7.175892076755688,7.223608534283519],[7.327492160553965,4.977116652853549,4.925541071836796,4.830285680505146,0.21556523622140605],[7.2957864019487655,7.151941221634935,12.327676450459998,12.073006784047106,12.106134556566984],[3.846510188394772,3.7205948867797467,4.916916931246936,6.128899450576732,6.1701937553575545],[2.859046255307846,8.605276109488265,8.414734998597611,8.465054995398138,8.344471156689783],[13.679721384307063,13.744216141674944,13.665870114590362,13.528818089185139,13.61997145773039],[3.822303068257332,2.854058312812627,1.4954494635059565,4.444230934430481,4.364540863994924],[0.7672974632080601,0.43008968745963144,1.080275814863819,5.351533658179079,4.908520226466037],[9.512116646213675,9.493260120477107,9.41151627385248,9.5990148146311,9.57150117760953],[4.233599653007973,5.6579212471612355,1.4046935170271664,2.6576776822045316,4.093961130905161],[6.914605398469428,6.921633764529596,2.264821033422225,6.923304723183754,6.968778268331223],[12.484013153580365,12.60290365202821,12.393475997570544,12.433682529002207,12.544855285770417],[4.325004957739707,3.5802135299984763,3.12882630518255,2.3173266353740756,1.5027940047991746],[1.3771181166091868,0,0.3318837471578412,6.8570928001332385,6.794657641087746],[7.898348740535326,8.117274732933724,8.050968211187714,8.124246528590618,8.096916970611513],[5.19228288594336,7.494174490315738,7.443318045874577,7.471693615406127,7.404604257532969],[1.509926994176533,4.304662092022919,0.45240793379266286,0.9310656061495338,4.229640840894108],[8.798796474928492,8.968412087351334,8.886154613750005,8.95342342221689,8.854295316330008],[5.77534968179216,7.238524041331999,7.300543250784701,7.253814838275876,7.355225233945043],[1.982026477747021,4.306031231952382,0.5960663862927732,4.322351601781219,0.8528809266120696],[9.274740425104548,9.242393091615865,9.091173643250592,9.28812087098596,9.42716720120848],[5.284450656175859,2.6797505178265375,1.8758897518850357,5.1702022864315955,5.3099425226945085],[4.120625263408539,9.453915129935652,9.4324793528037,9.3913544273751,9.350390414285746],[14.279511006762302,14.334390689040527,14.36945474117607,14.375624350614743,14.36137298859524]],"times":[[154156,15045,3672,1341,5301],[64282,3888,2866,1489,1177],[13226,1138,4676,110,3484],[15106,1841,129,786,476],[10554,894,2265,709,1458],[6425,776,1388,425,480],[13802,493,694,1809,1278],[3729,325,708,687,507],[3754,657,733,510,767],[3784,133,181,106,58],[7105,160,281,88,91],[7073,70,652,372,336],[3121,212,374,109,202],[6042,412,698,553,667],[3808,716,440,238,169],[4368,135,235,461,2014],[6506,244,356,12,70],[5441,273,139,180,380],[2905,103,340,63,673],[3560,13,347,133,116],[3495,326,183,792,1975],[14570,166,146,1005,168],[3474,277,20,245,415],[2714,147,241,76,119],[3872,249,146,42,617],[8360,635,495,510,353],[4722,99,234,277,515],[5411,38,145,234,3],[5385,279,508,371,377],[6504,266,281,285,288],[3801,344,402,258,177],[3433,230,43,286,65],[2762,87,315,526,130],[2994,1818,1064,29,535],[3554,352,96,209,910],[3825,237,279,74,141],[2735,166,549,109,203],[1002,223,144,181,486],[6787,651,496,194,355],[9491,194,260,462,677],[4377,219,235,91,294],[6360,268,31,41,303],[3410,226,368,394,147],[1962,422,452,111,419],[2249,164,292,341,1402],[3177,128,43,308,233],[3010,345,40,22,245],[1754,270,65,170,205],[1424,523,35,1559,167],[1225,487,2265,92,213],[2906,262,97,94,190],[4626,314,104,174,894],[2322,272,99,167,37],[1930,265,84,139,307],[2848,371,111,159,220],[3936,181,61,147,153],[2192,420,116,235,403],[2122,123,71,198,80],[5313,287,604,213,170],[2777,98,266,304,40]],