{"actions":[[1,4,0,2,1],[4,5,2,4,0],[2,1,4,4,4],[5,3,1,0,1],[2,1,2,3,4],[4,1,4,5,4],[4,1,2,0,5],[4,5,3,2,3],[0,4,4,1,0],[2,4,3,5,0],[1,2,3,4,5],[4,5,1,2,1],[2,2,4,3,5],[4,1,2,1,4],[4,3,4,4,5],[4,1,0,2,1],[4,3,2,5,1],[1,0,2,1,4],[5,4,5,5,3],[0,1,2,3,4],[4,1,0,1,0],[3,4,3,1,0],[1,2,0,1,4],[4,1,3,3,1],[4,4,0,1,1],[4,2,1,4,5],[4,1,2,4,4],[4,1,2,3,4],[4,3,4,4,5],[4,4,0,0,0],[0,1,4,4,3],[4,3,1,1,4],[4,4,0,4,4],[4,1,2,3,5],[1,4,1,3,0],[0,1,2,3,4],[4,0,1,0,3],[0,4,1,1,2],[4,0,1,1,2],[1,0,2,4,3],[4,3,0,1,2],[1,2,4,4,3],[4,3,0,1,2],[0,1,5,4,3],[4,0,2,1,3],[3,4,5,1,2],[4,0,1,1,1],[4,1,0,1,1],[1,2,4,3,5],[1,0,4,4,3],[4,3,4,0,0],[0,1,4,4,3],[4,2,4,3,0],[1,1,4,0,1],[3,4,5,4,2],[1,0,4,1,1],[1,4,1,0,1],[3,4,1,2,0],[4,3,4,1,0],[4,0,0,0,1]],"rewards":[[4.3037806886258,2.434542400020572,4.9108185860084035,3.947148222048271,4.265613947416099],[7.763065420818363,1.6480040980935766,8.894205744894341,7.887974474417274,8.081526978587375],[12.534588319477745,6.479982909986725,10.34615411692619,10.531327712571892,10.377452543646074],[3.328079852028765,5.106249007059605,7.121701104488732,8.730580227483484,7.2017932375067515],[9.678051200002212,2.8389052763116105,9.633181944602546,2.0660200349029623,9.550370553078745],[13.452593535994993,10.226690481209605,13.535324528911557,5.170486964722624,13.39629516016358],[7.411766660144601,6.419701365169265,6.111861169760188,7.052327149367788,8.356545117999447],[3.1592410123424126,7.11676212586926,7.964423646790923,3.1962112208962625,7.849934808319725],[10.053932700317297,10.432443136363425,10.343035343931705,14.541323166277657,10.216496828391273],[5.059123359677688,2.7759256677575426,4.440423085461159,2.262990354211611,5.252788337273993],[10.607673753866887,3.208299900080861,10.454747759925851,3.3471516978250437,9.627976587811084],[5.868517020027479,12.183253011993305,15.505546776520765,8.06292256624233,15.819891555284538],[2.3000668367017783,2.0636006185202485,4.01028259467892,3.436629853840715,5.2330891808118185],[12.046166913705017,4.337319319823352,10.898992526418938,4.457194743780457,12.017051357614875],[15.675131967603903,6.920023065514573,15.702737041807724,15.622871695539448,8.640218912868727],[3.737021473869873,0.9661446344157184,0.24785469400546067,2.564461700012266,0.8840348227034823],[0.4024489630759127,4.490558254392998,1.763494830273412,4.558512568110855,4.871167236735665],[5.88990135659111,0.9734401981348202,4.354557521329273,5.867776635202223,4.186872129865881],[3.979508697406077,5.231526158800632,4.179180446090859,4.066845740762513,6.221873222497862],[4.927523119625554,1.182842677075779,4.600008091617615,1.3191512174559534,5.308937509677461],[10.497332565482866,8.168560299952544,11.814059608867563,8.284973292261675,11.576310502777723],[3.5641028811602897,3.9940501366503796,3.3794823776616933,2.259208972436433,0.6765919904045593],[9.458433940834906,2.9155489916529387,2.6387991790223615,9.462794756509895,2.747511012514545],[6.918036181921091,11.60512145846465,12.400412246828735,12.62316301717454,11.600880244610675],[7.3638352745238524,7.744856615384808,4.496621451163659,5.1794201849470785,5.283229333139787],[6.703134296524843,6.691292064755999,0.17578633504876182,6.540726142912504,0.8996890548463956],[14.177611959496508,5.510360856682483,13.236691610135805,14.254273812253103,14.006605303080516],[2.7186500429722034,4.760796391730124,3.385239174711509,2.6305182600519808,2.616549808338699],[11.377401948040513,3.7974478879178846,11.501481095700393,11.641881039410404,3.8546366795563194],[14.186350710475319,14.265590330308429,16.10891659468407,16.152200280172885,16.189131622719714],[4.603524198788665,5.094977904827214,8.530050091442515,8.585370672544116,8.491951929178253],[7.690818636459313,2.2489672125817353,2.698317433104952,2.8728225720521374,7.533955725027278],[16.205365877629163,16.17681133817185,12.446733008207207,16.23981158710535,16.08150092598873],[2.0252953067273096,2.9577230329136297,3.789009365081657,2.1931614965539983,1.5833292202400255],[8.360134037725276,3.93419302082996,8.23039548292508,8.29362982111674,3.7594538417050662],[8.560967781277684,11.212756913477381,7.349901270496114,10.631385331642033,6.039929730905244],[1.6639915172621933,5.21734041664436,4.585209785875819,5.336862753532629,2.897736868727298],[3.800561388073858,3.3631940476247393,8.49608362904467,8.592179193376102,3.4503064992322403],[5.176596604986738,9.130851017577106,13.435617805398769,13.330202224816054,8.170240461082377],[4.7302833474232235,3.2437868108610144,5.4107212652167265,6.975164407277884,6.706244879814676],[3.0385327047530915,0,2.252025951603579,0,2.5022382005872332],[4.37493660220733,8.159840471336404,9.962860019664234,9.876201272646469,6.493263635641776],[3.738595977096683,3.3673629731600276,2.436224705626778,2.4324789915858127,3.7928964168544823],[0.9732808404411689,5.1610995153300605,5.4618539487861,1.5580970741914446,4.709970804814883],[5.2046311575547115,3.09270265311129,5.164664677664392,7.469555729422493,8.067301244671974],[2.1329406938662316,1.9041117965145726,0.7820800974710987,4.162243909487411,3.784118104588249],[1.9961222070601194,2.3034180779227125,5.981953358763641,6.303062426785893,6.157401087236629],[4.1501391632341615,10.287896498818188,6.505171467986096,10.201378523704188,10.242223596066786],[4.025749833908005,4.429336631563619,5.004950864587838,4.085906756574371,5.493531314869814],[0,6.7919652346211565,7.072303855723517,7.114526284262074,1.0696509417997733],[12.261017508804393,4.872292318611411,12.08498489981912,10.431601421302476,10.642684492011702],[5.194846045545138,5.625744152074101,7.989147382794682,7.9885613548042365,7.757835256434675],[3.297279430140083,2.594196850886547,3.240913500436266,8.192795364599636,3.491793819747903],[13.86586642997559,13.850571371559205,11.078308407864473,8.850887041040862,13.914991798268966],[2.879439783596938,3.891756070479711,2.053413190680509,3.747941421539324,2.907155871735888],[7.436117413769985,1.5557305900380853,1.0325452698793778,7.256109135718869,7.38407648461222],[11.879178947110619,4.970246087277104,11.947827039422354,6.350105308459729,12.233939421692398],[3.52447178041467,1.1569348016106002,2.9603788947629814,3.8247944290601557,5.244455853474323],[8.621337207743816,1.880338720328605,8.623786239918523,2.624295880427306,7.814518947400477],[10.050653264455796,13.073905244308524,13.07193336175361,13.01085060770998,5.718405815180863]],"times":[[9066,2311,2137,2208,2323],[1565,856,1428,1581,851],[2836,935,1289,1200,650],[1906,980,2808,1137,483],[937,369,411,887,282],[1185,814,828,399,644],[1615,1159,1056,768,801],[622,468,2247,871,1822],[1101,508,412,545,366],[1799,657,545,283,872],[857,327,395,232,294],[1426,329,646,331,345],[2739,1070,618,368,207],[1517,735,467,354,288],[1052,727,190,355,181],[959,458,161,335,199],[896,1376,372,348,612],[1631,327,595,398,247],[1252,1808,224,51,1320],[1128,168,220,509,121],[905,425,724,204,444],[9364,374,307,319,241],[877,92,235,8,245],[777,398,440,614,363],[3186,340,681,99,674],[909,538,123,371,113],[919,499,236,164,432],[1137,213,370,311,115],[806,132,55,123,59],[773,401,589,509,346],[958,175,458,380,279],[933,197,239,285,194],[928,308,942,276,206],[668,267,208,321,1422],[790,100,25,125,619],[382,152,122,557,244],[780,534,45,168,566],[561,583,250,560,192],[544,359,278,192,134],[626,137,73,94,463],[771,22,439,183,263],[841,711,490,410,655],[1074,283,338,133,59],[690,141,108,128,65],[603,713,449,188,239],[682,111,193,448,133],[1271,363,82,32,77],[653,132,118,66,182],[573,696,75,659,236],[390,76,200,170,74],[425,75,14,639,876],[436,162,909,494,274],[483,217,638,269,1],[977,478,194,150,150],[747,1,29,21,2136],[1147,520,489,350,229],[533,117,156,101,70],[1110,289,328,79,604],[1393,73,115,678,109],[423,63,138,82,540]],