{"actions":[[0,0,0,1,0],[2,2,1,1,1],[0,0,0,0,0],[2,1,0,1,1],[0,1,2,3,4],[0,5,3,3,3],[4,0,1,0,0],[3,0,0,0,1],[3,4,4,4,4],[2,4,5,5,5],[5,4,4,4,4],[0,0,0,0,0],[1,0,2,1,1],[5,5,5,5,5],[5,4,3,3,3],[0,1,1,1,1],[3,2,5,5,5],[0,0,0,1,0],[0,5,5,3,5],[0,0,0,0,0]],"rewards":[[11.158900928694404,11.046650591136617,11.107218821427466,7.040853334936905,11.11048365413508],[12.137782469910412,12.218068997513189,19.378440000729604,19.155120352681806,19.307302157754503],[13.002641043535856,12.845572437387407,13.340059889552332,13.150604359280788,12.911666488628159],[9.682947606428245,14.159328789906182,6.609455375380331,14.182471072927608,14.136517307622182],[1.6727889917295382,6.773438416702897,4.542544083290787,10.04238707247479,3.9763867552441186],[5.016813208269628,6.880908741816943,7.32369733006313,7.338300170032291,7.4832668706491905],[5.272285331939866,9.818743003181886,5.822407258098351,9.62560093233493,9.781512203594781],[4.007936384599007,9.6343188074228,9.61127726987941,9.411876236368695,5.784452820479795],[8.186369671212372,14.36904803776881,14.36361287494189,14.485055283851832,14.684326916150352],[5.066158782673017,6.602143260787616,12.473329972846177,12.28255611586872,12.240479885990544],[8.354202309083972,13.105106343412976,13.242052331311482,13.025330460272404,13.158605500185077],[12.137772299463526,12.151285667077545,11.928759401866856,12.223019360811596,12.10483125754802],[9.368333916141802,5.987168179085193,8.128501554353925,9.72169013153281,9.611856351679915],[13.331540437605668,13.155177381476502,13.318963320701128,13.363741394099184,13.323296919854846],[10.422022122020168,7.04961046047178,12.249517470510254,12.310528663310668,12.339725229936052],[7.771775956606376,10.9051333318987,10.761038656934463,10.771242322558154,10.662329787544017],[9.436170880786554,6.557927443702904,12.440740760668778,12.329694917777942,12.362483028881897],[11.094008577383937,10.761280867713088,11.043558056277892,7.341183910715716,10.927600756428967],[5.314573782261766,7.836090416612385,7.819602836315878,5.391560412004277,7.889814132838818],[7.968064770731823,8.198394148357623,8.232202902723541,8.023073389383052,8.140480213519245]],"times":[[15670,447,298,266,99],[3777,416,1079,336,865],[5029,2010,2006,791,950],[22432,926,619,185,306],[3233,578,330,2646,933],[1651,1012,912,259,137],[2409,953,495,281,25],[1865,478,737,384,434],[1753,625,816,330,97],[3409,320,382,249,103],[2305,1663,254,104,65],[2722,355,310,279,136],[2249,890,536,200,136],[5490,276,85,92,47],[1841,1799,369,187,109],[186890,828,211,100,109],[3074,1853,391,156,36],[3851,543,273,544,109],[1994,375,584,345,529],[4219,231,103,52,18]],"condition":[["poseven"],["negodd"],["negeven"],["posodd"],["posodd"],["negodd"],["negeven"],["negeven"],["poseven"],["posodd"],["poseven"],["negeven"],["posodd"],["poseven"],["negodd"],["negodd"],["posodd"],["negeven"],["poseven"],["negodd"]],"envs":["envs/add/poseven/poseven44.json","envs/add/negodd/negodd72.json","envs/add/negeven/negeven2.json","envs/add/posodd/posodd71.json","envs/add/posodd/posodd27.json","envs/add/negodd/negodd33.json","envs/add/negeven/negeven21.json","envs/add/negeven/negeven23.json","envs/add/poseven/poseven22.json","envs/add/posodd/posodd28.json","envs/add/poseven/poseven26.json","envs/add/negeven/negeven7.json","envs/add/posodd/posodd99.json","envs/add/poseven/poseven50.json","envs/add/negodd/negodd5.json","envs/add/negodd/negodd62.json","envs/add/posodd/posodd39.json","envs/add/negeven/negeven36.json","envs/add/poseven/poseven96.json","envs/add/negodd/negodd95.json"],"money":"3.97","age":30,"gender":0,"hand":0,"experiment":"noncompositional","instcounter":1,"subjectID":"615f1a91b5e4f2bb9e0d306c","studyID":"6166d7c29bb8f43a7dce1c8e","eval":[["posodd"],["negeven"],["poseven"],["negodd"]],"regrets":[[3.1209897994995117,3.1209897994995117,3.1209897994995117,7.179971694946289,3.1209897994995117],[7.006635665893555,7.006635665893555,0,0,0],[0,0,0,0,0],[9.7423095703125,5.262600898742676,12.821504592895508,5.262600898742676,5.262600898742676],[8.399717807769775,3.4025392532348633,5.534070014953613,0,6.128732204437256],[2.1862168312072754,0.45217275619506836,0,0,0],[4.180817604064941,0,3.7891950607299805,0,0],[5.5102667808532715,0,0,0,3.8593263626098633],[6.297689437866211,0,0,0,0],[7.299603462219238,5.805342197418213,0,0,0],[4.543689727783203,0,0,0,0],[0,0,0,0,0],[3.4203262329101562,6.938632488250732,4.835573196411133,3.4203262329101562,3.4203262329101562],[4.546918869018555,4.546918869018555,4.546918869018555,4.546918869018555,4.546918869018555],[2.4576168060302734,5.840158939361572,0.528935432434082,0.528935432434082,0.528935432434082],[3.022627353668213,0,0,0,0],[2.869622230529785,5.749683380126953,0,0,0],[0.2777900695800781,0.2777900695800781,0.2777900695800781,3.775418281555176,0.2777900695800781],[3.3113951683044434,0.8233108520507812,0.8233108520507812,3.1817469596862793,0.8233108520507812],[0.7743635177612305,0.7743635177612305,0.7743635177612305,0.7743635177612305,0.7743635177612305]],"maxrewards":[14.286161422729492,19.16537094116211,13.10365104675293,19.42831802368164,10.131832122802734,7.328769683837891,9.613212585449219,9.646987915039062,14.469902992248535,12.302206993103027,13.112540245056152,12.147457122802734,12.966524124145508,17.9013729095459,12.946943283081055,10.80020523071289,12.398200035095215,11.157499313354492,8.570419311523438,8.813417434692383],"bestoptions":[4,1,0,5,3,3,0,0,4,5,4,0,5,4,1,1,5,2,4,1]}
