{"actions":[[0,5,5,3,5],[0,5,4,3,2],[2,5,4,3,4],[0,5,3,5,5],[0,4,5,5,5],[5,4,5,0,5],[0,5,0,2,0],[4,0,5,1,5],[0,5,0,0,0],[0,5,1,0,0],[0,5,4,1,5],[0,1,1,1,1],[0,5,1,0,4],[0,4,1,5,5],[0,5,1,1,1],[0,5,5,5,5],[0,4,1,5,4],[0,4,4,4,4],[0,5,5,5,5],[4,0,1,5,1],[1,0,5,4,5],[0,5,1,4,0],[0,5,4,1,3],[0,3,3,3,3],[0,5,0,0,1],[5,0,4,1,4],[0,4,0,0,0],[0,5,0,0,0],[4,5,0,1,4],[4,0,0,0,0],[0,5,5,5,5],[0,5,4,1,1],[1,0,1,1,1],[0,5,0,5,5],[0,5,1,4,0],[0,4,4,4,4],[0,5,0,0,0],[0,5,1,4,4],[4,0,0,0,0],[0,5,5,5,5],[0,5,1,4,0],[4,0,4,4,4],[0,5,0,0,0],[0,5,1,4,0],[0,4,0,0,0],[0,5,5,5,5],[0,5,1,4,5],[5,5,5,5,5],[0,5,5,5,5],[0,5,1,4,1],[1,5,1,5,5],[0,5,5,5,5],[0,5,1,4,0],[0,5,0,0,0],[0,5,0,0,0],[0,5,1,4,4],[4,0,0,0,0],[0,5,0,0,0],[0,5,1,4,1],[1,5,0,1,1]],"rewards":[[1.1881860580680668,6.884989711754018,6.737672093803217,4.129105994943241,6.814191145654004],[3.4890225410979627,0.6714091531800747,3.6278920458828674,0.6923297859662011,3.984531858273666],[6.986161627438062,7.59118454870823,8.933333489173503,4.796442979114454,8.732758010801756],[3.909779842980894,9.7045559435347,7.5910492916154295,9.555896828004531,9.736024665941219],[4.230867321153645,3.7923664653398115,10.383132882838611,10.536736242830804,10.533291507941149],[20.05182927018129,12.390892978736249,19.97263668921111,8.041586680090642,20.41652730427719],[8.646814671032491,3.0063981458585043,8.486217100751707,6.536044573716044,8.584559201757584],[2.032442622090682,1.699025587408041,5.397535365239933,4.856104623556134,5.202642006508589],[10.068860623756128,8.330113752510346,10.118304187298929,9.964999450434297,9.9436795002366],[8.109851215164175,5.838271000319096,7.149908588222508,7.947495595904598,8.141312269665228],[1.7841184582197656,8.034988497454753,1.579674903981434,8.70646652415382,7.92505251720034],[9.897546333376257,15.878722738064107,15.765477717013733,15.980252960014155,15.956116114701514],[5.721309021954571,2.7796685293416847,5.717272235707752,5.7002439787840435,3.3296125769866745],[0.9779611257374273,0.4638340217261844,3.1067305028414376,3.995195526244873,3.8983276254222745],[6.950965451161018,6.440568547759979,8.79691493992691,8.853373530759688,8.659771490798713],[4.454060979580483,7.958772718162493,7.9285412847984755,7.862325699307519,7.862156277944412],[7.649357116633524,6.652801691979822,0.09903364721516188,0.8437234436299758,6.575028157493838],[12.257179625547105,13.948124089728633,14.03250398128843,14.15743354037348,14.094320395931184],[3.2663095895054934,7.423139520734425,7.596660575381704,7.625501647482543,7.470730211879086],[1.7874620203083718,1.5015243346689695,4.578133015320358,4.195309138184143,4.64083110258115],[9.620123861343668,4.833831901348812,11.717091167055987,9.002355504509113,11.716050718166873],[5.247938812804961,1.5956522584841375,3.3362893362358537,2.3222840385227608,5.216523167308243],[1.497039876484519,7.08026212027231,1.4615712358179835,6.889569847851741,7.567108300787052],[6.951743520347745,10.350703960050541,10.57892672821904,10.287104330715156,10.439601741040375],[5.555916607299025,2.052337716107719,5.638088941065555,5.471423299741979,4.172587619965788],[1.4258585201146103,3.982773689736027,3.8932474647431135,1.5585910965308474,4.038024866496869],[9.658829429773101,6.163368918482734,9.743006104318718,9.566428111053606,9.755747964474487],[5.0780399729226415,0.34577099543186857,5.24604423558807,5.23859766034178,5.180489054190876],[4.938418479946719,1.2404755201637934,4.216719317381843,0.6988467104123702,4.977693752129365],[6.1333586521471,9.552312455538392,9.304668150577108,9.674804098478909,9.62090294358278],[5.531374802848256,8.611790318010865,8.571806603074728,8.645147539725546,8.575696384439823],[0.8914227373254455,6.392011583769924,0.5109921761262244,7.306379274801453,7.150198072092699],[13.3577618248249,6.456775516280365,13.46074122980842,13.269031697627922,13.369555551108935],[3.6518339411440275,6.272444601213527,3.980477459853062,6.229724886939653,6.039387118697191],[8.873526805014244,2.752124393100094,3.014835641086237,8.237096288290648,9.091678225672727],[12.564216101756411,13.789888062975432,13.649420971310118,13.635493817877606,13.707033720052705],[4.907213566962227,1.5387705913552294,4.625449580320333,4.859159738019109,4.845197022215517],[7.9666427503402595,2.274050912676471,2.291267254121188,9.456164877969082,9.298613738631516],[12.02428215588839,12.851987467612693,12.76594844993195,12.64989682620401,12.897202112526006],[2.283024410704142,5.417044514668263,5.290257682556204,5.522009888920161,5.391950728820779],[5.330899719852966,1.6637938006083115,2.133452304400735,6.384048347822862,5.302209838445515],[10.752600574927131,7.611753113854094,10.770945534360752,10.712280120917494,10.848600313531954],[7.761256998268392,5.123662105318839,7.620352639230661,7.513795755040213,7.645676575455631],[5.038679432162111,2.097827617426195,2.540101506561182,5.54226914172759,5.030564682265586],[12.648659060767898,12.124150938380927,12.672642538213859,12.699281009443839,12.806745435193752],[2.883341669651085,7.630006521093502,7.5343672454288395,7.605616812827474,7.680006574424658],[3.7777192824246377,11.63753852958353,10.391515766324869,3.598285613688653,11.712855771145174],[19.39663322656534,19.527588651847545,19.375117784658485,19.458436092402803,19.252130578094626],[3.307804716769315,5.051334699523713,4.870821341206013,4.91190204657849,5.043595289724763],[0.3973127415470219,6.278227606927428,7.1639086559045815,0,7.1196456268102315],[10.452802457938631,11.232706622258407,10.489822813384896,11.197861505202695,11.091691200741773],[4.80628231708087,7.800495660338283,7.7735326312872,7.616063193980106,7.724050333049753],[5.863271159546606,2.0445821175146284,2.648610313496776,5.4958967506847936,5.922818107119022],[10.645917524529409,10.06094550790718,10.505046620136632,10.71280233406857,10.458131348201661],[5.029802557238194,2.1459098088615445,5.090697686183932,4.947342246599065,5.005304317409955],[8.660460362299284,3.835444922197591,4.503939600811423,8.848368710719507,8.60017109649981],[11.23814733150068,13.49413102330636,13.72363641868973,13.687060064528085,13.506365311323282],[7.466215319573012,3.212941841032811,7.596767316921865,7.5705852999797765,7.6204321378884785],[4.048119005265287,8.364579000367774,9.297494239470339,3.9418402892181574,9.31373481577666],[15.128271769413733,11.72457960525395,11.572249225889175,15.204294728477906,15.218341456997347]],"times":[[19120,1455,1130,3130,658],[2994,675,3117,3828,2196],[2858,843,815,731,578],[2658,681,3937,320,1444],[2271,1034,4495,905,697],[831,1967,252,1515,50],[1580,586,362,1889,179],[1865,2989,648,1773,219],[1024,229,247,329,341],[1981,945,3742,231,161],[3016,261,496,323,471],[982,295,430,505,588],[1150,464,854,338,901],[1091,666,583,451,1812],[1375,481,469,855,287],[1353,374,168,293,483],[6958,1456,1948,402,615],[1128,62,253,61,307],[1200,278,527,91,299],[2501,1025,3093,958,372],[1071,274,337,662,203],[426,867,811,346,15],[1193,370,837,288,1838],[467,323,335,246,338],[796,444,221,3,575],[3273,686,4323,1986,1005],[336,429,31,192,145],[4372,246,237,1548,359],[2726,1368,2835,321,1574],[503,208,217,162,295],[892,692,615,186,216],[518,266,456,233,281],[538,335,248,175,177],[598,111,271,152,165],[820,298,307,265,855],[331,178,266,229,316],[518,181,179,101,74],[661,218,294,186,1459],[459,68,117,18,34],[893,618,280,205,82],[401,89,68,544,334],[583,70,46,516,773],[421,508,299,537,354],[5849,943,653,358,1031],[233,130,390,501,236],[1900,199,251,141,338],[300,341,774,71,241],[636,393,191,624,774],[669,86,39,564,283],[694,405,226,300,293],[419,9,275,387,513],[680,266,280,339,317],[1183,288,799,205,211],[377,396,92,44,197],[863,319,224,69,347],[273,260,559,286,290],[544,152,109,154,472],[1408,94,488,181,286],[291,387,505,263,112],[420,203,23,402,195]],