{"actions":[[0,1,2,3,5],[0,2,3,5,0],[0,3,1,2,0],[0,2,4,0,2],[0,2,5,0,2],[0,2,4,1,3],[0,2,3,2,4],[0,4,2,4,1],[0,5,2,1,0],[1,2,5,2,0],[2,5,0,2,5],[4,2,4,2,0],[4,2,0,5,3],[1,0,3,4,4],[0,2,0,2,0],[2,4,0,1,0],[2,1,3,4,0],[1,5,1,0,3],[1,4,4,0,4],[4,5,1,1,0]],"rewards":[[15.636952323282861,8.24871474782959,15.798007486445469,7.712163733275962,5.878869246476993],[9.532745041735039,7.056445703076522,4.636522340720411,1.4396696605349322,9.684963718303035],[9.622230010008103,4.14276475612149,5.814584997910213,8.303939825585406,9.476402061002009],[6.029133993676879,6.589605743635758,9.085018477770175,5.886349706614449,6.525769829217543],[8.376064428048517,6.695474170137043,11.399951992458398,8.200405189398206,7.044333612000697],[7.5865123427626,7.974855934580456,10.903050315551,13.819856473006011,16.611443581522362],[10.192921986916117,9.734012646602178,10.408644251550031,9.462172022609245,6.643419803448164],[10.647050013795639,6.5981781345580695,7.968007838263391,6.628566234625668,14.651210183767903],[8.418239775581993,8.264587974355111,10.151133006181407,4.800328422037821,8.295102281904466],[10.416924938543506,14.925519618113034,11.973722758084254,15.191623809088611,16.336302981217802],[11.707301389590874,3.9943949143194724,12.146893619514621,11.693611111743609,3.8237185315485847],[6.251651454027829,9.33697474224852,6.345210414976257,9.363758808720613,11.275842241558651],[15.865929490824245,13.470738402032929,11.987280476332769,10.861166010485885,9.046935036092167],[7.752185408576821,12.74675199991313,10.747650770651182,17.723499842511643,17.627061697824374],[4.2833418666664755,4.395411045026512,4.265131842504683,4.461416348525639,4.124634383707172],[3.6858094244042388,5.401193730751084,0.6815286490946737,6.655313741183656,0.8795143382891772],[9.76839377158834,16.700699735265513,19.088748107113158,12.212114742312766,7.847858099020122],[7.193932981972426,7.830074180934122,6.960648480270537,9.15828429221775,6.268057946798305],[12.799008488988504,6.462788962551225,6.380921792163259,7.8329503725494325,6.396202916901693],[7.933018421901559,5.704350092168787,7.269323812975853,7.365601448918547,11.724557879535686]],"times":[[20866,230,669,438,384],[2821,478,8,145,2284],[2966,502,389,1365,1578],[3206,252,194,1299,144],[2488,51,280,1076,664],[1707,129,112,271,966],[1584,279,32,1536,503],[2333,245,126,108,699],[2145,550,229,159,18],[1018,206,14,133,5],[1371,107,221,294,241],[1245,150,107,20,97],[1413,136,30,132,25],[835,95,6,34,45],[1336,47,79,20,246],[1510,204,84,424,299],[2001,217,161,155,64],[716,572,53,1,243],[730,154,137,203,273],[813,125,29,121,50]],"condition":[["negeven"],["negeven"],["negeven"],["posodd"],["negodd"],["posodd"],["negodd"],["negodd"],["poseven"],["poseven"],["negeven"],["negodd"],["poseven"],["poseven"],["posodd"],["posodd"],["posodd"],["poseven"],["negodd"],["negeven"]],"envs":["envs/add/negeven/negeven62.json","envs/add/negeven/negeven21.json","envs/add/negeven/negeven23.json","envs/add/posodd/posodd56.json","envs/add/negodd/negodd99.json","envs/add/posodd/posodd33.json","envs/add/negodd/negodd98.json","envs/add/negodd/negodd76.json","envs/add/poseven/poseven52.json","envs/add/poseven/poseven37.json","envs/add/negeven/negeven72.json","envs/add/negodd/negodd83.json","envs/add/poseven/poseven13.json","envs/add/poseven/poseven80.json","envs/add/posodd/posodd84.json","envs/add/posodd/posodd16.json","envs/add/posodd/posodd64.json","envs/add/poseven/poseven85.json","envs/add/negodd/negodd15.json","envs/add/negeven/negeven39.json"],"money":"3.71","age":20,"gender":2,"hand":0,"experiment":"noncompositional","instcounter":1,"subjectID":"61624d01bde9045fc93dba36","studyID":"6168186185dddf5426605411","eval":[["posodd"],["poseven"],["negodd"],["negeven"]],"regrets":[[0.19791793823242188,7.6317644119262695,0,8.191061019897461,9.770879745483398],[0,2.5763039588928223,5.098849773406982,8.315224051475525,0],[0,5.5102667808532715,3.8593263626098633,1.3196754455566406,0],[11.56970500946045,11.01896858215332,8.2557373046875,11.56970500946045,11.01896858215332],[5.858743667602539,7.5291972160339355,2.7512760162353516,5.858743667602539,7.5291972160339355],[10.747386932373047,10.488848686218262,7.3193206787109375,4.5555877685546875,1.6335887908935547],[2.835216522216797,3.3958911895751953,2.5394935607910156,3.3958911895751953,6.322953701019287],[4.120471000671387,8.172256469726562,6.848254203796387,8.172256469726562,0],[2.1322574615478516,2.2514286041259766,0.3838691711425781,5.801567554473877,2.1322574615478516],[7.078325271606445,2.445370674133301,5.545866966247559,2.445370674133301,1.136819839477539],[0.5124912261962891,8.333234071731567,0,0.5124912261962891,8.333234071731567],[10.19279670715332,7.344982147216797,10.19279670715332,7.344982147216797,5.4051103591918945],[0,2.7050514221191406,4.037535667419434,4.881918907165527,6.957176208496094],[9.663790702819824,4.906827926635742,6.935953140258789,0,0],[5.544663429260254,5.416476249694824,5.544663429260254,5.416476249694824,5.544663429260254],[6.323294401168823,4.811278343200684,9.18041980266571,3.3178038597106934,9.18041980266571],[10.315937995910645,3.3761463165283203,1.1349010467529297,7.81987190246582,12.196406841278076],[4.657129287719727,3.869197368621826,4.657129287719727,2.6732444763183594,5.564359188079834],[0,6.370644569396973,6.370644569396973,5.025872230529785,6.370644569396973],[3.9377880096435547,6.026614189147949,4.446270942687988,4.446270942687988,0]],"maxrewards":[15.724145889282227,9.613212585449219,9.646987915039062,17.571224212646484,14.231685638427734,18.395238876342773,13.047744750976562,14.741120338439941,10.559904098510742,17.601797103881836,12.190908432006836,16.577537536621094,15.97038745880127,17.638141632080078,9.802659034729004,9.983402252197266,20.171321868896484,11.719669342041016,12.759651184082031,11.842069625854492],"bestoptions":[2,0,0,5,1,5,1,1,4,4,0,1,4,4,5,5,5,4,1,0]}
