{"actions":[[1,0,1,1,0],[0,2,4,4,2],[0,2,4,4,2],[0,1,2,5,4],[0,1,2,4,4],[0,2,4,2,0],[1,2,3,4,5],[5,4,3,1,1],[1,4,3,2,1],[0,2,4,5,3],[1,2,5,4,2],[0,2,4,4,4],[0,2,1,5,0],[0,1,3,3,5],[0,2,4,1,1],[0,2,4,5,0],[1,4,3,5,5],[1,3,5,3,3],[0,2,4,5,5],[1,4,5,2,3],[5,4,4,4,0],[0,2,4,5,5],[1,3,5,4,1],[1,3,5,5,5],[0,2,4,4,4],[1,0,2,5,4],[1,0,2,4,4],[0,1,2,3,4],[1,4,3,5,5],[1,3,5,3,3],[0,2,4,1,3],[0,1,2,4,4],[1,0,2,4,0],[0,1,3,5,5],[0,1,4,3,5],[1,0,3,5,5],[1,0,2,4,5],[1,0,2,4,3],[3,5,3,1,0],[0,2,4,5,5],[1,3,5,3,3],[1,4,3,3,3],[0,2,4,5,1],[1,0,2,4,4],[0,2,4,0,0],[0,1,3,4,5],[1,0,2,4,2],[2,4,0,0,0],[0,2,4,1,0],[0,2,4,0,0],[0,0,0,0,0],[0,1,2,3,4],[5,4,3,1,3],[1,0,1,4,5],[0,2,4,4,4],[1,2,2,5,2],[0,2,4,4,4],[0,2,4,0,0],[1,3,5,5,5],[0,1,4,3,5]],"rewards":[[3.505867047906209,3.5468975247534367,3.63329837436262,3.563616015413022,3.7767256924873993],[6.239454305915546,5.6700234484758525,5.686121277910421,5.575137522728759,5.519526117555606],[10.291648656766656,9.196090624952967,10.343249661384768,10.640264463969135,9.262855045659682],[4.045003516114716,4.489918981667823,3.5674918423737605,1.9704844535372572,1.9334937144421036],[9.491621989853856,2.685853293288404,9.82219749569437,9.564504285536765,9.652705571154046],[13.635704823237553,13.378727091871877,11.521459129008758,13.36147470435107,13.870518968732679],[2.9060587620217877,3.094547583870858,3.703332699161982,3.640319391015127,4.4934357151202775],[5.1087454035148685,0.5142440056794542,4.881106870519876,5.540658213273999,5.569689938524083],[8.323987059638508,4.08518503535182,8.351763845254045,4.07566008863152,8.702159829042506],[3.76501592701807,5.637663466769145,6.261695216215554,6.7415967629461075,5.909096090373962],[2.588878493581405,9.924050875278855,2.303346701813055,10.512627444087135,10.097403430516648],[14.60670865118172,15.515240568339102,16.738339563219576,16.958365927246838,16.770825033627368],[5.48384012868688,4.620229028597464,5.607846536226,2.468833181391583,5.408128212824983],[2.603095737434456,6.710233330658206,7.0108361521742815,6.992515267803115,6.406016575316709],[7.810098045420492,7.1713774206667456,5.352446386531075,12.288084813946188,12.29229028836217],[7.2337643675977565,6.535518954206707,5.294787151527727,4.4626058200262495,7.493762823702581],[12.01108392196183,4.766718455443533,12.514270977054034,12.452649339580674,12.559302064759503],[19.41722119684166,18.225689259499344,16.82679267289445,18.359448910726403,18.21974400406858],[5.133107475887135,7.3048546996326476,7.24166884868763,8.924562357994725,9.105678852548545],[3.082204124147922,6.237451822948427,2.112305233410343,6.482117470377655,2.444345240463277],[10.885851213174094,13.658562078054127,13.637603515988767,13.809625493042992,12.709694760945025],[4.042528437944139,4.403892519021135,5.410355615259579,6.098054610754296,6.14303871714758],[10.425169617593342,10.233202829529747,9.923284829377163,3.7161980117398996,10.515068225588422],[14.664969994452022,14.934665776068593,16.02785689126623,16.21213197631513,16.067181363669373],[4.823523311033728,6.49386414868869,9.179271415191812,9.43739583049924,9.307657576453218],[1.7665176999580698,8.611845332322648,8.363620084410002,2.4735190874747635,8.55165097411209],[7.408853698359705,13.407150269960187,14.529045529793349,17.846576414344064,17.738589155058346],[6.491821044640484,5.565178083242384,6.288513863353917,6.175906046752289,4.261233660578097],[8.015033320502416,2.1436872726795304,7.805828172092147,8.527087946018142,8.90651952650904],[13.745490237561874,14.046745405802758,12.045604114025858,14.067674662491573,14.13699331132912],[6.881573705178726,4.4750941460283435,3.760393953521306,5.410084529809981,3.748803074862101],[6.805324148139664,1.4905500250514847,7.688753758765385,7.284568744955237,7.107348517364034],[6.848045041069539,13.729108450749795,12.231607359807013,11.067865184129854,13.806636658117785],[2.6371606979874547,2.98777231478146,5.282144113063551,6.478578977943555,6.706234556622745],[3.295316130497573,9.634975035524075,3.5376695073706044,9.794943002947443,10.132008050499476],[12.609852859735689,5.832180439769983,15.180780206082277,16.76108375518253,16.680458113604818],[5.818263069768611,5.475830618702611,4.352062108953607,3.041002489192019,2.5890985796686707],[3.042283293990464,1.0731059242689807,1.1096810718919283,0.5561488525677278,3.9548509081975727],[7.677919967128992,6.756462700091369,7.6503157518680105,8.692721874137355,6.995622070303987],[4.356899268386893,5.005997232819937,6.999143449326092,7.258834440771643,7.462527497526622],[9.415914171842985,10.254778385815856,9.487842281161731,10.101130204461072,10.205043499302194],[14.10299005915265,10.414757595478086,16.103464371098827,16.038995562889756,15.972698176420955],[8.213646483246501,6.352152757794835,5.282835068403325,4.552911169708918,7.573743714799454],[2.8399537458965765,6.373961352664625,6.094119736922042,6.849490581524374,6.774921129517514],[14.627650538507263,12.50592071572344,11.954789761507495,14.585512664596521,14.680237609083688],[3.954832496543369,3.53145214032062,3.5244345000464845,2.2316460623280396,1.3976788583073656],[1.6644079013156012,6.215500358089818,6.266363431197877,6.060325628115405,6.375350638813485],[9.860143030990068,8.463288972588419,9.735674794469187,10.01489075969972,10.036561519342968],[6.844881898445863,3.7755094014775503,2.4317823799524074,4.161899779588733,6.794114352226456],[9.314155066190958,8.349648396685255,8.13155028278826,9.390157646164115,9.32837751220341],[15.920357580654624,15.98120555433437,15.975181918741034,16.081732839331185,16.174072915328246],[2.7320816083039223,3.1821847262923355,4.170967580495673,5.386291357695516,6.546881926522335],[4.452013652220788,1.310036478068847,5.067279193348524,4.568141992082663,5.132950064542046],[7.757649656710333,4.2551064559921175,7.8240761446365354,8.257951382695643,12.345426466502305],[4.5353845581342975,6.5291235254480915,8.389009990544658,8.440361407701715,8.304162601314697],[4.201310489450709,11.40272768977036,11.261367270226838,4.677687039291612,11.366247256793773],[15.199424003887522,17.817974787950003,18.944808960389313,19.34801922516071,19.129163187217415],[7.1963840303360875,5.001269626762372,3.286242097906182,7.195056579130995,7.119253401166737],[5.086059158515411,4.841561007540196,5.321977252091859,5.32806900571784,5.144369999380283],[9.838678180097718,11.20062288022748,4.857226104031378,8.521983127502825,8.524581891092113]],"times":[[7611,13210,227,12,1512],[4603,1103,806,2222,648],[3770,1837,814,725,251],[6647,220,380,5332,556],[2126,61,846,288,496],[2703,761,370,922,318],[1830,336,769,714,143],[1408,160,1011,803,697],[1315,389,841,1465,501],[1947,575,183,1686,1906],[1312,623,257,293,271],[2097,362,942,425,534],[1379,357,879,614,545],[337,368,1575,405,300],[1023,642,186,788,503],[4162,1183,461,338,1512],[397,567,386,829,167],[766,1151,197,443,226],[1093,724,204,649,324],[1254,245,482,609,219],[1124,133,190,824,417],[1014,713,361,329,214],[676,1049,343,275,626],[363,1240,472,263,278],[2024,1051,412,512,241],[500,1010,734,349,507],[710,548,1023,1366,91],[1993,499,259,682,144],[1047,333,489,429,260],[767,709,52,164,737],[909,594,131,379,551],[954,252,311,629,235],[1573,422,1058,1021,322],[2449,375,747,455,166],[733,170,300,104,343],[305,649,927,164,249],[573,387,889,407,173],[838,344,344,504,98],[580,232,164,725,343],[1092,272,294,486,297],[443,897,194,218,183],[2732,310,261,213,336],[1128,267,326,230,187],[761,590,322,316,183],[1630,657,588,190,69],[925,118,483,43,245],[541,414,528,255,758],[748,318,582,379,604],[658,473,144,235,860],[641,356,179,651,282],[890,280,238,249,675],[709,278,376,634,326],[252,271,221,842,851],[390,311,210,332,1224],[323,1158,264,259,203],[944,377,580,352,280],[1644,554,691,234,310],[2021,887,275,226,64],[325,706,580,304,145],[529,586,368,170,113]],