{"actions":[[0,2,4,0,4],[1,5,1,5,1],[0,4,0,4,0],[0,4,0,4,0],[0,4,0,4,0],[0,4,0,4,1],[1,5,1,5,1],[1,5,1,5,1],[0,4,1,5,1],[1,5,1,4,1],[0,0,0,2,1],[1,5,1,5,1],[0,4,0,4,0],[0,4,1,1,1],[1,1,5,0,4],[0,4,0,4,0],[0,4,0,0,0],[0,0,4,2,0],[0,0,1,3,1],[1,1,5,1,1]],"rewards":[[3.2194311552463426,4.644892093672103,5.337607203735955,3.1841263469618992,5.151591914528769],[4.313955943357165,2.3338624217554624,4.128942072846364,2.5057946611172692,4.3005984248276015],[12.674270812323517,14.169309882448287,12.650319908457773,14.294288593049503,12.702474784969052],[7.584847812062819,10.494310358395587,7.743811557555967,10.69504942211872,7.4395014616942285],[10.260898681966108,13.815155894349125,10.271296785622319,13.927435684584289,10.137050621161912],[6.918724179750503,4.873194816939988,7.1067475836385965,4.797892872201176,11.86280509238653],[9.498799051391744,12.421623056127912,9.186656342770235,12.144922919359018,9.256988212022724],[19.984425890793073,14.617880491204305,19.636740901222336,14.712899503383706,19.77546578837513],[7.550311464815307,7.716178136035421,10.811011555401727,13.646816220100538,10.943169620556738],[6.576145752374945,9.524455938515713,6.898192331633058,3.901929902539327,6.756815346036371],[16.309071440375686,16.331903024423895,16.40080053414039,15.066329912046415,8.688024459537516],[7.54709742008533,8.572439798330034,7.572446737937316,8.556321745017314,7.76049632142639],[13.137039157168797,10.195744754474223,13.23798467164353,10.484488934530631,12.991537923400406],[9.492398237701002,5.493497509939935,14.077391791364967,14.026517747200604,14.045270609852013],[8.283461682332707,8.35522226992551,4.877842453005168,11.57920485480939,10.3448557833989],[15.69472528818041,11.477787451091485,15.91254046352203,11.503942818036217,15.946138450321737],[13.501037130567216,11.110023987597112,13.638406269264696,13.5959268980615,13.673707734406378],[14.419377302567915,14.818695273153727,16.87210735023943,15.504691005156156,14.482961291368188],[4.919865808133269,5.0024462631435735,12.76794692564024,16.6314906853514,12.746000909113969],[16.553414035949196,16.614072692018258,13.610032760748267,16.498459961808106,16.611973639469838]],"times":[[27633,479,110,11490,3422],[10076,59,3684,485,5749],[10837,1013,1688,354,1263],[2482,34,1458,5,4611],[2733,95,909,139,600],[1824,52,847,172,2484],[3058,96,1010,72,645],[1889,45,603,118,860],[3113,219,1956,50,825],[2434,19,995,109,3078],[1736,2312,1223,260,3273],[1783,23,1260,122,909],[1974,675,1343,70,915],[6147,9,2122,1215,832],[1430,418,5,687,193],[839,516,692,329,339],[1182,114,485,1100,741],[1838,424,62,439,498],[1235,397,1330,363,1208],[1342,439,53,79,369]],"condition":[["posodd"],["negeven"],["poseven"],["poseven"],["poseven"],["negodd"],["posodd"],["negodd"],["posodd"],["posodd"],["negeven"],["poseven"],["negodd"],["negodd"],["negeven"],["negeven"],["negeven"],["poseven"],["posodd"],["negodd"]],"envs":["envs/add/posodd/posodd23.json","envs/add/negeven/negeven24.json","envs/add/poseven/poseven76.json","envs/add/poseven/poseven48.json","envs/add/poseven/poseven3.json","envs/add/negodd/negodd87.json","envs/add/posodd/posodd28.json","envs/add/negodd/negodd18.json","envs/add/posodd/posodd25.json","envs/add/posodd/posodd27.json","envs/add/negeven/negeven58.json","envs/add/poseven/poseven63.json","envs/add/negodd/negodd75.json","envs/add/negodd/negodd77.json","envs/add/negeven/negeven40.json","envs/add/negeven/negeven9.json","envs/add/negeven/negeven11.json","envs/add/poseven/poseven56.json","envs/add/posodd/posodd45.json","envs/add/negodd/negodd86.json"],"money":"4.01","age":50,"gender":0,"hand":0,"experiment":"noncompositional","instcounter":1,"subjectID":"6164f8c861290b0c33cef3b0","studyID":"6166d7c29bb8f43a7dce1c8e","eval":[["negeven"],["poseven"],["posodd"],["negodd"]],"regrets":[[6.808406352996826,5.328081130981445,4.658926010131836,6.808406352996826,4.658926010131836],[4.494965553283691,6.192925691604614,4.494965553283691,6.192925691604614,4.494965553283691],[1.5482120513916016,0,1.5482120513916016,0,1.5482120513916016],[3.128368377685547,0,3.128368377685547,0,3.128368377685547],[3.7106456756591797,0,3.7106456756591797,0,3.7106456756591797],[4.9650492668151855,7.210136413574219,4.9650492668151855,7.210136413574219,0],[3.04660701751709,0,3.04660701751709,0,3.04660701751709],[0,5.135746002197266,0,5.135746002197266,0],[5.970114707946777,5.868390083312988,2.7666015625,0,2.7666015625],[3.4025392532348633,0.8570556640625,3.4025392532348633,6.128732204437256,3.4025392532348633],[0,0,0,1.5324153900146484,7.641805648803711],[6.183831214904785,5.17557430267334,6.183831214904785,5.17557430267334,6.183831214904785],[6.565581321716309,9.32481861114502,6.565581321716309,9.32481861114502,6.565581321716309],[4.645325660705566,8.486112117767334,0,0,0],[3.3839588165283203,3.3839588165283203,6.827908992767334,0,1.252516746520996],[0,4.456928253173828,0,4.456928253173828,0],[0,2.4300432205200195,0,0,0],[2.4588241577148438,2.4588241577148438,0,1.3958635330200195,2.4588241577148438],[11.882196426391602,11.882196426391602,4.115053176879883,0,4.115053176879883],[0,0,3.106104850769043,0,0]],"maxrewards":[9.978678703308105,8.718795776367188,14.290048599243164,10.754615783691406,13.897001266479492,12.03335952758789,12.302206993103027,19.79228973388672,13.599565505981445,10.131832122802734,16.408052444458008,13.751716613769531,19.697139739990234,14.005579948425293,11.655343055725098,15.804698944091797,13.652332305908203,16.871843338012695,16.865697860717773,16.565460205078125],"bestoptions":[5,2,4,4,4,1,5,1,5,3,0,4,1,1,0,0,0,4,3,1]}
