{"actions":[[0,2,4,0,2],[1,1,3,3,5],[1,5,3,1,1],[0,5,2,4,0],[1,0,5,3,2],[0,2,4,4,4],[3,5,1,0,3],[0,4,1,2,1],[0,5,3,2,4],[0,1,4,2,0],[1,3,2,4,4],[0,1,4,4,4],[1,4,5,5,5],[0,4,4,2,0],[1,3,5,5,5],[0,0,0,0,0],[5,4,3,2,1],[0,4,2,4,4],[0,2,4,0,0],[5,5,5,5,5]],"rewards":[[10.072320781248044,8.272259700198301,5.588065523071065,9.99208833550679,8.216553355000611],[10.353861364755456,10.261319335094793,11.866736499702107,11.772222215648682,13.470012401380725],[18.638559623009662,14.532809897910886,16.923538055205643,18.741136399854508,18.59864757502532],[17.45817123363279,8.514435739101522,17.65747478907171,15.684513144681315,17.37367484873297],[7.879957524024878,4.373597180149834,12.344158538745907,10.271170631016627,5.6837420417081805],[14.27128632467139,17.340229647997994,18.019708184410483,18.004917661811337,17.79700099578867],[10.824234254692195,13.08377936755592,9.991079162103006,3.0271232977701303,10.812872534016607],[5.796572237753006,2.7993643518134763,10.12457314924302,2.481433777554072,10.150150029510444],[6.301237995423256,8.67533626823221,9.64114876854966,4.313688125254618,4.795217363130289],[16.41535209758127,8.789169277720081,12.813180329557161,14.914957325002856,16.351750818619962],[6.541990631497538,7.408327296640589,11.121639185297973,12.450630360712188,12.49962414697822],[7.932721459173382,3.878871838020907,10.614595565366665,10.672939557732237,10.858310062528064],[11.826855426984093,6.285213740449162,13.853492657097402,13.971239680369804,13.882957621949965],[13.557741410071438,11.700144693099105,11.912135638266065,12.701375232212927,13.621447851660056],[11.40572948229707,10.513756643229616,12.00371653075184,11.956390372959948,12.019263443407036],[16.73520967125298,16.605454465912377,16.676067574720907,16.789475921015892,16.678777461704957],[3.968099070967874,4.567994367461658,8.031736983370791,4.6406579461250885,9.114660330893365],[8.90907968451536,11.226375733363582,9.87352196791497,11.232882851454397,11.192000615891866],[9.680485885580431,8.496248349305365,7.874073691149235,9.94815257925852,9.751332314978391],[14.5704665046068,14.60680061791888,14.674136269727322,14.687404010124185,14.691637605783182]],"times":[[19906,2628,1329,3062,1018],[3112,1415,1930,1790,1344],[4275,3067,1067,621,1907],[6332,1423,874,1446,1563],[3420,668,554,776,1283],[4916,1058,1712,501,938],[2085,1321,1076,1039,2105],[3294,848,1032,640,1032],[2736,543,679,741,755],[2129,1470,1071,655,756],[1117,3248,995,1735,483],[2061,437,2618,312,315],[1165,1570,1411,348,330],[2106,1739,1901,1120,967],[3708,1378,1046,103,71],[1715,627,386,328,448],[2835,1209,450,983,571],[1703,1007,1891,341,54],[2632,1137,619,248,780],[1504,914,260,325,21]],"condition":[["negodd"],["poseven"],["negodd"],["negeven"],["posodd"],["poseven"],["posodd"],["negodd"],["negodd"],["negeven"],["poseven"],["poseven"],["posodd"],["negeven"],["posodd"],["negeven"],["negodd"],["poseven"],["negeven"],["posodd"]],"envs":["envs/add/negodd/negodd12.json","envs/add/poseven/poseven43.json","envs/add/negodd/negodd37.json","envs/add/negeven/negeven71.json","envs/add/posodd/posodd10.json","envs/add/poseven/poseven50.json","envs/add/posodd/posodd13.json","envs/add/negodd/negodd70.json","envs/add/negodd/negodd60.json","envs/add/negeven/negeven58.json","envs/add/poseven/poseven15.json","envs/add/poseven/poseven30.json","envs/add/posodd/posodd85.json","envs/add/negeven/negeven4.json","envs/add/posodd/posodd93.json","envs/add/negeven/negeven41.json","envs/add/negodd/negodd32.json","envs/add/poseven/poseven53.json","envs/add/negeven/negeven31.json","envs/add/posodd/posodd78.json"],"money":"4.12","age":20,"gender":0,"hand":0,"experiment":"noncompositional","instcounter":0,"subjectID":"616464a192e2d321ee159121","studyID":"6168186185dddf5426605411","eval":[["negodd"],["poseven"],["negeven"],["posodd"]],"regrets":[[1.739375114440918,3.579439163208008,6.280725479125977,1.739375114440918,3.579439163208008],[8.937488555908203,8.937488555908203,7.330789566040039,7.330789566040039,5.826650619506836],[0,4.067543029785156,1.9259147644042969,0,0],[0.27919578552246094,9.08334732055664,0,2.078721046447754,0.27919578552246094],[4.4983134269714355,7.864127159118652,0,2.0373640060424805,6.871949672698975],[3.6036624908447266,0.5120182037353516,0,0,0],[2.300663948059082,0,3.1583261489868164,10.087654829025269,2.300663948059082],[4.48748779296875,7.302612543106079,0,7.770023822784424,0],[5.764266014099121,3.515287399291992,2.4434852600097656,7.740900039672852,7.2299580574035645],[0,7.641805648803711,3.5433225631713867,1.5324153900146484,0],[5.829240798950195,5.0578179359436035,1.3329191207885742,0,0],[2.838609218597412,6.850797891616821,0,0,0],[2.6747055053710938,8.084373474121094,0.5018587112426758,0.5018587112426758,0.5018587112426758],[0,1.9963226318359375,1.9963226318359375,0.9470958709716797,0],[0.4300422668457031,1.4047670364379883,0,0,0],[0,0,0,0,0],[5.2011213302612305,4.735024452209473,1.2828235626220703,4.604721546173096,0],[2.382009506225586,0,1.406620979309082,0,0],[0,1.2375736236572266,1.9013605117797852,0,0],[0,0,0,0,0]],"maxrewards":[11.813016891479492,19.193607330322266,18.665529251098633,17.698837280273438,12.363987922668457,17.9013729095459,13.193018913269043,10.208272933959961,12.098640441894531,16.408052444458008,12.488948822021484,10.778783798217773,14.403736114501953,13.658180236816406,12.021240234375,16.697006225585938,9.287141799926758,11.260299682617188,9.765270233154297,14.668550491333008],"bestoptions":[1,4,1,2,5,4,5,1,1,0,4,4,3,0,5,0,1,4,0,5]}
