{"actions":[[3,1,4,2,4],[4,3,1,3,5],[5,3,4,1,4],[4,3,0,0,0],[0,5,2,1,1],[1,0,4,4,4],[4,4,2,1,4],[3,5,1,1,0],[5,4,2,4,4],[5,4,0,0,4],[5,4,2,4,2],[5,4,1,5,1],[4,2,0,0,0],[5,3,1,5,5],[4,2,0,2,4],[5,3,1,5,5],[4,2,0,4,4],[5,4,3,1,5],[4,2,0,0,0],[1,3,5,3,3]],"rewards":[[5.9436843970340965,3.337078142705649,13.459458513892965,11.452393904375695,13.55297533256061],[8.204041406217586,13.643194516029808,13.429852153397091,13.528303766417928,15.072015938899918],[4.946332684191735,6.292972432634407,10.511924424146624,5.980639714396945,10.458611031646008],[6.263909371329044,4.277756851968636,9.516386241950348,9.588024808560249,9.753552413748018],[5.973704399183985,6.731443656578266,5.616293010201214,10.544606608463317,10.534388702855093],[4.221044244444669,5.235840378579601,10.231520445457743,9.976421235028193,10.05564797306912],[12.313127216812598,12.561082749224864,9.613641307948948,6.120334505823807,12.482534027249077],[8.960618757957132,7.914482186013367,11.470737887312744,11.443389806808822,6.986574199314177],[4.8762892112808585,9.657884379572705,8.166613476287347,9.673710714476295,9.616925282873579],[11.529890840638167,7.971429961730366,10.509992366001198,10.331044136555514,7.817876775211967],[9.295196025135033,13.498857161687617,15.659352126502236,13.530014785260217,15.828508672105444],[8.710246527816405,4.696658680457077,11.077948947460795,8.646745125018573,11.108105501816047],[13.732758076173718,14.465268176803775,15.881791690161664,15.877008629283875,15.797724065016922],[16.04046746349315,13.816274124095678,12.13408064867088,15.946542972497744,15.980264820927163],[11.190344329490776,8.995050239978243,8.849479165552486,8.983347848886776,11.022731812519119],[16.796264443821855,15.943548865720317,14.153892188542635,16.624403571937574,16.672160617104172],[16.160968281223795,14.60701223031125,12.375575528887563,15.728263315564798,15.992756251327505],[11.427454148980235,6.180710571448913,10.31264514796962,10.820286368004046,11.398323827057364],[12.246052215421692,14.520479226644733,16.913964930862605,16.926369261354075,17.06302193981641],[15.589114252887521,15.508101721048385,14.22773839480538,15.35673778676736,15.491349562962839]],"times":[[36473,4544,3188,2817,1861],[4167,2661,2685,1399,1374],[4225,1947,676,2493,1134],[3794,2855,1822,1193,2752],[3823,1676,1715,1690,1083],[4964,1888,1804,1141,1595],[7254,1533,2119,1707,980],[4380,1375,2362,1290,2856],[4381,2933,2154,1223,3176],[3026,2386,1954,5297,5279],[5095,2252,2593,1555,1468],[3526,1765,3025,1765,1001],[5009,1506,1494,1065,1442],[5488,1301,1640,857,1208],[3138,1328,1074,1385,1909],[4751,1082,1327,856,696],[3443,1306,1298,816,965],[3783,1787,1147,1101,670],[3975,1407,1142,1002,1021],[3840,1485,804,649,1117]],"condition":[["poseven"],["posodd"],["negeven"],["negeven"],["negodd"],["poseven"],["poseven"],["negodd"],["poseven"],["negodd"],["negeven"],["negodd"],["negeven"],["posodd"],["posodd"],["posodd"],["poseven"],["posodd"],["negeven"],["negodd"]],"envs":["envs/add/poseven/poseven87.json","envs/add/posodd/posodd32.json","envs/add/negeven/negeven7.json","envs/add/negeven/negeven23.json","envs/add/negodd/negodd67.json","envs/add/poseven/poseven68.json","envs/add/poseven/poseven27.json","envs/add/negodd/negodd16.json","envs/add/poseven/poseven28.json","envs/add/negodd/negodd10.json","envs/add/negeven/negeven95.json","envs/add/negodd/negodd74.json","envs/add/negeven/negeven45.json","envs/add/posodd/posodd46.json","envs/add/posodd/posodd59.json","envs/add/posodd/posodd97.json","envs/add/poseven/poseven90.json","envs/add/posodd/posodd47.json","envs/add/negeven/negeven70.json","envs/add/negodd/negodd80.json"],"money":"4.10","age":30,"gender":1,"hand":0,"experiment":"noncompositional","instcounter":1,"subjectID":"6164736128b5d2d876809f18","studyID":"6168186185dddf5426605410","eval":[["poseven"],["posodd"],["negeven"],["negodd"]],"regrets":[[7.630521297454834,10.11430811882019,0,1.9345216751098633,0],[6.7888689041137695,1.3899469375610352,1.671269416809082,1.3899469375610352,0],[7.088634490966797,6.072149276733398,1.631424903869629,6.203803062438965,1.631424903869629],[3.4505205154418945,5.5102667808532715,0,0,0],[4.438443183898926,3.7938756942749023,5.184544086456299,0,0],[5.686258792877197,4.624850273132324,0,0,0],[0,0,2.802187919616699,6.250213623046875,0],[2.473341941833496,3.665496826171875,0,0,4.571207523345947],[4.805752754211426,0,1.4511919021606445,0,0],[3.492431640625,7.040975570678711,4.661542892456055,4.661542892456055,7.040975570678711],[8.043243408203125,3.7627696990966797,1.393646240234375,3.7627696990966797,1.393646240234375],[2.531557083129883,6.365586280822754,0,2.531557083129883,0],[2.114802360534668,1.2841625213623047,0,0,0],[0,2.095968246459961,3.953439712524414,0,0],[6.675872802734375,8.879718780517578,9.097896575927734,8.879718780517578,6.675872802734375],[0,0.6969871520996094,2.7230281829833984,0,0],[0,1.3418655395507812,3.441194534301758,0,0],[0,5.351189136505127,1.0076560974121094,0.7886314392089844,0],[4.803495407104492,2.376941680908203,0,0,0],[0,0.07216262817382812,1.324625015258789,0.07216262817382812,0.07216262817382812]],"maxrewards":[13.485445022583008,15.021552085876465,12.147457122802734,9.646987915039062,10.56743049621582,10.006204605102539,12.474737167358398,11.518311500549316,9.606712341308594,15.028053283691406,17.236671447753906,11.188934326171875,15.783611297607422,15.992610931396484,17.808757781982422,16.80572509765625,15.962085723876953,11.373779296875,17.014469146728516,15.538280487060547],"bestoptions":[4,5,0,0,1,4,4,1,4,1,0,1,0,5,5,5,4,5,0,1]}
