{"actions":[[0,2,0,0,0],[0,2,0,0,0],[0,1,0,0,0],[0,0,0,0,0],[0,0,0,0,0],[0,0,0,0,0],[0,0,0,0,0],[0,0,0,0,0],[0,0,0,0,0],[0,0,0,0,0],[0,0,0,0,0],[0,0,0,0,0],[0,0,0,0,0],[0,0,0,0,0],[0,0,0,0,0],[0,0,0,0,0],[0,0,0,0,0],[0,0,0,0,0],[0,0,0,0,0],[0,0,0,0,0],[0,0,0,0,0],[0,0,0,0,0],[0,0,0,0,0],[0,0,0,0,0],[0,0,0,0,0],[0,0,0,0,0],[0,0,0,0,0],[0,0,0,0,0],[0,0,0,0,0],[0,0,0,0,0],[0,0,0,0,0],[0,0,0,0,0],[0,0,0,0,0],[0,0,0,0,0],[0,0,0,0,0],[0,0,0,0,0],[0,0,0,0,0],[0,0,0,0,0],[0,0,0,0,0],[0,0,0,0,0],[0,0,0,0,0],[0,0,1,1,1],[0,1,5,2,4],[0,0,0,0,0],[1,0,0,0,0],[0,1,4,2,0],[0,1,0,0,0],[0,0,0,0,0],[0,1,2,0,0],[0,5,4,5,5],[5,5,5,5,5],[0,2,1,5,5],[0,5,5,5,5],[5,5,5,5,5],[0,0,0,0,0],[0,1,0,0,0],[0,0,0,0,0],[0,5,5,5,5],[0,0,0,0,0],[0,5,0,0,0]],"rewards":[[10.518902698347883,6.946703258405243,10.532293701598121,10.324038899043114,10.583576869266803],[10.487565386604562,6.861679192060878,10.483876813396027,10.632958543838958,10.455140014749126],[10.471107735382256,8.476636261506595,10.66339476386516,10.511543415942157,10.515206536130677],[10.490774227473175,10.341895541469901,10.682137510042457,10.553962738054732,10.593660479957023],[10.404471609717056,10.52415074938514,10.398405203702827,10.590316554768531,10.402192376797995],[10.419202965875122,10.249250914512258,10.263183811139942,10.543849037633361,10.395835635691883],[10.45587064954606,10.575872411557684,10.49119889077592,10.624603553388612,10.571398957670205],[10.430302139258382,10.583888366603658,10.664182077177724,10.329903693499771,10.343517856482526],[10.454515711885476,10.385757228006005,10.489191233538621,10.546344906272585,10.673238412809503],[10.597011531363465,10.559813841220626,10.4157796691584,10.549684898737755,10.561946851196453],[10.542300120684923,10.528518020388583,10.634655886813997,10.407930687674254,10.501740082034889],[10.551222746931602,10.308446276627528,10.63093531738646,10.623702194656591,10.444343433908374],[10.61304911319786,10.677157165618862,10.56534790309648,10.644696701671911,10.506735371667018],[10.506159351799942,10.68683851285064,10.45269624110715,10.565480705395007,10.554206631533042],[10.427559798209526,10.543529974149179,10.646758867619466,10.480031539193256,10.382061248905933],[10.543078670348722,10.449870147388582,10.38226621610221,10.40609261020284,10.38555691674984],[10.417142016960195,10.40828308845191,10.282085338442297,10.541493714676498,10.448709255102356],[10.634094600942678,10.379409957044187,10.570401516828518,10.52882454293849,10.430241163523869],[10.460894093777632,10.477511456675362,10.499672239060777,10.633219966403649,10.473800324865833],[10.499391911298577,10.347112709594896,10.443582899583932,10.451077613196613,10.313327969947704],[10.498727473083328,10.50022228948799,10.559071334974682,10.361576093668369,10.504953757692643],[10.714061017520308,10.521870873845945,10.53758686687348,10.635231257446087,10.475453669701018],[10.531593859598503,10.6054969463766,10.546720345520553,10.625307846028784,10.639036632335223],[10.452559285346933,10.483197231109106,10.481237910920255,10.349037020607598,10.351133242365817],[10.464777915515938,10.460604619293264,10.61686613835915,10.508295612466577,10.374753707434836],[10.53458733614871,10.486792218799197,10.567603478741564,10.461225345487508,10.534501073663279],[10.646801147055443,10.396970561877117,10.527447408543669,10.65224995680282,10.636643066344247],[10.566117133347941,10.617581546256515,10.29763441901466,10.407171077418283,10.382738864307658],[10.723552916565714,10.626700324114902,10.615517795168007,10.488533967960688,10.314053556473077],[10.414819960503786,10.479430323053416,10.5347920496834,10.568652699244439,10.45591538908437],[10.381519635208946,10.550242862040884,10.52177060153406,10.60920010757553,10.657352861800511],[10.47066537949998,10.446307316611271,10.610410209058234,10.66855080016583,10.487238325178843],[10.561144253851259,10.427456254776642,10.556729953921097,10.71730709664801,10.668218932172929],[10.36460669113469,10.469623289754182,10.551108258588153,10.423833677019276,10.42153128039143],[10.609061900227138,10.486249946174214,10.39206165238684,10.546808713248122,10.48509665219598],[10.513998570737112,10.377457730429244,10.52725835263584,10.578060107710764,10.643787565185567],[10.574169340633778,10.416489977016196,10.492330765822365,10.459139187334683,10.622407445902653],[10.366111441060522,10.51673129061113,10.398037100912868,10.514046260431202,10.250566623870176],[10.55710222129826,10.533412331438123,10.599588276556803,10.524042995106168,10.400353451064701],[10.356873219508367,10.768751490852981,10.555940046284341,10.538139243519966,10.414515498824997],[10.588865381576179,10.514906530999017,10.592142272121942,10.540451587555303,10.454950389176918],[9.406942350096724,9.361074549222414,14.785916953941769,14.65914752220764,14.913515239854625],[6.1573158879764955,6.642830952558243,3.6864931919979114,6.0286942742911265,4.3698954247992985],[10.184708608251512,10.210119626282415,10.236730987649686,10.121085682315394,10.195994913450306],[10.82541059912466,16.46620143064653,16.769273682568205,16.511258070815117,16.61791171059116],[7.66234721711034,6.785524455827279,3.6694130247086356,5.836894643727852,7.6955344730272515],[6.448334980245938,1.5276066907960346,6.2003907923650665,6.017020645284543,6.13368725243567],[13.784431766368721,13.933804397781039,13.963952876025333,14.086719383729875,14.074727368796871],[5.524439852234517,4.68655557615042,4.672092924851173,5.2935895979597065,5.365894019914115],[3.893661695196712,8.535424411131475,3.135850912764125,8.595273590033313,8.569536850703766],[9.529084321634043,9.486288197370442,9.7649188008768,9.5880185869441,9.593832642351476],[2.390082635598742,3.474745719983614,2.2931751983805233,5.7858638466596775,5.8997886707637255],[1.2287801686222135,4.71341756288787,4.737692377438802,4.91806844151489,4.7287882768619545],[10.434195226456607,10.728757469685537,10.553197046047492,10.688455517441751,10.657846040181948],[8.010130808139293,8.004795319904964,7.9543673986644725,7.965117179239566,7.9803227164465005],[5.029397992603666,2.5281197258706802,4.835642501584052,4.980756887577119,5.012042297336556],[12.96132590006678,12.964730552006136,12.962973317926396,13.074743068855595,12.999445345777414],[4.844526317562578,8.109930129792167,7.994325816407047,7.801591998005269,7.9382970655254805],[12.075541913028303,11.96941030943151,12.043541564368692,11.904434436889936,11.884966876722387],[16.888924638202298,11.658944329750081,16.89532566046335,16.92748737572976,16.954676458629205]],"times":[[14093,10392,5134,303,481],[7874,4098,6888,225,515],[555,7315,224,251,344],[4241,3498,346,137,258],[435,1618,291,256,362],[373,322,209,258,242],[1610,256,297,271,217],[427,181,321,129,346],[384,154,177,123,209],[918,266,346,235,265],[388,539,340,273,683],[359,290,236,243,331],[643,161,283,179,211],[417,211,247,193,393],[401,569,194,265,270],[600,161,283,231,467],[261,136,264,289,199],[318,148,379,242,179],[508,290,172,233,139],[256,107,257,139,155],[466,82,122,146,144],[466,184,144,170,106],[246,115,170,114,232],[325,33,81,163,255],[316,50,129,65,105],[263,25,81,122,261],[251,130,115,202,162],[723,60,9,187,144],[182,131,259,107,146],[254,51,32,90,105],[635,59,152,98,105],[177,65,193,47,171],[274,72,107,116,57],[490,98,427,66,187],[167,19,90,36,249],[177,18,9,28,74],[215,83,234,227,475],[307,155,105,82,185],[266,34,90,291,18],[246,88,232,106,80],[284,98,93,104,98],[1633,115,1956,264,299],[653,754,1836,979,687],[619,194,298,417,201],[441,610,211,160,216],[391,289,1345,665,1121],[496,418,1929,130,290],[261,129,131,130,330],[480,435,2276,73,418],[455,2700,801,88,283],[884,82,107,138,153],[716,1283,298,1891,329],[1454,571,4288,356,298],[1147,55,105,72,216],[938,2536,89,234,386],[616,606,220,96,171],[425,100,82,131,122],[520,762,251,122,104],[1089,874,202,226,705],[321,650,59,106,59]],