{"actions":[[0,1,1,1,0],[0,1,2,2,3],[5,3,3,3,2],[1,0,4,4,4],[1,5,4,1,0],[0,3,4,4,0],[0,0,2,0,0],[0,2,0,3,0],[1,1,2,0,0],[2,2,2,2,1],[0,3,3,3,3],[1,3,3,2,2],[1,2,0,0,0],[2,3,2,2,2],[2,4,4,4,3],[2,1,2,1,2],[0,0,0,1,1],[0,1,0,0,0],[0,1,0,0,4],[0,0,0,0,5]],"rewards":[[7.659967872990543,10.852494139248712,10.889720436344266,10.695612883150696,7.929518869647372],[7.7429960681670975,10.692442205812561,8.990469333895906,8.942328022200805,14.19616902429321],[7.784731196799215,9.322151377518054,9.647286891356476,9.41341836403219,6.717150582871562],[11.175867890402223,8.569404486998563,2.376846137985224,2.6392100869501234,2.4022675145290497],[5.798829003644354,7.388734760276469,12.980660504759376,5.901324518291387,11.184146085449582],[10.515423950900283,7.51718477908046,12.63967271368641,12.54627770232305,10.491394877222477],[8.37741538369498,8.404755795301405,8.850187989571644,8.311406920496921,8.193567709698325],[8.304868721655694,9.005857695265629,8.36563681210175,10.839344614815634,3.927149896947272],[5.3583151278138255,5.23112502963024,8.570654703276732,11.21176490208676,11.087339753372405],[8.590925045352083,8.441101155706981,10.332510141948918,10.303210530053777,7.123534334796551],[16.724631683304136,7.301037438931402,7.431841255139549,7.618040500493631,7.146368058738557],[8.111613667457883,7.257732847037211,9.469592629289112,14.958085407075222,14.982856975134677],[9.481991648933205,6.396180917953394,4.756296700376348,4.566467892490795,4.794511457615638],[6.589938655508745,9.566342815702532,6.611411219471142,6.611806687021825,6.784667926867797],[5.064857180627127,3.646380705045507,3.737696422364085,3.546946895732112,9.17480168878473],[5.02362550086587,7.902281104126729,15.381798993169385,8.93106860231208,15.329168131247988],[11.268803356503362,11.273690574236019,11.036607305905171,5.724888651489097,5.74943240930614],[13.104987734064007,7.028770377768297,13.089950910916324,13.267642082670896,13.098354328702191],[5.9554640232672,9.161959329518186,5.930081054191073,6.113389794619552,3.543785634447808],[0.9000265642935281,0.7403151757583742,0.8180725061675336,0.8133277817925235,9.779116982845688]],"times":[[22728,70,60,31,911],[345,100,41,104,181],[906,7,20,47,187],[533,102,59,133,51],[267,74,83,34,22],[1215,122,170,20,111],[11,205,422,146,189],[74,91,253,128,30],[378,32,170,492,121],[164,102,120,21,39],[807,90,199,122,95],[426,201,50,158,92],[187,146,87,82,90],[479,105,161,133,152],[467,165,211,103,100],[334,55,142,117,156],[74,270,47,6,77],[141,24,198,233,242],[118,147,46,139,3],[97,14,47,30,88]],"condition":[["negodd"],["negodd"],["negodd"],["negodd"],["poseven"],["poseven"],["poseven"],["posodd"],["negeven"],["poseven"],["negeven"],["negeven"],["posodd"],["posodd"],["posodd"],["negeven"],["negeven"],["poseven"],["negodd"],["posodd"]],"envs":["envs/add/negodd/negodd62.json","envs/add/negodd/negodd46.json","envs/add/negodd/negodd59.json","envs/add/negodd/negodd89.json","envs/add/poseven/poseven4.json","envs/add/poseven/poseven98.json","envs/add/poseven/poseven11.json","envs/add/posodd/posodd93.json","envs/add/negeven/negeven84.json","envs/add/poseven/poseven85.json","envs/add/negeven/negeven41.json","envs/add/negeven/negeven88.json","envs/add/posodd/posodd40.json","envs/add/posodd/posodd39.json","envs/add/posodd/posodd12.json","envs/add/negeven/negeven97.json","envs/add/negeven/negeven1.json","envs/add/poseven/poseven66.json","envs/add/negodd/negodd28.json","envs/add/posodd/posodd16.json"],"money":"3.63","age":50,"gender":1,"hand":0,"experiment":"noncompositional","instcounter":0,"subjectID":"61643af1590fab1b602d1e14","studyID":"6168186185dddf5426605410","eval":[["negeven"],["poseven"],["negodd"],["posodd"]],"regrets":[[3.022627353668213,0,0,0,3.022627353668213],[3.022627353668213,0,6.198723793029785,6.198723793029785,1.1491823196411133],[3.3914928436279297,1.862483024597168,1.862483024597168,1.862483024597168,4.482052326202393],[0,2.79464054107666,7.608549356460571,7.608549356460571,7.608549356460571],[7.075664520263672,5.350109577178955,0.01788616180419922,7.075664520263672,1.748652458190918],[2.2393245697021484,5.266378879547119,0.12706279754638672,0.12706279754638672,2.2393245697021484],[3.0610198974609375,3.0610198974609375,2.412046432495117,3.0610198974609375,3.0610198974609375],[3.0610198974609375,2.412046432495117,3.0610198974609375,1.4047670364379883,8.12000322341919],[5.983555793762207,5.983555793762207,2.6718130111694336,0,0],[2.6718130111694336,2.6718130111694336,1.423776626586914,1.423776626586914,4.657129287719727],[0,9.361591339111328,9.361591339111328,9.361591339111328,9.361591339111328],[8.590568542480469,9.361591339111328,6.189811706542969,0.7432079315185547,0.7432079315185547],[2.1560497283935547,5.341951847076416,6.996852874755859,6.996852874755859,6.996852874755859],[5.749683380126953,2.869622230529785,5.749683380126953,5.749683380126953,5.749683380126953],[4.129269123077393,5.577934265136719,5.577934265136719,5.577934265136719,0.08420085906982422],[4.129269123077393,1.3875513076782227,2.372089385986328,8.427779197692871,2.372089385986328],[0,0,0,5.420450687408447,5.420450687408447],[1.5972967147827148,7.7323126792907715,1.5972967147827148,1.5972967147827148,1.5972967147827148],[3.0217337608337402,0,3.0217337608337402,3.0217337608337402,5.438410758972168],[9.18041980266571,9.18041980266571,9.18041980266571,9.18041980266571,0]],"maxrewards":[10.80020523071289,15.226044654846191,11.25114631652832,10.184636116027832,12.891671180725098,12.713241577148438,11.310850143432617,12.021240234375,11.230140686035156,11.719669342041016,16.697006225585938,15.658353805541992,11.739814758300781,12.398200035095215,9.242339134216309,17.734373092651367,11.097312927246094,14.783900260925293,9.117252349853516,9.983402252197266],"bestoptions":[1,1,1,1,2,2,4,5,0,4,0,0,5,5,5,0,0,2,1,5]}
