{"actions":[[0,4,5,5,5],[0,4,2,0,0],[0,4,4,4,4],[0,4,0,0,0],[0,4,4,4,4],[0,1,0,0,0],[0,4,4,4,4],[0,4,5,5,5],[0,5,4,4,4],[0,4,1,1,1],[0,4,5,5,5],[0,1,5,0,0],[0,4,5,5,5],[0,4,5,5,5],[0,5,1,1,1],[0,5,5,5,5],[0,4,5,0,0],[0,4,5,5,5],[0,4,5,1,1],[0,4,5,4,4]],"rewards":[[4.772989620551028,8.467435427087063,16.214102642280793,16.167046430696765,16.352083499150634],[13.478929241022707,8.770786599136937,11.542850492249052,13.71816674626362,13.532005745826075],[10.146362212065986,13.442712613165682,13.54217022741562,13.268500484462153,13.435499608420072],[11.855310149612578,7.831336494572692,11.889889527285833,11.67105839137873,11.895842545739963],[16.261918036065858,18.047334986596447,18.229276599552335,18.16429828559133,18.134787066516008],[15.553561679572578,8.614138658305698,15.360385609521398,15.563860903250886,15.371775132112635],[13.613024072728413,17.78693365996371,17.648638923087603,17.918144187242927,17.912003881351907],[3.435290286431567,6.7917787983697195,13.890705726015353,13.987785422862943,13.877065445131525],[8.181212640501808,6.010479730089675,11.6734176121682,11.568889493515952,11.326713839947436],[5.164596113802922,3.54269824503143,7.105255850740062,6.981475728809371,7.217428693225062],[5.811490068619766,8.450805681319794,14.512036474124892,14.614585162648998,14.542369945578418],[15.522786939406084,8.784644992736073,8.217837602867032,15.633576027796744,15.541093868164204],[10.343924590282223,7.345254683000771,13.149081467178355,13.120800373725551,13.032864291418102],[5.519150349522313,4.075295324286296,6.549733993308927,6.55187534343137,6.581686837493097],[8.77927020637433,7.979752227063699,12.69376326745652,12.978211587913382,12.657182145772579],[8.72859159644509,17.445293208983536,17.430778576731594,17.370479970115248,17.209261461410335],[12.954369069936496,9.879563956507917,4.689378350661649,12.966623004538162,12.998671383133505],[2.305725874365195,4.210982738559753,10.276597094769443,10.567751653229196,10.524402791878455],[9.13210389613698,6.447599843255308,9.504872031110805,12.073411504007742,11.658879372045671],[10.19696683589326,14.022215271327552,9.95499806313769,13.812261417760556,13.756766536960367]],"times":[[24099,2660,4828,11341,455],[11872,3485,12913,1176,416],[3958,4801,14128,88,293],[6568,5026,3308,394,336],[8991,5022,10426,74,188],[5880,3534,1764,64,1226],[1548,10086,5069,152,29],[1635,7263,345,133,422],[2601,5356,4180,315,134],[2627,1330,8781,853,165],[1613,3644,1957,298,142],[5101,6617,1124,1747,38],[1172,1240,2125,285,61],[4193,974,193,1487,72],[19723,5715,937,246,130],[5334,527,4944,1159,358],[5786,1104,175,142,1055],[1222,3635,182,370,80],[8333,1657,294,8682,125],[7031,3834,2311,319,175]],"condition":[["posodd"],["negeven"],["poseven"],["negeven"],["poseven"],["negeven"],["poseven"],["posodd"],["poseven"],["negodd"],["posodd"],["negeven"],["negodd"],["negodd"],["negodd"],["posodd"],["negeven"],["posodd"],["negodd"],["poseven"]],"envs":["envs/add/posodd/posodd45.json","envs/add/negeven/negeven42.json","envs/add/poseven/poseven14.json","envs/add/negeven/negeven39.json","envs/add/poseven/poseven18.json","envs/add/negeven/negeven81.json","envs/add/poseven/poseven49.json","envs/add/posodd/posodd5.json","envs/add/poseven/poseven78.json","envs/add/negodd/negodd33.json","envs/add/posodd/posodd96.json","envs/add/negeven/negeven98.json","envs/add/negodd/negodd56.json","envs/add/negodd/negodd88.json","envs/add/negodd/negodd85.json","envs/add/posodd/posodd87.json","envs/add/negeven/negeven51.json","envs/add/posodd/posodd75.json","envs/add/negodd/negodd92.json","envs/add/poseven/poseven3.json"],"money":"4.20","age":40,"gender":1,"hand":0,"experiment":"noncompositional","instcounter":0,"subjectID":"61648ea1c5e54640f9e0e613","studyID":"6166d7c29bb8f43a7dce1c8d","eval":[["negeven"],["posodd"],["negodd"],["poseven"]],"regrets":[[11.882196426391602,8.396997451782227,0.6097965240478516,0.6097965240478516,0.6097965240478516],[0,4.969634056091309,2.062957763671875,0,0],[3.325497627258301,0,0,0,0],[0,3.9377880096435547,0,0,0],[2.0459442138671875,0,0,0,0],[0,6.780132293701172,0,0,0],[4.274240493774414,0,0,0,0],[10.530737400054932,6.999755859375,0,0,0],[3.3459367752075195,5.64988899230957,0,0,0],[2.1862168312072754,3.9533278942108154,0.22591114044189453,0.22591114044189453,0.22591114044189453],[9.469807147979736,6.892848968505859,0.7132129669189453,0.7132129669189453,0.7132129669189453],[0,6.920583724975586,7.427950859069824,0,0],[5.763278007507324,8.904452323913574,3.101095199584961,3.101095199584961,3.101095199584961],[2.773223876953125,4.116993427276611,1.5402088165283203,1.5402088165283203,1.5402088165283203],[4.011445999145508,4.812067985534668,0,0,0],[9.320352554321289,0.5404796600341797,0.5404796600341797,0.5404796600341797,0.5404796600341797],[0,3.177889823913574,8.28263235092163,0,0],[8.253854751586914,6.074850559234619,0,0,0],[2.675755500793457,5.618131637573242,2.601947784423828,0,0],[3.7106456756591797,0,4.144248962402344,0,0]],"maxrewards":[16.865697860717773,13.67945384979248,13.445243835449219,11.842069625854492,18.276988983154297,15.445287704467773,17.767013549804688,13.888972282409668,11.54970932006836,7.328769683837891,15.352819442749023,15.649435997009277,16.187700271606445,8.237190246582031,12.86020565032959,17.99295997619629,12.961175918579102,10.447568893432617,11.858293533325195,13.897001266479492],"bestoptions":[3,0,4,0,4,0,4,5,4,3,3,0,1,1,1,3,0,5,1,4]}
