{"actions":[[0,1,2,3,4],[5,4,3,2,1],[0,1,2,4,5],[0,1,2,4,5],[5,4,3,1,2],[0,5,4,3,1],[5,4,0,1,2],[5,0,1,3,4],[0,5,4,3,1],[5,0,1,2,3],[5,3,1,4,0],[5,0,1,2,4],[5,3,4,1,2],[0,2,4,5,3],[0,2,4,5,3],[5,3,1,0,3],[5,0,2,3,1],[0,2,1,4,3],[0,5,4,3,1],[0,5,3,4,2]],"rewards":[[12.375348406501738,7.566779039508854,9.55803002871798,5.130271600069007,8.465040547104765],[13.865105575514125,7.25457121357384,14.251140334621091,8.06233600024114,16.95035500731234],[17.09795030589305,10.198384392015434,18.21697333935903,18.54399325915579,11.808999018052317],[14.297034838230982,7.147503535878113,14.863904938239427,17.61172723282507,9.573251947306895],[11.866992220203898,5.5057947467901425,13.396190212824791,13.975350561085852,7.3057242724085345],[2.1049170071676637,9.642452239102884,4.2294343967363535,8.14121628084948,8.572466357618149],[8.607644500936802,10.166583604925824,7.651968502381418,6.389273310355399,8.960150030887657],[6.855740185436662,6.12168956902546,10.707362876515544,8.726009567597567,3.3938392617495174],[2.3847338764673083,9.051356336839984,5.780627912412284,8.018193280198103,5.965954943067456],[4.744294047457583,10.885055409090992,7.406722894667367,11.168883647024545,7.092177140765902],[9.853142522354952,8.356824169462707,6.718526816493608,5.307144053525788,4.257632317581724],[4.723614215373367,15.956941882911764,9.120582922109714,14.361163715573007,12.894434975551622],[11.30768990848717,9.304261841497667,8.129237672850062,8.23293427277611,5.717218509906986],[17.85115445430541,16.762038631384556,12.634738974102344,8.239790795946632,8.17517146274656],[10.723785620518223,10.888147518519707,12.28855455590339,8.044541671974002,7.603002425246607],[8.079624439905665,11.174634086158827,12.39693937319557,6.4060408116300405,11.236159661196483],[5.933974243604441,8.961782460727806,9.735002291601825,4.1900058798086555,3.8327455421611303],[15.711871163040023,12.350576213945926,9.222787831186691,11.28484314703175,7.503843588011389],[9.133496583638191,12.35531768754927,6.540437684350709,13.997248314943104,13.397554010316588],[4.030392140675378,12.39979215453163,10.761830713304736,8.198799021797024,5.224914885541524]],"times":[[23229,3817,1289,4116,776],[9565,772,1197,1122,1200],[8336,1378,1319,1581,1275],[3302,712,1483,1220,1616],[1859,1414,1527,1002,485],[4425,1554,370,925,319],[1713,832,2550,47,98],[2302,1224,1480,1116,1588],[4199,1390,940,1280,894],[1357,1030,1295,466,1011],[3769,1793,1207,1626,1586],[1491,700,1577,457,1103],[2828,1252,637,1378,1146],[1882,2424,1147,604,830],[900,1305,996,775,1473],[1673,2772,1221,127,974],[2208,1200,665,1233,396],[1312,1368,884,1085,685],[1196,1958,1137,1465,840],[668,974,1200,554,982]],"condition":[["negeven"],["negodd"],["poseven"],["poseven"],["negodd"],["posodd"],["poseven"],["negodd"],["posodd"],["negeven"],["posodd"],["negeven"],["posodd"],["negeven"],["poseven"],["negodd"],["poseven"],["negeven"],["negodd"],["posodd"]],"envs":["envs/add/negeven/negeven22.json","envs/add/negodd/negodd24.json","envs/add/poseven/poseven72.json","envs/add/poseven/poseven86.json","envs/add/negodd/negodd77.json","envs/add/posodd/posodd76.json","envs/add/poseven/poseven59.json","envs/add/negodd/negodd67.json","envs/add/posodd/posodd94.json","envs/add/negeven/negeven36.json","envs/add/posodd/posodd84.json","envs/add/negeven/negeven96.json","envs/add/posodd/posodd52.json","envs/add/negeven/negeven53.json","envs/add/poseven/poseven97.json","envs/add/negodd/negodd0.json","envs/add/poseven/poseven60.json","envs/add/negeven/negeven9.json","envs/add/negodd/negodd7.json","envs/add/posodd/posodd44.json"],"money":"3.84","age":30,"gender":1,"hand":0,"experiment":"noncompositional","instcounter":0,"subjectID":"61646529370e6a2eb6ed74cc","studyID":"6168186185dddf5426605410","eval":[["poseven"],["negeven"],["negodd"],["posodd"]],"regrets":[[0,4.686161041259766,2.5849695205688477,6.971579074859619,3.8533935546875],[3.1227874755859375,9.817143440246582,2.5803680419921875,8.7030029296875,0],[1.6333179473876953,8.193798065185547,0.3207054138183594,0,6.81178092956543],[3.4561967849731445,10.611169338226318,2.7032480239868164,0,8.117271423339844],[2.195545196533203,8.486112117767334,0.7049760818481445,0,6.701848983764648],[7.674378752708435,0,5.339205265045166,1.2461204528808594,1.0043401718139648],[1.670863151550293,0,2.5393595695495605,3.8793697357177734,1.4267711639404297],[3.7938756942749023,4.438443183898926,0,1.6686086654663086,7.159524440765381],[6.733622312545776,0,3.4403858184814453,1.0692882537841797,3.030595302581787],[6.47545051574707,0.2777900695800781,3.775418281555176,0,3.96938419342041],[0,1.4325084686279297,3.183928966522217,4.668185234069824,5.544663429260254],[11.268789768218994,0,6.757895469665527,1.6414880752563477,3.023042678833008],[0,1.9308786392211914,2.847921371459961,2.8995656967163086,5.502551078796387],[0,1.2382774353027344,5.22015380859375,9.561884880065918,9.74664306640625],[1.7203340530395508,1.3066434860229492,0,4.136695861816406,4.762391090393066],[4.540215492248535,1.5857477188110352,0,6.281920433044434,1.5857477188110352],[6.929415702819824,4.134305953979492,3.310940742492676,8.657613277435303,9.014128684997559],[0,3.343332290649414,6.681765556335449,4.456928253173828,8.529759407043457],[4.817554473876953,1.9048919677734375,7.566031455993652,0,0.3628387451171875],[8.183907985687256,0,1.7958126068115234,4.224740028381348,7.09329891204834]],"maxrewards":[12.184840202331543,16.91373062133789,18.519304275512695,17.651594161987305,14.005579948425293,9.535383224487305,10.263191223144531,10.56743049621582,9.120410919189453,11.157499313354492,9.802659034729004,15.89570426940918,11.182873725891113,17.877769470214844,12.28195858001709,12.619319915771484,12.990724563598633,15.804698944091797,13.998590469360352,12.385358810424805],"bestoptions":[0,1,4,4,1,5,4,1,5,2,5,0,5,0,4,1,4,0,3,5]}
