{"actions":[[3,1,5,5,5],[0,2,5,4,4],[0,4,5,5,5],[5,5,5,5,5],[1,1,1,1,1],[4,5,3,1,0],[4,5,1,2,0],[2,2,4,5,4],[1,2,3,4,5],[5,3,1,0,1],[2,3,5,0,1],[5,3,1,0,1],[4,1,0,2,1],[4,4,4,4,4],[1,3,5,0,0],[2,3,2,2,2],[0,1,3,5,5],[4,2,0,0,0],[3,3,3,3,3],[1,1,1,1,1]],"rewards":[[7.5323444905507575,5.505800742599749,8.124921919001546,8.09437017545903,8.118291368669258],[8.281684005033076,8.933920477966048,7.066610548822636,11.172736944455746,11.16708808058783],[4.73346804155193,8.963489252895636,11.218803483471547,11.114227622719108,11.231573949245005],[13.742346842100387,13.655716916154747,13.597142785372478,13.562934338823588,13.626408225199611],[13.512225118768464,13.523864933829353,13.631499261408747,13.45928883793293,13.483078042726575],[4.877036884626064,10.530777371104037,10.543288826050297,12.530335676095689,8.426868536212059],[6.773197779899072,2.833957414653552,5.520780196583422,7.6635381713724495,9.134908387351016],[14.18918408941349,14.042144563702253,15.50879241935586,9.333481187054302,15.613014613953167],[8.165753046724534,2.7064077118614236,10.162406812675917,4.898729771006397,10.69509510166178],[6.63696249374933,8.730832312240016,10.235972715108446,6.469841858170366,10.221005910531483],[7.1632941830886585,4.801796049875579,3.048682262451303,8.238534817270542,5.5654654269225805],[8.139441724502483,10.944439212658507,12.596387720077102,6.224723013571437,12.543421472767477],[5.506690791313609,10.355472022367755,6.915632682313532,7.288241017625693,10.382221734795044],[14.207782032619287,14.125772844979174,14.045157015788362,14.25376010832549,14.196240568078508],[5.996983329384143,6.920275423137749,8.626864247890465,12.368512214186179,12.33015471989345],[12.055038346113882,5.44815772066274,12.055977472543928,12.005723919441168,11.92806371938013],[8.191296733043504,6.081921699670072,7.926518229196474,8.40915119451421,8.296374868189888],[9.982281099344897,12.014498878989553,13.8102651641208,13.830274325845515,13.836085997529512],[13.18940186009865,13.12688866763334,13.153935296846832,13.031093256775488,13.087397766786875],[13.389670530296842,13.558765970725949,13.353170069921829,13.328121654583125,13.51536166773773]],"times":[[25612,3652,1663,3676,1752],[4309,2714,1286,1968,758],[4214,4343,1338,737,391],[3558,1606,568,526,500],[2753,572,423,452,373],[2489,1015,1267,1468,1433],[2577,876,803,927,647],[2733,1144,1839,870,622],[2743,1088,507,1929,311],[2233,1345,956,1268,613],[2365,893,1131,984,951],[2697,2019,1008,1074,364],[2932,954,829,1629,550],[2360,1209,882,1601,930],[4111,1045,695,784,463],[2817,1138,1093,452,399],[1761,688,828,486,638],[1435,1753,990,592,680],[3999,812,557,652,504],[3217,542,405,900,641]],"condition":[["poseven"],["poseven"],["posodd"],["posodd"],["posodd"],["negodd"],["negeven"],["poseven"],["posodd"],["negodd"],["negeven"],["negodd"],["negodd"],["negeven"],["poseven"],["negeven"],["poseven"],["negeven"],["posodd"],["negodd"]],"envs":["envs/add/poseven/poseven97.json","envs/add/poseven/poseven11.json","envs/add/posodd/posodd77.json","envs/add/posodd/posodd83.json","envs/add/posodd/posodd96.json","envs/add/negodd/negodd20.json","envs/add/negeven/negeven17.json","envs/add/poseven/poseven46.json","envs/add/posodd/posodd3.json","envs/add/negodd/negodd31.json","envs/add/negeven/negeven94.json","envs/add/negodd/negodd0.json","envs/add/negodd/negodd55.json","envs/add/negeven/negeven98.json","envs/add/poseven/poseven79.json","envs/add/negeven/negeven25.json","envs/add/poseven/poseven39.json","envs/add/negeven/negeven19.json","envs/add/posodd/posodd43.json","envs/add/negodd/negodd4.json"],"money":"3.90","age":40,"gender":1,"hand":0,"experiment":"noncompositional","instcounter":1,"subjectID":"61644ec106214e5d8c148011","studyID":"6168186185dddf5426605410","eval":[["poseven"],["negeven"],["posodd"],["negodd"]],"regrets":[[4.762391090393066,6.871376037597656,4.136695861816406,4.136695861816406,4.136695861816406],[3.0610198974609375,2.412046432495117,4.157103061676025,0,0],[6.411841869354248,2.3435888290405273,0,0,0],[0,0,0,0,0],[1.8023195266723633,1.8023195266723633,1.8023195266723633,1.8023195266723633,1.8023195266723633],[7.826177597045898,2.0979318618774414,1.9183731079101562,0,4.171941757202148],[2.2143259048461914,6.231846332550049,3.6319808959960938,1.5383119583129883,0],[1.4083747863769531,1.4083747863769531,0,6.024415969848633,0],[2.362855911254883,7.8593292236328125,0.5044384002685547,5.879735469818115,0],[3.567704677581787,1.5685434341430664,0,3.6840105056762695,0],[1.4060754776000977,3.7364282608032227,5.467140197753906,0,2.897736072540283],[4.540215492248535,1.5857477188110352,0,6.281920433044434,0],[5.070196151733398,0.3121376037597656,3.7665276527404785,3.52490234375,0.3121376037597656],[1.4579153060913086,1.4579153060913086,1.4579153060913086,1.4579153060913086,1.4579153060913086],[9.814733982086182,8.828865051269531,7.063021659851074,3.437413215637207,3.437413215637207],[4.003091812133789,10.594674110412598,4.003091812133789,4.003091812133789,4.003091812133789],[2.457183837890625,4.569838523864746,2.671970844268799,2.313675880432129,2.313675880432129],[4.132318496704102,1.8597650527954102,0,0,0],[2.362637519836426,2.362637519836426,2.362637519836426,2.362637519836426,2.362637519836426],[0,0,0,0,0]],"maxrewards":[12.28195858001709,11.310850143432617,11.247147560119629,13.584226608276367,15.352819442749023,12.512020111083984,9.111248016357422,15.503219604492188,10.66193962097168,10.297327041625977,8.487170219421387,12.619319915771484,10.614005088806152,15.649435997009277,15.803167343139648,16.058147430419922,10.642559051513672,13.915315628051758,15.46545124053955,13.421960830688477],"bestoptions":[4,4,5,5,3,1,0,4,5,1,0,1,3,0,4,0,2,0,5,1]}
