{"actions":[[2,3,4,2,1],[1,0,3,5,5],[1,4,5,1,1],[5,3,1,0,0],[4,1,3,2,2],[2,4,2,2,2],[0,2,4,3,5],[5,1,3,0,4],[5,5,5,5,5],[1,3,4,0,0],[0,2,4,5,0],[0,0,0,0,0],[1,3,4,5,0],[5,3,1,0,3],[5,5,5,5,5],[1,3,5,4,2],[0,2,1,3,1],[1,1,1,1,1],[5,3,1,0,5],[5,1,3,4,5],[5,5,5,5,5],[3,0,5,1,4],[5,2,1,0,5],[5,5,5,5,5],[3,1,5,4,5],[5,0,4,1,5],[5,5,5,5,5],[0,5,2,0,0],[0,5,2,4,2],[0,0,0,0,0],[0,2,4,5,0],[5,1,0,0,0],[0,0,0,0,0],[0,3,5,1,0],[0,3,4,1,3],[1,1,1,1,1],[4,0,5,1,0],[0,5,2,2,2],[0,0,2,0,0],[0,5,2,0,0],[2,0,5,4,5],[5,5,5,5,5],[0,2,4,5,0],[0,3,2,0,0],[0,0,0,0,0],[0,3,5,1,4],[4,1,0,2,1],[1,1,1,1,1],[5,1,3,4,0],[4,1,5,0,1],[1,1,1,1,1],[0,2,4,5,0],[0,2,1,0,1],[1,1,1,1,1],[0,4,1,5,0],[0,1,2,3,4],[1,1,1,1,1],[5,0,2,3,5],[5,2,1,3,4],[4,4,4,4,4]],"rewards":[[4.767342139964655,4.905513749068415,4.442832354852887,4.900850657719041,6.312266019748576],[9.122916023013886,2.258051612270985,9.531166141146777,9.637933270598865,9.55985579124302],[15.337887469565091,7.053413036616231,14.584100042357564,15.347170544867064,15.35832777796336],[2.9471351028785864,4.494600908463703,4.991798407334635,6.122151226962822,6.164430162768028],[9.494548215668146,3.5780458172659833,3.857740456917113,9.66748111895141,9.894995013673912],[14.092378204763774,14.042027311152017,14.002099958048278,13.9955812288104,14.125250160710447],[1.465031087643575,2.908385500313539,4.458976502371495,2.9396300969349785,4.034453584022854],[6.296796772356641,6.302999097650176,6.8556255661230425,0.6437241450687474,0.049830613852711064],[10.459314815840182,10.361974345547527,10.306384407547167,10.547701977877919,10.369230054325051],[6.373135759990267,4.181541417864461,3.2234243406041085,7.3669532262266895,7.202975448952627],[4.6639109867807464,4.8531376858140325,4.7392330865224,2.3555219481044327,4.661890942375238],[11.794912030230304,11.850133599897326,11.842521451546892,11.96609662313151,11.876730125142794],[4.582016278401163,6.046458816929997,6.836624856501345,7.299048778099607,4.224306580312305],[9.308983811191988,10.039784364614112,9.207945866380499,2.978068636050934,9.952276576930831],[16.780931012787182,16.787707652686287,16.817540719678405,16.80901220393454,16.73192557221459],[4.822164803571183,2.9300583946461707,2.190315025157092,3.872258514872368,3.002163288600658],[1.4352565859974136,1.393069386047337,7.36222537921127,6.588100692165182,7.458785810941234],[12.11197396113018,12.053888043456803,11.985804339038905,12.24426989356315,12.286940480159714],[4.4928672702232335,3.4352571524670044,2.1226974093684094,2.137009625653602,4.616332727304928],[5.463516898374866,5.041245384152669,4.783621775064082,1.4638306908382446,5.5431856039877445],[9.895731265930916,9.802191843265573,9.774344038415695,9.719935790816537,9.780951181828613],[4.327966460800662,2.023924284554264,5.612631082386432,2.163929259419726,4.201673518053846],[4.455290065706636,1.3359046052715378,4.454131922252367,0.9933079885781488,4.281386842145443],[9.976786357014838,9.99646819887935,9.992770327202377,9.933799975449912,10.027187561568065],[7.445484376991569,5.530247038855587,8.625714608909446,7.7702043091041615,8.3810176561588],[2.1801118004194953,0.09099821431327987,0,1.9993006024313136,2.1442323810729254],[10.709634532767645,10.619114207968783,10.527245092761737,10.604641771372624,10.646465823195692],[7.309347664257312,2.6131533561734392,5.813253228273102,7.231591567493736,7.298622618926153],[5.044566688965762,0.3967613114714214,5.3317038740761635,4.675134603346056,5.283724502802997],[12.255033732784753,12.257904660227027,12.11971715337314,12.141843642757264,12.013278204508646],[6.362265572898199,5.969100000462653,4.334187767600325,3.889396252943342,6.386129736865668],[4.119774573892159,3.8999261849915703,10.139460403450416,10.132505200747202,10.060245129329738],[16.559596892047207,16.51849981533413,16.46648232663149,16.723861618940173,16.55414602982352],[4.932216733575735,3.541460235211398,1.1814945599181867,4.591338312285556,4.844985521766208],[0.841049750523845,7.530012909166103,0.5285925617985515,7.474682577576601,7.613686293379115],[12.332597025556115,12.333274786078777,12.299781727704229,12.2211794438099,12.435941861870624],[2.700763458411743,5.726777767600642,1.4617367375589287,4.848813459106005,5.524182252040162],[10.895517164087192,3.6541286042347445,11.179640367895244,11.03154696830631,10.991358332519901],[16.321214504493945,16.25885746086027,14.451395413596,16.30055072791453,16.335346264283494],[8.712242927620254,6.230187118854231,7.935406650215057,8.705468805607058,8.696049024079473],[0,0.5397557644272422,7.327247320963311,0,7.182628721348794],[13.534373791613445,13.541140219253284,13.493368467265213,13.55117138547508,13.37634832945179],[8.035638519213078,5.661848028918926,3.2601216731178835,3.1447615601150334,7.878430103582583],[11.146517096634504,4.951449236897817,11.435283612382372,10.960477120097526,10.990166629773485],[19.20212259521878,19.1431112529317,19.153152171480947,19.087693215271415,18.935552135272886],[8.477990560706882,7.249071470124851,5.849375074476223,7.908591443213546,6.578254538885812],[2.026974477997635,6.301488294675031,1.9027532122097344,1.4867131703368004,6.271458683341116],[14.22299140441496,14.305152978725616,14.298202921272443,14.33695913971876,14.315883858529801],[5.452569401404036,2.215258194799213,3.7036805846555,4.579291039452679,3.2470240277328934],[3.2925769797673965,8.721697958783205,7.864114018877347,4.520007320492203,8.695988329296311],[10.74226241985967,10.875509283776317,10.826441509550497,10.874563591488847,10.649224524551306],[9.291288516643768,7.312682700696088,6.432168112582686,5.362734002064256,9.09572356106271],[3.2418728462622446,2.863890011921377,8.873788417810244,3.008985074533629,8.977543705912135],[16.867925827963475,16.689700837332158,16.582607202767687,16.5910534097096,16.667962226079283],[5.788210256593904,1.9858219478809251,3.7971234251558124,0.5563195455592593,5.548256648492025],[0.5394844829784142,5.36115131990876,1.1142544710745628,4.623209285218405,1.59284294431739],[9.12463298032175,9.228822833740816,9.072976381483942,9.274970674673188,9.135639897288002],[6.230291716023538,3.718221637817015,5.022159949165421,5.5787186848054375,6.264079026134891],[2.233054437312321,7.353201546439342,3.1766067049625804,1.769325726620648,7.403709082303837],[13.130250324414833,13.179447961176018,13.380487621194774,12.91143124367972,13.1490133599188]],"times":[[21171,9036,3692,3105,1814],[2612,2098,3846,3083,4519],[2361,1407,720,1372,818],[5881,1438,2415,1933,923],[2409,1349,2503,3021,763],[921,903,1052,588,566],[3641,1219,669,699,1154],[1945,987,1432,1166,1323],[917,346,204,208,436],[3201,3025,742,559,618],[1712,1566,632,496,646],[552,308,314,411,834],[1699,750,809,547,1049],[1264,1018,828,650,997],[1049,376,318,488,547],[2640,930,660,549,1067],[1396,1767,454,791,2242],[456,250,243,223,208],[4692,852,475,302,585],[1320,452,879,435,765],[1218,176,140,201,292],[3272,504,412,1440,880],[1256,890,392,755,415],[1355,306,282,288,511],[3672,550,595,792,585],[1548,714,1448,585,508],[1149,187,155,294,1085],[3737,917,2147,366,907],[1425,890,991,1178,516],[596,292,146,310,1036],[1805,981,1561,1571,975],[1325,621,391,474,434],[689,286,157,282,425],[3697,1740,574,347,215],[1700,547,559,1836,2356],[524,359,354,367,355],[2221,641,1586,815,870],[1066,798,1097,1934,674],[829,321,584,305,466],[1281,774,1002,434,749],[968,359,451,2187,926],[1589,533,259,334,505],[3305,1049,479,353,654],[972,879,1059,957,545],[468,201,165,288,353],[1605,477,468,612,1696],[1284,738,1073,759,539],[436,119,36,44,272],[1613,652,444,404,1503],[1153,576,811,597,774],[441,192,379,4,534],[2073,1179,477,1452,364],[1145,747,873,2432,798],[444,247,263,265,520],[2133,847,492,398,578],[532,370,669,383,247],[392,208,227,342,307],[2325,1244,964,3232,335],[1221,818,808,1232,668],[966,222,232,376,274]],