{"actions":[[1,3,5,1,2],[1,5,0,4,3],[3,1,5,1,3],[1,0,3,5,4],[1,5,4,2,0],[3,1,4,1,4],[0,2,4,5,0],[4,1,0,5,2],[4,1,3,5,1],[0,2,1,3,5],[1,3,5,0,2],[0,2,4,5,0],[2,1,1,3,5],[0,1,3,5,2],[0,1,3,5,4],[0,2,4,0,2],[1,3,5,1,3],[0,2,4,0,2],[0,2,4,3,2],[1,3,5,1,3],[0,2,1,3,5],[0,2,4,0,0],[0,1,1,1,1],[0,0,0,0,0],[1,0,2,4,3],[1,0,1,2,1],[0,1,1,3,5],[0,1,3,5,1],[1,0,0,0,0],[4,4,4,4,4],[5,0,0,0,0],[1,0,0,0,0],[1,1,1,1,1],[0,3,4,5,1],[0,0,0,0,0],[1,3,5,1,1],[0,2,4,0,0],[1,4,0,1,1],[0,0,0,0,0],[1,4,4,5,3],[2,3,3,3,3],[3,3,3,3,3],[1,3,5,4,1],[0,2,4,4,4],[0,0,2,4,0],[1,3,5,1,1],[0,2,4,4,4],[0,4,0,0,0],[1,3,5,1,1],[0,2,4,1,1],[1,3,5,1,1],[0,1,3,5,5],[1,3,5,5,5],[1,5,5,5,5],[0,1,5,4,1],[0,1,3,2,5],[5,5,5,5,5],[0,1,5,3,5],[4,5,2,0,4],[4,4,4,4,4]],"rewards":[[4.958632134910756,5.394412302872271,6.1766509843185675,5.014160231970921,4.919303965776355],[4.49428700590446,4.868141623976548,0.37573193131871635,0.1174470335721402,5.042678063974953],[10.209305454064724,9.447334244502514,10.972737521384772,9.546303286965712,10.311158236869113],[4.630234097484471,4.979302786997688,3.514540995909923,2.1614298412886908,2.4796446426386933],[4.774773529767432,3.7550074790064794,8.838864962245164,8.536381255746901,8.63870796737349],[6.404082847120533,9.18458820134725,11.248622402474748,9.21836973463984,11.062297735696237],[8.412424252890911,7.712771710623966,5.827890286333833,6.2347096021834885,8.36888001909349],[0.19348073499267576,4.3103922543165964,1.927396247993371,3.463787272566442,1.2582261054118768],[5.933422014976339,12.919434296663502,9.94358671992821,9.75053149737741,12.8138585775042],[4.84786869918814,2.988777974817311,3.9557842194144825,2.664634186057735,0.6750000887097855],[1.621983597247982,1.5759215325581115,2.140080796621524,6.425181963370412,5.41177871399462],[11.325705853877755,8.568093373981329,6.431041525134665,2.7445507776897444,11.342098348439585],[3.380319267203835,3.4073433683414582,3.4960392865416643,3.955793317486918,6.571799143437232],[0,3.2402025466934363,2.485341322293638,3.4686015145364593,0.18776786942804105],[0.82453375530472,6.615785652375044,6.518881882296007,9.994526135136372,5.199379909510085],[7.938322893962649,7.248791444752437,6.1587409538579605,8.064705316118479,6.990313719186746],[10.656059270201078,10.191344343440301,11.224813013636957,10.745027888553278,10.197175799136012],[11.970965693097895,12.061197449928985,10.404525554201923,12.158469622673831,12.119102963966126],[5.382257129505983,2.4864375147862225,1.7025390238761131,2.199579503813267,2.5256889278299335],[7.61815612741117,7.322161125433387,8.231790070818162,7.752326592429159,7.716389496389505],[6.0855633370593285,3.1681915615499476,12.107067029628265,9.952939838767449,9.066477103311112],[6.409238953093028,6.896732748827214,8.933953092166346,6.38512306977507,6.353169456038625],[4.348699507523104,10.870455497945601,10.572535896121197,10.693156073711133,10.533191926331382],[10.44271514098992,10.59828121664984,10.779837068160163,10.666579609234285,10.703347378299378],[2.2840109299794866,0.8737443269810019,1.4033873577195655,2.9880694951805884,3.4430908998083343],[4.898102678416823,1.5648859171479916,4.902772028512245,1.3727355864430795,4.918647015571353],[2.5649684379066104,7.243746009100066,7.229148875998636,8.838063889629309,8.383550342614763],[5.503252540151908,5.109590342793998,3.1222963863856417,1.4463195093140455,5.1859624013526275],[1.403718452832414,6.284180720267034,6.50410840800053,6.366870370867359,6.446933073629147],[10.172149523471182,10.070404915728496,9.913959855120789,10.078730844627234,10.026743797467429],[5.807107580503587,9.380544209085437,9.380025313246158,9.610074134124666,9.561432902805551],[4.151022134142616,8.006936868359833,7.95295940785289,7.985451059893496,7.881041797260332],[13.239084752111932,13.349260500376701,13.207174847259306,13.509836882987326,13.194671646215111],[3.9210255567531767,3.615042766174244,2.202875528591284,1.426988262604202,3.4280155454074115],[6.081840530565212,5.843608710575963,5.937544826995741,5.9623325801867795,5.9966486746919845],[4.958955256617096,5.436226234862978,3.6853941771800334,4.820788499868219,4.939080778305572],[5.25306508527433,5.650739264421179,3.6787652907505985,5.365734299778723,5.4017927284805785],[3.2349809753458207,0.2005088851104645,0.6065451424741104,3.469350955538479,3.41775899384114],[6.133424908787719,5.957279840896297,5.958025014194654,5.966775738416129,6.027510561197781],[1.531881616186653,4.06003637724514,4.23791701927111,4.101669512925777,2.2793395336305715],[2.1793717359429285,8.162271446235478,8.092180025808096,8.217739235785457,7.98977713622759],[10.467281768405888,10.509060743460093,10.309116194875042,10.37001497899007,10.35445447154599],[3.039194161590161,2.2457234471520557,1.413271472713309,1.9950221120743155,2.9565516113231327],[3.816636989796303,3.6203243047538654,3.9426756752002183,3.870721777309552,4.078833218353381],[8.476156033024589,8.252534086363534,7.184974587446079,6.014072682455931,8.077378096292481],[7.426032777034353,6.370554009601758,3.4626356277571366,7.275312340321254,7.351283837452485],[8.018031800684977,6.836699249872406,8.46546533523901,8.587904978502522,8.54520895952718],[16.768313696986482,13.191901386341703,16.68197003544861,16.78903075720143,16.731043073243345],[8.474070036851403,6.770740906709106,5.302989651635263,8.483839261615325,8.560309292556155],[1.0923392542650658,0.7584641691358632,0.24248764400549758,6.446817589916633,6.425139835977845],[14.918446633107168,13.387440267209463,12.190681048804606,14.832099653524688,14.980226907974307],[2.9446530063849115,3.644739478452463,5.61367968470725,7.779155506643118,7.600362160161892],[10.560965341946636,11.441998036077665,11.617590950759524,11.78396435353916,11.608518102769578],[14.242364300375327,19.259641905307046,19.38697910940559,19.44519059894384,19.45434292163675],[4.608778972875298,4.391194457959519,7.113278526548033,6.308830922628908,4.3636817734366495],[0.778711207388042,6.480256473974892,5.330338289386404,1.7003035854191975,5.296015411734319],[12.2690463667634,12.378207796944052,12.177985364043769,12.290204255396702,12.168784705716098],[1.4558981381221718,2.5980059074748083,5.842514360701441,3.7129650103832574,5.69198986515595],[7.079744970989499,0.39253286744810834,7.451485662719575,7.457570990593002,7.1708837487531465],[13.008037552618852,12.997285099785135,13.041211228560622,13.00650089512254,12.963168190936905]],"times":[[38713,3687,1742,3950,3220],[15522,8174,5212,1918,1290],[4389,1813,2019,2814,1093],[8136,2313,1390,1176,1328],[8811,3893,1697,3606,4033],[12742,1883,1411,3108,1506],[13237,1498,1184,980,1007],[3327,1179,1073,1401,1078],[3449,1065,2280,1243,1840],[4176,2009,365,980,1113],[2040,1735,1064,1407,1537],[5057,1293,1251,1716,1569],[7508,1142,9,2532,1940],[6209,1403,1064,784,1516],[3468,1263,1273,2052,1608],[7634,1420,981,2751,990],[1195,3253,566,715,1332],[6209,2025,854,1641,1699],[7675,1255,2115,1287,1427],[7797,1365,761,1184,1008],[8508,1112,1358,1271,623],[5495,1278,993,1220,5526],[2770,514,272,265,347],[3285,286,134,127,2440],[3559,886,1469,841,1031],[2509,568,314,1365,2140],[4910,285,283,1400,1102],[7125,517,3125,775,864],[5728,750,1002,295,265],[6091,576,347,532,425],[5104,1304,266,271,135],[3863,271,150,549,150],[6962,542,159,278,238],[10817,1529,135,447,848],[1709,294,368,72,281],[7677,1576,1050,765,294],[3037,1909,970,992,251],[4832,2049,1010,191,50],[7494,517,311,593,241],[6245,1358,487,563,996],[2352,860,414,39,65],[3142,201,80,553,113],[4867,959,668,1209,428],[4802,1374,1446,698,142],[4494,1105,1349,690,890],[3254,1598,898,649,292],[6077,1172,1244,1184,214],[4664,1277,819,138,189],[2513,1423,767,525,106],[4156,1035,924,1092,1077],[2396,2015,1030,666,79],[1756,957,1200,758,693],[5105,1646,792,343,151],[5631,904,122,47,85],[2948,1209,2599,959,843],[2353,1024,1139,1208,716],[2695,277,4,19,787],[3533,562,741,1041,380],[2928,274,1538,975,505],[4657,306,58,138,59]],