{"actions":[[1,0,3,4,5],[2,0,3,5,4],[2,4,0,1,5],[1,4,3,5,1],[2,4,5,0,1],[2,4,4,2,0],[4,5,4,2,1],[1,3,4,0,2],[2,4,5,0,1],[1,2,5,3,0],[2,4,1,0,5],[2,4,5,1,5],[2,4,0,1,5],[5,4,3,1,4],[4,5,3,2,1],[1,2,4,5,3],[1,3,5,4,4],[3,4,1,4,5],[1,5,4,2,5],[2,5,4,3,5],[0,1,2,5,4],[5,4,3,2,0],[3,5,4,1,2],[1,2,5,4,3],[3,5,4,1,2],[5,4,3,2,0],[1,5,4,3,1],[1,5,2,4,3],[1,3,5,2,0],[3,5,4,1,0],[1,4,5,3,0],[1,2,3,4,5],[2,5,4,3,1],[0,5,4,3,0],[3,4,1,2,0],[1,2,5,3,4],[5,4,3,1,2],[5,4,3,1,5],[0,5,4,5,5],[3,4,1,0,4],[5,4,3,5,1],[5,3,4,2,1],[0,1,5,4,3],[5,5,3,4,1],[1,5,4,3,5],[5,4,0,1,5],[5,4,0,1,5],[5,4,3,2,1],[5,3,4,2,1],[5,3,4,1,2],[5,4,3,1,2],[5,3,4,1,0],[5,3,4,1,2],[5,3,4,1,0],[2,5,3,4,1],[5,3,4,1,2],[1,3,2,5,2],[5,4,3,2,1],[5,4,1,0,4],[5,3,4,2,4]],"rewards":[[3.6530652433089483,2.3746243796750375,5.2496013432027855,6.319565065188957,6.9353107556872935],[7.306594585084966,7.209505295733889,2.745862329077607,2.2512796840195604,7.876353287758982],[11.854996416451813,14.063540280801291,9.726349679427326,5.424058315411103,9.231267869760318],[1.8251402754771893,5.175141115095758,4.050688852102889,6.726785358427973,1.7220476227713617],[3.7737323719897042,3.824184258151697,0.45324132373277715,3.6358670094800045,1.6441236237976105],[7.051230293638661,8.846561281324952,8.88332870111476,7.016544694645447,4.651866993993361],[7.274598032018602,5.717823461813578,7.148220158530024,6.929502843193621,7.900116649307526],[7.9317698493176785,8.074245703149852,2.0830827837197483,2.561798585830972,1.8019849991390906],[8.91484907028226,9.415958980811132,14.385713492633702,10.76390414450932,15.637129089166512],[1.4305139589429956,3.5497110597725365,5.5419654584271685,3.6620071080873724,0.25386049133113564],[3.7474851036604098,4.492429765764852,0.11705146451833319,5.0909890769242265,1.3598611475366738],[3.7088133642894556,4.368294235897634,1.2682511410638198,1.5549383551943412,6.996286233017255],[3.524776390622225,4.950614778598474,3.3410996807095144,4.001804566748249,5.439612091212564],[3.3433174318800853,8.591882268442118,3.5349729254187707,3.630200267498193,8.706531591553155],[13.690207625315892,8.607484711958268,8.542686854735173,12.424495982001481,7.663216843488151],[2.1360583496758228,3.6582711802008103,4.106541979784607,5.816846381016512,4.055504917979425],[1.3782426493327824,1.530975082755289,2.8094733138382297,7.2532749102814025,7.218800404818432],[5.539513875988538,11.39647561543873,3.595050304063985,11.35921445755293,8.211583286011086],[4.236375379633396,5.841303692176053,5.408090269860765,4.393886304255424,6.206765909175877],[3.334142083113802,10.196329292088496,3.6280669529724308,10.316380584337429,9.99438133929436],[7.045516348653867,14.639229227476438,7.821654408478547,16.0047916020417,9.193724542397437],[16.05312967903853,6.475444731201816,5.781789550488149,5.106720843042139,2.833430368305504],[11.031156414129965,10.145040955346566,3.9241706963521517,10.077921009300523,3.1239044016801127],[10.36639762588486,8.413154582185605,17.58085090681847,10.39636104259104,17.0977271807971],[5.77711940509948,6.9373884358707105,5.996728750670735,3.510059522755779,3.943276669668494],[9.549866789180468,2.519948338087391,9.333705160966305,3.3136271893855267,3.8227863965052906],[12.368417461977856,16.496016675326107,8.6010719588632,15.24713550746907,12.335631140355316],[4.8794665106552975,2.2344708607133112,4.758944503847268,2.8418232067722995,4.292499157889567],[10.791547170012548,10.264852934948967,9.458086383350649,3.3754644278821946,4.513049826091741],[14.82840341390506,11.867376624298519,5.838243764461683,15.65252888525871,9.753590578543664],[5.542035499489426,4.4244083163236025,4.073487791626678,4.781749836869228,8.284831973446977],[5.7483306247276245,2.1606714508396365,5.2840026232466775,2.449645024217054,5.502380148929428],[2.3976022344236267,9.630348243982983,6.819788975224326,9.966706098355688,11.260615983424827],[8.107027507776646,4.390348306151014,5.150119706802425,5.465506456403398,8.424601335263695],[5.400943687918392,1.7047432702546828,5.236920180179729,2.061262763424078,1.6447710757838487],[12.839137565800321,9.507078298546372,10.963847543311518,10.483740928628642,6.722445414564232],[4.784461188782012,4.6306653520695615,3.7896923727222847,2.418033796344531,3.0904412983083116],[9.12420504304226,2.840022549375357,8.812251857348938,8.972477628938211,9.152635896268935],[1.5316343304362938,13.852700308078004,7.498321049427763,13.862824611720914,14.076060896272612],[3.531961223090483,4.740736124168387,2.7456996856545834,2.2785197282796217,4.707945326192131],[11.143142536775716,4.2444543925229725,10.980454427075573,10.865550038670213,10.631908991831272],[16.054349921465818,14.390583748155144,9.260746408396868,6.671732855483097,13.465849017605633],[5.4726124203466044,8.300113894153341,5.284262955116511,6.88440275742704,6.383098109883578],[11.789252279410547,11.646076936660887,10.549698464591373,3.453699961717168,11.41596854732518],[11.391129887210997,16.92054867733248,10.38952601649211,16.948433637675407,17.114331477049166],[17.225806091639217,8.020898902527247,5.213218014592892,5.559880754340213,7.963747352522148],[8.084465901563796,1.2710361322753072,1.7876642058113286,6.028691606106132,5.635201049947726],[13.798478728347428,9.201859772593712,11.51929198975848,8.321232182307396,11.386530851930559],[4.75524061532429,4.173736882677745,4.289994635846841,3.195035759342732,2.797967422941641],[4.990989440450743,0.9354804262513445,7.130716179891687,0.7971597567380385,7.406798482137926],[5.723474666995509,11.61967292761377,5.103953730954938,3.703226055915112,10.495220591926643],[5.564832307739685,5.656057107062148,5.062638743313626,7.419741981295557,7.325728285696896],[12.425355935888359,12.472268104861683,4.953554247020585,12.0049113838847,5.26564189963266],[12.417662691644487,12.516842967788246,10.197266319326626,19.396990387869746,11.430044976271654],[2.6843547516743302,5.095051085561948,3.521073088839992,4.416803617691518,1.486770967708167],[5.086634432640901,3.6703733178864826,7.009998516029499,1.5297978651575828,7.074230634123672],[2.981463648001939,5.706647302947224,9.878516121355903,6.701757150205299,9.954730818410546],[6.681097351886635,2.796343854395465,3.218389098783791,3.675476040633332,4.697232628978901],[1.677428939169462,8.992166051694849,2.4688883405211635,9.285271965740508,8.866071129049978],[4.56697130160492,5.735614249256596,11.634965356324225,12.700886559793071,11.765516562977092]],"times":[[835672,3864,2644,2258,1179],[2407,1625,1086,1217,659],[3511,1168,1241,1079,1715],[1625,972,917,611,874],[1657,820,708,1501,721],[1545,695,3015,1362,1987],[1768,463,587,1133,871],[1270,349,499,1138,578],[1365,569,302,1662,733],[1271,574,915,1063,712],[1324,676,1117,1176,1145],[1096,270,312,4550,1439],[1871,899,812,607,506],[1531,623,578,792,673],[1203,329,983,575,706],[2541,289,285,309,637],[2094,1482,1420,608,830],[1937,273,2657,443,470],[1746,531,330,1142,1318],[1115,212,1381,1277,288],[1516,563,793,492,1198],[1064,436,306,950,678],[1539,390,238,991,202],[1211,174,856,63,745],[1101,803,309,847,761],[1663,144,612,1029,787],[2179,330,550,488,873],[1067,503,1023,373,534],[3646,590,210,633,2326],[4001,728,3,810,25],[2465,588,252,1111,1023],[2995,880,323,200,720],[1020,515,125,197,1020],[1100,525,202,179,810],[826,507,633,638,585],[1003,253,596,626,315],[1033,198,449,749,310],[1112,52,657,1148,285],[983,38,710,26,328],[1211,364,638,219,1530],[1229,385,377,284,692],[1162,498,301,827,236],[1079,169,308,288,1068],[1705,278,475,168,703],[965,375,649,974,461],[1283,290,1019,1059,299],[1090,119,557,211,230],[1220,90,342,243,2497],[1238,33,287,765,860],[830,128,200,712,585],[1238,172,352,371,457],[1010,151,206,922,214],[835,122,237,669,436],[1029,316,276,504,304],[584,293,311,199,778],[930,284,174,262,290],[995,248,951,561,501],[759,900,316,676,590],[979,413,660,288,333],[1084,236,268,289,892]],