{"actions":[[0,2,5,5,4],[0,5,5,5,5],[5,0,5,5,5],[5,0,1,1,1],[5,0,2,0,0],[5,5,5,5,5],[0,2,0,0,0],[5,0,4,4,4],[5,0,3,2,1],[5,5,5,5,5],[5,5,5,5,5],[0,5,5,5,5],[4,5,0,0,0],[0,5,5,5,5],[5,4,1,4,4],[5,0,0,0,0],[0,5,0,0,0],[0,5,5,5,5],[5,5,5,5,5],[5,4,1,2,2]],"rewards":[[9.982207549744187,7.99332987131191,10.333190526227455,10.382509728586275,5.774904316985841],[8.45012979272631,11.471618312941178,11.462088766191641,11.520488489608026,11.3287087641452],[17.356135948319164,9.245188873344135,17.24878107916172,17.356148786800382,17.218789504353953],[8.062813693508243,7.640974266829169,12.41057199674691,12.454859872431078,12.498037211004316],[3.019011897043207,8.634790403417599,7.109213371354683,8.586109478843733,8.48625041057904],[13.314909973971995,13.39541392965902,13.25254748578328,13.605826796386815,13.412521777105793],[12.036101217247529,10.690615377735723,12.231033619596621,12.260635819478374,12.252669080388568],[7.7667557827447276,5.0168953945523596,8.56963606516606,8.670420026098522,8.716522539129304],[6.138565378364785,6.312128840082071,4.403933812469719,6.882532064904766,2.064514466383072],[13.550963085523545,13.413653899987352,13.440059298857037,13.61201399917113,13.559312572409963],[12.167851568550176,12.40893313284771,12.320486879586742,12.186686846567666,12.403831623163178],[6.6484697969558635,19.362857647970834,19.633090378197718,19.367557582876653,19.5370864328656],[10.379076598851066,5.0234339167146755,11.66481398892981,11.772848873901353,11.75295417798613],[6.972826372155797,18.54510782652767,18.563025428504332,18.523392206423086,18.3888995966705],[6.913791742995682,9.20065630757124,3.4384985776606216,8.990697703450762,9.158035651290383],[9.103471117562965,17.44113529971422,17.427803639274106,17.349138452308896,17.41413928686272],[11.882216604482203,7.713707096689389,11.913817848027238,12.026857597769823,11.999500492222047],[3.921767416972088,12.080199897860508,12.293841410879082,12.155348225754448,12.249372134954886],[14.60284399240095,14.528026230141412,14.555328868542246,14.669062048612085,14.64734079366429],[5.9049973445726245,7.889681815449456,7.397813911320162,10.341609635418175,10.46699820823764]],"times":[[50065,3866,6461,3019,592],[3496,774,653,83,55],[2344,2321,256,116,45],[1578,548,3285,452,2],[1635,897,2167,769,40],[4119,405,35,25,52],[3830,2917,763,146,371],[1358,635,862,318,120],[2759,492,2092,401,1042],[760,210,86,48,90],[1426,2507,87,73,92],[1909,302,262,91,70],[879,368,578,811,55],[994,301,56,18,65],[693,231,2218,199,93],[576,640,187,177,52],[667,1088,105,29,154],[809,201,149,106,75],[876,116,73,200,133],[445,652,524,916,219]],"condition":[["negodd"],["negodd"],["posodd"],["negodd"],["negeven"],["poseven"],["negeven"],["poseven"],["poseven"],["negodd"],["posodd"],["posodd"],["negeven"],["posodd"],["poseven"],["negeven"],["poseven"],["posodd"],["negodd"],["negeven"]],"envs":["envs/add/negodd/negodd26.json","envs/add/negodd/negodd99.json","envs/add/posodd/posodd95.json","envs/add/negodd/negodd51.json","envs/add/negeven/negeven94.json","envs/add/poseven/poseven43.json","envs/add/negeven/negeven7.json","envs/add/poseven/poseven96.json","envs/add/poseven/poseven35.json","envs/add/negodd/negodd2.json","envs/add/posodd/posodd10.json","envs/add/posodd/posodd71.json","envs/add/negeven/negeven40.json","envs/add/posodd/posodd50.json","envs/add/poseven/poseven6.json","envs/add/negeven/negeven59.json","envs/add/poseven/poseven22.json","envs/add/posodd/posodd8.json","envs/add/negodd/negodd37.json","envs/add/negeven/negeven39.json"],"money":"4.20","age":40,"gender":1,"hand":0,"experiment":"noncompositional","instcounter":1,"subjectID":"6165fa1ef36ed626fe53539b","studyID":"6166d7c29bb8f43a7dce1c8d","eval":[["poseven"],["posodd"],["negodd"],["negeven"]],"regrets":[[5.0998029708862305,7.216376781463623,4.749947547912598,4.749947547912598,9.272758483886719],[5.858743667602539,2.7512760162353516,2.7512760162353516,2.7512760162353516,2.7512760162353516],[0,8.180187225341797,0,0,0],[4.476036071777344,4.791773796081543,0,0,0],[5.467140197753906,0,1.4060754776000977,0,0],[5.826650619506836,5.826650619506836,5.826650619506836,5.826650619506836,5.826650619506836],[0,1.4644708633422852,0,0,0],[0.8233108520507812,3.3113951683044434,0,0,0],[2.898989677429199,2.7323827743530273,4.525236129760742,2.109771728515625,7.059465050697327],[0.9398775100708008,0.9398775100708008,0.9398775100708008,0.9398775100708008,0.9398775100708008],[0,0,0,0,0],[12.821504592895508,0,0,0,0],[1.252516746520996,6.827908992767334,0,0,0],[11.655297756195068,0,0,0,0],[2.1629385948181152,0,5.745622634887695,0,0],[8.295716285705566,0,0,0,0],[2.5760202407836914,6.803509712219238,2.5760202407836914,2.5760202407836914,2.5760202407836914],[8.209866046905518,0,0,0,0],[4.067543029785156,4.067543029785156,4.067543029785156,4.067543029785156,4.067543029785156],[6.026614189147949,3.9377880096435547,4.446270942687988,1.4108076095581055,1.4108076095581055]],"maxrewards":[15.052048683166504,14.231685638427734,17.305143356323242,12.5531005859375,8.487170219421387,19.193607330322266,12.147457122802734,8.570419311523438,8.98553466796875,14.468330383300781,12.363987922668457,19.42831802368164,11.655343055725098,18.488344192504883,9.169220924377441,17.40766716003418,14.469902992248535,12.170286178588867,18.665529251098633,11.842069625854492],"bestoptions":[1,1,5,1,0,4,0,4,4,1,5,5,0,5,4,0,4,5,1,0]}
