{"actions":[[0,1,2,3,4],[0,1,2,4,5],[1,2,4,0,4],[0,2,4,0,0],[1,2,5,5,5],[0,1,3,0,1],[5,0,0,0,0],[1,4,3,3,3],[0,5,5,5,5],[1,3,0,0,0],[0,5,1,1,1],[0,2,0,0,0],[5,1,0,0,0],[5,3,5,5,5],[0,4,5,5,5],[5,1,1,1,1],[0,0,0,0,0],[5,1,4,1,1],[0,4,5,5,5],[5,1,0,0,0]],"rewards":[[9.283584014127996,3.5870660500191085,9.305305912842915,3.9924891609248045,10.531297692424468],[17.38966032489454,9.140465899390144,12.411826469094077,11.490701360007202,5.627114118358773],[3.9663627931162284,8.652651595486258,10.737294832355985,7.875636665025877,10.59847287048003],[11.810275295143269,9.153228002682894,7.104985072971957,11.723821991249787,11.73531948885746],[8.56437866572826,3.148258226293576,10.303986770929136,10.45557715139185,10.403826504315997],[7.034686103811957,11.86925586151771,10.229614306042459,6.840306053389873,11.99852219825423],[4.7684754584462175,13.877253408301362,14.020565132463435,13.775020311529177,13.729189544625354],[7.744459245060276,6.552454230113889,10.504108521021328,10.407792604985492,10.477257683458193],[3.9951946089612664,12.321044346257626,12.116806564534215,12.148959094155927,12.227556751622515],[8.35940639748505,6.334947161641754,13.822059912839254,13.72728266066613,13.719465946767375],[7.742638046480228,8.85388969073022,12.304386679383889,12.23960226289398,12.205771325742406],[10.741863312311395,7.9960442952085415,10.47991240736943,10.478213059614195,10.60922188451711],[10.210623926024578,7.807989689621805,11.122111423430624,10.927454687856798,11.154209857290619],[11.286079123042924,7.900382254466025,11.280733452031846,11.399041751278022,11.32724859241866],[3.281202810715403,9.600727561924835,14.34820869385365,14.438342429278483,14.283026951171463],[10.228832425764674,14.680310019824585,14.878531985870003,14.927868395725769,14.87637527786936],[17.442506703204312,17.368865520026077,17.59569909602511,17.391985134541436,17.50788065603432],[6.725600584304545,10.311447788324845,2.7106545479256563,10.292912829287786,10.08311446314481],[5.800565328298032,9.849065379135604,16.771924095813425,16.825945494964042,16.62935348779175],[8.897497504842498,5.373552021102592,12.125783936972894,12.249560795258535,12.454160536760678]],"times":[[56245,4700,2811,2106,1085],[4191,6542,1710,1289,7829],[6275,1423,2456,2438,8368],[8248,3193,1076,591,362],[6197,2208,5174,893,336],[3619,1415,5918,1872,441],[3855,3069,1034,1009,807],[7637,5295,5189,572,140],[3449,1398,578,129,339],[5410,3574,5698,323,162],[3095,2244,6973,597,255],[6250,1422,3292,304,417],[6042,6958,12228,541,81],[7258,2432,10800,109,363],[1932,5141,1197,375,227],[3886,3944,595,65,449],[2415,514,323,312,485],[3595,2920,1769,2432,346],[4518,2169,1341,430,322],[5344,2177,7883,429,106]],"condition":[["poseven"],["negeven"],["poseven"],["negeven"],["posodd"],["negodd"],["negeven"],["posodd"],["posodd"],["negeven"],["negodd"],["negodd"],["poseven"],["poseven"],["posodd"],["negodd"],["negeven"],["negodd"],["posodd"],["poseven"]],"envs":["envs/add/poseven/poseven16.json","envs/add/negeven/negeven78.json","envs/add/poseven/poseven30.json","envs/add/negeven/negeven79.json","envs/add/posodd/posodd49.json","envs/add/negodd/negodd52.json","envs/add/negeven/negeven61.json","envs/add/posodd/posodd36.json","envs/add/posodd/posodd8.json","envs/add/negeven/negeven6.json","envs/add/negodd/negodd9.json","envs/add/negodd/negodd21.json","envs/add/poseven/poseven69.json","envs/add/poseven/poseven71.json","envs/add/posodd/posodd65.json","envs/add/negodd/negodd63.json","envs/add/negeven/negeven59.json","envs/add/negodd/negodd89.json","envs/add/posodd/posodd81.json","envs/add/poseven/poseven77.json"],"money":"4.04","age":40,"gender":1,"hand":0,"experiment":"noncompositional","instcounter":2,"subjectID":"61655693723e4db75af4694a","studyID":"6168186185dddf5426605410","eval":[["negeven"],["negodd"],["posodd"],["poseven"]],"regrets":[[1.4140796661376953,7.195953369140625,1.4762077331542969,6.869295358657837,0],[0,8.062028884887695,4.891851425170898,5.627159118652344,11.641083717346191],[6.850797891616821,1.963761329650879,0,2.838609218597412,0],[0,2.558810234069824,4.594808578491211,0,0],[1.8578453063964844,7.241622447967529,0,0,0],[5.003178596496582,0,1.6395111083984375,5.003178596496582,0],[9.05769968032837,0,0,0,0],[2.899968147277832,4.181153297424316,0.2939338684082031,0.2939338684082031,0.2939338684082031],[8.209866046905518,0,0,0,0],[5.3888092041015625,7.371458530426025,0,0,0],[4.411488056182861,3.445345878601074,0,0,0],[5.516583442687988,8.099042892456055,5.516583442687988,5.516583442687988,5.516583442687988],[2.6633338928222656,5.135698318481445,1.8380136489868164,1.8380136489868164,1.8380136489868164],[4.764457702636719,7.903903961181641,4.764457702636719,4.764457702636719,4.764457702636719],[11.034912109375,4.640227317810059,0,0,0],[4.591743469238281,0,0,0,0],[0,0,0,0,0],[3.4781689643859863,0,7.608549356460571,0,0],[10.893805503845215,6.814421653747559,0,0,0],[5.21943473815918,8.623890399932861,1.7592124938964844,1.7592124938964844,1.7592124938964844]],"maxrewards":[10.737724304199219,17.194011688232422,10.778783798217773,11.674775123596191,10.382583618164062,11.894580841064453,13.835494995117188,10.691970825195312,12.170286178588867,13.734323501586914,12.271322250366211,16.079021453857422,12.883953094482422,16.08960723876953,14.315494537353516,14.837727546691895,17.40766716003418,10.184636116027832,16.777372360229492,14.074468612670898],"bestoptions":[4,0,4,0,5,1,0,5,5,0,1,1,4,4,5,1,0,1,5,4]}
