{"actions":[[0,1,2,3,4],[5,0,1,2,1],[0,5,4,4,4],[0,5,4,3,2],[0,5,2,1,4],[0,0,0,0,0],[5,2,2,2,2],[4,5,5,5,5],[0,0,0,0,0],[5,5,1,1,3],[0,5,0,5,0],[2,0,5,5,5],[5,0,1,2,3],[4,0,0,0,0],[5,3,4,4,4],[1,1,1,1,1],[2,3,5,0,0],[0,5,4,1,1],[2,0,5,5,5],[4,5,0,1,2]],"rewards":[[10.392645410115792,15.109959249369197,7.518290489655334,12.198065637981092,7.852659548006469],[2.942643502535535,14.102670483769831,6.526734828257253,13.344377193197888,6.425468216220205],[4.778777316520668,16.753207379943756,8.827371581165444,8.727368445484815,8.910790490652545],[9.279409574709902,17.325880072106365,10.823417009119586,15.124818512426598,10.571590790128838],[6.4849649058468275,7.638895373882796,4.47341893719898,10.833264476993028,4.079650610937122],[13.750303230917707,13.850789598786067,13.690924427248637,13.741300144173287,13.704746818953549],[8.179469420354021,12.66623451709428,13.049792205057853,12.60521997736652,12.779387114409015],[8.416402585730909,16.391536824001392,16.087078278006455,16.354646014252932,16.205361584405956],[14.645267061442233,14.465131751610464,14.64429667404672,14.72683090309234,14.614003198134512],[7.887834691932425,8.055205691861232,4.435370212862578,4.265733886033404,6.3677200490606225],[12.844968284757725,12.298339365011248,12.533802183623957,12.136173595941692,12.815575542919902],[6.843084362772094,5.198608441390147,14.15841643577132,14.194252358834984,14.121699009345171],[9.041854470247696,9.696757464795855,11.892121967606199,7.276847324815886,11.291710333111755],[13.321359688611444,16.900997914370834,17.200567554172036,17.02387549169707,16.933896930313523],[8.901307217916438,7.571989530376345,13.92855173760734,14.04111852860941,14.142653258856626],[14.002770243945346,13.841325379929797,13.856936302842787,13.84251385145556,13.97989719273806],[9.52145021160932,5.145447073842046,5.077501824978517,12.216874800609888,12.18916844686757],[10.646414383676547,11.614423873196143,6.621195717309836,14.712774609223708,14.701412958915064],[4.776577161592921,2.0236318815968404,11.76278964845158,11.59829444850307,11.550745929333003],[9.069978677310107,6.778948282530213,5.157164540826619,1.4139873347826226,7.191203882578466]],"times":[[9365,6595,2602,3097,2214],[8509,1831,1972,1332,3031],[1343,797,709,1691,16],[1280,924,933,767,1264],[1335,423,1078,883,1040],[1358,1007,795,822,983],[1471,1227,890,789,668],[4131,989,568,473,15],[911,473,332,219,539],[2019,14,668,18,601],[867,1899,1671,333,291],[1035,863,487,319,168],[1446,398,860,1299,394],[1282,1043,346,287,306],[1071,1880,232,411,210],[1171,1170,266,204,188],[961,464,493,701,1378],[501,320,605,786,281],[1959,445,170,722,119],[1070,43,318,644,341]],"condition":[["negodd"],["negeven"],["posodd"],["posodd"],["negodd"],["negeven"],["poseven"],["posodd"],["negeven"],["poseven"],["poseven"],["posodd"],["negodd"],["negeven"],["poseven"],["negodd"],["negeven"],["negodd"],["posodd"],["poseven"]],"envs":["envs/add/negodd/negodd10.json","envs/add/negeven/negeven85.json","envs/add/posodd/posodd62.json","envs/add/posodd/posodd95.json","envs/add/negodd/negodd78.json","envs/add/negeven/negeven5.json","envs/add/poseven/poseven99.json","envs/add/posodd/posodd45.json","envs/add/negeven/negeven54.json","envs/add/poseven/poseven68.json","envs/add/poseven/poseven80.json","envs/add/posodd/posodd74.json","envs/add/negodd/negodd97.json","envs/add/negeven/negeven14.json","envs/add/poseven/poseven77.json","envs/add/negodd/negodd69.json","envs/add/negeven/negeven22.json","envs/add/negodd/negodd76.json","envs/add/posodd/posodd38.json","envs/add/poseven/poseven33.json"],"money":"4.13","age":20,"gender":0,"hand":0,"experiment":"noncompositional","instcounter":1,"subjectID":"6165a6706d3b969916f7cee5","studyID":"6168186185dddf5426605411","eval":[["negeven"],["negodd"],["posodd"],["poseven"]],"regrets":[[4.661542892456055,0,7.509654521942139,2.872173309326172,7.040975570678711],[10.840871810913086,0,7.41372013092041,0.5079917907714844,7.41372013092041],[12.047630310058594,0,7.870084762573242,7.870084762573242,7.870084762573242],[8.180187225341797,0,6.342955589294434,2.2123184204101562,6.773832321166992],[4.413321495056152,3.2218761444091797,6.194746971130371,0,6.667384147644043],[0,0,0,0,0],[4.699645042419434,0.09848976135253906,0.09848976135253906,0.09848976135253906,0.09848976135253906],[8.396997451782227,0.6097965240478516,0.6097965240478516,0.6097965240478516,0.6097965240478516],[0,0,0,0,0],[2.031071186065674,2.031071186065674,5.686258792877197,5.686258792877197,3.599463939666748],[4.906827926635742,5.388415336608887,4.906827926635742,5.388415336608887,4.906827926635742],[7.064613342285156,8.774247169494629,0,0,0],[2.865321159362793,2.1412010192871094,0,4.5275092124938965,0.6910161972045898],[3.560497283935547,0,0,0,0],[5.21943473815918,6.528865337371826,0,0,0],[0,0,0,0,0],[2.5849695205688477,6.971579074859619,7.111561298370361,0,0],[4.120471000671387,3.0902090072631836,8.172256469726562,0,0],[6.795899391174316,9.636610984802246,0,0,0],[0,2.056896209716797,3.832888603210449,7.430635690689087,1.5836000442504883]],"maxrewards":[15.028053283691406,13.877506256103516,16.763561248779297,17.305143356323242,10.86939525604248,13.734685897827148,12.89051628112793,16.865697860717773,14.597456932067871,10.006204605102539,17.638141632080078,14.095762252807617,11.856703758239746,17.015954971313477,14.074468612670898,13.911941528320312,12.184840202331543,14.741120338439941,11.622084617614746,8.9544677734375],"bestoptions":[1,0,5,5,1,0,4,3,0,4,4,5,1,0,4,1,0,1,5,4]}
