{"actions":[[0,4,2,0,4],[0,1,2,4,3],[3,0,5,3,4],[0,1,2,3,4],[3,1,0,5,4],[3,0,4,1,2],[1,3,5,0,1],[5,4,3,0,1],[3,1,3,1,4],[3,0,1,4,5],[3,0,1,2,4],[0,1,2,4,4],[1,3,5,5,5],[0,1,2,5,5],[0,1,2,4,1],[3,1,0,0,4],[5,0,2,0,0],[3,0,0,1,0],[5,0,4,5,5],[5,0,3,1,5],[0,5,5,5,5],[1,3,5,4,5],[3,1,5,0,3],[5,0,5,5,5],[5,0,3,0,0],[5,0,3,1,3],[3,0,2,3,3],[5,0,2,0,0],[5,0,3,1,3],[3,0,4,3,3],[5,0,3,0,0],[0,0,3,0,0],[0,0,0,0,0],[3,0,4,5,2],[1,5,0,3,0],[0,4,2,4,5],[3,0,5,5,5],[5,0,3,1,0],[0,5,4,1,4],[3,0,4,5,5],[5,0,3,0,0],[0,0,0,0,0],[5,0,3,1,0],[0,4,1,5,1],[5,0,1,1,1],[5,0,3,0,0],[5,1,0,3,0],[0,5,1,0,0],[5,0,4,5,5],[5,0,1,0,0],[3,0,1,0,0],[5,0,3,0,0],[5,0,1,0,0],[0,0,0,0,0],[0,5,1,4,0],[0,5,4,5,5],[3,0,5,4,3],[5,0,4,1,5],[3,0,5,5,3],[3,5,5,5,5]],"rewards":[[5.151859217476887,8.300370837738779,6.0492514662742565,5.324945667945645,8.48978360683759],[2.98332409146278,11.436272651871976,3.188893250659037,4.383047802449606,11.573002958448694],[18.769186308581475,8.197824122052463,20.36700115493601,19.294027111709468,12.629693799382808],[5.62960701588393,3.704058252908426,4.2474749685350615,4.29973021828544,1.9976721870624479],[4.628691353916726,5.24597778519307,0.5484127872412081,4.682282803546616,1.701835561312869],[8.868172617604555,6.134471872961009,3.6217370935249362,9.176293877882431,4.904606714164189],[4.96521278605274,4.548238475451825,2.9480669723905715,6.0554870771128,5.181175489811225],[4.144201740351568,9.601896455997924,3.6462734383869666,9.340970863737954,3.7754136374985636],[8.338504923491266,8.777772388823164,8.531032540476009,8.755004199459032,13.798453589670611],[4.048360262177125,2.249128251711569,2.3876483686833305,4.828930125754756,4.7910129389519875],[1.5632517589336499,6.0642445923682216,1.1132690374037646,6.3976509964985295,6.6941255003018165],[8.45779131447714,3.427655333686399,9.373107125766365,11.584422465798779,11.503465387605889],[5.681450998452599,6.738213444518862,8.193763226607334,8.249776582647817,7.849345785701842],[1.782895154654586,5.7770418550833496,1.5686557338863125,5.664811512540432,5.889401204010089],[6.969080220579577,11.338496251318304,8.214200819169312,9.143276806867274,11.463556478092904],[5.226671298869758,6.470303858267734,6.842332816203281,6.8362767174826615,3.8351164923081953],[1.4361780805731292,5.578978360914718,4.466552165774677,5.506368370810404,5.525114747704994],[5.230180511101833,12.219967854238837,12.10060081862436,7.504228453231035,12.321398452119517],[7.433913135835599,1.7932182912558354,5.744050006016236,7.492476938042579,7.421005072536326],[6.828150291038861,0.9929968377541842,7.792743935275109,7.338475193449833,7.300303618507036],[2.6773157435618,14.41317280318693,14.410651983463366,14.525058760090973,14.562637430211625],[5.125429262109671,6.340899611600539,8.524902478876642,7.172665966580156,8.631971950502582],[4.843746174408013,4.27327460344177,4.141534869696578,1.7507802319795214,4.799654196743889],[12.812549375966727,5.1494971342705345,12.823873822131038,12.759102770275842,12.633072908806154],[1.0487055661589972,5.035528308581479,3.89047059948529,5.044090445580355,5.132550294679425],[3.0912189839628597,2.1487952789976563,4.236663500947252,4.4819524550899,4.287422483851121],[8.015691535871197,7.427211846812415,4.7916406125054545,8.014576928436792,7.957931218800042],[4.853820736303002,9.508191783622163,7.339890923748439,9.491725045428929,9.530555525331074],[3.9351214592680845,0.21664214756620495,4.88024385678604,3.807646919886884,4.969844880772112],[11.268216807851642,9.819327195699804,6.044232608630318,11.15278003132848,11.111921214734632],[3.0877351615567665,8.064552426454007,5.2915496782584635,8.076747852262132,7.804392484743382],[11.170955147043868,11.066667648665733,5.203462710377833,11.18856463020731,11.137277324816624],[19.024274874536662,19.289906012612782,19.04551101497703,19.15453048306268,18.985318135777508],[4.5157999591151405,3.286741559460511,4.657909962879221,4.735158377998519,4.558567995743797],[1.9427826594966717,0.8510301464594655,4.814660338717176,0.19180530752803113,4.870442025016596],[7.862806095330098,8.906204024499642,9.594692689335922,9.109382805034693,5.3680169610809125],[5.370726259589095,4.108117370614399,6.6841793175717585,6.971087167415595,6.958908471139597],[1.271810454031742,4.717665276643189,2.650908923771601,1.6032912176656522,4.780016705434619],[9.010917202427857,7.967188296077056,10.084589489454986,5.706781255495657,10.01137843871895],[5.207116860563835,3.9459518923901613,5.937561300727861,6.760708966119811,6.863064404237402],[2.745269263469649,9.877343384075026,3.7841215594668727,9.84110703761455,9.839196271732746],[13.767858437492624,13.80741782805375,13.709414493726797,13.971477602315304,13.994672310835552],[0.9834015658945172,6.192984316322578,3.4973838004142634,5.404084989181068,6.3197580192406155],[1.5861079423742654,2.1221469336329393,7.032662160211864,7.931129690662887,7.047423131038803],[8.918135075796101,7.996599570403339,12.46554058970085,12.250813914730598,12.527541536105009],[2.274023978481397,5.054218771700992,3.337646843509674,4.8607029189123825,4.919858309023747],[0.663428581110293,0.9467780184591572,4.187740555422626,0.08118291543834008,4.2863311444472245],[9.146332397030854,2.879247869811573,5.579033598574304,9.06028440837023,9.052754299538243],[7.532383698452659,3.4003038522495443,6.616229488895576,7.566722431138501,7.512806990814408],[2.1684216010015507,6.683683642132046,1.930132906248466,6.710097717017757,6.863264008744829],[8.409640160802,10.405419030052286,5.626420046652327,10.26449096910535,10.214436806524937],[1.205915414788243,7.091353375766226,3.5421649098908854,6.8578892722772755,6.834335988905243],[0.49225322932089444,5.723367876291081,0.2907797160344955,5.9161895225949115,5.76559497896343],[12.656056360655235,12.74946583225918,12.653644406021996,12.738986216830785,12.574581774275961],[4.301482529032785,1.7742199390016125,4.111228654939497,1.8135244401707515,4.349572537012012],[1.4199440022696006,5.226652267933946,1.6045410283622656,5.172342514700491,5.262124148793489],[7.789688853351471,5.799135205589857,6.776419470018457,3.496065624281457,7.993508957268408],[4.26339642666645,1.595418643344467,4.425366341130365,1.7740629823943235,3.9625379466878807],[6.894289480457338,0.6353314503883312,6.405986382404813,6.180268470342945,6.777468387257564],[9.897988682548407,10.34582217431782,10.481250504606853,10.579792750315022,10.371551860982565]],"times":[[131200,5863,31606,4523,2261],[13885,1122,1971,2113,1988],[6843,3982,1425,2999,407],[7941,864,1219,3825,487],[9387,787,552,585,565],[3664,1083,883,1194,647],[10748,2186,715,4535,514],[5343,483,1438,1164,303],[2010,577,648,1132,913],[1991,649,871,512,2509],[6134,665,531,938,2850],[2573,471,569,2760,2618],[5875,801,2245,472,713],[4229,365,574,4120,413],[3865,3201,1084,7186,1393],[3228,578,499,2243,895],[2573,900,747,929,498],[3260,445,374,416,635],[4502,384,824,2908,379],[2362,370,6694,3839,519],[3081,358,711,553,923],[3189,459,798,2268,336],[1983,2168,485,721,629],[3469,2372,390,419,435],[3350,590,640,517,507],[1953,279,6410,3175,629],[2555,825,1082,515,429],[1434,523,4438,332,334],[1861,222,1041,2213,248],[2090,584,1004,316,390],[1641,173,814,166,706],[2330,791,791,343,325],[2443,621,1048,460,504],[2621,317,475,393,1321],[3340,357,482,947,165],[1486,915,4637,3145,1546],[2725,214,704,520,307],[1613,264,2469,2042,338],[1901,456,585,732,395],[1758,400,387,702,476],[3180,57,804,141,356],[2106,703,411,364,378],[2540,374,530,155,345],[4428,2225,929,2733,2980],[2192,375,581,483,1187],[2460,154,1147,593,358],[1816,565,961,821,443],[1565,1244,568,205,577],[1220,256,943,267,199],[2134,282,427,119,326],[2476,471,861,249,406],[4323,435,936,300,358],[1609,64,948,208,167],[3725,409,371,316,536],[1791,140,697,396,342],[1693,245,369,194,659],[3174,182,671,623,390],[1536,724,860,593,275],[5948,580,523,804,882],[3598,709,475,531,1380]],