{"actions":[[0,5,0,0,1],[0,1,1,1,1],[0,1,1,1,1],[0,1,1,1,1],[0,0,0,0,0],[0,1,2,1,1],[0,1,0,0,0],[0,0,0,0,0],[0,1,1,1,1],[0,1,1,1,1],[0,0,0,0,0],[0,0,0,0,0],[0,0,1,1,1],[0,0,0,0,0],[1,2,1,1,1],[1,0,0,0,0],[0,0,0,0,0],[0,0,0,0,0],[0,1,1,1,1],[0,1,1,1,1]],"rewards":[[10.258097042220518,8.18321602273457,10.136766243101482,10.384043745581932,4.564512930214702],[10.837622462949362,15.703688614957981,15.945374283016163,15.812321325364703,16.01606949224833],[10.358106593147633,14.201018510173299,14.105755880191092,14.465346065912264,14.341965605563052],[7.16940127438169,15.243837130751524,15.091631701389908,15.318942241957298,15.362037492235467],[14.161584527779887,14.072635567448415,14.306776871261143,14.179585658075966,14.428086722442178],[6.829821651112159,8.697325722426791,5.750027509368827,8.733247653141651,8.965211094032234],[11.628844342155723,5.961847672929094,11.6580849051257,11.662361213127989,11.648639743321773],[14.163870515555397,14.185545870346647,14.123273442726184,14.238235018212793,13.965464840849888],[8.550493546420226,10.310592317111716,10.078552323431618,10.396854313659013,10.291835126220969],[2.8630504807716024,8.433558721360628,8.314891100010724,8.287370969188258,8.269438529504802],[14.322613899808326,14.454141626761816,14.32961247300466,14.461664021040566,14.383452175321768],[11.155408661470451,11.295192075411517,11.254569138530773,11.12899492852464,11.250791975049093],[4.541748824093554,4.408817889305582,10.667246322838405,10.62129876886618,10.740756204530593],[13.65178030731886,13.880965270527275,13.974315906644378,13.858105157863516,13.81948643424985],[9.91120100162185,5.180257369585982,9.892614582507509,9.842958764688584,9.599393525009326],[7.690903620761298,15.839039726397043,15.670397782174085,15.976722024899129,15.897416726783652],[11.420297518063892,11.468021601430246,11.486618612941701,11.333053725019257,11.365676439206819],[17.98384739074598,17.704202602903145,17.754856199907078,17.930635894426633,17.865840165551475],[10.509726815311922,12.766650721219513,12.776281206192861,12.849999830536571,12.694990355272825],[6.920941147480159,14.86857084163243,14.950825468636971,14.876128845751879,14.95034839735529]],"times":[[13897,9127,5297,1882,2252],[4700,1484,2702,541,569],[1205,880,3472,1203,484],[1220,1411,749,432,409],[1093,859,349,350,372],[898,709,1218,801,262],[702,2001,707,321,351],[635,908,159,322,264],[725,1128,746,304,274],[1003,485,594,799,396],[1069,617,319,306,286],[642,1116,279,300,235],[597,1041,770,959,328],[643,915,320,354,308],[1003,1951,1217,2051,305],[1677,749,640,325,252],[492,691,300,301,258],[635,669,208,305,303],[604,1110,702,385,407],[605,1140,639,297,348]],"condition":[["poseven"],["negodd"],["negodd"],["posodd"],["poseven"],["negodd"],["negeven"],["negeven"],["negodd"],["posodd"],["poseven"],["negeven"],["posodd"],["poseven"],["posodd"],["negeven"],["poseven"],["negeven"],["negodd"],["posodd"]],"envs":["envs/add/poseven/poseven61.json","envs/add/negodd/negodd49.json","envs/add/negodd/negodd13.json","envs/add/posodd/posodd69.json","envs/add/poseven/poseven86.json","envs/add/negodd/negodd6.json","envs/add/negeven/negeven83.json","envs/add/negeven/negeven68.json","envs/add/negodd/negodd11.json","envs/add/posodd/posodd3.json","envs/add/poseven/poseven56.json","envs/add/negeven/negeven44.json","envs/add/posodd/posodd72.json","envs/add/poseven/poseven46.json","envs/add/posodd/posodd80.json","envs/add/negeven/negeven45.json","envs/add/poseven/poseven64.json","envs/add/negeven/negeven53.json","envs/add/negodd/negodd23.json","envs/add/posodd/posodd18.json"],"money":"4.27","age":30,"gender":1,"hand":0,"experiment":"noncompositional","instcounter":0,"subjectID":"61653cb145727119f1f79bbc","studyID":"6168186185dddf5426605410","eval":[["poseven"],["negeven"],["negodd"],["posodd"]],"regrets":[[2.7235279083251953,4.982963562011719,2.7235279083251953,2.7235279083251953,8.570648670196533],[5.11922550201416,0,0,0,0],[4.133548736572266,0,0,0,0],[8.836364269256592,0.8422279357910156,0.8422279357910156,0.8422279357910156,0.8422279357910156],[3.4561967849731445,3.4561967849731445,3.4561967849731445,3.4561967849731445,3.4561967849731445],[1.9054131507873535,0,3.0924739837646484,0,0],[0,5.665857315063477,0,0,0],[0,0,0,0,0],[2.4658203125,0.6832113265991211,0.6832113265991211,0.6832113265991211,0.6832113265991211],[7.670088768005371,2.362855911254883,2.362855911254883,2.362855911254883,2.362855911254883],[2.4588241577148438,2.4588241577148438,2.4588241577148438,2.4588241577148438,2.4588241577148438],[0,0,0,0,0],[7.103335380554199,7.103335380554199,0.865570068359375,0.865570068359375,0.865570068359375],[1.6707439422607422,1.6707439422607422,1.6707439422607422,1.6707439422607422,1.6707439422607422],[3.011157989501953,7.618438243865967,3.011157989501953,3.011157989501953,3.011157989501953],[8.233076572418213,0,0,0,0],[1.9252376556396484,1.9252376556396484,1.9252376556396484,1.9252376556396484,1.9252376556396484],[0,0,0,0,0],[2.391124725341797,0,0,0,0],[10.638113975524902,2.6515846252441406,2.6515846252441406,2.6515846252441406,2.6515846252441406]],"maxrewards":[13.005456924438477,15.857614517211914,14.279134750366211,16.07434844970703,17.651594161987305,8.761262893676758,11.765241622924805,14.140832901000977,10.943734169006348,10.66193962097168,16.871843338012695,11.1744966506958,11.575958251953125,15.503219604492188,12.764276504516602,15.783611297607422,13.338310241699219,17.877769470214844,12.844890594482422,17.53896713256836],"bestoptions":[4,1,1,5,4,1,0,0,3,5,4,0,5,4,5,0,4,0,1,5]}
