{"actions":[[4,5,3,4,2],[2,4,3,3,3],[3,3,2,3,3],[3,2,5,5,5],[2,3,0,0,0],[0,3,5,5,5],[5,0,2,0,0],[0,3,5,5,5],[0,5,0,0,0],[0,3,5,5,5],[0,5,3,5,5],[0,0,0,0,0],[0,3,0,2,0],[0,5,3,5,5],[2,3,3,3,3],[3,2,3,3,3],[3,0,3,3,3],[3,3,3,3,3],[3,3,2,3,3],[3,0,5,5,5],[5,5,5,5,5],[3,5,3,2,2],[2,3,4,5,5],[3,5,3,3,3],[3,0,5,5,5],[3,5,5,5,2],[2,3,2,2,2],[2,2,3,2,4],[2,3,2,0,2],[3,1,0,0,0],[2,3,5,0,0],[0,2,3,0,5],[0,3,5,4,4],[4,0,2,1,5],[0,3,0,2,2],[0,0,0,0,0],[0,3,5,2,5],[2,2,2,2,2],[2,2,2,2,2],[2,3,5,0,5],[3,2,2,2,2],[0,3,3,3,3],[3,2,0,0,0],[3,2,4,3,3],[2,3,3,3,3],[3,2,0,0,0],[0,3,1,2,2],[2,2,2,2,2],[2,2,2,2,2],[2,2,2,3,2],[2,2,2,2,2],[2,2,2,3,1],[2,3,4,3,3],[3,2,3,3,3],[3,2,4,5,5],[3,4,3,3,3],[3,3,3,3,3],[3,3,3,3,3],[3,2,5,0,0],[3,2,1,2,2]],"rewards":[[3.301574691829962,1.423338426330407,3.798763281268698,3.3576332246146836,4.4317616984323855],[1.2970606564925373,1.254129263230093,7.87446935931234,7.968018115385828,7.753273804334836],[11.8396210732346,11.468687318195405,5.679641819577073,11.786932939610406,11.809787146630818],[3.415225293802334,3.452791545259047,5.599225361685077,5.613050760201061,5.652458352164191],[3.8773884886888785,1.1013098867125817,5.184258322553761,4.907263623047208,5.012681411491446],[5.0358233270865425,4.521445609144804,6.804554651879967,6.896341571182136,6.996859521743038],[2.0560035249408397,5.801984819795246,3.783927035312428,5.698058947919588,5.812011377021744],[5.848865909818429,4.257820731547697,5.819585471093754,5.542447660971945,5.716419503667751],[11.8948127344254,7.582902521293435,17.652275486539224,17.7474125590532,17.72211741756228],[3.809135935870457,6.3657754681526235,8.02794707506812,7.833830968640941,8.235286213016996],[4.016749391920047,5.388720448531823,5.319982440658284,5.225430252217366,5.329033363058312],[14.781912329643694,14.797616644714505,14.817217504906822,14.624861512102077,14.91404842831112],[8.285114265575356,6.265503427943349,8.292239950066882,7.259435289390078,8.123364851518781],[0.8146510240908966,5.22526969682595,4.699233684333319,5.162516100963302,5.108394549727503],[8.445775043085053,10.972090439431406,11.09828416924997,11.001979681159588,10.976042081793187],[7.7604448048010815,6.51985797703111,7.882285738137993,7.6176086294586,7.912793068083829],[7.885394526322408,3.500067884991254,8.218390255574766,8.264169189159809,8.219355629152938],[16.034605697287915,16.016698211748736,16.145576377027933,15.888258565169798,16.097415089585873],[16.027006976700278,5.934951519844181,4.257614982382239,5.944088195586928,5.975063071785011],[4.058165996219358,1.3611305098415778,5.629586751248407,5.536911398554901,5.565773703639471],[12.656664776866805,12.776520006384963,12.770016027035586,12.683200896670707,12.738202811489872],[5.494020759022482,2.9338835500589373,5.4186965444163535,6.486232371966329,6.365998450608848],[1.6727149068039393,4.271946096268394,2.036917607871671,5.2727574963097945,5.085788172135866],[9.746957034238875,8.070876040436469,9.69553826113162,9.801405275221828,9.630433606198194],[4.902762588176106,3.3395527413278274,5.515734499972838,5.509668500247435,5.383028472290095],[4.900151476231198,5.349475576107899,3.484467143105049,3.250873568518357,8.659624006072606],[12.158957475293159,8.603606547719693,12.233669615104258,12.208590809465605,12.245131389309341],[12.03700941795184,6.615400160008742,7.38156556381628,6.735368151967357,7.434922492812559],[6.700113614197766,3.0406780151477317,1.383161298084242,0.09568235948984166,1.28488848601472],[2.929098885189676,2.0615689904101977,4.864660669278664,4.90737833022138,4.909606083068628],[5.850082333420902,4.4059426314140815,3.6499401058946543,6.773398013593123,6.725264456579724],[6.574046681277755,3.5907570887198723,1.0171203481013331,3.756048521925921,1.1085598065984448],[3.5883138081654846,5.299747893946744,4.585861919050561,9.206367840354044,9.375996249091415],[1.1937826293918812,5.120997624622493,4.077561408756231,3.009775497633465,0.7799783115844241],[5.051334373584964,3.3362862324910174,7.925434329873621,7.938464448969575,8.191598319921667],[12.865643500094317,13.087146865331887,12.975402609262966,12.89904153994806,13.053950508446006],[0,2.768870518887927,3.7107752270988237,1.9586846617231835,3.6847003992243375],[10.692085074212565,10.470442708907733,10.381162476528168,10.62008059064645,10.502717277486342],[10.604321826622567,12.451720395444859,12.538706299592029,12.60538906861053,12.539269236183593],[5.888667394472141,5.171204866870395,6.678473697257409,4.193968179434807,6.79642653600178],[5.221554006553214,6.061816476082813,5.971829201314827,6.034231044521842,1.1508204829602953],[4.758185971819411,9.625415305582887,9.578460728515655,9.472700618539431,9.215505998916962],[6.068324416740035,6.300573510739882,6.26519895302078,6.642575283355887,6.331747293877782],[6.049529085216982,3.04135132790411,2.197459738681846,8.005506004538601,7.86209771928999],[2.977068419235743,14.079976796134162,13.937522929633424,13.850936583115452,13.96740488797624],[5.1916823392457685,5.0498393223053695,6.0386041268171695,6.153203805219879,6.235122769705125],[6.099830906780742,4.447746103960089,3.4159797996299583,9.972835956046696,9.87217722791561],[10.061263485211253,9.902120583728934,9.866389728658742,14.811226633442887,15.06156857814294],[6.923321275223775,7.09189892957063,6.9745115161940525,6.938389009602552,7.110661834902959],[7.129293616797339,7.062816094674314,7.226768088418186,0.2803843395979464,6.945730819695821],[14.073417622331498,14.135762074210545,13.968107071524782,14.048577417288419,14.105390301938211],[14.116346446131297,3.8355480351270406,3.8282550621727243,3.3147178198600034,6.356130189662865],[1.7459444808653148,6.4935372850590705,2.254495827414159,6.662230818116671,6.957381617393892],[6.664006658042771,1.8713557569250312,9.97163282108588,10.048432018911036,10.194932447363835],[5.278348731026952,3.8595685322560023,6.316177703641978,6.5682544881960565,6.472718732218832],[9.825601479910576,3.4077932621603937,9.859554233454704,9.822184404807725,9.831461550669554],[15.329981780849588,15.14000448563121,15.167589041956731,15.284383111673115,15.184748866652557],[15.26055291914207,15.304524361426742,6.5033178069776,6.638956272487748,6.449646473725812],[0,2.8015509424357017,0.0722219169481517,2.185193962591682,2.1854356672063644],[6.351940398528215,8.084838332322837,4.2855301444425935,8.087146503892006,8.000296376311583]],"times":[[21564,759,4490,500,302],[1093,1018,1010,361,314],[1286,868,738,296,8],[2324,331,1366,633,387],[1930,888,1157,523,389],[3259,1086,1188,404,259],[1030,509,1179,511,48],[486,761,882,392,189],[519,1496,113,527,166],[609,809,611,305,34],[545,794,809,391,172],[484,949,651,370,382],[566,897,212,1449,330],[577,906,1168,511,333],[1626,729,309,233,211],[1051,862,384,279,224],[912,224,146,192,91],[903,312,133,102,204],[832,1027,631,65,193],[1083,521,1276,166,31],[1076,381,44,13,452],[1583,235,631,233,313],[741,740,162,250,242],[1510,1167,602,364,430],[1416,590,1158,122,374],[1154,421,354,71,790],[633,1540,84,520,113],[476,788,353,552,672],[543,592,502,106,628],[919,430,921,332,464],[951,637,227,553,261],[551,1267,500,200,901],[405,786,809,352,739],[1162,253,1338,648,1070],[339,888,435,103,271],[2960,649,312,193,233],[578,981,264,936,142],[1142,760,462,352,757],[698,364,654,33,321],[446,720,520,1795,211],[480,192,343,284,72],[638,810,431,312,212],[676,491,931,2049,374],[879,727,672,256,122],[1441,622,325,73,175],[814,529,658,324,292],[499,561,554,946,532],[584,533,163,191,120],[418,230,252,104,151],[526,274,170,552,422],[852,370,283,143,302],[538,201,44,613,382],[675,498,470,153,63],[830,131,432,318,86],[857,501,601,212,263],[1472,631,74,473,94],[1245,362,581,135,603],[705,203,45,94,52],[766,510,817,56,172],[2025,579,937,192,115]],