{"actions":[[0,5,4,0,2],[5,1,3,1,0],[5,1,0,3,0],[4,0,2,0,2],[5,0,3,1,5],[0,5,4,3,4],[0,2,4,0,2],[0,2,4,3,5],[0,2,3,5,3],[5,3,0,1,2],[5,0,3,2,5],[5,5,5,3,4],[5,0,3,3,5],[5,1,1,4,3],[5,4,0,3,0],[5,0,5,4,1],[5,0,4,1,4],[5,0,0,4,0],[5,3,1,1,4],[0,5,3,1,4],[5,4,0,0,0],[5,2,0,0,1],[5,1,4,3,1],[5,1,3,3,4],[5,1,4,3,1],[5,3,5,1,1],[5,1,0,3,1],[5,1,3,0,1],[5,1,3,5,3],[5,1,4,5,5],[5,1,2,3,2],[5,3,3,4,3],[5,1,4,3,5],[5,4,1,0,0],[5,1,2,2,2],[0,0,1,1,0],[1,1,0,2,4],[4,1,0,3,3],[3,1,3,3,3],[1,4,5,5,4],[0,5,1,0,0],[0,0,0,0,0],[4,5,3,5,5],[0,1,1,1,1],[5,5,5,5,5],[5,0,2,5,5],[3,1,3,1,1],[0,1,1,1,1],[1,4,5,5,5],[1,2,2,2,2],[1,5,4,4,4],[3,1,4,2,4],[5,4,1,5,2],[1,2,1,5,5],[1,5,4,3,4],[5,4,3,4,4],[4,1,4,4,4],[1,1,4,1,1],[1,5,3,3,0],[1,4,1,1,1]],"rewards":[[1.6720564580509203,4.330307680603622,3.966913055082288,1.8915341899462628,3.9068595540417808],[3.083949827823035,3.2633361489848793,3.6169859369904844,3.2929625097150685,9.205292452277769],[7.494610236296305,5.850328028290337,11.127955935392784,7.4286809538934335,11.201174660902064],[2.0608598637862405,4.340342819337534,3.681750608093976,4.388242639194036,3.5120393918272192],[2.507356633543143,6.830042718070514,3.237178954629776,1.7962001682234021,2.5291182600683393],[11.091017848420536,3.2319579554746003,9.163976751678485,4.819668928704094,9.290501537576993],[5.824280249149293,3.535800353404962,2.338642661577246,5.79229905359799,3.4094835905849843],[11.81847382531555,12.65162712896307,12.545442349142824,4.236771160674963,5.557343739593023],[17.79355614444982,16.432735110411098,7.628828539561224,7.477149456704897,7.674345097652389],[2.0456270811333592,3.2689645146007873,6.639985517115952,4.460532035938281,3.027488252347993],[4.234122480608239,10.61579707284197,3.670195145474207,9.910970679522647,4.075984126523252],[6.033466498460008,6.231856294030041,6.1227088619967445,6.879436083443555,13.726677430214618],[5.519456888874146,1.2277717012751446,4.04019708180296,3.8950214962277054,5.527229114271851],[4.069130402991844,4.397282158693176,4.242528387871953,0.44931243918282937,3.645712299531642],[9.915235023379633,5.583774281437351,2.28553551035041,7.27706976917331,2.0981041581308943],[2.5688653313262915,6.677397847226918,2.535322669370016,3.3624888959807606,6.307936017046511],[0,6.825196502904912,6.772204484387021,1.1681338428270696,6.565966693242096],[2.2904469709336452,13.574081214072383,13.597490144441108,10.297445021775436,13.512001092641771],[0.9709066822477385,2.8619494066044946,5.070541581197386,5.0519576432291124,1.7073166279889462],[4.675448998263516,1.2266066457086986,0.8548484359601688,1.5668519357107977,4.696383521447616],[1.9888445221961888,6.250218478406771,9.362139396328848,9.329248388913024,9.41182786274142],[6.6971742508696,5.985981357756067,4.300568938769395,4.347018574937149,5.241901440140512],[4.470984047155238,4.134928572477025,1.5508085449365363,4.429440175799042,4.2059308197600815],[11.17529350515043,9.545919350389504,9.65865737341093,9.42569589120243,9.000294178812975],[5.41628135958746,1.5891948535580251,3.844772457211029,3.1981781239774127,1.728273548145986],[3.4385480732578575,3.5593802034465067,3.408764375324658,4.348236391446247,4.365768603627533],[8.711863517968096,5.937291067123895,12.363988179862819,6.917283666239946,5.746726791815128],[5.247837052911902,3.4724511857446685,4.124191451752274,2.529739567320164,3.444191563647106],[2.6318895538826728,3.2718423979522213,2.696667216201432,2.549602885768798,2.5437885574534858],[7.783957397631022,6.650614987047449,10.930880539865178,8.043009716659691,7.827557162076604],[1.669712049764833,2.9264143341319078,3.327569577551794,2.9496666792289443,3.1670146995509265],[0.8890094182273961,0.8215916554442739,0.8087702976258034,4.147333690553393,0.7959146446405461],[2.7194828478124813,4.423480715084291,5.928462234316518,3.6115984991739016,2.633585901600136],[2.6531551450740922,5.894535222872079,4.250599918392891,7.992148040413857,8.284475997698346],[0.3964431483204612,1.451501631564886,7.386584465592657,7.300447056182271,7.41708532798113],[9.022761126838981,8.760967153656384,4.0228072177132175,4.060564194899684,8.791112745265547],[4.131486118526975,4.021933694961402,3.6226991846101666,4.773628318944503,6.8134447543869525],[0.23362568705154835,5.051434839407428,0,5.645903026703374,5.725234993227038],[12.33037893051052,9.222340877261217,12.461485305297824,12.421137229285085,12.32880113603342],[4.241053003455032,6.632449370956603,7.396410830074847,7.08788663585107,6.709447236101899],[8.906294293936984,2.408030111800966,3.173842928255831,8.73711735390707,8.686716917085635],[12.290929815081912,12.325871841048148,12.268191157401857,12.281884106777051,12.23500335351784],[5.330472010653959,6.035578424106389,4.815899792351579,6.000929159754683,6.012125683207821],[2.8955060716462704,10.500932404445885,10.53249422203612,10.59450302613371,10.713595147037658],[16.103510514684857,16.21490466981791,16.1002773037493,16.0639146159808,15.912302805112919],[7.585098085189419,4.771868431130881,6.17192510732721,7.386146852742507,7.456605069995154],[9.111557772547078,9.355769990514474,9.011006385610392,9.530070852107073,9.60235372193198],[7.698767005110708,14.400783912347835,14.708799290598927,14.714546432799104,14.517646435974003],[2.432132733557642,5.042233822679402,6.53688927900263,6.6208493097689045,6.404661618623023],[2.0026076302265383,8.080416116263045,8.24474791854473,8.099937046370467,8.18703425657044],[4.4197804256032684,8.057610040595005,13.074721921848738,12.933202426321852,12.937177867434672],[5.783531249848309,4.337379051283859,6.110021550499173,4.228377476263932,6.025828165414789],[5.479127271208467,0.2710730408504823,4.989644589966032,5.553346286668224,0.47902004770187856],[9.40195168209567,4.801639079712484,9.433634819273978,12.597085161242656,12.511045930287425],[1.483708911286186,5.234915810036915,3.9265456116900457,3.7146525405867115,3.9673610146785694],[0.41372228407125766,8.166557609953045,0,8.15574565000483,8.018184336599054],[12.144057638120056,1.151284219974054,12.065206997732641,12.258806814299927,12.105289323844168],[8.008509538317975,8.18378197262733,6.12920529018195,8.166508240819049,8.076057450862722],[3.844418614320007,4.014027200034681,4.981220377427047,5.069751703539245,0],[11.90078804454591,5.7658852848257816,11.76083990157718,11.884368059885244,11.777292637358988]],"times":[[50336,1278,1267,886,396],[2595,60,491,163,112],[2193,94,901,199,631],[2441,57,384,774,522],[2044,97,176,636,145],[2365,504,328,129,267],[2503,136,297,511,183],[1796,34,26,497,14],[3762,272,138,340,201],[3620,140,409,80,100],[4596,790,353,53,18],[2578,254,168,366,2],[2161,24,319,81,81],[6743,113,30,118,38],[8398,41,179,517,211],[5003,102,37,24,598],[5377,14,64,101,88],[6126,67,121,53,36],[12454,249,34,104,48],[10519,195,328,342,212],[16057,247,122,665,579],[17304,2,151,165,109],[6259,73,32,60,9],[14172,31,9,212,110],[8854,15,112,556,42],[41669,31,150,30,202],[3505,6,128,563,15],[5116,47,77,76,264],[3125,47,20,93,284],[5848,25,572,331,346],[3688,110,54,859,366],[87792,47,155,60,41],[18216,33,65,216,244],[17424,2,67,87,720],[11309,72,119,720,250],[5205,381,95,93,1109],[24528,176,187,259,84],[6142,91,239,70,552],[8299,25,149,272,179],[8298,604,149,344,342],[2558,584,344,1419,452],[5762,1067,649,502,714],[3919,608,617,1091,1264],[3389,885,1089,731,536],[3009,709,721,396,463],[2661,599,636,358,785],[3414,1863,567,370,287],[2545,521,601,550,393],[2494,573,353,294,276],[2671,1122,528,364,355],[4562,374,408,725,503],[6221,463,531,383,514],[4563,450,248,356,406],[2365,570,355,209,392],[4423,377,211,80,247],[2859,250,528,256,190],[2544,293,224,339,342],[14944,461,352,386,880],[3715,408,311,782,1538],[5810,929,654,627,521]],