{"actions":[[4,5,5,5,5],[5,4,3,5,4],[4,1,4,4,4],[4,4,5,4,1],[5,5,4,5,4],[5,4,5,4,4],[5,4,5,4,5],[4,5,4,1,5],[4,5,1,5,4],[5,5,4,5,4],[5,5,4,3,4],[5,4,4,5,2],[5,4,3,5,5],[5,5,4,5,4],[5,1,1,0,0],[5,5,5,4,4],[0,0,1,3,3],[2,3,3,5,4],[5,4,2,1,5],[5,4,3,3,3],[1,1,0,4,3],[1,5,3,4,5],[5,4,3,4,5],[5,4,0,5,4],[5,4,5,4,4],[5,0,5,2,5],[5,2,4,5,1],[5,4,4,5,1],[1,5,4,3,1],[0,1,0,4,0],[0,0,4,4,1],[4,0,1,3,2],[5,0,1,3,2],[5,4,3,1,0],[5,4,0,5,0],[5,0,1,0,4],[5,4,0,5,4],[5,0,5,1,4],[1,0,4,3,4],[5,4,1,1,0],[5,4,4,3,1],[5,0,4,3,2],[5,3,5,3,5],[5,1,4,5,4],[5,4,3,3,5],[5,4,1,3,4],[5,1,4,5,4],[4,1,0,5,4],[5,4,1,3,4],[5,4,5,5,1],[5,1,0,4,5],[5,4,4,1,4],[5,1,4,4,0],[0,4,1,5,5],[5,1,4,3,3],[5,4,5,1,1],[4,5,4,3,3],[5,1,5,1,1],[1,4,3,4,4],[4,4,1,4,5]],"rewards":[[5.03509229798666,4.974336173528347,4.931384755073503,5.1115644060031284,5.117524553811387],[1.3029457051770437,4.717606991852196,1.7594157951704354,1.3717377312563293,4.822870230460076],[9.539987976550776,4.528476111958057,9.694145140354701,9.616656539705241,9.577122689074143],[5.879040169504645,5.83430345338076,3.647123599593933,5.998227972329921,7.924713405426706],[10.773099625113987,10.814334240878177,3.722149001286533,10.839339338100174,3.7405564726916976],[14.640191163786278,9.290893626022545,14.62478606861105,9.544701105833626,9.516549042787688],[3.2615637992026563,4.988356527106226,3.1707380470475397,4.9127849101613315,3.194359381653709],[5.006335693115553,3.6391837428377394,1.1901117760187985,4.2401570933426616,3.6184605116535593],[5.753212003095228,6.770826450660753,10.115765017652434,6.993692774345695,5.761477939252264],[9.817667261468403,9.752712846263158,8.874641431727952,9.971686703121279,8.807026302180763],[0.22798603207520243,0.25412318405316364,6.653390772555368,0.05930453763905371,6.647069291912885],[10.250819797603919,15.476208265550815,15.388369390350105,10.147233917239232,13.310896780206614],[10.128322882649101,5.123571303075061,4.318808937550724,6.797530469557367,6.8364738757840176],[6.81100054339481,0.7492563927393459,3.756159143910468,0.6523621071819211,3.760661710409712],[0.7108958285550788,3.3486406652713554,3.2940576307088683,4.865897278603289,4.542457491978774],[7.511137734599658,7.377676175712936,5.002141194318155,3.541828996930568,3.685073874888204],[3.104448544085858,3.0666316050737263,9.50303956622682,10.308387555433466,10.168129062890635],[3.480995173103643,12.633441065737593,12.604420511527993,14.561484798952753,5.561866794310393],[14.778149251793943,6.428272928741144,5.273908299927514,4.596204554560564,7.428224008660428],[10.235119439074234,4.0472766594570695,11.202677756019522,11.120904158406988,11.298768397841078],[10.219960489013669,10.43429528872896,6.8429549650923445,10.36464639142392,16.71573584601313],[2.079273728535116,6.228476489870197,4.063640958717658,4.455453682648467,6.174679153512532],[6.021196550354826,4.398156925621198,4.00921172823751,0.5286614572664129,4.5443890721897615],[10.65858603238382,4.536683272412055,1.5123601919969223,10.797232426257255,4.563424414461211],[4.193940996962111,5.925662609739031,4.240726026642232,5.936596880698262,5.882682153057822],[4.2749466955129805,0.5167007206165206,3.721944145482488,0,3.6075812144208785],[3.7018556459673477,0,0.005786800790201108,8.185400591309929,12.858574062886019],[8.696504872932488,9.176340791651711,9.128408006542518,8.93326112137892,6.311254398789234],[6.040150642575776,8.896656550038852,8.936429716848345,7.026764974963377,6.215332093348101],[16.668660481337927,10.397549286209443,16.749868327165846,19.29084483351875,16.58769346794506],[16.599756835092816,5.509593201333732,3.747942313336152,3.58403849605083,5.795954042266144],[0.09615928148560374,0.5829638281178938,3.577383295766572,2.605985870878712,0],[3.11036067478046,0.4725562533812932,3.2464815268505545,7.448313146761354,4.443623522614735],[6.804464508073377,3.799391089682753,7.445980866785932,9.292194442908766,5.975203390140029],[6.934795473952777,3.737698949853729,6.064404363038303,7.08271154982761,6.062303930895422],[6.9777883507704574,5.987422687655318,9.269296366000619,6.088512571035985,3.7104292991112415],[7.118938640094065,3.608793537623152,5.95069157932837,6.949505584654026,3.6993005054814576],[7.119987919241858,6.139162797201867,7.115344550648952,9.2283194569379,3.8831211733050726],[1.3986892443165828,0.17428657658124228,4.697635813003972,3.4980558905270303,8.9155802986579],[1.2041104303054986,4.706467132586393,0.07014088137935237,0.0670171703837818,4.96347709010072],[1.2400953101685583,4.354770256075663,1.0628540258458294,7.825083779984856,7.306594645698924],[7.013874672113982,0.7627110758939362,1.018208594303393,12.577001982550986,3.9261803083477456],[4.244279797366243,5.1206120067869065,4.330673428585928,5.266436841892792,4.2398843833957205],[4.0771727556472195,7.866499908964859,3.2177477638534953,8.575204770836853,2.935057347508574],[12.494069815537236,8.811903483300052,12.555339458460027,12.790666325647463,12.561644395572728],[12.529942461184788,8.64311886426766,15.995975131486903,12.756713611828085,8.57050352387454],[4.527005888748809,4.878783477827688,0.3348930304699088,4.5149240606252725,0.38510507887357415],[4.018526967823005,5.7661886340480475,1.1661201180580694,9.738382634618674,4.423524815582968],[9.843996494503955,4.235508645722364,5.9958273425049,3.3853133388715184,2.6526197873097814],[5.482699794975787,0.031006806186026473,5.506029743190897,5.633481353927862,5.721351392902031],[5.6233371065418805,5.616269410310369,0.28901390075443406,0.11735881392515236,5.474315240239013],[7.6257364824054825,8.412163713578462,8.415376486302984,5.649628704862288,8.407648409820633],[0.9097496596358159,0,4.109372050456201,4.019932370172949,5.115558896424479],[5.033861842693177,4.131785254510073,0,8.798164863660935,8.411079947853299],[5.3744028646504285,1.4254524066175174,4.080661003179085,3.6554005834421743,3.6509066054472528],[5.277222305790839,8.12388603086725,0.5823871366833916,0,0],[8.268137180280496,0.46442390596795236,8.01171377542823,3.3103731026295997,3.3428387020573602],[3.9537283310454665,6.8408507206426155,3.8757146680453953,6.789421832875288,6.8417531897263055],[2.436258621880715,10.35614579493852,3.237337556544372,10.539691044347066,10.359908784841618],[10.353250685041589,10.30971040960275,9.381521670762815,15.100554252341997,6.482249391809192]],"times":[[8304,2901,1255,1147,1046],[5144,738,748,1219,1121],[1785,627,676,567,533],[1809,668,808,339,519],[1201,530,280,415,324],[1004,359,373,312,329],[1286,243,318,307,234],[1345,299,279,300,325],[1423,206,308,301,230],[1092,289,321,175,244],[40066,498,179,548,717],[10212,964,450,380,579],[1184,316,1122,389,358],[1226,3790,269,286,217],[1693,2327,484,278,564],[1235,1135,332,599,890],[1941,439,92,870,945],[1239,265,1616,474,1385],[1170,331,120,108,289],[1131,389,382,268,332],[1088,493,82,370,225],[1078,916,385,463,59],[933,376,207,226,93],[1115,177,348,241,313],[1661,354,114,57,111],[974,1219,444,232,515],[1048,248,734,333,1122],[891,123,252,132,64],[804,267,142,148,401],[485,454,64,521,89],[550,413,337,340,49],[1194,332,40,144,89],[1351,11,38,867,785],[1104,154,379,73,23],[1153,161,39,165,206],[1326,218,412,180,1005],[1008,120,374,55,130],[978,48,916,420,365],[397,188,607,23,189],[868,361,73,428,150],[1300,39,392,34,78],[880,44,151,79,423],[836,307,337,198,68],[900,62,78,502,312],[982,632,1927,1192,580],[961,345,298,289,212],[1175,89,183,519,140],[852,206,93,29,120],[968,282,321,226,237],[906,277,177,330,605],[1007,306,189,242,294],[928,356,312,303,251],[947,16,394,319,172],[557,234,770,228,457],[902,139,164,379,131],[1032,355,117,356,956],[997,396,317,812,642],[910,316,342,141,266],[440,589,229,111,315],[913,317,282,217,430]],