{"actions":[[0,1,2,3,4],[0,1,2,3,4],[0,2,4,5,1],[0,1,2,5,4],[0,1,2,4,4],[4,4,4,4,4],[5,0,4,5,5],[1,0,2,4,4],[4,2,4,4,4],[0,5,5,5,5],[0,2,0,0,4],[4,4,4,4,4],[0,5,5,5,5],[0,1,3,5,3],[3,3,3,3,3],[0,5,5,5,5],[0,2,1,4,3],[5,1,5,5,5],[0,5,5,5,5],[0,1,4,5,1],[1,1,5,5,5],[0,5,0,0,0],[0,1,2,5,4],[1,2,2,2,2],[0,5,0,0,0],[0,1,2,4,4],[1,2,2,2,2],[0,5,0,0,0],[0,1,2,4,4],[0,0,0,0,0],[0,5,0,0,0],[0,1,2,4,1],[2,2,2,2,2],[0,5,5,5,5],[5,3,1,5,5],[5,5,5,5,5],[0,5,5,5,5],[5,4,3,1,1],[4,4,4,4,4],[0,5,5,5,5],[0,2,4,0,0],[4,4,4,4,4],[0,5,0,0,0],[0,2,1,4,4],[2,2,2,2,2],[0,5,5,5,5],[0,1,3,5,1],[5,5,5,5,5],[0,5,0,0,0],[0,1,2,4,0],[0,0,1,0,0],[0,5,5,5,5],[5,4,2,0,2],[4,4,4,4,4],[0,5,5,5,5],[5,3,4,4,4],[4,4,4,4,4],[0,5,0,0,0],[0,1,3,5,3],[1,1,1,1,1]],"rewards":[[2.780117078796095,3.146641210184455,3.110850727628083,4.643241924060068,4.12512362375131],[7.287822807772302,1.3419750043633536,7.321361303515899,2.088784234052095,7.846084028178231],[10.33919776546915,10.475824828741898,12.065953681293202,6.991404834214267,4.706013759194251],[4.850050275876027,5.168090761442832,5.9812887125604295,6.399451989508189,5.7936729658513855],[4.746171267538145,1.590052182569349,4.674527327915457,5.172789984295371,5.036833122982298],[10.673955968566764,10.603668401338956,10.63229719174413,10.605483181124237,10.682125266061247],[6.410375654020971,2.391655655312082,5.323336206798653,6.301757175658598,6.199056274400912],[0,4.547110882354078,4.460535771402607,3.776423214680692,3.9966347304120555],[9.230507485119652,8.287623819266365,9.041988593660655,9.225992893414219,9.222502754530323],[3.9129894921380446,6.711746179775376,6.6962576251379575,6.642540152423604,6.640363903106018],[10.107284648982732,9.339771312911038,9.58422397171026,9.93326608483554,9.735166463726856],[15.42499802812245,15.450395922681004,15.441313680158062,15.651445439672736,15.338279971543361],[4.995740206915775,6.882212561365811,6.973140495811873,7.033322092344051,6.8547280460052065],[1.0225772258390693,7.7323820328473545,8.075956192419275,8.06293379163155,8.156715739586993],[15.274493388471623,15.374809662674977,15.131007312404378,15.164020375734427,15.273116547028726],[2.1323378241335407,4.346562536183563,4.2531412911006905,4.292632346425618,4.526699007496404],[1.083917691398155,1.2366948427645514,5.229320997556428,1.5251158708920538,4.911305244372025],[9.827266679507435,7.660587726139076,9.71119234404454,9.672958149075578,9.812477120192224],[2.0594503505618804,7.3135161258635515,7.389277398476303,7.602588003114427,7.2939720643592],[0.859492474974441,7.30545274100531,0.7360203559440178,7.0460639536965255,7.137789707947319],[9.840869638932219,9.69069020369506,14.569871797996878,14.65374401337688,14.497745756160924],[3.9033737893485454,1.6792714155581006,3.657027204647629,3.9137103875141372,3.734198813970293],[4.5149931902453595,1.251011206765946,5.436387191675008,0.8938259304742757,4.1286942571648755],[4.406623609887672,8.687244793576705,8.554094959107045,8.635709459729634,8.817472109660338],[7.112490056523458,4.108001402753846,6.978029837828857,7.021190126297806,7.19747673800407],[8.704282907404874,2.651337450562104,9.390289287486105,8.949780079023991,9.031725337468442],[8.542793067036254,14.856872702805871,14.859973615896592,14.945955417789117,14.79387204544061],[4.695170471695592,1.3559805717166225,4.5088829280725164,4.537195092091541,4.664305925360408],[8.064477257693468,2.2888024652250274,8.601143488939444,9.311959761500956,9.395510650116277],[12.904808289513134,12.75851754502349,12.718097031884502,12.809600950030239,12.821558739343997],[7.07192402179459,5.219159204224846,6.864892870186774,6.879978944072292,7.035493117531284],[4.716121390323981,1.3338827428741629,3.9521854947783654,4.045202679550082,1.4339987517917503],[9.775649333249271,9.957948647772811,10.07436047240349,9.847659377175521,10.048203141972476],[0.9407511284172313,4.048334919322933,4.118252803991416,4.207192657109903,4.104129724460117],[7.3506787092581956,8.199406380890784,6.892456722641575,7.427026833669428,7.590804861778863],[11.671519612826378,11.513687991115988,11.545547874020874,11.5121658757548,11.83268357782278],[6.937542799393137,8.232644144143066,8.212680570084526,8.195362240437252,8.476505943074544],[7.104349247015811,3.1583556630621787,8.11868562177568,8.133901771887016,8.286071830354668],[10.422681256008701,10.30227264585747,10.31591453621284,10.565219383461457,10.379398927740098],[3.580753354787696,6.730505391494777,6.489682899177229,6.5533888383284395,6.593667555851039],[12.56494018884894,12.276554233207934,12.050032073861024,12.52986981615227,12.532191693471448],[18.22063358000412,18.22364270440248,18.211955500805228,18.216575742941238,18.2350148895744],[4.777413935486472,2.2279014375933373,4.869893154976028,4.809473396522097,4.903404906452239],[4.310220307683079,4.2589342462213695,0.9360247053094113,3.766030377884825,3.7944973630505814],[7.72853878783561,7.608752753544868,7.44945961665834,7.5483320142217165,7.57171284625732],[2.048411414728026,7.162139355059671,6.990279665621839,7.124481688267605,7.130714951358596],[3.8336954947259354,8.79022909814143,9.339335728741537,9.587222145769775,8.774472470121822],[16.463450799685194,16.43229596385535,16.35995633794467,16.522064932454654,16.440733027866223],[6.741931387172349,4.236063737784248,6.606119939494956,6.6278702323112615,6.512809983405007],[5.028172333584578,1.349919085704666,4.555187940170631,5.168364260928814,5.023644983837755],[11.620437224138557,11.738802392935105,8.405154313890675,11.585209692611357,11.585878565770765],[2.068496496079493,5.305879547172792,5.569561596260458,5.4544928735879,5.511668830460602],[1.654247374807442,6.4114677607707415,5.324695385672575,5.354513489809453,5.306824933310997],[10.777024690142525,10.688546987586621,10.873547232494817,10.819923583126297,10.81140999751755],[5.921120157409421,9.022156993953445,8.888636933453089,8.91768279239099,8.976197387690622],[4.570579220040429,3.5855846036749517,10.528936297813866,10.446100719860276,10.614761019248977],[19.52531833517056,19.73544644237771,19.553503248854998,19.48504066358825,19.487935577322556],[7.286233321462206,4.392614445220044,7.270612734833195,7.37720811087069,7.352351653186826],[3.9623105337621385,11.873966136954868,12.630185874821741,12.273775449065578,12.557709840706078],[19.54900498833111,19.34781452661019,19.569131503339356,19.499820854497603,19.580080978206208]],"times":[[21096,2416,859,2343,558],[1882,367,446,846,366],[4685,947,1369,1446,2101],[7950,1258,901,1433,675],[1267,358,1185,1008,457],[544,283,266,362,372],[2558,559,1280,239,138],[1482,884,369,2147,941],[375,3369,176,404,449],[3332,358,2438,311,230],[2966,1498,184,722,1468],[278,471,267,210,115],[1842,496,966,283,178],[1628,2799,2890,1047,814],[412,229,435,332,259],[1808,528,662,110,659],[4443,781,1795,122,891],[2901,656,1330,306,295],[1298,607,767,291,265],[3866,139,2083,970,702],[338,529,178,179,407],[810,440,433,301,234],[1256,791,1310,1117,339],[741,706,286,280,11],[1062,420,67,141,80],[1229,277,449,1215,2243],[322,367,242,230,108],[544,496,403,251,274],[2096,564,1240,1529,672],[1291,384,212,133,229],[756,840,502,12,339],[2988,243,1508,1530,885],[985,203,441,307,285],[1372,278,126,198,102],[3932,1247,2828,973,304],[279,83,72,62,81],[763,3409,2998,297,158],[1788,1231,180,2641,917],[871,262,283,200,224],[1041,67,289,60,629],[2365,3337,976,396,609],[3218,211,445,44,119],[851,222,207,118,402],[2714,1093,304,1408,1103],[2584,258,239,251,571],[1008,662,20,152,261],[3093,148,3366,713,1402],[751,324,21,135,347],[848,460,76,62,336],[2276,285,2202,784,3431],[376,183,174,340,298],[756,994,60,112,1215],[3001,942,2073,662,1072],[309,152,86,69,47],[960,25,225,90,348],[1495,748,1410,2391,178],[753,53,286,532,60],[2387,1816,98,309,302],[330,954,3440,1420,446],[571,79,358,52,138]],