{"actions":[[1,1,4,4,4],[0,0,5,4,4],[0,0,4,4,4],[0,1,4,4,3],[4,3,4,4,1],[4,3,4,1,4],[0,1,4,4,4],[4,3,3,3,3],[3,3,4,3,3],[0,0,5,4,4],[0,0,5,4,4],[0,4,4,5,4],[3,4,4,0,1],[3,4,1,1,1],[1,3,1,3,1],[0,5,4,2,2],[2,2,0,2,4],[2,0,2,4,2],[0,4,4,2,4],[0,2,4,0,2],[2,2,2,2,0],[0,4,0,3,0],[0,2,0,0,4],[0,4,2,2,0],[0,4,4,4,0],[0,1,2,4,4],[0,4,4,2,2],[0,1,4,4,4],[4,4,4,4,1],[4,1,0,4,4],[0,4,4,4,1],[0,4,4,4,1],[0,4,4,4,1],[0,1,4,0,0],[0,0,1,5,4],[0,4,4,4,4],[0,4,0,1,0],[0,1,1,4,5],[0,0,0,0,0],[0,5,4,3,5],[0,5,5,4,5],[5,5,5,5,0],[0,4,5,5,4],[1,5,4,4,4],[4,4,0,0,0],[3,4,0,5,4],[0,1,1,4,4],[1,1,4,4,5],[0,0,4,4,3],[0,1,4,4,5],[0,1,0,0,4],[0,0,4,3,0],[0,0,0,4,0],[0,4,4,4,0],[0,1,0,1,1],[0,1,0,4,4],[0,0,1,4,4],[0,1,4,3,0],[0,1,4,4,0],[0,0,4,0,1]],"rewards":[[3.015648737972706,3.0658201805884304,4.578130595278553,4.531815627035395,4.554365103706718],[5.725482731998036,5.804727484540378,0.009440743667302492,6.295736323962016,6.251014276635257],[7.995463820916052,7.893864012352126,10.709622961104913,10.808936591658767,10.786733949909978],[0.11109048311163487,1.3420515435464762,4.627555725471074,4.679472260621002,3.41192910400625],[4.417664340924687,1.0315876909608988,4.409296648235563,4.207363400036143,0.16883163615994662],[4.323241021062936,0.9923421812216403,4.359078941718596,0.23515350652350064,9.00438375245239],[1.6392269790804026,1.0218769507291667,3.4148314822707166,3.1849007031988106,3.258657677276569],[2.435654139093119,8.164417686707562,8.038170611069315,7.978070511552069,8.227177112307219],[8.037637114412151,8.098001088816964,2.413373797055611,8.078493908531737,12.155623306004406],[7.285878948093764,7.104847723235882,4.272666462932669,5.496260673382481,5.647830235617738],[8.648407136548412,8.55710389334851,3.018366393907063,9.195436730803834,9.103792841966822],[8.6067801558863,9.014453334548497,9.004317620758151,3.018858886375332,9.042463041337179],[3.396947605702684,3.764590293318647,3.6641596619156185,1.275122461668893,1.6435294370866478],[4.532797537922422,0.47188164867502747,5.214167202451293,5.180004465531359,5.143871491052422],[5.074383505336366,4.619311407841073,5.205377748710989,4.618876371279851,6.7520526353432],[6.883086034333402,4.901785720731357,4.701577210765945,6.193499429527965,6.078652581006287],[7.001150154362668,7.042814016218309,6.65369516070493,6.918728583032003,6.207310145457385],[7.029760307389293,6.78381493246294,7.073991292406189,6.186304947275804,6.977581030959511],[4.056487119371517,7.366284490032785,7.408035251755302,5.336356933099004,7.489355027615877],[7.073050558971495,7.19984330503262,5.474363086808633,7.1615598624828944,7.02793475669479],[12.497547649771853,12.358147207149758,12.504175402122941,12.49086422387768,11.089650449735498],[8.310445109247231,3.663963148649106,8.024294757165615,4.527433033788328,8.181671539506729],[5.078808874799928,4.879212537260131,5.041047791924259,5.009162347049713,5.190435379823775],[4.86879033761394,5.164601021116548,4.794582046918293,4.934507646396072,5.101037697211689],[4.975720040548872,7.444164774170706,7.53217528647234,7.5636243210511775,4.996865878388673],[5.0604540406378975,2.046761549408699,1.1590858266468844,0,0],[0.07972398667027691,6.432854192349482,6.580822298685339,8.001252361007042,8.076757367669494],[2.647197718037814,3.1897808885361156,6.553581204274374,6.572796727511547,6.654179234548975],[6.524339901811864,6.559200092386583,6.5255288617377225,6.596097427091465,3.4203306023301545],[1.4364165336039614,4.687315488323843,1.658673681840888,1.5376769551693625,1.4002092738608423],[4.4669658567469455,8.07610598969243,8.228350848043293,8.23870219079014,7.791622457881372],[4.522151007772816,8.26250647183575,8.22150820511265,8.203849378181683,7.808253888926792],[9.811837115394932,12.43387748672363,12.445128403710266,12.55288993987195,5.787798385857128],[8.652796139534725,7.381382069034543,4.560117662731965,8.38942035245262,8.556929371065735],[8.267711480126517,8.118662543836544,0.9077045298938564,0.7704704802601995,8.473314801937756],[8.035249479541381,8.363972232411658,8.426651005620071,13.091406999204224,12.965701854511039],[9.795318944055902,6.869991616886747,9.734990989314028,7.929339084336665,10.018675587340253],[9.729577772560798,4.341048133462453,4.473326427085935,10.84405830447403,4.441622644869916],[10.688612535669614,10.739795853693302,20.436566099609678,20.604915750651482,20.595229997482605],[6.007155157677765,9.33566514931737,7.987357696297254,6.744886269610416,9.47106757410051],[5.989145740035045,9.43887139037451,9.488030586029764,3.1630818909122445,8.0442916710479],[17.2743632303189,17.16190371904689,17.26360548890546,17.48443172850897,8.88347209003891],[4.386292803879177,7.694519669081368,7.787078331963762,7.721533976563787,7.573703868951484],[3.0149455103866374,3.413376747143091,8.310411618443707,8.276546546317553,8.40008475613573],[8.18568575804318,8.140387657950464,12.54516747079182,12.546444143050516,12.354621755212454],[4.000418955624209,4.1840961788634425,2.2808030998022972,4.9087620630963205,4.140903451391872],[0.0482005844467418,7.50055140080259,7.5596718121294835,1.9775565335800167,1.824707382859962],[7.452087010240087,7.4864101135814245,1.6583109342891742,1.9430124156444117,6.666421961108995],[5.472702624782394,5.633321518366123,2.2173310219736377,2.377418694056172,3.591309842028716],[5.639384244294187,1.6374628124535437,3.9003432022437856,3.652706556761365,1.3745576866978715],[4.205235261667531,1.889009556067029,4.008756821156395,4.013511913621643,3.892074879461309],[4.00612985086549,4.2016123830404535,3.9430107654017834,3.661664585071043,1.6515759815380986],[9.422341816088649,9.179598309330474,9.601448950365718,8.912894320314566,9.133990194699566],[9.372653824639182,8.933135150930708,8.915101272715233,8.919640520473395,9.388792374503415],[11.221928463638008,5.8526003604508325,11.113730857653398,5.847420556553538,5.824057700506572],[11.120273959574332,5.755091850115765,11.029857600207015,12.881795995266328,12.751153822947005],[11.96362284365887,12.037415206057869,6.984466635644506,15.97428687021779,15.970561685334493],[5.762305369152979,5.138886055407808,2.3577902123617163,3.959624157811851,5.971763186541126],[5.845182152340128,5.520227722901273,2.7320512644148085,2.753684948119116,1.7887391129208825],[7.285426408974586,7.6194205454123285,5.20914506805106,7.525165969611201,10.883349524761073]],"times":[[26039,616,375,421,361],[1949,713,426,409,511],[7305,398,384,389,507],[854,291,374,513,471],[555,182,164,50,73],[594,326,251,127,371],[3700,384,200,394,563],[427,527,530,397,647],[598,276,39,49,35],[3394,378,227,579,339],[377,311,340,160,376],[338,218,298,154,80],[1471,351,390,236,237],[758,128,368,355,341],[428,384,251,381,465],[436,326,373,477,407],[511,497,436,87,113],[255,219,192,1,134],[653,297,374,115,306],[286,117,572,80,188],[349,320,279,207,719],[1512,456,363,20,134],[229,197,222,197,516],[358,116,211,340,634],[441,291,276,267,469],[313,248,478,143,132],[256,229,228,99,183],[1678,36,107,353,250],[341,50,58,3,470],[392,383,254,0,99],[353,21,92,19,382],[197,52,35,22,406],[404,215,59,35,257],[780,196,604,308,289],[162,439,130,76,138],[497,148,148,46,401],[491,153,435,507,344],[404,119,183,6,263],[427,174,59,434,58],[464,123,438,415,408],[288,563,298,123,149],[335,101,102,36,298],[629,216,277,349,233],[344,261,125,355,416],[287,308,124,304,143],[1093,510,505,407,42],[759,65,568,39,71],[393,508,145,161,479],[506,395,518,406,817],[361,227,233,254,509],[549,313,287,136,703],[1666,269,61,465,441],[154,400,299,358,217],[390,148,322,22,292],[676,824,339,124,529],[174,155,100,280,89],[359,349,80,432,382],[774,270,561,443,149],[296,159,1119,565,527],[652,426,589,116,105]],