{"x": [0, 1, 2, 3, 4, 5], "y": [2.758107900619507, 0.40120750665664673, 2.957490921020508, 3.8338866233825684, 3.282191753387451, 2.8722944259643555], "params": [2.7878916263580322, 0.25, 1.0, 2.9502851963043213, -1.0947718620300293, -0.9100198745727539, 1.8775038719177246]}