{"x": [0, 1, 2, 3, 4, 5], "y": [5.911438465118408, 0.7795770168304443, 4.923953056335449, 1.5326707363128662, 5.638932704925537, 1.6841076612472534], "params": [3.863353729248047, 0.25, 1.0, 5.131861686706543]}