{"x": [0, 1, 2, 3, 4, 5], "y": [8.026082992553711, 1.7666157484054565, 7.721080303192139, 2.729795455932617, 7.665565490722656, 1.8701759576797485], "params": [5.720873832702637, 0.25, 1.0, 6.259467124938965]}