{"x": [0, 1, 2, 3, 4, 5], "y": [10.072734832763672, 1.7845218181610107, 9.033897399902344, 5.147128582000732, 3.4176669120788574, 2.8936398029327393], "params": [7.302573204040527, 0.25, 1.0, 8.426414489746094, -1.6140350103378296, -0.34532397985458374, 2.729802370071411]}