{"x": [0, 1, 2, 3, 4, 5], "y": [7.07496452331543, 2.845309257507324, 7.571942329406738, 6.322323799133301, 4.667674541473389, 4.915964603424072], "params": [4.555527210235596, 0.25, 1.0, 4.937180042266846, -1.4422998428344727, 0.9349265694618225, 3.22892427444458]}