{"x": [0, 1, 2, 3, 4, 5], "y": [7.786043643951416, 4.0895538330078125, 8.214123725891113, 2.9054224491119385, 8.468182563781738, 3.241300106048584], "params": [4.865687370300293, 0.25, 1.0, 5.562760353088379]}