{"x": [0, 1, 2, 3, 4, 5], "y": [6.387693405151367, 0.6224841475486755, 6.510838031768799, 5.91053581237793, 5.090157508850098, 4.356054306030273], "params": [5.320284366607666, 0.25, 1.0, 6.096554756164551, -1.301309585571289, 0.9140932559967041, 2.6185364723205566]}