{"x": [0, 1, 2, 3, 4, 5], "y": [7.749056339263916, 2.8419172763824463, 7.4803147315979, 5.349276542663574, 4.396177768707275, 4.847885608673096], "params": [4.4102864265441895, 0.25, 1.0, 4.974108695983887, -1.6138790845870972, 1.039973497390747, 3.765812397003174]}