{"x": [0, 1, 2, 3, 4, 5], "y": [5.649801731109619, 0.6442887187004089, 5.9662322998046875, 1.610140323638916, 5.758011817932129, 0.8280956745147705], "params": [4.818758010864258, 0.25, 1.0, 5.321943759918213]}