{"x": [0, 1, 2, 3, 4, 5], "y": [8.383967399597168, 1.9086742401123047, 8.377532958984375, 3.050720691680908, 8.880584716796875, 4.21145486831665], "params": [5.085419654846191, 0.25, 1.0, 6.97191047668457]}