{"x": [0, 1, 2, 3, 4, 5], "y": [6.325381278991699, 1.45241117477417, 6.102924346923828, 1.643776297569275, 5.2152099609375, 1.6914128065109253], "params": [4.04798698425293, 0.25, 1.0, 4.872970104217529]}