{"x": [0, 1, 2, 3, 4, 5], "y": [10.254700660705566, 2.5882349014282227, 9.348651885986328, 4.2521562576293945, 3.329637050628662, 2.9287447929382324], "params": [6.689743995666504, 0.25, 1.0, 7.666465759277344, -1.4863802194595337, -0.7536411285400391, 3.549560546875]}