{"x": [0, 1, 2, 3, 4, 5], "y": [10.110543251037598, 3.5427305698394775, 10.376012802124023, 3.962799072265625, 10.86817455291748, 3.8739140033721924], "params": [6.77836799621582, 0.25, 1.0, 7.325444221496582]}