{"x": [0, 1, 2, 3, 4, 5], "y": [7.234265327453613, 2.3548977375030518, 6.601797580718994, 0.8983055353164673, 6.4683942794799805, 1.8687270879745483], "params": [5.052155494689941, 0.25, 1.0, 6.3359599113464355]}