{"x": [0, 1, 2, 3, 4, 5], "y": [4.092004299163818, 0.0038576722145080566, 3.0308656692504883, 2.6435394287109375, 0.9369815587997437, 0.6345085501670837], "params": [3.476410150527954, 0.25, 1.0, 4.088146686553955, -2.351644992828369, -2.167370080947876, 4.705752849578857]}