{"x": [0, 1, 2, 3, 4, 5], "y": [6.086816310882568, 1.3057507276535034, 7.0195183753967285, 1.2891650199890137, 5.944091320037842, 1.969803810119629], "params": [5.085868835449219, 0.25, 1.0, 5.730353355407715]}