{"x": [0, 1, 2, 3, 4, 5], "y": [6.424423694610596, 0.9667127728462219, 6.676593780517578, 6.4079508781433105, 5.911516189575195, 5.198946475982666], "params": [5.900607585906982, 0.25, 1.0, 6.028836250305176, -1.6018736362457275, 1.3493674993515015, 2.49422025680542]}