{"x": [0, 1, 2, 3, 4, 5], "y": [7.9752302169799805, 1.6816675662994385, 7.055199146270752, 7.1310553550720215, 5.83241081237793, 5.860107421875], "params": [5.457150459289551, 0.25, 1.0, 6.459101676940918, -1.1727244853973389, 1.7985343933105469, 2.3672409057617188]}