{"x": [0, 1, 2, 3, 4, 5], "y": [7.891623497009277, 1.4297336339950562, 7.262655735015869, 1.2963733673095703, 8.092144012451172, 1.1480556726455688], "params": [6.182225227355957, 0.25, 1.0, 6.944088459014893]}