{"x": [0, 1, 2, 3, 4, 5], "y": [3.572153329849243, 0.045986320823431015, 3.8159852027893066, -0.8971556425094604, 3.6701581478118896, -0.10917395353317261], "params": [3.4810338020324707, 0.25, 1.0, 4.713140964508057]}