{"x": [0, 1, 2, 3, 4, 5], "y": [6.028214931488037, 1.1709578037261963, 5.991647720336914, 3.622969627380371, 1.8628549575805664, 0.7643650770187378], "params": [5.542262077331543, 0.25, 1.0, 6.139255046844482, -1.6227376461029053, -2.1251165866851807, 3.651437282562256]}