{"x": [0, 1, 2, 3, 4, 5], "y": [3.400399684906006, 1.387101173400879, 4.114526748657227, 1.2039185762405396, 3.1030871868133545, 1.559037685394287], "params": [3.061826229095459, 0.25, 1.0, 2.9106082916259766]}