{"x": [0, 1, 2, 3, 4, 5], "y": [6.382147789001465, 1.6185271739959717, 6.389865875244141, 3.0272951126098633, 3.0957274436950684, 1.5197653770446777], "params": [4.330262660980225, 0.25, 1.0, 5.080142021179199, -1.4670602083206177, -1.7355873584747314, 3.566450595855713]}