{"x": [0, 1, 2, 3, 4, 5], "y": [4.687358379364014, 0.11733239889144897, 3.2680985927581787, 5.502781867980957, 5.305922031402588, 4.222187519073486], "params": [3.4580812454223633, 0.25, 1.0, 5.001877784729004, -2.346348762512207, 1.2442948818206787, 5.010200023651123]}