{"x": [0, 1, 2, 3, 4, 5], "y": [7.073885917663574, 2.9504942893981934, 7.239577293395996, 2.5834579467773438, 7.431882858276367, 2.526672124862671], "params": [4.44603967666626, 0.25, 1.0, 4.905210494995117]}