{"x": [0, 1, 2, 3, 4, 5], "y": [3.376504421234131, 0.7836742997169495, 3.9588284492492676, 3.2174558639526367, 1.569563865661621, 1.0303230285644531], "params": [2.758772611618042, 0.25, 1.0, 3.531947135925293, -2.387688159942627, -1.7432258129119873, 4.823526859283447]}