{"x": [0, 1, 2, 3, 4, 5], "y": [3.2412257194519043, 0.907099187374115, 3.461252450942993, 1.261010766029358, 3.7745020389556885, 1.3980183601379395], "params": [2.9669532775878906, 0.25, 1.0, 2.8674027919769287]}