{"x": [0, 1, 2, 3, 4, 5], "y": [8.102128028869629, 0.7603729367256165, 7.864414691925049, 6.194087982177734, 5.188422203063965, 4.058799743652344], "params": [5.814435005187988, 0.25, 1.0, 7.341754913330078, -1.4095356464385986, 0.5939987301826477, 2.5587081909179688]}