{"x": [0, 1, 2, 3, 4, 5], "y": [5.381249904632568, -0.1261584758758545, 6.246024131774902, 0.16419240832328796, 5.783048629760742, 1.166764259338379], "params": [5.363683223724365, 0.25, 1.0, 6.372182846069336]}