{"x": [0, 1, 2, 3, 4, 5], "y": [5.381249904632568, -0.1261584758758545, 6.246024131774902, 2.157116413116455, 1.5464674234390259, 0.48429909348487854], "params": [5.363683223724365, 0.25, 1.0, 6.372182846069336, -2.0174221992492676, -2.0412678718566895, 4.313724994659424]}