{"x": [0, 1, 2, 3, 4, 5], "y": [7.891623497009277, 1.4297336339950562, 7.262655735015869, 6.583733558654785, 5.774270534515381, 4.686405658721924], "params": [6.182225227355957, 0.25, 1.0, 6.944088459014893, -1.4192336797714233, 1.3531357049942017, 3.229987621307373]}