{"x": [0, 1, 2, 3, 4, 5], "y": [7.638493061065674, 1.7801682949066162, 6.792258262634277, 0.9890917539596558, 7.000300407409668, 1.1109554767608643], "params": [6.108673095703125, 0.25, 1.0, 6.6494011878967285]}