{"x": [0, 1, 2, 3, 4, 5], "y": [9.659131050109863, 3.046670436859131, 10.680291175842285, 3.1228127479553223, 10.604817390441895, 2.776491165161133], "params": [7.0676984786987305, 0.25, 1.0, 7.903800010681152]}