{"x": [0, 1, 2, 3, 4, 5], "y": [4.009474277496338, 0.9297387599945068, 3.350363254547119, 0.14599716663360596, 4.625009059906006, 0.9016502499580383], "params": [3.6604137420654297, 0.25, 1.0, 4.4790120124816895]}