{"x": [0, 1, 2, 3, 4, 5], "y": [7.809259414672852, 2.985657215118408, 7.732956886291504, 4.29597282409668, 8.30866813659668, 3.9977269172668457], "params": [4.849535942077637, 0.25, 1.0, 5.3230109214782715]}