{"x": [0, 1, 2, 3, 4, 5], "y": [7.8625288009643555, 1.715921401977539, 8.666876792907715, 2.6407623291015625, 7.93972110748291, 2.1043691635131836], "params": [5.367873191833496, 0.25, 1.0, 6.950955390930176]}