{"x": [0, 1, 2, 3, 4, 5], "y": [6.325381278991699, 1.45241117477417, 6.102924346923828, 2.7611961364746094, 2.039547920227051, 1.9924521446228027], "params": [4.04798698425293, 0.25, 1.0, 4.872970104217529, -1.221694827079773, -2.1924843788146973, 1.6559672355651855]}