{"x": [0, 1, 2, 3, 4, 5], "y": [6.539308547973633, 2.2706918716430664, 6.4273271560668945, 2.0754339694976807, 7.587949275970459, 2.5887134075164795], "params": [4.157954216003418, 0.25, 1.0, 5.512515068054199]}