{"x": [0, 1, 2, 3, 4, 5], "y": [5.277637958526611, 3.345278739929199, 5.7617716789245605, 4.518667221069336, 3.7767229080200195, 3.485063314437866], "params": [3.924618721008301, 0.25, 1.0, 3.726574420928955, -1.2257083654403687, -0.5714622139930725, 2.452773332595825]}