{"x": [0, 1, 2, 3, 4, 5], "y": [8.16006088256836, 1.3962160348892212, 7.649385452270508, -0.03168216347694397, 6.432925701141357, 0.9694222807884216], "params": [7.357495307922363, 0.25, 1.0, 8.191742897033691]}