{"x": [0, 1, 2, 3, 4, 5], "y": [8.579827308654785, 1.6628735065460205, 8.967159271240234, 2.3054349422454834, 1.7547650337219238, 0.9678418636322021], "params": [6.802270412445068, 0.25, 1.0, 7.427626609802246, -1.9948093891143799, -2.242837429046631, 3.9118974208831787]}