{"x": [0, 1, 2, 3, 4, 5], "y": [8.095904350280762, -0.3948390483856201, 7.461012363433838, 3.3057785034179688, 2.5497255325317383, 1.5876318216323853], "params": [6.958941459655762, 0.25, 1.0, 8.490743637084961, -2.299452304840088, -1.2057890892028809, 4.650895595550537]}