{"x": [0, 1, 2, 3, 4, 5], "y": [2.9309804439544678, -0.23651960492134094, 3.328342914581299, 1.2540768384933472, 2.8116586208343506, -0.05072910338640213], "params": [2.747523784637451, 0.25, 1.0, 3.5648624897003174]}