{"x": [0, 1, 2, 3, 4, 5], "y": [12.67068099975586, 4.120436191558838, 10.837207794189453, 4.878322601318359, 11.287918090820312, 4.816347599029541], "params": [7.312008380889893, 0.25, 1.0, 8.55024528503418]}