{"x": [0, 1, 2, 3, 4, 5], "y": [5.223841667175293, 1.9521865844726562, 6.123947620391846, 2.5514180660247803, 4.967057704925537, 1.9364532232284546], "params": [3.4578654766082764, 0.25, 1.0, 4.187494277954102]}