{"x": [0, 1, 2, 3, 4, 5], "y": [5.063630104064941, 0.30533620715141296, 5.317463397979736, 0.6775278449058533, 5.106233596801758, 0.8039541840553284], "params": [5.090184211730957, 0.25, 1.0, 5.01212739944458]}