{"x": [0, 1, 2, 3, 4, 5], "y": [12.790637969970703, 5.5854716300964355, 11.42285442352295, 6.062207221984863, 12.401131629943848, 5.369307994842529], "params": [7.400169849395752, 0.25, 1.0, 7.421329975128174]}