{"x": [0, 1, 2, 3, 4, 5], "y": [7.1424431800842285, 2.251680850982666, 7.533499717712402, 3.861773729324341, 2.899233818054199, 1.8337411880493164], "params": [5.006804943084717, 0.25, 1.0, 5.281818866729736, -2.4009218215942383, -0.44644027948379517, 5.941187858581543]}