{"x": [0, 1, 2, 3, 4, 5], "y": [9.132706642150879, 3.540325164794922, 8.503864288330078, 2.8234708309173584, 9.122821807861328, 3.8954172134399414], "params": [5.6505913734436035, 0.25, 1.0, 6.309235572814941]}