{"x": [0, 1, 2, 3, 4, 5], "y": [8.102128028869629, 0.7603729367256165, 7.864414691925049, 2.4736697673797607, 7.067929744720459, 1.0646313428878784], "params": [5.814435005187988, 0.25, 1.0, 7.341754913330078]}