{"x": [0, 1, 2, 3, 4, 5], "y": [4.687358379364014, 0.11733239889144897, 3.2680985927581787, 0.5879350900650024, 5.119210243225098, 0.5936787128448486], "params": [3.4580812454223633, 0.25, 1.0, 5.001877784729004]}