{"x": [0, 1, 2, 3, 4, 5], "y": [4.4371185302734375, -0.009975671768188477, 4.596972942352295, 6.94425630569458, 6.523505687713623, 4.417019367218018], "params": [3.9769723415374756, 0.25, 1.0, 4.6069488525390625, -2.3320744037628174, 2.191089630126953, 5.005649089813232]}