{"x": [0, 1, 2, 3, 4, 5], "y": [7.56002950668335, 1.9841206073760986, 7.371006965637207, 2.2326464653015137, 7.246471405029297, 1.579016923904419], "params": [6.068569183349609, 0.25, 1.0, 5.981012344360352]}