{"x": [0, 1, 2, 3, 4, 5], "y": [7.174503326416016, 1.7640304565429688, 8.370255470275879, 2.390714168548584, 8.525940895080566, 2.755500555038452], "params": [4.919114589691162, 0.25, 1.0, 6.761910438537598]}