{"x": [0, 1, 2, 3, 4, 5], "y": [9.599671363830566, 3.1572225093841553, 10.62796688079834, 2.337830066680908, 10.342888832092285, 2.8616716861724854], "params": [7.437218189239502, 0.25, 1.0, 8.290136337280273]}