{"x": [0, 1, 2, 3, 4, 5], "y": [7.9752302169799805, 1.6816675662994385, 7.055199146270752, 2.3042821884155273, 8.140769004821777, 2.649733066558838], "params": [5.457150459289551, 0.25, 1.0, 6.459101676940918]}