{"x": [0, 1, 2, 3, 4, 5], "y": [7.118134021759033, 0.037206292152404785, 6.599547386169434, 0.037790630012750626, 7.380614757537842, -0.21599602699279785], "params": [6.574987411499023, 0.25, 1.0, 7.596611022949219]}