{"x": [0, 1, 2, 3, 4, 5], "y": [9.132706642150879, 3.540325164794922, 8.503864288330078, 5.386192798614502, 4.974265098571777, 3.894487142562866], "params": [5.6505913734436035, 0.25, 1.0, 6.309235572814941, -2.2243926525115967, 1.0810893774032593, 4.655762672424316]}