{"x": [0, 1, 2, 3, 4, 5], "y": [4.009474277496338, 0.9297387599945068, 3.350363254547119, 6.446194648742676, 4.535485744476318, 4.628311634063721], "params": [3.6604137420654297, 0.25, 1.0, 4.4790120124816895, -2.384371280670166, 1.6552245616912842, 4.9614434242248535]}