{"x": [0, 1, 2, 3, 4, 5], "y": [7.957231044769287, 2.467111349105835, 8.347823143005371, 2.1727116107940674, 8.88845157623291, 3.010809898376465], "params": [5.771763801574707, 0.25, 1.0, 6.715740203857422]}