{"x": [0, 1, 2, 3, 4, 5], "y": [6.382147789001465, 1.6185271739959717, 6.389865875244141, 1.9641633033752441, 6.69866943359375, 1.9331233501434326], "params": [4.330262660980225, 0.25, 1.0, 5.080142021179199]}