{"x": [0, 1, 2, 3, 4, 5], "y": [7.353745460510254, 0.8996185064315796, 6.863630771636963, 4.227609634399414, 3.8772168159484863, 2.2224769592285156], "params": [6.496809959411621, 0.25, 1.0, 6.894025802612305, -2.3909871578216553, -0.003482997417449951, 5.363232135772705]}