{"x": [0, 1, 2, 3, 4, 5], "y": [7.957231044769287, 2.467111349105835, 8.347823143005371, 2.286884307861328, 2.039031744003296, 0.2595517337322235], "params": [5.771763801574707, 0.25, 1.0, 6.715740203857422, -2.1806209087371826, -2.1462783813476562, 4.588731288909912]}