{"x": [0, 1, 2, 3, 4, 5], "y": [6.353736400604248, 2.1660192012786865, 5.563750743865967, 6.0656304359436035, 6.09756326675415, 5.0094523429870605], "params": [4.034364223480225, 0.25, 1.0, 4.952988624572754, -1.1131081581115723, 1.5064436197280884, 1.9998688697814941]}