{"x": [0, 1, 2, 3, 4, 5], "y": [4.893674850463867, 0.3598400354385376, 5.550694942474365, 5.7381696701049805, 4.957007884979248, 5.193728446960449], "params": [5.65341854095459, 0.25, 1.0, 5.573056697845459, -1.9099996089935303, 1.4832589626312256, 3.8244776725769043]}