{"x": [0, 1, 2, 3, 4, 5], "y": [7.811270713806152, 1.3519600629806519, 7.885059356689453, 0.3729046583175659, 8.806014060974121, 0.7761406302452087], "params": [6.884922981262207, 0.25, 1.0, 8.433109283447266]}