{"x": [0, 1, 2, 3, 4, 5], "y": [6.211460590362549, 1.8630156517028809, 5.762783050537109, 3.0197010040283203, 5.529618263244629, 2.8481433391571045], "params": [3.288769483566284, 0.25, 1.0, 4.348444938659668]}