{"x": [0, 1, 2, 3, 4, 5], "y": [6.086816310882568, 1.3057507276535034, 7.0195183753967285, 2.7364187240600586, 2.5330970287323, 0.6603934168815613], "params": [5.085868835449219, 0.25, 1.0, 5.730353355407715, -2.496528148651123, -1.8921210765838623, 4.057931423187256]}