{"x": [0, 1, 2, 3, 4, 5], "y": [6.424423694610596, 0.9667127728462219, 6.676593780517578, 1.4031636714935303, 6.435758590698242, 0.6477576494216919], "params": [5.900607585906982, 0.25, 1.0, 6.028836250305176]}