{"x": [0, 1, 2, 3, 4, 5], "y": [6.161134719848633, 0.982474684715271, 5.895951747894287, 4.577730655670166, 3.13118314743042, 1.1681715250015259], "params": [4.667369842529297, 0.25, 1.0, 6.144952297210693, -1.8251633644104004, -0.5784764885902405, 5.378825664520264]}