{"x": [0, 1, 2, 3, 4, 5], "y": [2.9309804439544678, -0.23651960492134094, 3.328342914581299, 5.893767356872559, 4.5875420570373535, 4.644688606262207], "params": [2.747523784637451, 0.25, 1.0, 3.5648624897003174, -1.0510307550430298, 0.42389243841171265, 1.817516803741455]}