{"x": [0, 1, 2, 3, 4, 5], "y": [5.743875980377197, 1.2390480041503906, 5.57131290435791, 3.076315402984619, 1.1926817893981934, -0.2848767042160034], "params": [4.911555290222168, 0.25, 1.0, 5.521148204803467, -2.4454283714294434, -1.8741041421890259, 5.983663558959961]}