{"x": [0, 1, 2, 3, 4, 5], "y": [7.165080547332764, -0.5790019035339355, 7.284306049346924, 2.8056557178497314, 1.549859642982483, 0.949253261089325], "params": [6.779103755950928, 0.25, 1.0, 7.9083428382873535, -2.185115337371826, -2.147890329360962, 5.102116584777832]}