{"x": [0, 1, 2, 3, 4, 5], "y": [9.397429466247559, 3.489042043685913, 10.668388366699219, 2.8940622806549072, 2.2183620929718018, -0.1828044056892395], "params": [6.828710556030273, 0.25, 1.0, 7.301494598388672, -2.281567096710205, -2.037482261657715, 6.399627685546875]}