{"x": [0, 1, 2, 3, 4, 5], "y": [5.274219989776611, 2.044487714767456, 4.43247652053833, 1.772701621055603, 4.551366806030273, 1.431868314743042], "params": [3.4055657386779785, 0.25, 1.0, 3.8423516750335693]}