{"x": [0, 1, 2, 3, 4, 5], "y": [9.239797592163086, 1.429774284362793, 8.07531452178955, 4.1775617599487305, 3.6286492347717285, 2.173240900039673], "params": [7.449122905731201, 0.25, 1.0, 7.810023307800293, -2.38942813873291, -0.2568703889846802, 4.280377388000488]}