{"x": [0, 1, 2, 3, 4, 5], "y": [5.980475902557373, 1.0760974884033203, 5.808717250823975, 1.517297387123108, 5.513680934906006, 1.6693854331970215], "params": [4.333770275115967, 0.25, 1.0, 4.904378414154053]}