{"x": [0, 1, 2, 3, 4, 5], "y": [11.274194717407227, 2.8257579803466797, 10.752822875976562, 5.354864597320557, 5.893029689788818, 5.105429649353027], "params": [6.790571689605713, 0.25, 1.0, 8.448436737060547, -1.3050246238708496, 1.1248054504394531, 2.3756375312805176]}