{"x": [0, 1, 2, 3, 4, 5], "y": [4.4371185302734375, -0.009975671768188477, 4.596972942352295, 0.6705202460289001, 4.49595308303833, 0.9285041689872742], "params": [3.9769723415374756, 0.25, 1.0, 4.6069488525390625]}