{"x": [0, 1, 2, 3, 4, 5], "y": [7.353745460510254, 0.8996185064315796, 6.863630771636963, 0.5006273984909058, 6.733389854431152, 0.4597194492816925], "params": [6.496809959411621, 0.25, 1.0, 6.894025802612305]}