{"x": [0, 1, 2, 3, 4, 5], "y": [9.397429466247559, 3.489042043685913, 10.668388366699219, 4.13749885559082, 10.790536880493164, 3.8059167861938477], "params": [6.828710556030273, 0.25, 1.0, 7.301494598388672]}