{"x": [0, 1, 2, 3, 4, 5], "y": [6.380526065826416, 2.4083731174468994, 5.2692484855651855, 2.3575751781463623, 5.274638652801514, 2.752927541732788], "params": [3.451261281967163, 0.25, 1.0, 4.022951126098633]}