{"x": [0, 1, 2, 3, 4, 5], "y": [4.004607200622559, 4.369139671325684, 2.7629404067993164, 2.635442018508911, 1.8985810279846191, 1.6115550994873047], "params": [-1.497746229171753, -1.6528820991516113, 2.757584571838379]}