{"x": [0, 1, 2, 3, 4, 5], "y": [5.698786735534668, 4.993049621582031, 4.0351762771606445, 3.076315402984619, 1.1926817893981934, -0.2848767042160034], "params": [-2.4454283714294434, -1.8741041421890259, 5.983663558959961]}