{"x": [0, 1, 2, 3, 4, 5], "y": [4.655356407165527, 4.424571514129639, 3.46661639213562, 2.7476656436920166, 1.8256611824035645, 1.6222368478775024], "params": [-1.8728543519973755, -1.6732978820800781, 3.0331196784973145]}