{"x": [0, 1, 2, 3, 4, 5], "y": [8.889803886413574, 8.035847663879395, 6.8926849365234375, 7.45375394821167, 6.811838150024414, 5.148531436920166], "params": [-1.538177490234375, 2.1049211025238037, 3.741272449493408]}