{"x": [0, 1, 2, 3, 4, 5], "y": [5.937836647033691, 4.542235374450684, 4.579444408416748, 4.518667221069336, 3.7767229080200195, 3.485063314437866], "params": [-1.2257083654403687, -0.5714622139930725, 2.452773332595825]}