{"x": [0, 1, 2, 3, 4, 5], "y": [8.199651718139648, 7.167695999145508, 6.219429969787598, 7.1310553550720215, 5.83241081237793, 5.860107421875], "params": [-1.1727244853973389, 1.7985343933105469, 2.3672409057617188]}