{"x": [0, 1, 2, 3, 4, 5], "y": [7.104490280151367, 6.438701152801514, 5.679294586181641, 3.974883794784546, 2.9193196296691895, 2.1885266304016113], "params": [-2.3864052295684814, -0.28764456510543823, 4.915963649749756]}