{"x": [0, 1, 2, 3, 4, 5], "y": [7.8746442794799805, 8.045806884765625, 7.111451625823975, 6.2192606925964355, 5.58136510848999, 4.823812484741211], "params": [-1.5396636724472046, 1.270418405532837, 3.221994400024414]}