{"x": [0, 1, 2, 3, 4, 5], "y": [5.340261459350586, 3.8419909477233887, 2.819334030151367, 2.6435394287109375, 0.9369815587997437, 0.6345085501670837], "params": [-2.351644992828369, -2.167370080947876, 4.705752849578857]}