{"x": [0, 1, 2, 3, 4, 5], "y": [4.966862201690674, 4.006183624267578, 2.666602373123169, 1.4751472473144531, 0.6918472647666931, 0.5635238885879517], "params": [-2.3454630374908447, -2.4800541400909424, 4.403338432312012]}