{"x": [0, 1, 2, 3, 4, 5], "y": [9.046504020690918, 7.959957599639893, 7.719638824462891, 6.462480545043945, 5.380659103393555, 4.022238254547119], "params": [-2.2727975845336914, 1.8309810161590576, 5.024265766143799]}