{"x": [0, 1, 2, 3, 4, 5], "y": [7.1780595779418945, 6.909079551696777, 5.472172737121582, 5.076716899871826, 4.293702602386475, 3.767333984375], "params": [-2.2240021228790283, 0.4866969585418701, 3.4107255935668945]}