{"x": [0, 1, 2, 3, 4, 5], "y": [9.07557487487793, 7.690528392791748, 6.586441993713379, 6.3060173988342285, 5.355438232421875, 3.4603424072265625], "params": [-2.476344108581543, 1.5210630893707275, 5.615232467651367]}