{"x": [0, 1, 2, 3, 4, 5], "y": [5.464543342590332, 4.8946852684021, 3.380706787109375, 2.8466501235961914, 1.825728416442871, 1.1979235410690308], "params": [-2.021484375, -1.5395158529281616, 4.266619682312012]}