{"x": [0, 1, 2, 3, 4, 5], "y": [6.549846649169922, 5.699787139892578, 5.4492645263671875, 5.343209743499756, 4.5702595710754395, 3.670628070831299], "params": [-1.2949280738830566, 0.0792837142944336, 2.879218578338623]}