{"x": [0, 1, 2, 3, 4, 5], "y": [6.748343467712402, 7.068263530731201, 5.716581344604492, 5.089770793914795, 4.66631555557251, 5.542649269104004], "params": [-1.0451207160949707, 0.8857694268226624, 2.4019479751586914]}