{"x": [0, 1, 2, 3, 4, 5], "y": [5.738272190093994, 4.587876319885254, 4.52508544921875, 3.1652796268463135, 1.630467414855957, 2.104469060897827], "params": [-2.0914487838745117, -1.40697181224823, 4.107804775238037]}