{"x": [0, 1, 2, 3, 4, 5], "y": [5.086215972900391, 4.450161933898926, 3.49910569190979, 3.0272951126098633, 3.0957274436950684, 1.5197653770446777], "params": [-1.4670602083206177, -1.7355873584747314, 3.566450595855713]}