{"x": [0, 1, 2, 3, 4, 5], "y": [9.146648406982422, 8.843478202819824, 8.102418899536133, 7.219021797180176, 6.830894470214844, 5.886132717132568], "params": [-1.7025916576385498, 2.4673633575439453, 3.2605156898498535]}