{"x": [0, 1, 2, 3, 4, 5], "y": [8.653743743896484, 7.83916711807251, 7.4886603355407715, 6.454681396484375, 5.20014762878418, 3.516695976257324], "params": [-2.2606003284454346, 1.6550896167755127, 5.13704776763916]}