{"x": [0, 1, 2, 3, 4, 5], "y": [6.051369667053223, 4.041839599609375, 2.7516658306121826, 2.8056557178497314, 1.549859642982483, 0.949253261089325], "params": [-2.185115337371826, -2.147890329360962, 5.102116584777832]}