{"x": [0, 1, 2, 3, 4, 5], "y": [6.97459077835083, 6.619708061218262, 6.52913761138916, 5.91053581237793, 5.090157508850098, 4.356054306030273], "params": [-1.301309585571289, 0.9140932559967041, 2.6185364723205566]}