{"x": [0, 1, 2, 3, 4, 5], "y": [9.496929168701172, 7.30275297164917, 6.211650848388672, 6.446194648742676, 4.535485744476318, 4.628311634063721], "params": [-2.384371280670166, 1.6552245616912842, 4.9614434242248535]}