{"x": [0, 1, 2, 3, 4, 5], "y": [6.352487564086914, 5.402105331420898, 5.188018798828125, 3.8309762477874756, 3.2847917079925537, 2.8378167152404785], "params": [-2.0504684448242188, -0.6372290849685669, 3.5146708488464355]}