{"x": [0, 1, 2, 3, 4, 5], "y": [4.527856349945068, 4.74979829788208, 4.245913505554199, 3.8338866233825684, 3.282191753387451, 2.8722944259643555], "params": [-1.0947718620300293, -0.9100198745727539, 1.8775038719177246]}