{"x": [0, 1, 2, 3, 4, 5], "y": [6.5853962898254395, 5.592639923095703, 4.258505344390869, 3.9076085090637207, 3.25485897064209, 1.3827145099639893], "params": [-2.239365577697754, -0.7928705215454102, 5.202681541442871]}