{"x": [0, 1, 2, 3, 4, 5], "y": [4.3767805099487305, 4.366695880889893, 3.5640223026275635, 2.180459976196289, 3.679975748062134, 1.0779139995574951], "params": [-1.326664686203003, -1.7174925804138184, 3.2988665103912354]}