{"x": [0, 1, 2, 3, 4, 5], "y": [5.62344217300415, 5.298861503601074, 4.553813934326172, 5.147128582000732, 3.4176669120788574, 2.8936398029327393], "params": [-1.6140350103378296, -0.34532397985458374, 2.729802370071411]}