{"x": [0, 1, 2, 3, 4, 5], "y": [8.22824764251709, 7.059257507324219, 6.586673736572266, 5.543464183807373, 5.0969133377075195, 4.419623851776123], "params": [-1.600698709487915, 1.1430952548980713, 3.808623790740967]}