{"x": [0, 1, 2, 3, 4, 5], "y": [6.478305339813232, 4.2505598068237305, 4.521326541900635, 4.2521562576293945, 3.329637050628662, 2.9287447929382324], "params": [-1.4863802194595337, -0.7536411285400391, 3.549560546875]}