{"x": [0, 1, 2, 3, 4, 5], "y": [7.183502197265625, 6.643290042877197, 7.022576808929443, 5.675617694854736, 4.406167984008789, 5.655709266662598], "params": [-1.231477975845337, 1.4314255714416504, 2.777334213256836]}