{"x": [0, 1, 2, 3, 4, 5], "y": [7.28956413269043, 6.066695213317871, 5.2791032791137695, 4.690908908843994, 3.887295722961426, 2.586021900177002], "params": [-2.2757821083068848, -0.07444292306900024, 4.703542232513428]}