{"x": [0, 1, 2, 3, 4, 5], "y": [4.600438117980957, 3.7423534393310547, 4.17547082901001, 2.3150887489318848, 1.6172541379928589, 0.5655805468559265], "params": [-1.7251136302947998, -2.040602684020996, 4.034857749938965]}