{"x": [0, 1, 2, 3, 4, 5], "y": [6.216823101043701, 3.3355698585510254, 3.6242589950561523, 2.8940622806549072, 2.2183620929718018, -0.1828044056892395], "params": [-2.281567096710205, -2.037482261657715, 6.399627685546875]}