{"x": [0, 1, 2, 3, 4, 5], "y": [5.431484222412109, 4.882584571838379, 5.274825096130371, 3.7845699787139893, 3.47127366065979, 2.4555583000183105], "params": [-1.5160402059555054, -0.6937405467033386, 2.975925922393799]}