{"x": [0, 1, 2, 3, 4, 5], "y": [4.848282814025879, 3.5798356533050537, 3.5498104095458984, 2.286884307861328, 2.039031744003296, 0.2595517337322235], "params": [-2.1806209087371826, -2.1462783813476562, 4.588731288909912]}