{"x": [0, 1, 2, 3, 4, 5], "y": [7.896598815917969, 6.7639079093933105, 6.778811454772949, 6.322323799133301, 4.667674541473389, 4.915964603424072], "params": [-1.4422998428344727, 0.9349265694618225, 3.22892427444458]}