{"x": [0, 1, 2, 3, 4, 5], "y": [7.585709095001221, 6.672301292419434, 5.889159202575684, 4.227609634399414, 3.8772168159484863, 2.2224769592285156], "params": [-2.3909871578216553, -0.003482997417449951, 5.363232135772705]}