{"x": [0, 1, 2, 3, 4, 5], "y": [9.025662422180176, 7.9172539710998535, 7.1023335456848145, 5.128416061401367, 5.425378322601318, 4.133804798126221], "params": [-2.1887025833129883, 1.1355867385864258, 4.891857624053955]}