{"x": [0, 1, 2, 3, 4, 5], "y": [5.944947242736816, 6.027462482452393, 3.867987632751465, 3.2751317024230957, 3.2022578716278076, 1.3554093837738037], "params": [-2.214240789413452, -1.2073800563812256, 4.672053337097168]}