{"x": [0, 1, 2, 3, 4, 5], "y": [7.916393280029297, 7.401208400726318, 5.851320743560791, 6.583733558654785, 5.774270534515381, 4.686405658721924], "params": [-1.4192336797714233, 1.3531357049942017, 3.229987621307373]}