{"x": [0, 1, 2, 3, 4, 5], "y": [7.332266330718994, 6.7874884605407715, 5.849842548370361, 5.892095565795898, 5.0797882080078125, 4.773541450500488], "params": [-1.3710968494415283, 0.7577419281005859, 2.558724880218506]}