{"x": [0, 1, 2, 3, 4, 5], "y": [3.193249225616455, 10.210649490356445, 3.1098861694335938, 8.256872177124023, 3.330460786819458, 9.256316184997559], "params": [5.5017266273498535, 0.25, 0.0, 7.100763320922852]}