{"x": [0, 1, 2, 3, 4, 5], "y": [-0.2897757291793823, 3.278134346008301, 0.23057037591934204, 2.3785767555236816, -0.08228589594364166, 3.2886962890625], "params": [2.7659356594085693, 0.25, 0.0, 3.578472137451172]}