{"x": [0, 1, 2, 3, 4, 5], "y": [-0.021139204502105713, 5.069643497467041, 1.8504347801208496, 5.77754545211792, 0.5625487565994263, 5.46377420425415], "params": [4.319389343261719, 0.25, 0.0, 5.798684597015381]}