{"x": [0, 1, 2, 3, 4, 5], "y": [4.344478607177734, 8.693492889404297, 3.3480396270751953, 7.297567367553711, 3.2464072704315186, 8.003421783447266], "params": [4.928696155548096, 0.25, 0.0, 5.447085380554199]}