{"x": [0, 1, 2, 3, 4, 5], "y": [0.7286381125450134, 4.932230472564697, 1.7545363903045654, 4.501624584197998, 0.4451151490211487, 4.547489166259766], "params": [3.7110016345977783, 0.25, 0.0, 4.487115383148193]}