{"x": [0, 1, 2, 3, 4, 5], "y": [1.4099555015563965, 5.238529205322266, 0.5211015343666077, 4.043788909912109, 0.2762027680873871, 5.634617805480957], "params": [4.0863261222839355, 0.25, 0.0, 5.358415126800537]}