{"x": [0, 1, 2, 3, 4, 5], "y": [0.2390320897102356, 3.8921380043029785, -0.16849198937416077, 3.078845739364624, 0.3454652726650238, 4.582310199737549], "params": [3.5327391624450684, 0.25, 0.0, 4.750802040100098]}