{"x": [0, 1, 2, 3, 4, 5], "y": [0.8251913785934448, 5.648435592651367, 0.8596678972244263, 6.011954307556152, 0.49522164463996887, 5.326456069946289], "params": [5.1580610275268555, 0.25, 0.0, 5.516732692718506]}