{"x": [0, 1, 2, 3, 4, 5], "y": [0.2386234998703003, 7.177027225494385, 0.2671738266944885, 7.829853534698486, -0.6088161468505859, 6.202085018157959], "params": [6.887497425079346, 0.25, 0.0, 8.438669204711914]}