{"x": [0, 1, 2, 3, 4, 5], "y": [3.742729663848877, 10.254462242126465, 3.052246570587158, 11.451468467712402, 3.722057819366455, 10.504364967346191], "params": [7.300110340118408, 0.25, 0.0, 8.399221420288086]}