{"x": [0, 1, 2, 3, 4, 5], "y": [2.5995919704437256, 9.115255355834961, 2.521566390991211, 9.148575782775879, 2.382960557937622, 9.391582489013672], "params": [6.50582218170166, 0.25, 0.0, 7.008622169494629]}