{"x": [0, 1, 2, 3, 4, 5], "y": [0.9824525117874146, 7.932717323303223, -0.31787633895874023, 8.152677536010742, 1.312199592590332, 8.039859771728516], "params": [7.1563310623168945, 0.25, 0.0, 8.47055435180664]}