{"x": [0, 1, 2, 3, 4, 5], "y": [4.257606029510498, 9.674032211303711, 3.657738447189331, 9.870285987854004, 3.9983584880828857, 10.502801895141602], "params": [6.348780632019043, 0.25, 0.0, 6.845063209533691]}