{"x": [0, 1, 2, 3, 4, 5], "y": [0.48052531480789185, 5.692495346069336, 0.34700632095336914, 5.165920734405518, -0.24150490760803223, 5.645011901855469], "params": [5.245607376098633, 0.25, 0.0, 5.934000015258789]}