{"x": [0, 1, 2, 3, 4, 5], "y": [0.4426749348640442, 5.085283279418945, 0.15719082951545715, 4.671607971191406, 0.4070844054222107, 4.3162922859191895], "params": [4.355445861816406, 0.25, 0.0, 4.9280924797058105]}