{"x": [0, 1, 2, 3, 4, 5], "y": [0.5575226545333862, 4.689166069030762, 0.1020662784576416, 5.055567741394043, 0.4005619287490845, 3.410231828689575], "params": [4.557401180267334, 0.25, 0.0, 4.9535017013549805]}