{"x": [0, 1, 2, 3, 4, 5], "y": [2.2590761184692383, 9.613205909729004, 1.7092067003250122, 9.761470794677734, 2.5015668869018555, 9.582249641418457], "params": [7.184558391571045, 0.25, 0.0, 8.052264213562012]}