{"x": [0, 1, 2, 3, 4, 5], "y": [1.6967183351516724, 9.602950096130371, 2.454331398010254, 9.703335762023926, 2.3603157997131348, 9.530668258666992], "params": [7.310297012329102, 0.25, 0.0, 8.006617546081543]}