{"x": [0, 1, 2, 3, 4, 5], "y": [1.3527371883392334, 5.118288993835449, 1.8896080255508423, 4.4329071044921875, 0.9271199107170105, 4.872053146362305], "params": [3.642226457595825, 0.25, 0.0, 4.191169261932373]}