{"x": [0, 1, 2, 3, 4, 5], "y": [1.7516456842422485, 5.7322678565979, 1.7173070907592773, 4.819451332092285, 1.348877191543579, 5.693041801452637], "params": [3.259891986846924, 0.25, 0.0, 4.383390426635742]}