{"x": [0, 1, 2, 3, 4, 5], "y": [0.5528666377067566, 6.373953342437744, 0.1262112557888031, 6.930267333984375, -0.020127832889556885, 6.337405204772949], "params": [6.200536727905273, 0.25, 0.0, 6.950395107269287]}