{"x": [0, 1, 2, 3, 4, 5], "y": [1.063870906829834, 5.134125232696533, 0.4431034028530121, 5.710982322692871, 1.3365607261657715, 5.247579097747803], "params": [4.326524257659912, 0.25, 0.0, 5.267879009246826]}