{"x": [0, 1, 2, 3, 4, 5], "y": [3.2508482933044434, 8.763676643371582, 2.9495208263397217, 8.182381629943848, 3.0634572505950928, 7.923945426940918], "params": [4.611715316772461, 0.25, 0.0, 5.814155578613281]}