{"x": [0, 1, 2, 3, 4, 5], "y": [0.07346141338348389, 7.382373332977295, 0.5444479584693909, 7.199991703033447, 1.1197447776794434, 6.729022979736328], "params": [6.512691974639893, 0.25, 0.0, 7.3089118003845215]}