{"x": [0, 1, 2, 3, 4, 5], "y": [1.7107139825820923, 2.1985557079315186, 2.499663829803467, 3.3101251125335693, 2.5599231719970703, 3.630774736404419], "params": [1.0615911483764648, -2.3870320320129395, 1.9200607538223267]}