{"x": [0, 1, 2, 3, 4, 5], "y": [1.0927581787109375, 3.3874640464782715, 3.429537534713745, 4.129876136779785, 5.2544097900390625, 6.694705963134766], "params": [2.0923023223876953, -0.8377063274383545, 5.601947784423828]}