{"x": [0, 1, 2, 3, 4, 5], "y": [4.212238788604736, 4.1767964363098145, 4.527286529541016, 4.705560207366943, 5.431502342224121, 6.000759124755859], "params": [1.2225326299667358, -0.23740679025650024, 1.823962688446045]}