{"x": [0, 1, 2, 3, 4, 5], "y": [2.8652472496032715, 4.660690784454346, 5.2131667137146, 5.843132495880127, 6.460815906524658, 7.356113910675049], "params": [1.5458470582962036, 0.7498261332511902, 4.490866661071777]}