{"x": [0, 1, 2, 3, 4, 5], "y": [1.4444844722747803, 2.274221420288086, 3.2110257148742676, 4.337804794311523, 4.655986309051514, 5.436838150024414], "params": [1.4682729244232178, -1.470969319343567, 3.992353677749634]}