{"x": [0, 1, 2, 3, 4, 5], "y": [3.2849724292755127, 2.1394708156585693, 3.0783209800720215, 3.7946016788482666, 4.484767913818359, 5.5961432456970215], "params": [1.5805025100708008, -1.4265859127044678, 3.456672430038452]}