{"x": [0, 1, 2, 3, 4, 5], "y": [1.2216547727584839, 2.3283321857452393, 3.017632246017456, 3.9045004844665527, 4.766934871673584, 4.971522808074951], "params": [1.4731684923171997, -1.6065824031829834, 3.7498679161071777]}