{"x": [0, 1, 2, 3, 4, 5], "y": [0.40008848905563354, 1.3700964450836182, 2.97841477394104, 4.236493110656738, 4.368680000305176, 5.053165912628174], "params": [2.448503255844116, -1.7563027143478394, 4.653077602386475]}