{"x": [0, 1, 2, 3, 4, 5], "y": [4.216328144073486, 4.91676664352417, 5.5541768074035645, 6.914148807525635, 7.766781330108643, 8.518403053283691], "params": [1.7446309328079224, 0.9651592373847961, 4.302074909210205]}