{"x": [0, 1, 2, 3, 4, 5], "y": [1.9144750833511353, 2.771251916885376, 3.444878578186035, 4.132664203643799, 5.2362189292907715, 5.060143947601318], "params": [1.927704095840454, -1.2300670146942139, 3.321743965148926]}