{"x": [0, 1, 2, 3, 4, 5], "y": [3.7337443828582764, 4.982150077819824, 4.93432092666626, 5.291234016418457, 6.218786239624023, 6.1858439445495605], "params": [1.4409762620925903, 0.3245556354522705, 2.485041856765747]}