{"x": [0, 1, 2, 3, 4, 5], "y": [3.4972615242004395, 2.832242727279663, 2.793954849243164, 4.3775105476379395, 4.734365940093994, 4.737571716308594], "params": [1.0999079942703247, -1.0346794128417969, 1.9436168670654297]}