{"x": [0, 1, 2, 3, 4, 5], "y": [1.240772008895874, 2.4961822032928467, 3.4470934867858887, 5.414229393005371, 4.74664306640625, 5.751536846160889], "params": [2.39089298248291, -0.983833372592926, 4.510765075683594]}