{"x": [0, 1, 2, 3, 4, 5], "y": [3.742443323135376, 4.339234828948975, 4.843049049377441, 5.700333595275879, 6.813920497894287, 7.9889750480651855], "params": [2.070326328277588, 0.7466018199920654, 4.2465314865112305]}