{"x": [0, 1, 2, 3, 4, 5], "y": [1.2807539701461792, 1.7650448083877563, 2.9295852184295654, 3.460172414779663, 3.668994665145874, 4.510063648223877], "params": [1.8526337146759033, -1.9907054901123047, 3.229309558868408]}