{"x": [0, 1, 2, 3, 4, 5], "y": [5.330471038818359, 5.615527153015137, 6.558837890625, 7.793905735015869, 7.930607795715332, 9.54793930053711], "params": [1.7049812078475952, 2.4181690216064453, 4.21746826171875]}