{"x": [0, 1, 2, 3, 4, 5], "y": [5.354553699493408, 5.61514949798584, 6.40699577331543, 6.724762916564941, 7.816730976104736, 8.093055725097656], "params": [1.2063853740692139, 1.7966467142105103, 2.738502025604248]}