{"x": [0, 1, 2, 3, 4, 5], "y": [2.7992963790893555, 3.2503597736358643, 5.105278015136719, 4.551209449768066, 6.03250789642334, 6.075037002563477], "params": [1.8791840076446533, -0.40536433458328247, 3.275740623474121]}