{"x": [0, 1, 2, 3, 4, 5], "y": [3.019212484359741, 3.69972825050354, 5.259517669677734, 5.840046405792236, 6.533161163330078, 7.232893943786621], "params": [1.8966583013534546, 0.43016791343688965, 4.213681221008301]}