{"x": [0, 1, 2, 3, 4, 5], "y": [1.6408474445343018, 1.7770414352416992, 2.899388074874878, 3.0823817253112793, 4.39284610748291, 4.110164165496826], "params": [1.4845852851867676, -1.9133561849594116, 2.7519986629486084]}