{"x": [0, 1, 2, 3, 4, 5], "y": [4.1278486251831055, 5.35320520401001, 6.110180377960205, 7.027805328369141, 6.323036193847656, 7.9534502029418945], "params": [2.0495002269744873, 1.2267029285430908, 3.825601577758789]}