{"x": [0, 1, 2, 3, 4, 5], "y": [4.765350341796875, 5.107921600341797, 6.140400409698486, 6.493583679199219, 6.915727138519287, 7.493198871612549], "params": [1.6160094738006592, 1.4258670806884766, 2.727848529815674]}