{"x": [0, 1, 2, 3, 4, 5], "y": [7.017505168914795, 6.356719493865967, 6.2567362785339355, 7.668090343475342, 7.367897987365723, 8.25999927520752], "params": [1.1046679019927979, 2.093327045440674, 2.003262996673584]}