{"x": [0, 1, 2, 3, 4, 5], "y": [3.6143224239349365, 3.870093822479248, 4.796621799468994, 7.247435569763184, 7.589098930358887, 7.601353168487549], "params": [2.258303165435791, 0.7181975245475769, 3.9870307445526123]}