{"x": [0, 1, 2, 3, 4, 5], "y": [3.100719451904297, 9.16390609741211, 4.226590156555176, 12.385427474975586, 7.133848667144775, 13.584226608276367], "params": [2.3080780506134033, 0.7626810669898987, 4.293951511383057, 5.164521217346191, 0.25, 0.0, 6.367610454559326]}