{"x": [0, 1, 2, 3, 4, 5], "y": [1.732114315032959, 6.729292869567871, 4.597762107849121, 10.131832122802734, 4.0030999183654785, 9.274776458740234], "params": [1.4010101556777954, -2.0238962173461914, 2.6946370601654053, 4.319389343261719, 0.25, 0.0, 5.798684597015381]}