{"x": [0, 1, 2, 3, 4, 5], "y": [1.7234289646148682, 6.850327968597412, 3.0867760181427, 8.131780624389648, 4.07607889175415, 8.826355934143066], "params": [1.8526337146759033, -1.9907054901123047, 3.229309558868408, 4.355445861816406, 0.25, 0.0, 4.9280924797058105]}