{"x": [0, 1, 2, 3, 4, 5], "y": [7.647851943969727, 13.839651107788086, 7.906390190124512, 16.76165008544922, 11.075918197631836, 18.395238876342773], "params": [1.7446309328079224, 0.9651592373847961, 4.302074909210205, 6.715087413787842, 0.25, 0.0, 7.524622917175293]}