{"x": [0, 1, 2, 3, 4, 5], "y": [3.1053640842437744, 10.034692764282227, 5.044038772583008, 10.892354965209961, 6.4305500984191895, 13.193018913269043], "params": [1.9342048168182373, 0.26737719774246216, 3.7697112560272217, 5.715692520141602, 0.25, 0.0, 6.317943572998047]}