{"x": [0, 1, 2, 3, 4, 5], "y": [5.883012294769287, 13.55049991607666, 7.041524887084961, 15.352819442749023, 8.459970474243164, 14.639606475830078], "params": [1.229660153388977, 2.362809419631958, 2.3432774543762207, 6.512691974639893, 0.25, 0.0, 7.3089118003845215]}