{"x": [0, 1, 2, 3, 4, 5], "y": [3.0122621059417725, 11.72903060913086, 5.3042707443237305, 14.403736114501953, 6.319362640380859, 13.901877403259277], "params": [2.322521448135376, -2.0139222145080566, 3.84624981880188, 7.365244388580322, 0.25, 0.0, 8.064258575439453]}