{"x": [0, 1, 2, 3, 4, 5], "y": [2.6068739891052246, 7.230356693267822, 2.8305704593658447, 8.720701217651367, 4.02605676651001, 8.304327011108398], "params": [1.8592910766601562, -2.457364082336426, 2.6681292057037354, 3.5063388347625732, 0.25, 0.0, 4.279339790344238]}