{"x": [0, 1, 2, 3, 4, 5], "y": [10.620508193969727, 16.513668060302734, 11.273923873901367, 18.48457908630371, 13.353386878967285, 19.767959594726562], "params": [1.3012208938598633, 2.354400634765625, 3.219226360321045, 6.351283550262451, 0.25, 0.0, 6.392035484313965]}