{"x": [0, 1, 2, 3, 4, 5], "y": [2.3483481407165527, 10.585147857666016, 4.171159267425537, 10.36612319946289, 6.022590160369873, 11.373779296875], "params": [1.3788127899169922, -1.5653517246246338, 2.6350510120391846, 6.093356609344482, 0.25, 0.0, 7.298519134521484]}