{"x": [0, 1, 2, 3, 4, 5], "y": [6.35489559173584, 11.403454780578613, 9.018808364868164, 13.762589454650879, 8.693819999694824, 13.193127632141113], "params": [1.4461827278137207, 2.0491840839385986, 3.014321804046631, 3.7695693969726562, 0.25, 0.0, 5.103027820587158]}