{"x": [0, 1, 2, 3, 4, 5], "y": [2.9918508529663086, 8.299083709716797, 2.802610397338867, 10.157501220703125, 4.7822041511535645, 10.66193962097168], "params": [1.766148567199707, -1.6005561351776123, 3.392540454864502, 5.1580610275268555, 0.25, 0.0, 5.516732692718506]}