{"x": [0, 1, 2, 3, 4, 5], "y": [10.137736320495605, 14.633584976196289, 9.503990173339844, 15.666585922241211, 10.419943809509277, 15.351022720336914], "params": [1.1046679019927979, 2.093327045440674, 2.003262996673584, 4.777465343475342, 0.25, 0.0, 5.224820137023926]}