{"x": [0, 1, 2, 3, 4, 5], "y": [4.650606155395508, 12.617805480957031, 5.768178939819336, 12.497637748718262, 7.820563316345215, 14.74637222290039], "params": [2.4768028259277344, -1.5333253145217896, 4.0326995849609375, 5.5017266273498535, 0.25, 0.0, 7.100763320922852]}