{"x": [0, 1, 2, 3, 4, 5], "y": [4.4058380126953125, 8.25105094909668, 4.647027492523193, 9.985336303710938, 5.411030292510986, 11.542171478271484], "params": [1.5895805358886719, -2.034158229827881, 3.1645889282226562, 3.7689366340637207, 0.25, 0.0, 4.750973701477051]}