{"x": [0, 1, 2, 3, 4, 5], "y": [2.3867886066436768, 6.089815616607666, 3.7807133197784424, 8.051122665405273, 5.680025100708008, 9.120410919189453], "params": [2.061391592025757, -2.3183164596557617, 5.513016700744629, 2.600381374359131, 0.25, 0.0, 2.5215377807617188]}