{"x": [0, 1, 2, 3, 4, 5], "y": [6.813806533813477, 12.513825416564941, 6.270474433898926, 13.465831756591797, 7.956879615783691, 14.49305248260498], "params": [1.173307180404663, 1.3241777420043945, 2.4753313064575195, 5.490891933441162, 0.25, 0.0, 6.6609272956848145]}