{"x": [0, 1, 2, 3, 4, 5], "y": [7.106199264526367, 11.347417831420898, 8.124302864074707, 11.544214248657227, 9.165608406066895, 13.786097526550293], "params": [1.2063853740692139, 1.7966467142105103, 2.738502025604248, 3.259891986846924, 0.25, 0.0, 4.383390426635742]}