{"x": [0, 1, 2, 3, 4, 5], "y": [6.040676116943359, 13.16276741027832, 5.547445774078369, 15.191744804382324, 8.091854095458984, 15.046919822692871], "params": [1.1289818286895752, 1.1136245727539062, 1.9808435440063477, 7.1563310623168945, 0.25, 0.0, 8.47055435180664]}