{"x": [0, 1, 2, 3, 4, 5], "y": [0.8029824495315552, 6.665598392486572, 3.6601078510284424, 6.508452892303467, 5.172123908996582, 9.983402252197266], "params": [2.0923023223876953, -0.8377063274383545, 5.601947784423828, 2.7659356594085693, 0.25, 0.0, 3.578472137451172]}