{"x": [0, 1, 2, 3, 4, 5], "y": [8.201459884643555, 17.220169067382812, 9.463343620300293, 19.057415008544922, 12.626838684082031, 20.15078353881836], "params": [2.271872043609619, 1.8890347480773926, 3.1521072387695312, 7.435816764831543, 0.25, 0.0, 8.79721450805664]}