{"x": [0, 1, 2, 3, 4, 5], "y": [6.941226482391357, 12.633072853088379, 8.20881175994873, 13.5289306640625, 8.997904777526855, 15.396668434143066], "params": [1.5187448263168335, 0.00814199447631836, 2.745965003967285, 5.96682596206665, 0.25, 0.0, 6.79783296585083]}