{"x": [0, 1, 2, 3, 4, 5], "y": [9.116436004638672, 13.881692886352539, 10.678159713745117, 14.092458724975586, 9.496284484863281, 17.07721519470215], "params": [1.0319056510925293, 1.8967881202697754, 2.224550724029541, 5.261332035064697, 0.25, 0.0, 6.587553024291992]}