{"x": [0, 1, 2, 3, 4, 5], "y": [9.124956130981445, 15.719779968261719, 10.53131103515625, 15.092824935913086, 10.962187767028809, 17.305143356323242], "params": [1.0712640285491943, 2.3122060298919678, 3.507089614868164, 4.611715316772461, 0.25, 0.0, 5.814155578613281]}