{"x": [0, 1, 2, 3, 4, 5], "y": [3.9012370109558105, 11.591197967529297, 4.578731060028076, 10.616473197937012, 6.3217010498046875, 12.021240234375], "params": [1.197000503540039, -0.548785924911499, 2.7762563228607178, 6.087467670440674, 0.25, 0.0, 7.0405592918396]}