{"x": [0, 1, 2, 3, 4, 5], "y": [4.472622871398926, 10.71038818359375, 6.7601318359375, 11.054927825927734, 6.768523693084717, 11.575958251953125], "params": [1.267417550086975, -1.8439149856567383, 3.2344448566436768, 4.21828556060791, 0.25, 0.0, 4.958560466766357]}