{"x": [0, 1, 2, 3, 4, 5], "y": [2.6281421184539795, 8.546032905578613, 5.117001533508301, 10.461551666259766, 6.398547172546387, 11.61937141418457], "params": [2.0079028606414795, -2.0340003967285156, 3.268899440765381, 4.969170570373535, 0.25, 0.0, 6.456565856933594]}