{"x": [0, 1, 2, 3, 4, 5], "y": [6.606813430786133, 14.165717124938965, 9.68600845336914, 17.137828826904297, 10.407288551330566, 19.42831802368164], "params": [2.486356496810913, 0.5701425671577454, 4.73131799697876, 7.31282901763916, 0.25, 0.0, 8.090188026428223]}