{"x": [0, 1, 2, 3, 4, 5], "y": [4.983501434326172, 12.75064468383789, 6.499340057373047, 16.865697860717773, 8.468700408935547, 16.255901336669922], "params": [2.39089298248291, -0.983833372592926, 4.510765075683594, 7.300110340118408, 0.25, 0.0, 8.399221420288086]}