{"x": [0, 1, 2, 3, 4, 5], "y": [6.8330464363098145, 14.648336410522461, 8.174789428710938, 15.678518295288086, 9.283734321594238, 18.488344192504883], "params": [1.6393566131591797, -1.6540322303771973, 3.760118246078491, 7.385715484619141, 0.25, 0.0, 8.49710464477539]}