{"x": [0, 1, 2, 3, 4, 5], "y": [5.321515083312988, 10.033926010131836, 7.031148910522461, 12.996430397033691, 9.242244720458984, 14.095762252807617], "params": [2.345668077468872, 1.6344962120056152, 4.590539455413818, 4.326524257659912, 0.25, 0.0, 5.267879009246826]}