{"x": [0, 1, 2, 3, 4, 5], "y": [3.652358293533325, 11.734429359436035, 5.505262851715088, 12.933757781982422, 7.256036758422852, 14.661672592163086], "params": [1.649586796760559, -1.6342129707336426, 4.217323303222656, 6.50582218170166, 0.25, 0.0, 7.008622169494629]}