{"x": [0, 1, 2, 3, 4, 5], "y": [5.599062919616699, 13.442623138427734, 6.57052755355835, 14.234895706176758, 9.20651626586914, 15.943222999572754], "params": [1.608056902885437, -1.66945219039917, 2.8362393379211426, 7.160003185272217, 0.25, 0.0, 7.507920265197754]}