{"x": [0, 1, 2, 3, 4, 5], "y": [3.3682289123535156, 6.476016044616699, 5.891257286071777, 8.70048999786377, 7.560948371887207, 10.643653869628906], "params": [2.2614023685455322, -0.9099650382995605, 3.6856188774108887, 3.210366725921631, 0.25, 0.0, 3.654993772506714]}