{"x": [0, 1, 2, 3, 4, 5], "y": [5.168891906738281, 9.255599975585938, 5.002603530883789, 11.265623092651367, 6.4968647956848145, 12.302206993103027], "params": [1.2341156005859375, 0.3183877468109131, 2.806379795074463, 4.594194412231445, 0.25, 0.0, 5.844791889190674]}