{"x": [0, 1, 2, 3, 4, 5], "y": [3.099276542663574, 7.627532958984375, 5.122320175170898, 8.10616683959961, 5.241451263427734, 9.780780792236328], "params": [1.1363567113876343, -1.869584560394287, 2.1786837577819824, 4.263052463531494, 0.25, 0.0, 4.50282096862793]}