{"x": [0, 1, 2, 3, 4, 5], "y": [7.358268737792969, 14.082696914672852, 7.78618049621582, 16.10873794555664, 10.414729118347168, 16.80572509765625], "params": [1.5666450262069702, 0.5780777335166931, 2.8839316368103027, 6.876103401184082, 0.25, 0.0, 7.35053825378418]}