{"x": [0, 1, 2, 3, 4, 5], "y": [3.9777867794036865, 8.524738311767578, 3.140961170196533, 9.543431282043457, 4.492860794067383, 10.382583618164062], "params": [1.0999079942703247, -1.0346794128417969, 1.9436168670654297, 5.245607376098633, 0.25, 0.0, 5.934000015258789]}