{"x": [0, 1, 2, 3, 4, 5], "y": [5.281487464904785, 13.30941390991211, 7.33828067779541, 17.045406341552734, 9.755906105041504, 17.38974952697754], "params": [2.258303165435791, 0.7181975245475769, 3.9870307445526123, 6.876866340637207, 0.25, 0.0, 8.130805969238281]}