{"x": [0, 1, 2, 3, 4, 5], "y": [5.075320720672607, 10.04787540435791, 6.166830062866211, 11.133951187133789, 7.853883266448975, 13.537969589233398], "params": [1.7029207944869995, -0.4782521724700928, 3.0785892009735107, 5.260174751281738, 0.25, 0.0, 5.507386207580566]}