{"x": [0, 1, 2, 3, 4, 5], "y": [3.5244998931884766, 7.854787826538086, 5.113070011138916, 9.158138275146484, 3.66440486907959, 9.242339134216309], "params": [1.0615911483764648, -2.3870320320129395, 1.9200607538223267, 3.9063570499420166, 0.25, 0.0, 4.743531703948975]}