{"x": [0, 1, 2, 3, 4, 5], "y": [3.9604201316833496, 9.377644538879395, 4.956026077270508, 11.209949493408203, 6.390163421630859, 12.170286178588867], "params": [1.3279141187667847, -2.0525765419006348, 2.8152098655700684, 5.057925701141357, 0.25, 0.0, 6.120925426483154]}