{"x": [0, 1, 2, 3, 4, 5], "y": [8.672607421875, 15.647968292236328, 9.446792602539062, 17.99295997619629, 9.481390953063965, 17.45248031616211], "params": [1.019370675086975, 0.5055686831474304, 2.17075252532959, 6.96579122543335, 0.25, 0.0, 7.966501235961914]}