{"x": [0, 1, 2, 3, 4, 5], "y": [6.027891635894775, 9.546197891235352, 8.130950927734375, 11.799144744873047, 8.549616813659668, 12.966524124145508], "params": [2.2976605892181396, 1.3118815422058105, 4.118310928344727, 2.729196310043335, 0.25, 0.0, 3.0757522583007812]}