{"x": [0, 1, 2, 3, 4, 5], "y": [3.3582348823547363, 11.70019245147705, 5.839477062225342, 12.432811737060547, 6.889216423034668, 13.888972282409668], "params": [2.17056941986084, -1.9897959232330322, 4.61742639541626, 6.876450538635254, 0.25, 0.0, 6.878055572509766]}