{"x": [0, 1, 2, 3, 4, 5], "y": [5.293648719787598, 1.2084708213806152, 5.160161972045898, 5.8296427726745605, 6.805070400238037, 6.856290340423584], "params": [3.629190683364868, 0.25, 1.0, 4.2964277267456055, 1.4168119430541992, 0.8719649910926819, 2.2535886764526367]}