{"x": [0, 1, 2, 3, 4, 5], "y": [8.737884521484375, 3.0847229957580566, 8.642857551574707, 6.800015926361084, 6.998589515686035, 7.358099460601807], "params": [6.574691295623779, 0.25, 1.0, 6.295900344848633, 1.5237280130386353, 0.6242427229881287, 3.14703369140625]}