{"x": [0, 1, 2, 3, 4, 5], "y": [3.1718637943267822, 0.6817376613616943, 3.9261560440063477, 0.9869076013565063, 3.6338493824005127, 0.5505560040473938], "params": [2.7951977252960205, 0.25, 1.0, 3.3756000995635986]}