{"x": [0, 1, 2, 3, 4, 5], "y": [5.261610984802246, 2.024261713027954, 5.808689117431641, 2.7389793395996094, 5.694467067718506, 2.904268503189087], "params": [3.431941270828247, 0.25, 1.0, 3.7844274044036865]}