{"x": [0, 1, 2, 3, 4, 5], "y": [7.761386871337891, 1.9185445308685303, 7.862675189971924, 7.042990207672119, 6.844671249389648, 7.837927341461182], "params": [5.6519575119018555, 0.25, 1.0, 6.9415974617004395, 1.18344247341156, 1.4917510747909546, 2.506608486175537]}