{"x": [0, 1, 2, 3, 4, 5], "y": [7.51918363571167, -0.17210251092910767, 7.807040691375732, 0.7549534440040588, 7.009674072265625, 1.0183037519454956], "params": [6.947949409484863, 0.25, 1.0, 7.979143142700195]}