{"x": [0, 1, 2, 3, 4, 5], "y": [7.402613162994385, 0.5719970464706421, 8.472530364990234, 1.6653261184692383, 7.414213180541992, 1.9232544898986816], "params": [7.244484901428223, 0.25, 1.0, 7.900533199310303]}