{"x": [0, 1, 2, 3, 4, 5], "y": [3.1576569080352783, 1.300839900970459, 4.263537406921387, 6.964293479919434, 7.955550193786621, 7.497518062591553], "params": [2.9630110263824463, 0.25, 1.0, 4.030550003051758, 1.3335274457931519, 1.5692061185836792, 3.292719841003418]}