{"x": [0, 1, 2, 3, 4, 5], "y": [6.574613571166992, 0.6171762943267822, 7.397208213806152, 1.5082061290740967, 6.369497776031494, 0.9037191271781921], "params": [5.34294319152832, 0.25, 1.0, 6.780032157897949]}