{"x": [0, 1, 2, 3, 4, 5], "y": [3.7641782760620117, -0.04755878448486328, 3.5372800827026367, 3.6319146156311035, 4.743298530578613, 5.177693843841553], "params": [3.2906322479248047, 0.25, 1.0, 3.943725109100342, 1.5071747303009033, -0.9564140439033508, 2.4936599731445312]}