{"x": [0, 1, 2, 3, 4, 5], "y": [8.220208168029785, 1.6498727798461914, 8.176484107971191, 1.7263015508651733, 8.09180736541748, 2.570220470428467], "params": [6.197503566741943, 0.25, 1.0, 6.570335388183594]}