{"x": [0, 1, 2, 3, 4, 5], "y": [4.574774265289307, 0.812762975692749, 4.650852203369141, 1.3360158205032349, 4.347333908081055, 1.142925500869751], "params": [4.16086483001709, 0.25, 1.0, 3.8380892276763916]}