{"x": [0, 1, 2, 3, 4, 5], "y": [4.731738567352295, 1.649796962738037, 5.52114725112915, 1.2543221712112427, 5.007226943969727, 1.3942681550979614], "params": [3.642531633377075, 0.25, 1.0, 4.266825199127197]}