{"x": [0, 1, 2, 3, 4, 5], "y": [5.930144309997559, 1.2894443273544312, 5.484631538391113, 0.9781197905540466, 5.164587020874023, 1.458994746208191], "params": [3.9462809562683105, 0.25, 1.0, 4.952024459838867]}