{"x": [0, 1, 2, 3, 4, 5], "y": [3.3723206520080566, -0.0510554313659668, 2.978356122970581, 0.180608332157135, 2.5699613094329834, 1.3159890174865723], "params": [2.6340487003326416, 0.25, 1.0, 3.4233760833740234]}