{"x": [0, 1, 2, 3, 4, 5], "y": [7.388000011444092, 0.20921817421913147, 7.568334579467773, 0.3092401623725891, 6.774431228637695, 0.6744851469993591], "params": [6.997551441192627, 0.25, 1.0, 7.359116554260254]}