{"x": [0, 1, 2, 3, 4, 5], "y": [7.584943771362305, 0.7628011703491211, 6.2371015548706055, 0.5399400591850281, 7.2898850440979, 0.15337792038917542], "params": [6.567080020904541, 0.25, 1.0, 7.431565761566162]}