{"x": [0, 1, 2, 3, 4, 5], "y": [9.66425895690918, 3.1510093212127686, 10.480626106262207, 6.996955871582031, 7.429895877838135, 7.780020713806152], "params": [6.7484517097473145, 0.25, 1.0, 8.529653549194336, 1.3654264211654663, 1.5043491125106812, 2.8718762397766113]}