{"x": [0, 1, 2, 3, 4, 5], "y": [2.7952334880828857, -0.40534508228302, 3.3003127574920654, 6.6771721839904785, 7.828642845153809, 8.329108238220215], "params": [2.8501901626586914, 0.25, 1.0, 3.824769973754883, 1.5789496898651123, 1.6263461112976074, 3.736410617828369]}