{"x": [0, 1, 2, 3, 4, 5], "y": [6.574613571166992, 0.6171762943267822, 7.397208213806152, 4.243580341339111, 5.2841105461120605, 5.472933292388916], "params": [5.34294319152832, 0.25, 1.0, 6.780032157897949, 1.5815861225128174, -1.0619440078735352, 3.011754035949707]}