{"x": [0, 1, 2, 3, 4, 5], "y": [9.33876895904541, 3.2514684200286865, 9.004356384277344, 3.5015454292297363, 8.349909782409668, 2.7118759155273438], "params": [5.673020362854004, 0.25, 1.0, 6.626893043518066]}