{"x": [0, 1, 2, 3, 4, 5], "y": [3.8837592601776123, 0.1954844743013382, 4.334864616394043, 4.723924160003662, 5.813259601593018, 7.305032730102539], "params": [4.007294654846191, 0.25, 1.0, 4.802713394165039, 1.9625117778778076, -0.27903348207473755, 4.284826278686523]}