{"x": [0, 1, 2, 3, 4, 5], "y": [5.261610984802246, 2.024261713027954, 5.808689117431641, 7.1982269287109375, 8.502755165100098, 8.863226890563965], "params": [3.431941270828247, 0.25, 1.0, 3.7844274044036865, 1.9201620817184448, 1.5921568870544434, 4.397444248199463]}