{"x": [0, 1, 2, 3, 4, 5], "y": [9.055510520935059, 0.9678742289543152, 8.998697280883789, 4.762693881988525, 5.4094696044921875, 6.469264030456543], "params": [7.483630180358887, 0.25, 1.0, 8.08763599395752, 1.0619508028030396, -0.360637903213501, 2.6614797115325928]}