{"x": [0, 1, 2, 3, 4, 5], "y": [7.050869464874268, 0.10283544659614563, 6.6358819007873535, 0.636832058429718, 7.673439979553223, 0.23522496223449707], "params": [6.123014450073242, 0.25, 1.0, 7.57060432434082]}