{"x": [0, 1, 2, 3, 4, 5], "y": [4.574774265289307, 0.812762975692749, 4.650852203369141, 3.519451856613159, 3.5947165489196777, 5.308697700500488], "params": [4.16086483001709, 0.25, 1.0, 3.8380892276763916, 2.469994068145752, -2.043550968170166, 4.9656081199646]}