{"x": [0, 1, 2, 3, 4, 5], "y": [8.421568870544434, 1.112506628036499, 7.963416576385498, 6.43653678894043, 8.710701942443848, 8.305831909179688], "params": [7.222196102142334, 0.25, 1.0, 7.333957672119141, 1.559258222579956, 1.8466320037841797, 3.0459041595458984]}