{"x": [0, 1, 2, 3, 4, 5], "y": [5.98507833480835, 1.9695429801940918, 4.727335453033447, 5.629128456115723, 5.918554306030273, 6.370211124420166], "params": [3.1207785606384277, 0.25, 1.0, 4.639528274536133, 2.2822413444519043, -0.3805634379386902, 3.9580774307250977]}