{"x": [0, 1, 2, 3, 4, 5], "y": [7.101373672485352, 1.5704954862594604, 6.55178165435791, 1.5693583488464355, 6.573705196380615, 1.216975212097168], "params": [5.309235572814941, 0.25, 1.0, 5.884398460388184]}