{"x": [0, 1, 2, 3, 4, 5], "y": [7.699987411499023, 2.796163320541382, 7.897805213928223, 5.822518825531006, 6.416635513305664, 7.488780975341797], "params": [4.657320499420166, 0.25, 1.0, 5.565457820892334, 1.314995288848877, 0.5327710509300232, 3.160867214202881]}