{"x": [0, 1, 2, 3, 4, 5], "y": [5.531051158905029, 2.144977569580078, 4.856757164001465, 2.2206497192382812, 3.422409772872925, 4.6188483238220215], "params": [3.3592774868011475, 0.25, 1.0, 3.647125720977783, 1.4192770719528198, -2.4306833744049072, 2.9777281284332275]}