{"x": [0, 1, 2, 3, 4, 5], "y": [5.98507833480835, 1.9695429801940918, 4.727335453033447, 2.0926997661590576, 4.486962795257568, 1.3455500602722168], "params": [3.1207785606384277, 0.25, 1.0, 4.639528274536133]}