{"x": [0, 1, 2, 3, 4, 5], "y": [4.520920753479004, 0.4024564027786255, 3.7193729877471924, 2.9092729091644287, 4.72192907333374, 5.353504657745361], "params": [3.5341930389404297, 0.25, 1.0, 4.574070453643799, 1.7221264839172363, -1.9281837940216064, 3.521737575531006]}