{"x": [0, 1, 2, 3, 4, 5], "y": [4.671239852905273, 1.6940635442733765, 4.770682334899902, 5.001420021057129, 6.221382141113281, 6.869615077972412], "params": [3.003345489501953, 0.25, 1.0, 3.3628950119018555, 2.2678298950195312, -0.426027774810791, 4.546993255615234]}