{"x": [0, 1, 2, 3, 4, 5], "y": [5.6226806640625, 2.7863423824310303, 7.01749324798584, 2.893456220626831, 6.973430633544922, 2.6834335327148438], "params": [3.9911117553710938, 0.25, 1.0, 4.334059715270996]}