{"x": [0, 1, 2, 3, 4, 5], "y": [8.250580787658691, 2.4874489307403564, 7.806798458099365, 5.714444160461426, 6.455404281616211, 7.342141628265381], "params": [6.158945083618164, 0.25, 1.0, 7.016539096832275, 2.2381227016448975, -0.34634947776794434, 3.68025541305542]}