{"x": [0, 1, 2, 3, 4, 5], "y": [4.842535018920898, 0.5812831521034241, 5.270804405212402, 6.177586555480957, 6.040554046630859, 7.167479038238525], "params": [3.8084757328033447, 0.25, 1.0, 4.689521312713623, 1.8854178190231323, 0.11750727891921997, 3.182279109954834]}