{"x": [0, 1, 2, 3, 4, 5], "y": [5.933729648590088, 0.4852655529975891, 6.05627965927124, -0.40809911489486694, 6.443903923034668, 0.8520894050598145], "params": [6.086786270141602, 0.25, 1.0, 6.85200309753418]}