{"x": [0, 1, 2, 3, 4, 5], "y": [7.5813798904418945, 1.148787498474121, 7.533178806304932, 5.334794044494629, 6.2688679695129395, 6.053102493286133], "params": [6.290329933166504, 0.25, 1.0, 6.768101692199707, 1.8533916473388672, -0.2918452024459839, 3.2444498538970947]}