{"x": [0, 1, 2, 3, 4, 5], "y": [6.013853073120117, 1.8906831741333008, 5.913556098937988, 2.0099778175354004, 5.980152606964111, 2.930506944656372], "params": [3.986715078353882, 0.25, 1.0, 4.123169898986816]}