{"x": [0, 1, 2, 3, 4, 5], "y": [3.226179361343384, -0.16181302070617676, 3.2009310722351074, 7.815954208374023, 8.036041259765625, 9.727662086486816], "params": [2.756180763244629, 0.25, 1.0, 3.3879923820495605, 1.6827772855758667, 2.1838786602020264, 4.507488250732422]}