{"x": [0, 1, 2, 3, 4, 5], "y": [8.573880195617676, 3.0165891647338867, 9.136375427246094, 3.439791440963745, 8.966557502746582, 4.141982555389404], "params": [5.315497398376465, 0.25, 1.0, 6.119786262512207]}