{"x": [0, 1, 2, 3, 4, 5], "y": [6.711108207702637, 0.8954677581787109, 6.627016067504883, 0.5999120473861694, 7.588859558105469, 1.297516107559204], "params": [6.373122692108154, 0.25, 1.0, 6.98894739151001]}