{"x": [0, 1, 2, 3, 4, 5], "y": [4.212714195251465, 0.9052958488464355, 5.5910115242004395, 2.05465030670166, 4.957536220550537, 1.136762022972107], "params": [3.53379487991333, 0.25, 1.0, 4.685715675354004]}