{"x": [0, 1, 2, 3, 4, 5], "y": [7.974277973175049, 0.2981645464897156, 8.791365623474121, 5.965268611907959, 5.77362585067749, 7.392303943634033], "params": [7.47968864440918, 0.25, 1.0, 8.73808765411377, 2.4547457695007324, 0.2533033490180969, 4.860086441040039]}