{"x": [0, 1, 2, 3, 4, 5], "y": [8.290755271911621, 2.524690866470337, 9.786069869995117, 4.749670028686523, 6.492807865142822, 5.861597061157227], "params": [7.179932117462158, 0.25, 1.0, 8.600459098815918, 1.457922339439392, -0.8035331964492798, 4.25982666015625]}