{"x": [0, 1, 2, 3, 4, 5], "y": [7.686075687408447, 0.7749433517456055, 7.515463829040527, 4.83743143081665, 6.505740165710449, 5.803763389587402], "params": [6.597745895385742, 0.25, 1.0, 7.351011276245117, 1.3588483333587646, -0.48573553562164307, 4.761507034301758]}