{"x": [0, 1, 2, 3, 4, 5], "y": [6.423477649688721, -0.05788964033126831, 6.641849040985107, 7.043787002563477, 7.289984703063965, 6.86530876159668], "params": [5.820985794067383, 0.25, 1.0, 6.699738502502441, 1.4829593896865845, 1.328150987625122, 2.7444911003112793]}