{"x": [0, 1, 2, 3, 4, 5], "y": [5.7528395652771, 1.0248727798461914, 4.755099773406982, 0.9018926024436951, 4.667365550994873, 1.398951768875122], "params": [3.8468103408813477, 0.25, 1.0, 4.85094690322876]}