{"x": [0, 1, 2, 3, 4, 5], "y": [4.381206035614014, -0.12816113233566284, 5.474674701690674, -0.46239548921585083, 4.594679355621338, 0.29168015718460083], "params": [4.262121200561523, 0.25, 1.0, 5.937070369720459]}