{"x": [0, 1, 2, 3, 4, 5], "y": [10.62481689453125, 2.5537376403808594, 9.029683113098145, 3.4513492584228516, 9.205826759338379, 3.133262872695923], "params": [6.7181806564331055, 0.25, 1.0, 8.07107925415039]}