{"x": [0, 1, 2, 3, 4, 5], "y": [10.186092376708984, 3.561765432357788, 10.27210807800293, 2.5488595962524414, 9.526266098022461, 3.2060587406158447], "params": [6.685184001922607, 0.25, 1.0, 7.723248481750488]}