{"x": [0, 1, 2, 3, 4, 5], "y": [10.396588325500488, 4.680692195892334, 10.749968528747559, 4.7080769538879395, 9.926939964294434, 3.4047129154205322], "params": [6.300127029418945, 0.25, 1.0, 7.3452558517456055]}