{"x": [0, 1, 2, 3, 4, 5], "y": [9.578511238098145, 2.6275458335876465, 9.935517311096191, 5.731395244598389, 6.70859956741333, 7.367018699645996], "params": [7.477476596832275, 0.25, 1.0, 8.188742637634277, 1.5234339237213135, 0.7628375291824341, 3.635932445526123]}