{"x": [0, 1, 2, 3, 4, 5], "y": [4.620051860809326, 2.640514850616455, 4.892244338989258, 6.598007678985596, 7.827261447906494, 8.122771263122559], "params": [3.9140536785125732, 0.25, 1.0, 3.8678877353668213, 2.493722677230835, 0.9901338815689087, 4.51353645324707]}