{"x": [0, 1, 2, 3, 4, 5], "y": [4.35360860824585, 0.9434586763381958, 3.850095272064209, 2.7657010555267334, 3.43461012840271, 4.824416637420654], "params": [3.441640853881836, 0.25, 1.0, 4.13592004776001, 1.103921890258789, -2.1549949645996094, 3.4378514289855957]}