{"x": [0, 1, 2, 3, 4, 5], "y": [3.0940825939178467, 0.9583519697189331, 2.6688032150268555, 7.394331455230713, 7.536214351654053, 8.812423706054688], "params": [3.157649517059326, 0.25, 1.0, 2.5003230571746826, 2.1549198627471924, 1.525217890739441, 4.620906829833984]}