{"x": [0, 1, 2, 3, 4, 5], "y": [4.319479942321777, 0.2817099690437317, 5.060148239135742, 4.46290922164917, 6.049591541290283, 5.546133518218994], "params": [3.4641618728637695, 0.25, 1.0, 4.778438091278076, 1.2455724477767944, -0.2067163586616516, 4.148266315460205]}