{"x": [0, 1, 2, 3, 4, 5], "y": [3.1718637943267822, 0.6817376613616943, 3.9261560440063477, 4.333706855773926, 4.914113521575928, 5.154534816741943], "params": [2.7951977252960205, 0.25, 1.0, 3.3756000995635986, 1.2595309019088745, -1.2660911083221436, 2.3300435543060303]}