{"x": [0, 1, 2, 3, 4, 5], "y": [9.344876289367676, 3.01712965965271, 9.612478256225586, 2.552466869354248, 3.517772912979126, 3.6423473358154297], "params": [5.9689507484436035, 0.25, 1.0, 6.595348358154297, 1.1077206134796143, -2.493957996368408, 3.0469179153442383]}