{"x": [0, 1, 2, 3, 4, 5], "y": [7.584943771362305, 0.7628011703491211, 6.2371015548706055, 2.497069835662842, 3.6842153072357178, 4.3289313316345215], "params": [6.567080020904541, 0.25, 1.0, 7.431565761566162, 1.0425173044204712, -2.0968196392059326, 2.300963878631592]}