{"x": [0, 1, 2, 3, 4, 5], "y": [6.488519668579102, 3.0167572498321533, 6.630692958831787, 5.897542476654053, 6.638456344604492, 6.9551777839660645], "params": [3.8214049339294434, 0.25, 1.0, 3.613935708999634, 1.1825405359268188, 0.8747035264968872, 2.2645349502563477]}