{"x": [0, 1, 2, 3, 4, 5], "y": [9.952961921691895, 3.639181137084961, 10.887481689453125, 2.9548051357269287, 3.9536192417144775, 5.8984246253967285], "params": [7.310389518737793, 0.25, 1.0, 7.583743572235107, 2.334890365600586, -2.091214418411255, 5.12443733215332]}