{"x": [0, 1, 2, 3, 4, 5], "y": [8.391395568847656, 1.358708381652832, 8.124076843261719, 1.835732102394104, 7.878013610839844, 1.6405529975891113], "params": [6.527567386627197, 0.25, 1.0, 7.032687187194824]}