{"x": [0, 1, 2, 3, 4, 5], "y": [7.101373672485352, 1.5704954862594604, 6.55178165435791, 7.730276107788086, 7.224249362945557, 7.412086486816406], "params": [5.309235572814941, 0.25, 1.0, 5.884398460388184, 1.109956979751587, 1.5428969860076904, 2.195049285888672]}