{"x": [0, 1, 2, 3, 4, 5], "y": [7.2795538902282715, 3.420482873916626, 7.589018821716309, 7.704006195068359, 8.573287010192871, 8.102194786071777], "params": [4.815103530883789, 0.25, 1.0, 5.586987495422363, 1.488008737564087, 1.9982280731201172, 3.1156058311462402]}