{"x": [0, 1, 2, 3, 4, 5], "y": [7.974277973175049, 0.2981645464897156, 8.791365623474121, 0.05327829718589783, 7.9595770835876465, 0.39791542291641235], "params": [7.47968864440918, 0.25, 1.0, 8.73808765411377]}