{"x": [0, 1, 2, 3, 4, 5], "y": [8.250580787658691, 2.4874489307403564, 7.806798458099365, 1.234041690826416, 7.708376884460449, 1.94302499294281], "params": [6.158945083618164, 0.25, 1.0, 7.016539096832275]}