{"x": [0, 1, 2, 3, 4, 5], "y": [8.029226303100586, 1.5899258852005005, 7.33911657333374, 7.7667365074157715, 8.034197807312012, 8.924559593200684], "params": [6.563390254974365, 0.25, 1.0, 7.043336868286133, 1.680676817893982, 2.4129929542541504, 3.264155864715576]}