{"x": [0, 1, 2, 3, 4, 5], "y": [3.3723206520080566, -0.0510554313659668, 2.978356122970581, 7.764777183532715, 7.82236909866333, 8.105058670043945], "params": [2.6340487003326416, 0.25, 1.0, 3.4233760833740234, 1.087562084197998, 2.210510730743408, 1.7272934913635254]}