{"x": [0, 1, 2, 3, 4, 5], "y": [6.553937911987305, 1.5517030954360962, 7.246630668640137, 3.5298805236816406, 4.021611213684082, 4.540359020233154], "params": [4.3136796951293945, 0.25, 1.0, 5.69492769241333, 2.39282488822937, -2.454601764678955, 4.7286481857299805]}