{"x": [0, 1, 2, 3, 4, 5], "y": [4.319479942321777, 0.2817099690437317, 5.060148239135742, 0.7903972864151001, 4.228123188018799, 1.463564157485962], "params": [3.4641618728637695, 0.25, 1.0, 4.778438091278076]}