{"x": [0, 1, 2, 3, 4, 5], "y": [9.094405174255371, 3.469527244567871, 8.232834815979004, 3.102640151977539, 8.754993438720703, 3.3957009315490723], "params": [5.659861087799072, 0.25, 1.0, 5.991765022277832]}