{"x": [0, 1, 2, 3, 4, 5], "y": [8.220208168029785, 1.6498727798461914, 8.176484107971191, 7.5552473068237305, 8.576529502868652, 9.417494773864746], "params": [6.197503566741943, 0.25, 1.0, 6.570335388183594, 1.9116796255111694, 2.308547019958496, 4.5552802085876465]}