{"x": [0, 1, 2, 3, 4, 5], "y": [3.226179361343384, -0.16181302070617676, 3.2009310722351074, 0.24280458688735962, 2.9743123054504395, -0.013643413782119751], "params": [2.756180763244629, 0.25, 1.0, 3.3879923820495605]}