{"x": [0, 1, 2, 3, 4, 5], "y": [4.212714195251465, 0.9052958488464355, 5.5910115242004395, 6.193944454193115, 6.127480983734131, 8.238714218139648], "params": [3.53379487991333, 0.25, 1.0, 4.685715675354004, 1.5064399242401123, 1.2063708305358887, 3.152233123779297]}