{"x": [0, 1, 2, 3, 4, 5], "y": [9.055510520935059, 0.9678742289543152, 8.998697280883789, 1.50076425075531, 8.684969902038574, 1.2946850061416626], "params": [7.483630180358887, 0.25, 1.0, 8.08763599395752]}