{"x": [0, 1, 2, 3, 4, 5], "y": [4.671239852905273, 1.6940635442733765, 4.770682334899902, 1.456487774848938, 4.618088722229004, 1.4077872037887573], "params": [3.003345489501953, 0.25, 1.0, 3.3628950119018555]}