{"x": [0, 1, 2, 3, 4, 5], "y": [7.5813798904418945, 1.148787498474121, 7.533178806304932, 0.9711048603057861, 7.630353927612305, 0.8622522354125977], "params": [6.290329933166504, 0.25, 1.0, 6.768101692199707]}