{"x": [0, 1, 2, 3, 4, 5], "y": [9.344876289367676, 3.01712965965271, 9.612478256225586, 3.3795278072357178, 8.494975090026855, 3.4510412216186523], "params": [5.9689507484436035, 0.25, 1.0, 6.595348358154297]}