{"x": [0, 1, 2, 3, 4, 5], "y": [2.7952334880828857, -0.40534508228302, 3.3003127574920654, -0.03682982921600342, 3.4194247722625732, -0.36022064089775085], "params": [2.8501901626586914, 0.25, 1.0, 3.824769973754883]}