{"x": [0, 1, 2, 3, 4, 5], "y": [7.079799175262451, 1.9476792812347412, 8.480244636535645, 2.2281882762908936, 7.311209201812744, 0.650004506111145], "params": [5.405246734619141, 0.25, 1.0, 7.830240249633789]}