{"x": [0, 1, 2, 3, 4, 5], "y": [6.035775661468506, 2.0695369243621826, 6.310061454772949, 2.396888494491577, 6.549181938171387, 1.1775072813034058], "params": [4.457558631896973, 0.25, 1.0, 5.371674537658691]}