{"x": [0, 1, 2, 3, 4, 5], "y": [3.0940825939178467, 0.9583519697189331, 2.6688032150268555, 0.5943997502326965, 3.0947227478027344, 0.8325453400611877], "params": [3.157649517059326, 0.25, 1.0, 2.5003230571746826]}