{"x": [0, 1, 2, 3, 4, 5], "y": [5.898714065551758, 0.24291300773620605, 6.674830436706543, 1.1886060237884521, 6.043105125427246, 0.31457987427711487], "params": [5.5854105949401855, 0.25, 1.0, 6.431917190551758]}