{"x": [0, 1, 2, 3, 4, 5], "y": [7.388000011444092, 0.20921817421913147, 7.568334579467773, 6.952045440673828, 7.322667121887207, 8.33470630645752], "params": [6.997551441192627, 0.25, 1.0, 7.359116554260254, 1.3619734048843384, 2.4767873287200928, 1.9732298851013184]}