{"x": [0, 1, 2, 3, 4, 5], "y": [5.4892778396606445, -0.0681321769952774, 6.572326183319092, 5.175936222076416, 7.325479030609131, 7.852025032043457], "params": [5.653628826141357, 0.25, 1.0, 6.640458583831787, 2.4244251251220703, -0.0846514105796814, 5.802182674407959]}