{"x": [0, 1, 2, 3, 4, 5], "y": [9.956790924072266, 2.757861852645874, 10.383247375488281, 2.8427724838256836, 9.668085098266602, 3.0063652992248535], "params": [6.553585529327393, 0.25, 1.0, 7.625385284423828]}