{"x": [0, 1, 2, 3, 4, 5], "y": [7.296324729919434, 2.4826066493988037, 8.052300453186035, 2.307098388671875, 7.701108932495117, 2.291332721710205], "params": [5.290104866027832, 0.25, 1.0, 5.76096773147583]}