{"x": [0, 1, 2, 3, 4, 5], "y": [5.61599588394165, 2.928863048553467, 5.8957624435424805, 6.103847503662109, 6.777892112731934, 7.286808967590332], "params": [4.178274154663086, 0.25, 1.0, 5.380372524261475, 2.0770339965820312, 0.7374793291091919, 4.185500144958496]}