{"x": [0, 1, 2, 3, 4, 5], "y": [5.797958850860596, 5.888091087341309, 7.5673956871032715, 7.225739479064941, 8.203559875488281, 8.858583450317383], "params": [1.4137349128723145, 1.9161367416381836, 3.060624599456787]}