{"x": [0, 1, 2, 3, 4, 5], "y": [5.457681179046631, 6.49617862701416, 7.286116600036621, 7.704006195068359, 8.573287010192871, 8.102194786071777], "params": [1.488008737564087, 1.9982280731201172, 3.1156058311462402]}