{"x": [0, 1, 2, 3, 4, 5], "y": [3.388993501663208, 2.824491262435913, 3.107016086578369, 4.333706855773926, 4.914113521575928, 5.154534816741943], "params": [1.2595309019088745, -1.2660911083221436, 2.3300435543060303]}