{"x": [0, 1, 2, 3, 4, 5], "y": [4.465782642364502, 4.587536811828613, 6.392589569091797, 7.1982269287109375, 8.502755165100098, 8.863226890563965], "params": [1.9201620817184448, 1.5921568870544434, 4.397444248199463]}