{"x": [0, 1, 2, 3, 4, 5], "y": [1.9013253450393677, 4.270044326782227, 4.883091926574707, 4.46290922164917, 6.049591541290283, 5.546133518218994], "params": [1.2455724477767944, -0.2067163586616516, 4.148266315460205]}