{"x": [0, 1, 2, 3, 4, 5], "y": [3.101308822631836, 4.237893581390381, 4.960109233856201, 6.103847503662109, 6.777892112731934, 7.286808967590332], "params": [2.0770339965820312, 0.7374793291091919, 4.185500144958496]}