{"x": [0, 1, 2, 3, 4, 5], "y": [1.5696618556976318, 2.488574981689453, 3.3744852542877197, 3.1121881008148193, 4.283445835113525, 4.768634796142578], "params": [1.3499956130981445, -1.695317029953003, 3.1989729404449463]}