{"x": [0, 1, 2, 3, 4, 5], "y": [4.116479873657227, 5.701879024505615, 6.246920585632324, 6.773590564727783, 6.604663372039795, 7.29286003112793], "params": [1.6171963214874268, 1.2262799739837646, 3.176380157470703]}