{"x": [0, 1, 2, 3, 4, 5], "y": [3.3258872032165527, 4.782154083251953, 5.812047481536865, 6.379697799682617, 7.625895977020264, 8.390510559082031], "params": [2.2654738426208496, 1.1768829822540283, 5.0646233558654785]}