{"x": [0, 1, 2, 3, 4, 5], "y": [0.5183159708976746, 1.6104133129119873, 2.2760698795318604, 4.20859432220459, 4.143002986907959, 4.432143688201904], "params": [1.8088359832763672, -2.1694750785827637, 3.913827657699585]}