{"x": [0, 1, 2, 3, 4, 5], "y": [1.8778350353240967, 1.831766963005066, 2.157022714614868, 2.9092729091644287, 4.72192907333374, 5.353504657745361], "params": [1.7221264839172363, -1.9281837940216064, 3.521737575531006]}