{"x": [0, 1, 2, 3, 4, 5], "y": [4.690642833709717, 6.350764274597168, 5.905141353607178, 5.897542476654053, 6.638456344604492, 6.9551777839660645], "params": [1.1825405359268188, 0.8747035264968872, 2.2645349502563477]}