{"x": [0, 1, 2, 3, 4, 5], "y": [3.479719877243042, 4.772709846496582, 5.739711761474609, 6.013266563415527, 6.535195350646973, 7.091346740722656], "params": [1.9399011135101318, 0.6256571412086487, 3.6116268634796143]}