{"x": [0, 1, 2, 3, 4, 5], "y": [5.146284580230713, 5.375496864318848, 6.452850818634033, 7.747878551483154, 8.510144233703613, 9.694533348083496], "params": [2.1961207389831543, 2.4164628982543945, 4.548248767852783]}