{"x": [0, 1, 2, 3, 4, 5], "y": [3.0244181156158447, 4.028986930847168, 4.51466703414917, 5.334794044494629, 6.2688679695129395, 6.053102493286133], "params": [1.8533916473388672, -0.2918452024459839, 3.2444498538970947]}