{"x": [0, 1, 2, 3, 4, 5], "y": [4.548023223876953, 4.900806903839111, 5.961190223693848, 5.551172256469727, 6.595736503601074, 7.761373996734619], "params": [1.54741632938385, 0.8890396356582642, 3.213350772857666]}