{"x": [0, 1, 2, 3, 4, 5], "y": [1.2019832134246826, 1.9070777893066406, 3.120068311691284, 2.621213674545288, 3.797097682952881, 4.3108744621276855], "params": [1.3683346509933472, -2.138291835784912, 3.108891248703003]}