{"x": [0, 1, 2, 3, 4, 5], "y": [0.577856719493866, 2.1409287452697754, 3.5097126960754395, 4.538890838623047, 5.425552845001221, 5.780326843261719], "params": [2.396686553955078, -1.3388428688049316, 5.202470302581787]}