{"x": [0, 1, 2, 3, 4, 5], "y": [3.2132346630096436, 4.229386806488037, 4.6314568519592285, 4.8919477462768555, 6.203186511993408, 6.996988773345947], "params": [1.8590211868286133, -0.09960412979125977, 3.7837541103363037]}