{"x": [0, 1, 2, 3, 4, 5], "y": [1.744233250617981, 3.5583083629608154, 3.9172070026397705, 4.83743143081665, 6.505740165710449, 5.803763389587402], "params": [1.3588483333587646, -0.48573553562164307, 4.761507034301758]}