{"x": [0, 1, 2, 3, 4, 5], "y": [5.660403728485107, 6.304082870483398, 7.054169654846191, 7.7667365074157715, 8.034197807312012, 8.924559593200684], "params": [1.680676817893982, 2.4129929542541504, 3.264155864715576]}