{"x": [0, 1, 2, 3, 4, 5], "y": [2.0947296619415283, 2.0279674530029297, 3.275184154510498, 2.497069835662842, 3.6842153072357178, 4.3289313316345215], "params": [1.0425173044204712, -2.0968196392059326, 2.300963878631592]}