{"x": [0, 1, 2, 3, 4, 5], "y": [0.7739872336387634, 1.8247970342636108, 2.1898534297943115, 2.9548051357269287, 3.9536192417144775, 5.8984246253967285], "params": [2.334890365600586, -2.091214418411255, 5.12443733215332]}