{"x": [0, 1, 2, 3, 4, 5], "y": [5.70084285736084, 6.8831586837768555, 6.942140102386475, 6.72035026550293, 8.09154224395752, 8.602537155151367], "params": [1.4152637720108032, 2.042409896850586, 2.9016942977905273]}