{"x": [0, 1, 2, 3, 4, 5], "y": [3.731086254119873, 5.140052795410156, 5.9918670654296875, 5.731395244598389, 6.70859956741333, 7.367018699645996], "params": [1.5234339237213135, 0.7628375291824341, 3.635932445526123]}