{"x": [0, 1, 2, 3, 4, 5], "y": [2.599569320678711, 3.55047345161438, 4.39671516418457, 3.8473711013793945, 4.368512153625488, 5.569043159484863], "params": [1.536797046661377, -1.2297096252441406, 2.9694738388061523]}