{"x": [0, 1, 2, 3, 4, 5], "y": [4.150954723358154, 5.864031791687012, 5.443594455718994, 6.587340354919434, 7.874595642089844, 8.151298522949219], "params": [1.759861946105957, 1.552215576171875, 4.0003437995910645]}