{"x": [0, 1, 2, 3, 4, 5], "y": [2.5905096530914307, 3.7783892154693604, 3.4878945350646973, 4.450847148895264, 5.866349220275879, 6.1659674644470215], "params": [1.979349136352539, -0.5962967872619629, 3.575457811355591]}