{"x": [0, 1, 2, 3, 4, 5], "y": [3.731205940246582, 3.8504276275634766, 5.045675277709961, 5.908022880554199, 6.539653301239014, 7.340666770935059], "params": [1.9965403079986572, 0.16620516777038574, 3.6094608306884766]}