{"x": [0, 1, 2, 3, 4, 5], "y": [3.9380762577056885, 3.661886215209961, 4.238583087921143, 5.714444160461426, 6.455404281616211, 7.342141628265381], "params": [2.2381227016448975, -0.34634947776794434, 3.68025541305542]}