{"x": [0, 1, 2, 3, 4, 5], "y": [1.386565089225769, 2.4502716064453125, 2.5896003246307373, 2.7657010555267334, 3.43461012840271, 4.824416637420654], "params": [1.103921890258789, -2.1549949645996094, 3.4378514289855957]}