{"x": [0, 1, 2, 3, 4, 5], "y": [1.578978419303894, 3.1644022464752197, 3.404496669769287, 4.513692378997803, 5.017321586608887, 5.90250301361084], "params": [1.829340934753418, -1.0470173358917236, 4.323524475097656]}