{"x": [0, 1, 2, 3, 4, 5], "y": [1.8710097074508667, 1.348971962928772, 3.0553438663482666, 2.2061524391174316, 3.4688732624053955, 4.4215898513793945], "params": [1.248222827911377, -2.062796115875244, 3.072618007659912]}