{"x": [0, 1, 2, 3, 4, 5], "y": [4.8622145652771, 6.935550689697266, 6.900717258453369, 7.5552473068237305, 8.576529502868652, 9.417494773864746], "params": [1.9116796255111694, 2.308547019958496, 4.5552802085876465]}