{"x": [0, 1, 2, 3, 4, 5], "y": [0.5954293012619019, 1.8279874324798584, 2.3066015243530273, 2.552466869354248, 3.517772912979126, 3.6423473358154297], "params": [1.1077206134796143, -2.493957996368408, 3.0469179153442383]}