{"x": [0, 1, 2, 3, 4, 5], "y": [1.7817076444625854, 3.4205455780029297, 3.621020793914795, 4.108128547668457, 4.23068904876709, 4.408048152923584], "params": [1.2674318552017212, -1.564003825187683, 2.626340389251709]}