{"x": [0, 1, 2, 3, 4, 5], "y": [3.609234571456909, 4.157983779907227, 5.880972385406494, 6.598007678985596, 7.827261447906494, 8.122771263122559], "params": [2.493722677230835, 0.9901338815689087, 4.51353645324707]}