{"x": [0, 1, 2, 3, 4, 5], "y": [3.4098381996154785, 3.285707950592041, 4.723593235015869, 5.965670585632324, 5.523101806640625, 7.172179222106934], "params": [1.9397289752960205, -0.398174524307251, 3.8864712715148926]}