{"x": [0, 1, 2, 3, 4, 5], "y": [4.5454936027526855, 5.351247310638428, 6.926286220550537, 7.043787002563477, 7.289984703063965, 6.86530876159668], "params": [1.4829593896865845, 1.328150987625122, 2.7444911003112793]}