{"x": [0, 1, 2, 3, 4, 5], "y": [5.363070011138916, 6.185705661773682, 7.021872520446777, 6.663422107696533, 8.32503604888916, 8.807528495788574], "params": [1.8958998918533325, 1.8027567863464355, 3.444458484649658]}