{"x": [0, 1, 2, 3, 4, 5], "y": [2.4121336936950684, 3.0559818744659424, 2.6854515075683594, 5.629128456115723, 5.918554306030273, 6.370211124420166], "params": [2.2822413444519043, -0.3805634379386902, 3.9580774307250977]}