{"x": [0, 1, 2, 3, 4, 5], "y": [2.6854512691497803, 4.161657810211182, 3.904052257537842, 5.918524742126465, 5.715613842010498, 6.38723087310791], "params": [1.7962501049041748, -0.47388166189193726, 3.70177960395813]}