{"x": [0, 1, 2, 3, 4, 5], "y": [2.6795098781585693, 2.4346389770507812, 4.228916645050049, 4.266325950622559, 4.471035003662109, 6.356721878051758], "params": [1.7206809520721436, -0.938681960105896, 3.9220829010009766]}