{"x": [0, 1, 2, 3, 4, 5], "y": [3.9851999282836914, 4.815786838531494, 4.717049598693848, 6.177586555480957, 6.040554046630859, 7.167479038238525], "params": [1.8854178190231323, 0.11750727891921997, 3.182279109954834]}