{"x": [0, 1, 2, 3, 4, 5], "y": [2.5491652488708496, 4.275860786437988, 4.311861038208008, 4.436410427093506, 6.684532642364502, 7.620181083679199], "params": [2.3595385551452637, 0.014484226703643799, 5.07101583480835]}