{"x": [0, 1, 2, 3, 4, 5], "y": [5.535226821899414, 5.9560136795043945, 5.781724452972412, 7.730276107788086, 7.224249362945557, 7.412086486816406], "params": [1.109956979751587, 1.5428969860076904, 2.195049285888672]}