{"x": [0, 1, 2, 3, 4, 5], "y": [6.56801176071167, 4.6198272705078125, 5.0735368728637695, 3.9329328536987305, 2.942681074142456, 1.8027080297470093], "params": [-2.097318649291992, -0.6867101788520813, 4.765303611755371]}