{"x": [0, 1, 2, 3, 4, 5], "y": [5.154829025268555, 4.418084621429443, 4.01885461807251, 3.1561012268066406, 3.1055638790130615, 3.31215763092041], "params": [-1.066916584968567, -1.1467328071594238, 2.049265146255493]}