{"x": [0, 1, 2, 3, 4, 5], "y": [6.696892738342285, 5.416810512542725, 5.675230026245117, 5.280675888061523, 4.716729640960693, 4.537437438964844], "params": [-1.0995076894760132, 0.1990172266960144, 2.1594552993774414]}