{"x": [0, 1, 2, 3, 4, 5], "y": [6.249479293823242, 4.217054843902588, 3.7578659057617188, 3.217592477798462, 1.919019341468811, 1.516634225845337], "params": [-2.4181339740753174, -1.1780478954315186, 4.732845306396484]}