{"x": [0, 1, 2, 3, 4, 5], "y": [5.6185479164123535, 4.003676891326904, 4.04722785949707, 2.938969850540161, 2.534609317779541, 1.975443720817566], "params": [-1.3590319156646729, -1.5341049432754517, 3.643104076385498]}