{"x": [0, 1, 2, 3, 4, 5], "y": [5.814392566680908, 5.3500776290893555, 3.7479846477508545, 3.918172836303711, 2.6470961570739746, 2.335355520248413], "params": [-2.0409586429595947, -0.887434184551239, 3.479037046432495]}