{"x": [0, 1, 2, 3, 4, 5], "y": [6.093879222869873, 4.443843841552734, 3.868891954421997, 2.904859781265259, 2.2991559505462646, 0.5589559078216553], "params": [-2.3862085342407227, -1.9034361839294434, 5.534923553466797]}