{"x": [0, 1, 2, 3, 4, 5], "y": [9.669604301452637, 8.041446685791016, 8.531588554382324, 6.969682216644287, 5.066298007965088, 5.110334873199463], "params": [-2.145167112350464, 2.2966203689575195, 4.603306293487549]}