{"x": [0, 1, 2, 3, 4, 5], "y": [9.808697700500488, 8.835607528686523, 6.745607852935791, 6.472747325897217, 5.93558931350708, 4.617600440979004], "params": [-2.4356307983398438, 2.4975128173828125, 5.191097259521484]}