{"x": [0, 1, 2, 3, 4, 5], "y": [4.933215618133545, 4.659266471862793, 2.669353723526001, 2.4121170043945312, 2.459801197052002, 0.8353763818740845], "params": [-1.7436497211456299, -2.032440185546875, 4.09783935546875]}