{"x": [0, 1, 2, 3, 4, 5], "y": [6.652143955230713, 5.473058223724365, 5.241783142089844, 4.017252445220947, 3.3255233764648438, 3.1357407569885254], "params": [-2.120975971221924, -0.1688450574874878, 3.5164031982421875]}