{"x": [0, 1, 2, 3, 4, 5], "y": [4.926399230957031, 3.806779384613037, 2.6738123893737793, 2.5220563411712646, 1.3106647729873657, 0.8859562873840332], "params": [-1.8143000602722168, -2.419046401977539, 4.040442943572998]}