{"x": [0, 1, 2, 3, 4, 5], "y": [4.130134105682373, 3.764943838119507, 3.487478494644165, 2.1341216564178467, 2.266359806060791, 1.3240793943405151], "params": [-1.277403473854065, -1.8889966011047363, 2.8060545921325684]}