{"x": [0, 1, 2, 3, 4, 5], "y": [6.174691677093506, 5.161209583282471, 5.259726524353027, 3.8607115745544434, 2.8108105659484863, 2.510679006576538], "params": [-1.9530878067016602, -0.4223281145095825, 3.6640126705169678]}