{"x": [0, 1, 2, 3, 4, 5], "y": [6.04349422454834, 4.875988006591797, 3.3548810482025146, 3.2119905948638916, 2.6001226902008057, 2.565025806427002], "params": [-1.933776617050171, -1.2509486675262451, 3.478468418121338]}