{"x": [0, 1, 2, 3, 4, 5], "y": [5.7289276123046875, 4.48337984085083, 3.357320785522461, 2.7134904861450195, 1.5877132415771484, 1.5993138551712036], "params": [-1.8568034172058105, -1.7777886390686035, 4.141214370727539]}