{"x": [0, 1, 2, 3, 4, 5], "y": [7.789403915405273, 7.203139305114746, 6.648130416870117, 5.655778408050537, 4.92254638671875, 4.678455352783203], "params": [-1.6585417985916138, 0.9366822242736816, 3.1109485626220703]}