{"x": [0, 1, 2, 3, 4, 5], "y": [8.841296195983887, 8.45683479309082, 7.69880485534668, 6.818987846374512, 5.143158912658691, 4.684159278869629], "params": [-2.054328441619873, 1.9500234127044678, 4.157136917114258]}