{"x": [0, 1, 2, 3, 4, 5], "y": [8.649287223815918, 8.14195728302002, 7.270078182220459, 6.42049503326416, 5.272794723510742, 4.255334854125977], "params": [-1.5614628791809082, 1.7900556325912476, 4.393952369689941]}