{"x": [0, 1, 2, 3, 4, 5], "y": [7.709183216094971, 7.501760959625244, 6.141289710998535, 5.231770038604736, 5.218184947967529, 3.491762161254883], "params": [-1.8867738246917725, 0.8394718170166016, 4.217421054840088]}