{"x": [0, 1, 2, 3, 4, 5], "y": [6.737339973449707, 5.862037658691406, 5.050429344177246, 4.785375595092773, 4.570491790771484, 2.9045462608337402], "params": [-1.5382736921310425, -0.06816297769546509, 3.832793712615967]}