{"x": [0, 1, 2, 3, 4, 5], "y": [5.7496538162231445, 5.482783794403076, 5.835996627807617, 4.912974834442139, 4.607413291931152, 4.197512149810791], "params": [-1.0039236545562744, 0.26436150074005127, 1.6384844779968262]}