{"x": [0, 1, 2, 3, 4, 5], "y": [9.785161972045898, 8.473506927490234, 7.537915229797363, 6.655487060546875, 6.518242359161377, 5.154182434082031], "params": [-1.74363112449646, 2.382453680038452, 4.630979537963867]}