{"x": [0, 1, 2, 3, 4, 5], "y": [4.95936393737793, 4.253516674041748, 4.418378829956055, 3.1029796600341797, 3.399782657623291, 2.6929147243499756], "params": [-1.3588311672210693, -1.264540195465088, 2.266449213027954]}