{"x": [0, 1, 2, 3, 4, 5], "y": [8.535516738891602, 7.69068717956543, 7.270739555358887, 6.755671501159668, 6.234455108642578, 5.222386837005615], "params": [-1.45743989944458, 1.5803334712982178, 3.3131299018859863]}