{"x": [0, 1, 2, 3, 4, 5], "y": [8.128679275512695, 7.4634928703308105, 6.536430358886719, 5.352523326873779, 6.160179138183594, 4.099337577819824], "params": [-1.8390157222747803, 1.0246837139129639, 4.029341697692871]}