{"x": [0, 1, 2, 3, 4, 5], "y": [7.219491958618164, 6.938248634338379, 5.644960880279541, 5.9687957763671875, 5.548368453979492, 5.244826316833496], "params": [-1.0144836902618408, 1.0341233015060425, 1.974665641784668]}