{"x": [0, 1, 2, 3, 4, 5], "y": [5.427866458892822, 3.9307010173797607, 3.995293140411377, 3.3798110485076904, 2.158353328704834, 1.23403799533844], "params": [-2.08375883102417, -1.4536693096160889, 4.193828582763672]}