{"x": [0, 1, 2, 3, 4, 5], "y": [6.122854232788086, 4.6190185546875, 4.580871105194092, 2.6477813720703125, 2.0809326171875, 2.229137420654297], "params": [-1.7785370349884033, -1.5191495418548584, 4.041921615600586]}