{"x": [0, 1, 2, 3, 4, 5], "y": [8.980090141296387, 7.577709674835205, 6.598031044006348, 5.4129204750061035, 5.076168537139893, 4.424674987792969], "params": [-2.220276355743408, 1.1007386445999146, 4.555415153503418]}