{"x": [0, 1, 2, 3, 4, 5], "y": [7.4783101081848145, 5.374587059020996, 4.413549423217773, 4.410879611968994, 3.2850611209869385, 2.1232070922851562], "params": [-2.3934617042541504, -0.5183404684066772, 5.355103015899658]}