{"x": [0, 1, 2, 3, 4, 5], "y": [8.29464054107666, 7.6851372718811035, 6.4366455078125, 5.195899963378906, 6.497041702270508, 4.866774082183838], "params": [-1.1110990047454834, 1.509721279144287, 3.4278664588928223]}