{"x": [0, 1, 2, 3, 4, 5], "y": [4.964362144470215, 4.442732810974121, 3.2459330558776855, 2.6600441932678223, 1.9334025382995605, 2.070481061935425], "params": [-1.5349668264389038, -1.8349835872650146, 3.0309596061706543]}