{"x": [0, 1, 2, 3, 4, 5], "y": [4.904665946960449, 3.8450629711151123, 3.468061685562134, 2.5894088745117188, 2.5178298950195312, 2.4857687950134277], "params": [-1.4112833738327026, -1.4836841821670532, 2.4188971519470215]}