{"x": [0, 1, 2, 3, 4, 5], "y": [8.669439315795898, 9.144281387329102, 6.886900901794434, 6.951634883880615, 6.402738571166992, 4.8886003494262695], "params": [-2.0796897411346436, 2.2243049144744873, 4.255681037902832]}