{"x": [0, 1, 2, 3, 4, 5], "y": [6.899349212646484, 6.609755039215088, 4.766247272491455, 5.234702110290527, 4.773695945739746, 4.298126220703125], "params": [-1.6885658502578735, 0.5701997876167297, 2.6012229919433594]}