{"x": [0, 1, 2, 3, 4, 5], "y": [5.284399509429932, 5.167864799499512, 4.481931209564209, 4.140434741973877, 4.188676834106445, 2.5936036109924316], "params": [-1.1034740209579468, -0.7457512617111206, 2.6907958984375]}