{"x": [0, 1, 2, 3, 4, 5], "y": [4.486910820007324, 3.6621053218841553, 3.712193489074707, 2.019651174545288, 1.4384057521820068, 1.0779632329940796], "params": [-1.9977260828018188, -2.306852340698242, 3.408947467803955]}