{"x": [0, 1, 2, 3, 4, 5], "y": [5.248030185699463, 5.43182897567749, 4.423686504364014, 3.2323806285858154, 3.7913308143615723, 1.9777132272720337], "params": [-1.7963021993637085, -1.0195982456207275, 3.454115867614746]}