{"x": [0, 1, 2, 3, 4, 5], "y": [8.77835464477539, 8.454471588134766, 7.311811447143555, 11.408596992492676, 4.736666202545166, 11.04313850402832], "params": [-1.5442630052566528, 2.240882158279419, 2.9982223510742188, 6.637546539306641, 0.25, 0.0, 7.283645153045654]}