{"x": [0, 1, 2, 3, 4, 5], "y": [6.693660736083984, 6.362581253051758, 4.6575608253479, 6.481466293334961, 0.44433608651161194, 5.085563659667969], "params": [-1.2047909498214722, 0.47513633966445923, 2.976490020751953, 5.132907867431641, 0.25, 0.0, 6.181902885437012]}