{"x": [0, 1, 2, 3, 4, 5], "y": [7.378836631774902, 5.396137714385986, 4.693790435791016, 3.3857364654541016, 1.1032660007476807, 3.1419363021850586], "params": [-2.309298276901245, -0.38177698850631714, 5.213899612426758, 2.853363037109375, 0.25, 0.0, 2.8681883811950684]}