{"x": [0, 1, 2, 3, 4, 5], "y": [7.816827774047852, 7.174506187438965, 6.502435684204102, 4.818759441375732, 0.2874877452850342, 5.124874114990234], "params": [-1.8377985954284668, 0.9778052568435669, 4.223672866821289, 3.4148011207580566, 0.25, 0.0, 4.837386131286621]}