{"x": [0, 1, 2, 3, 4, 5], "y": [6.939888000488281, 6.415180683135986, 5.730645179748535, 11.666932106018066, 3.9434237480163574, 12.083444595336914], "params": [-1.798856258392334, 0.45442312955856323, 3.454893112182617, 7.024245738983154, 0.25, 0.0, 8.140020370483398]}