{"x": [0, 1, 2, 3, 4, 5], "y": [6.696892738342285, 5.416810512542725, 5.675230026245117, 9.234803199768066, 2.319859504699707, 9.63115119934082], "params": [-1.0995076894760132, 0.1990172266960144, 2.1594552993774414, 6.471941947937012, 0.25, 0.0, 7.311291694641113]}