{"x": [0, 1, 2, 3, 4, 5], "y": [8.597288131713867, 7.270564079284668, 6.074976921081543, 3.3231160640716553, -0.010863661766052246, 4.117578029632568], "params": [-2.0688464641571045, 1.3321795463562012, 4.487356185913086, 3.4681215286254883, 0.25, 0.0, 4.177412509918213]}