{"x": [0, 1, 2, 3, 4, 5], "y": [4.130134105682373, 3.764943838119507, 3.487478494644165, 5.179119110107422, 2.2056705951690674, 5.275741100311279], "params": [-1.277403473854065, -1.8889966011047363, 2.8060545921325684, 3.1394312381744385, 0.25, 0.0, 3.412816047668457]}