{"x": [0, 1, 2, 3, 4, 5], "y": [6.899349212646484, 6.609755039215088, 4.766247272491455, 8.657791137695312, 3.03505277633667, 9.465313911437988], "params": [-1.6885658502578735, 0.5701997876167297, 2.6012229919433594, 5.8490824699401855, 0.25, 0.0, 6.430261135101318]}