{"x": [0, 1, 2, 3, 4, 5], "y": [8.669439315795898, 9.144281387329102, 6.886900901794434, 5.339972972869873, 1.0728487968444824, 4.484218597412109], "params": [-2.0796897411346436, 2.2243049144744873, 4.255681037902832, 3.5287835597991943, 0.25, 0.0, 4.267124176025391]}