{"x": [0, 1, 2, 3, 4, 5], "y": [9.379697799682617, 6.972337245941162, 7.256275177001953, 3.570305824279785, -0.20126420259475708, 3.9208483695983887], "params": [-1.8483586311340332, 1.7548131942749023, 3.6363606452941895, 3.4949350357055664, 0.25, 0.0, 4.993404865264893]}