{"x": [0, 1, 2, 3, 4, 5], "y": [9.476696968078613, 8.107597351074219, 7.522910118103027, 11.794391632080078, 4.1404547691345215, 11.167434692382812], "params": [-2.1258366107940674, 1.9741418361663818, 4.675957679748535, 6.976414203643799, 0.25, 0.0, 7.747172832489014]}