{"x": [0, 1, 2, 3, 4, 5], "y": [4.8814311027526855, 5.303709030151367, 3.372265338897705, 4.769147872924805, -0.02473682165145874, 5.783290386199951], "params": [-2.3252012729644775, -1.6990139484405518, 4.188107490539551, 4.815049171447754, 0.25, 0.0, 5.808027267456055]}