{"x": [0, 1, 2, 3, 4, 5], "y": [5.326294422149658, 4.468932628631592, 3.750685691833496, 5.018617630004883, 0.7128881812095642, 3.754889488220215], "params": [-1.630115032196045, -1.1219463348388672, 4.197876930236816, 3.211252450942993, 0.25, 0.0, 4.305729389190674]}