{"x": [0, 1, 2, 3, 4, 5], "y": [6.460295677185059, 6.234521389007568, 3.5375542640686035, 5.193216323852539, 1.0157791376113892, 5.021347999572754], "params": [-2.0297608375549316, -0.435754656791687, 4.044123649597168, 4.141415119171143, 0.25, 0.0, 5.166625022888184]}