{"x": [0, 1, 2, 3, 4, 5], "y": [5.725983619689941, 4.200752258300781, 4.081373691558838, 6.337131023406982, -0.05537576973438263, 5.996031761169434], "params": [-1.2253479957580566, -1.133618950843811, 2.9110846519470215, 6.003520965576172, 0.25, 0.0, 6.3925065994262695]}