{"x": [0, 1, 2, 3, 4, 5], "y": [9.49350643157959, 8.385080337524414, 7.7609357833862305, 7.134925842285156, 1.1842597723007202, 6.520347595214844], "params": [-1.6106510162353516, 2.1353044509887695, 3.609586715698242, 6.6634016036987305, 0.25, 0.0, 7.183241367340088]}