{"x": [0, 1, 2, 3, 4, 5], "y": [7.709183216094971, 7.501760959625244, 6.141289710998535, 4.825529098510742, 1.3187932968139648, 5.2024054527282715], "params": [-1.8867738246917725, 0.8394718170166016, 4.217421054840088, 2.766977548599243, 0.25, 0.0, 4.7164530754089355]}