{"x": [0, 1, 2, 3, 4, 5], "y": [7.5323405265808105, 5.855235576629639, 5.2344536781311035, 7.3915863037109375, -0.34887614846229553, 6.709112167358398], "params": [-2.357635974884033, -0.5364829301834106, 4.512596130371094, 5.99021053314209, 0.25, 0.0, 7.740462303161621]}