{"x": [0, 1, 2, 3, 4, 5], "y": [7.219491958618164, 6.938248634338379, 5.644960880279541, 5.077906608581543, 1.1120431423187256, 6.9166789054870605], "params": [-1.0144836902618408, 1.0341233015060425, 1.974665641784668, 4.800309181213379, 0.25, 0.0, 5.804636001586914]}