{"x": [0, 1, 2, 3, 4, 5], "y": [8.764383316040039, 8.48177719116211, 5.614437103271484, 6.178212642669678, 1.6726819276809692, 4.827075958251953], "params": [-2.431960105895996, 0.8821693062782288, 5.23735237121582, 4.100244045257568, 0.25, 0.0, 4.641297340393066]}