{"x": [0, 1, 2, 3, 4, 5], "y": [7.344277858734131, 8.069106101989746, 6.7661261558532715, 11.047669410705566, 4.038753986358643, 10.428906440734863], "params": [-1.367653727531433, 1.6551282405853271, 2.9672913551330566, 6.509188175201416, 0.25, 0.0, 7.943437576293945]}