{"x": [0, 1, 2, 3, 4, 5], "y": [6.174691677093506, 5.161209583282471, 5.259726524353027, 5.673610687255859, 0.42679131031036377, 5.849512100219727], "params": [-1.9530878067016602, -0.4223281145095825, 3.6640126705169678, 4.358275413513184, 0.25, 0.0, 5.422720909118652]}