{"x": [0, 1, 2, 3, 4, 5], "y": [7.106571674346924, 5.977782726287842, 5.229095458984375, 4.823713779449463, 0.44628703594207764, 4.9016923904418945], "params": [-2.375764846801758, -0.8475026488304138, 4.964339733123779, 4.481176853179932, 0.25, 0.0, 5.684352397918701]}