{"x": [0, 1, 2, 3, 4, 5], "y": [5.964569091796875, 5.450682640075684, 6.306362152099609, 4.040631294250488, 2.0605647563934326, 4.308285236358643], "params": [-1.0081801414489746, 0.3673064708709717, 1.911573886871338, 2.80678129196167, 0.25, 0.0, 3.0985403060913086]}