{"x": [0, 1, 2, 3, 4, 5], "y": [4.926399230957031, 3.806779384613037, 2.6738123893737793, 4.508598327636719, 0.9321168661117554, 5.903491020202637], "params": [-1.8143000602722168, -2.419046401977539, 4.040442943572998, 5.051491737365723, 0.25, 0.0, 6.921070575714111]}