{"x": [0, 1, 2, 3, 4, 5], "y": [5.248030185699463, 5.43182897567749, 4.423686504364014, 5.05344820022583, 0.8408253788948059, 5.284616947174072], "params": [-1.7963021993637085, -1.0195982456207275, 3.454115867614746, 4.024580955505371, 0.25, 0.0, 5.003412246704102]}