{"x": [0, 1, 2, 3, 4, 5], "y": [8.649287223815918, 8.14195728302002, 7.270078182220459, 4.920507431030273, 0.6750825643539429, 4.596956729888916], "params": [-1.5614628791809082, 1.7900556325912476, 4.393952369689941, 3.7980451583862305, 0.25, 0.0, 4.478048324584961]}