{"x": [0, 1, 2, 3, 4, 5], "y": [8.29464054107666, 7.6851372718811035, 6.4366455078125, 6.536430358886719, 3.129303455352783, 6.553678035736084], "params": [-1.1110990047454834, 1.509721279144287, 3.4278664588928223, 4.456796169281006, 0.25, 0.0, 4.0606231689453125]}