{"x": [0, 1, 2, 3, 4, 5], "y": [5.621979236602783, 5.160005569458008, 3.995964288711548, 9.67024040222168, 2.3451344966888428, 9.140965461730957], "params": [-2.231691598892212, -1.2084287405014038, 5.11005973815918, 7.178168773651123, 0.25, 0.0, 7.325124740600586]}