{"x": [0, 1, 2, 3, 4, 5], "y": [9.785161972045898, 8.473506927490234, 7.537915229797363, 7.713275909423828, 2.0716476440429688, 6.812509059906006], "params": [-1.74363112449646, 2.382453680038452, 4.630979537963867, 4.096255779266357, 0.25, 0.0, 5.641628265380859]}