{"x": [0, 1, 2, 3, 4, 5], "y": [7.9092535972595215, 7.253352165222168, 6.417969226837158, 5.742833137512207, 2.322321653366089, 5.611456871032715], "params": [-1.9489550590515137, 1.1361747980117798, 3.273314952850342, 3.5633695125579834, 0.25, 0.0, 3.4797914028167725]}