{"x": [0, 1, 2, 3, 4, 5], "y": [4.904665946960449, 3.8450629711151123, 3.468061685562134, 10.630016326904297, 3.701097249984741, 10.066976547241211], "params": [-1.4112833738327026, -1.4836841821670532, 2.4188971519470215, 6.217219352722168, 0.25, 0.0, 6.928918838500977]}