{"x": [0, 1, 2, 3, 4, 5], "y": [5.188008785247803, 4.784756660461426, 4.286929130554199, 8.631192207336426, 2.5534555912017822, 9.639338493347168], "params": [-1.1778753995895386, -0.5524170398712158, 2.3431267738342285, 6.199764728546143, 0.25, 0.0, 7.268478870391846]}