{"x": [0, 1, 2, 3, 4, 5], "y": [8.920422554016113, 8.558048248291016, 8.575103759765625, 5.451716899871826, 0.9177055358886719, 5.7666425704956055], "params": [-2.3108251094818115, 2.1840250492095947, 3.7919068336486816, 4.696532249450684, 0.25, 0.0, 5.291206359863281]}