{"x": [0, 1, 2, 3, 4, 5], "y": [5.7289276123046875, 4.48337984085083, 3.357320785522461, 8.319125175476074, 1.4795660972595215, 8.51955509185791], "params": [-1.8568034172058105, -1.7777886390686035, 4.141214370727539, 7.49664831161499, 0.25, 0.0, 7.4476423263549805]}