{"x": [0, 1, 2, 3, 4, 5], "y": [6.093879222869873, 4.443843841552734, 3.868891954421997, 6.40219259262085, 2.3953073024749756, 6.773526668548584], "params": [-2.3862085342407227, -1.9034361839294434, 5.534923553466797, 3.863121509552002, 0.25, 0.0, 4.647462844848633]}