{"x": [0, 1, 2, 3, 4, 5], "y": [6.059089660644531, 5.765262603759766, 4.657629489898682, 2.3960726261138916, 0.1628381609916687, 3.209413528442383], "params": [-2.325735092163086, -0.7882547378540039, 4.046185493469238, 2.5208139419555664, 0.25, 0.0, 3.590149164199829]}