{"x": [0, 1, 2, 3, 4, 5], "y": [4.614431858062744, 4.505781173706055, 3.5332725048065186, 3.9184579849243164, 0.5731533765792847, 3.3270328044891357], "params": [-1.2100653648376465, -1.4642319679260254, 1.618704080581665, 3.479687213897705, 0.25, 0.0, 3.692547082901001]}