{"x": [0, 1, 2, 3, 4, 5], "y": [6.150020122528076, 5.532207012176514, 4.676496505737305, 6.9681596755981445, 1.4516701698303223, 6.129093647003174], "params": [-1.5765842199325562, -0.4064774513244629, 3.770103693008423, 4.261041641235352, 0.25, 0.0, 5.516489505767822]}