{"x": [0, 1, 2, 3, 4, 5], "y": [6.388020038604736, 4.85660457611084, 4.674652099609375, 6.135366916656494, 0.7972667813301086, 6.44412088394165], "params": [-2.202887535095215, -1.1789953708648682, 4.333086967468262, 4.269996166229248, 0.25, 0.0, 5.721930980682373]}