{"x": [0, 1, 2, 3, 4, 5], "y": [9.110998153686523, 7.439368724822998, 6.869265079498291, 6.079738140106201, 0.10420006513595581, 6.598783016204834], "params": [-2.3775227069854736, 1.5112814903259277, 4.278526782989502, 6.269906044006348, 0.25, 0.0, 6.808061122894287]}