{"x": [0, 1, 2, 3, 4, 5], "y": [6.014028549194336, 5.753244400024414, 5.391336441040039, 7.9206647872924805, 1.8652565479278564, 8.125837326049805], "params": [-2.0960276126861572, -0.5261239409446716, 3.303811550140381, 5.73276948928833, 0.25, 0.0, 6.805567741394043]}