{"x": [0, 1, 2, 3, 4, 5], "y": [8.64089584350586, 8.528225898742676, 6.978952884674072, 8.53316593170166, 3.1372079849243164, 9.082090377807617], "params": [-1.9781157970428467, 1.787528395652771, 3.901884078979492, 5.045544147491455, 0.25, 0.0, 6.298049449920654]}