{"x": [0, 1, 2, 3, 4, 5], "y": [3.1494839191436768, 7.95088005065918, 3.2251169681549072, 8.050220489501953, 3.3468408584594727, 8.003289222717285], "params": [4.773718357086182, 0.25, 0.0, 4.9007368087768555]}