{"x": [0, 1, 2, 3, 4, 5], "y": [2.914531946182251, 8.955124855041504, 2.8546109199523926, 9.234803199768066, 2.319859504699707, 9.63115119934082], "params": [6.471941947937012, 0.25, 0.0, 7.311291694641113]}