{"x": [0, 1, 2, 3, 4, 5], "y": [0.23122617602348328, 3.887580394744873, -0.03667028248310089, 3.061485528945923, 0.10947515070438385, 4.252616882324219], "params": [3.5474295616149902, 0.25, 0.0, 4.289287090301514]}