{"x": [0, 1, 2, 3, 4, 5], "y": [3.767874002456665, 9.067612648010254, 2.784040927886963, 8.53316593170166, 3.1372079849243164, 9.082090377807617], "params": [5.045544147491455, 0.25, 0.0, 6.298049449920654]}