{"x": [0, 1, 2, 3, 4, 5], "y": [1.6563087701797485, 6.016127586364746, 3.2135159969329834, 6.9681596755981445, 1.4516701698303223, 6.129093647003174], "params": [4.261041641235352, 0.25, 0.0, 5.516489505767822]}