{"x": [0, 1, 2, 3, 4, 5], "y": [0.013284146785736084, 3.2840394973754883, 0.183322936296463, 2.965604543685913, 0.284595787525177, 2.9521827697753906], "params": [3.025503158569336, 0.25, 0.0, 3.2707552909851074]}