{"x": [0, 1, 2, 3, 4, 5], "y": [1.7505977153778076, 6.519197940826416, 1.7474522590637207, 6.135366916656494, 0.7972667813301086, 6.44412088394165], "params": [4.269996166229248, 0.25, 0.0, 5.721930980682373]}