{"x": [0, 1, 2, 3, 4, 5], "y": [2.457028388977051, 6.198770523071289, 2.126063823699951, 6.40219259262085, 2.3953073024749756, 6.773526668548584], "params": [3.863121509552002, 0.25, 0.0, 4.647462844848633]}