{"x": [0, 1, 2, 3, 4, 5], "y": [1.5762608051300049, 4.02424430847168, 0.8742806911468506, 3.162933826446533, 0.8337211608886719, 4.276532173156738], "params": [3.1856274604797363, 0.25, 0.0, 3.4428110122680664]}