{"x": [0, 1, 2, 3, 4, 5], "y": [1.8794869184494019, 6.794275760650635, 0.6230012774467468, 7.432098388671875, 1.6869264841079712, 6.003359794616699], "params": [5.551502227783203, 0.25, 0.0, 6.8090972900390625]}