{"x": [0, 1, 2, 3, 4, 5], "y": [0.8992665410041809, 7.6273884773254395, 0.7417494058609009, 7.9846343994140625, 0.7373816967010498, 7.9477386474609375], "params": [7.411439895629883, 0.25, 0.0, 7.247252464294434]}