{"x": [0, 1, 2, 3, 4, 5], "y": [2.6881818771362305, 10.128786087036133, 2.3913114070892334, 9.754105567932129, 2.217545986175537, 10.060319900512695], "params": [6.782464981079102, 0.25, 0.0, 7.911240100860596]}