{"x": [0, 1, 2, 3, 4, 5], "y": [4.160398960113525, 10.787077903747559, 5.055185317993164, 11.333978652954102, 4.567470550537109, 10.566926956176758], "params": [6.644057750701904, 0.25, 0.0, 7.173579692840576]}