{"x": [0, 1, 2, 3, 4, 5], "y": [3.4297242164611816, 8.970928192138672, 2.8912432193756104, 7.875993251800537, 2.6030683517456055, 10.394036293029785], "params": [5.858226776123047, 0.25, 0.0, 7.79096794128418]}