{"x": [0, 1, 2, 3, 4, 5], "y": [0.5447967052459717, 4.372673034667969, 0.558506429195404, 5.673610687255859, 0.42679131031036377, 5.849512100219727], "params": [4.358275413513184, 0.25, 0.0, 5.422720909118652]}