{"x": [0, 1, 2, 3, 4, 5], "y": [0.04709351062774658, 5.071700096130371, 0.9933738112449646, 3.7397053241729736, 0.7563838958740234, 4.226718902587891], "params": [3.3324270248413086, 0.25, 0.0, 5.024606704711914]}