{"x": [0, 1, 2, 3, 4, 5], "y": [0.0604906901717186, 6.304865837097168, 0.8842122554779053, 6.337131023406982, -0.05537576973438263, 5.996031761169434], "params": [6.003520965576172, 0.25, 0.0, 6.3925065994262695]}