{"x": [0, 1, 2, 3, 4, 5], "y": [1.8629250526428223, 5.018337249755859, 2.2858808040618896, 5.179119110107422, 2.2056705951690674, 5.275741100311279], "params": [3.1394312381744385, 0.25, 0.0, 3.412816047668457]}