{"x": [0, 1, 2, 3, 4, 5], "y": [1.8724313974380493, 8.866704940795898, 1.4190627336502075, 8.319125175476074, 1.4795660972595215, 8.51955509185791], "params": [7.49664831161499, 0.25, 0.0, 7.4476423263549805]}