{"x": [0, 1, 2, 3, 4, 5], "y": [5.3032307624816895, 11.4633150100708, 4.1796698570251465, 11.408596992492676, 4.736666202545166, 11.04313850402832], "params": [6.637546539306641, 0.25, 0.0, 7.283645153045654]}