{"x": [0, 1, 2, 3, 4, 5], "y": [-0.269101083278656, 4.1950459480285645, 1.5297343730926514, 4.1716718673706055, 0.2310253083705902, 3.631866693496704], "params": [3.691422939300537, 0.25, 0.0, 4.464147090911865]}