{"x": [0, 1, 2, 3, 4, 5], "y": [2.1404125690460205, 7.3400983810424805, 2.516118049621582, 6.166206359863281, 2.057877540588379, 6.845093250274658], "params": [4.512277126312256, 0.25, 0.0, 5.282220840454102]}