{"x": [0, 1, 2, 3, 4, 5], "y": [0.29956328868865967, 5.148347854614258, 0.6211971044540405, 6.481466293334961, 0.44433608651161194, 5.085563659667969], "params": [5.132907867431641, 0.25, 0.0, 6.181902885437012]}