{"x": [0, 1, 2, 3, 4, 5], "y": [0.6465311050415039, 4.147493362426758, 0.900854229927063, 4.818759441375732, 0.2874877452850342, 5.124874114990234], "params": [3.4148011207580566, 0.25, 0.0, 4.837386131286621]}