{"x": [0, 1, 2, 3, 4, 5], "y": [1.3017317056655884, 4.970125198364258, 0.7855163216590881, 5.050420761108398, 0.24074959754943848, 4.7256269454956055], "params": [3.5681729316711426, 0.25, 0.0, 4.809671401977539]}