{"x": [0, 1, 2, 3, 4, 5], "y": [1.1744275093078613, 4.253354072570801, 0.48420974612236023, 3.6742501258850098, 0.17867359519004822, 3.763946533203125], "params": [3.684304714202881, 0.25, 0.0, 4.074680328369141]}