{"x": [0, 1, 2, 3, 4, 5], "y": [2.9119486808776855, 6.558228969573975, 2.5741193294525146, 7.3479413986206055, 3.712553024291992, 7.446702480316162], "params": [4.150836944580078, 0.25, 0.0, 4.872583389282227]}