{"x": [0, 1, 2, 3, 4, 5], "y": [0.48595231771469116, 3.8687374591827393, 0.5923573970794678, 4.825529098510742, 1.3187932968139648, 5.2024054527282715], "params": [2.766977548599243, 0.25, 0.0, 4.7164530754089355]}