{"x": [0, 1, 2, 3, 4, 5], "y": [3.3952672481536865, 6.979699611663818, 2.873339891433716, 7.713275909423828, 2.0716476440429688, 6.812509059906006], "params": [4.096255779266357, 0.25, 0.0, 5.641628265380859]}