{"x": [0, 1, 2, 3, 4, 5], "y": [3.3062782287597656, 11.004568099975586, 4.088996410369873, 10.413619041442871, 3.7973945140838623, 9.95918083190918], "params": [7.215578556060791, 0.25, 0.0, 7.69828987121582]}