{"x": [0, 1, 2, 3, 4, 5], "y": [0.676205575466156, 3.8390953540802, 0.22591093182563782, 3.9184579849243164, 0.5731533765792847, 3.3270328044891357], "params": [3.479687213897705, 0.25, 0.0, 3.692547082901001]}