{"x": [0, 1, 2, 3, 4, 5], "y": [2.727163314819336, 5.73344612121582, 2.202070951461792, 6.562358379364014, 2.6417393684387207, 6.325270175933838], "params": [3.766523838043213, 0.25, 0.0, 4.360287666320801]}