{"x": [0, 1, 2, 3, 4, 5], "y": [3.7616634368896484, 11.782048225402832, 4.535063743591309, 11.989748001098633, 3.9497363567352295, 11.269972801208496], "params": [7.334540843963623, 0.25, 0.0, 8.228084564208984]}