{"x": [0, 1, 2, 3, 4, 5], "y": [2.675769567489624, 5.700947284698486, 2.2630417346954346, 5.742833137512207, 2.322321653366089, 5.611456871032715], "params": [3.5633695125579834, 0.25, 0.0, 3.4797914028167725]}