{"x": [0, 1, 2, 3, 4, 5], "y": [4.280616760253906, 10.464028358459473, 3.6996541023254395, 10.521980285644531, 3.4390313625335693, 10.223532676696777], "params": [6.770851135253906, 0.25, 0.0, 7.082948684692383]}