{"x": [0, 1, 2, 3, 4, 5], "y": [3.6468985080718994, 10.436639785766602, 3.104231595993042, 11.047669410705566, 4.038753986358643, 10.428906440734863], "params": [6.509188175201416, 0.25, 0.0, 7.943437576293945]}