{"x": [0, 1, 2, 3, 4, 5], "y": [2.5294601917266846, 8.719738960266113, 2.952523708343506, 9.5503511428833, 2.2043304443359375, 9.064875602722168], "params": [6.766266345977783, 0.25, 0.0, 7.346020698547363]}