{"x": [0, 1, 2, 3, 4, 5], "y": [0.8169346451759338, 3.6851229667663574, 1.5263352394104004, 3.3857364654541016, 1.1032660007476807, 3.1419363021850586], "params": [2.853363037109375, 0.25, 0.0, 2.8681883811950684]}