{"x": [0, 1, 2, 3, 4, 5], "y": [1.8515609502792358, 6.876213550567627, 1.223515510559082, 5.077906608581543, 1.1120431423187256, 6.9166789054870605], "params": [4.800309181213379, 0.25, 0.0, 5.804636001586914]}