{"x": [0, 1, 2, 3, 4, 5], "y": [-0.04831540584564209, 6.394432544708252, 0.2509983777999878, 7.134925842285156, 1.1842597723007202, 6.520347595214844], "params": [6.6634016036987305, 0.25, 0.0, 7.183241367340088]}