{"x": [0, 1, 2, 3, 4, 5], "y": [1.0291364192962646, 4.708253860473633, 1.5503740310668945, 4.739921569824219, 1.2103163003921509, 3.9378085136413574], "params": [3.5876834392547607, 0.25, 0.0, 3.710785150527954]}