{"x": [0, 1, 2, 3, 4, 5], "y": [1.0153923034667969, 5.148974418640137, 0.41196581721305847, 5.539380073547363, 0.6455738544464111, 4.657341003417969], "params": [4.532829761505127, 0.25, 0.0, 5.127414226531982]}