{"x": [0, 1, 2, 3, 4, 5], "y": [2.3375179767608643, 5.229683876037598, 1.9317017793655396, 5.869428634643555, 2.4222822189331055, 5.213648796081543], "params": [3.893826484680176, 0.25, 0.0, 3.9377269744873047]}