{"x": [0, 1, 2, 3, 4, 5], "y": [2.688267230987549, 7.307428359985352, 3.3637046813964844, 8.34080696105957, 2.850391387939453, 7.785037040710449], "params": [4.694222927093506, 0.25, 0.0, 5.6525397300720215]}