{"x": [0, 1, 2, 3, 4, 5], "y": [3.1040000915527344, 6.718433380126953, 2.6578099727630615, 6.536430358886719, 3.129303455352783, 6.553678035736084], "params": [4.456796169281006, 0.25, 0.0, 4.0606231689453125]}