{"x": [0, 1, 2, 3, 4, 5], "y": [1.5909302234649658, 5.634225845336914, 1.5369155406951904, 6.178212642669678, 1.6726819276809692, 4.827075958251953], "params": [4.100244045257568, 0.25, 0.0, 4.641297340393066]}