{"x": [0, 1, 2, 3, 4, 5], "y": [1.283745288848877, 4.038973331451416, 0.7351263165473938, 4.3782057762146, 1.231421709060669, 4.434854507446289], "params": [3.467413902282715, 0.25, 0.0, 3.69972825050354]}