{"x": [0, 1, 2, 3, 4, 5], "y": [1.3368146419525146, 4.83024263381958, 1.324234962463379, 4.774590015411377, 1.8044846057891846, 4.884832382202148], "params": [3.6323091983795166, 0.25, 0.0, 3.5605974197387695]}