{"x": [0, 1, 2, 3, 4, 5], "y": [1.4838472604751587, 3.942493438720703, 1.0179082155227661, 3.9392642974853516, 0.2188522219657898, 4.028793811798096], "params": [2.9245197772979736, 0.25, 0.0, 3.809941530227661]}