{"x": [0, 1, 2, 3, 4, 5], "y": [1.6912245750427246, 4.764216899871826, 1.401350498199463, 5.339972972869873, 1.0728487968444824, 4.484218597412109], "params": [3.5287835597991943, 0.25, 0.0, 4.267124176025391]}