{"x": [0, 1, 2, 3, 4, 5], "y": [6.401981830596924, 2.2268195152282715, 6.391928672790527, 2.192014694213867, 5.869340896606445, 1.4723972082138062], "params": [4.429602146148682, 0.25, 1.0, 4.929584503173828]}