{"x": [0, 1, 2, 3, 4, 5], "y": [3.7928216457366943, 0.5567268133163452, 3.4788951873779297, 0.39321598410606384, 4.486366271972656, 0.3842701315879822], "params": [3.200611114501953, 0.25, 1.0, 4.102096080780029]}