{"x": [0, 1, 2, 3, 4, 5], "y": [9.66668701171875, 2.7775983810424805, 10.215044021606445, 2.79467511177063, 9.497003555297852, 2.1386802196502686], "params": [7.049173355102539, 0.25, 1.0, 8.076363563537598]}