{"x": [0, 1, 2, 3, 4, 5], "y": [7.553901195526123, 2.6977155208587646, 8.453300476074219, 2.1426310539245605, 7.7306060791015625, 2.7395129203796387], "params": [4.544154644012451, 0.25, 1.0, 6.310669422149658]}