{"x": [0, 1, 2, 3, 4, 5], "y": [6.846024990081787, 1.0865957736968994, 7.178199291229248, 1.1442158222198486, 7.954089164733887, 1.493307113647461], "params": [5.556647300720215, 0.25, 1.0, 6.867493629455566]}