{"x": [0, 1, 2, 3, 4, 5], "y": [5.147684574127197, 0.7294015884399414, 6.158990859985352, 0.7031636238098145, 5.286188125610352, 0.5102391839027405], "params": [5.169223308563232, 0.25, 1.0, 5.648751735687256]}