{"x": [0, 1, 2, 3, 4, 5], "y": [6.871982097625732, 3.1106011867523193, 6.832357406616211, 1.6710623502731323, 6.381835460662842, 2.618370532989502], "params": [4.45349645614624, 0.25, 1.0, 5.2009196281433105]}