{"x": [0, 1, 2, 3, 4, 5], "y": [6.187782287597656, 2.749840259552002, 7.011833667755127, 2.2756078243255615, 7.87244987487793, 2.322360038757324], "params": [4.506345272064209, 0.25, 1.0, 5.596841812133789]}