{"x": [0, 1, 2, 3, 4, 5], "y": [3.569619655609131, 0.9281296730041504, 3.672617197036743, 1.959352970123291, 3.3361220359802246, 0.870827317237854], "params": [2.6584959030151367, 0.25, 1.0, 2.8017897605895996]}