{"x": [0, 1, 2, 3, 4, 5], "y": [5.204701900482178, -0.8372069001197815, 4.581011772155762, -0.9405118227005005, 5.071238994598389, 1.037460446357727], "params": [4.884523868560791, 0.25, 1.0, 6.145213603973389]}