{"x": [0, 1, 2, 3, 4, 5], "y": [5.169432640075684, 1.1324290037155151, 5.347512245178223, 0.934453010559082, 4.587124347686768, 1.042945146560669], "params": [3.6233668327331543, 0.25, 1.0, 4.413059234619141]}