{"x": [0, 1, 2, 3, 4, 5], "y": [3.7259013652801514, 0.5604164600372314, 4.086174964904785, 1.462856411933899, 4.032556056976318, 0.0477558970451355], "params": [3.101714849472046, 0.25, 1.0, 4.038419246673584]}