{"x": [0, 1, 2, 3, 4, 5], "y": [4.899560928344727, 1.3206007480621338, 5.075587272644043, 1.8084474802017212, 5.774905204772949, 1.202211856842041], "params": [4.020381450653076, 0.25, 1.0, 4.572693347930908]}