{"x": [0, 1, 2, 3, 4, 5], "y": [5.909429550170898, 1.8274753093719482, 5.955554962158203, 2.0345852375030518, 5.542318344116211, 1.5363906621932983], "params": [4.046453952789307, 0.25, 1.0, 4.419164180755615]}