{"x": [0, 1, 2, 3, 4, 5], "y": [6.9031219482421875, 2.4221441745758057, 6.8980841636657715, 2.7937724590301514, 6.557673454284668, 2.2761521339416504], "params": [4.607206344604492, 0.25, 1.0, 4.626969814300537]}