{"x": [0, 1, 2, 3, 4, 5], "y": [10.304323196411133, 3.5617549419403076, 10.762076377868652, 3.486785411834717, 9.849435806274414, 3.2614381313323975], "params": [6.916077136993408, 0.25, 1.0, 7.500638008117676]}