{"x": [0, 1, 2, 3, 4, 5], "y": [4.134398460388184, 0.9108196496963501, 4.441720485687256, 1.486489176750183, 4.588427543640137, 1.7687938213348389], "params": [3.392402172088623, 0.25, 1.0, 3.677608013153076]}