{"x": [0, 1, 2, 3, 4, 5], "y": [5.818312644958496, 2.356133222579956, 3.7130069732666016, 1.7468096017837524, 4.266687393188477, 2.066873073577881], "params": [2.763742208480835, 0.25, 1.0, 4.071503162384033]}