{"x": [0, 1, 2, 3, 4, 5], "y": [4.007016658782959, 1.6456568241119385, 5.228811740875244, 2.39129900932312, 4.350503444671631, 2.5259671211242676], "params": [2.8172731399536133, 0.25, 1.0, 3.5831549167633057]}