{"x": [0, 1, 2, 3, 4, 5], "y": [6.331273078918457, 1.2628867626190186, 5.89586877822876, 1.1460294723510742, 5.497739315032959, 1.5016340017318726], "params": [4.829924583435059, 0.25, 1.0, 5.185243606567383]}