{"x": [0, 1, 2, 3, 4, 5], "y": [5.3422675132751465, 0.47637975215911865, 6.444977760314941, 1.1717607975006104, 6.760759353637695, 0.5357539653778076], "params": [4.8408522605896, 0.25, 1.0, 6.284379482269287]}