{"x": [0, 1, 2, 3, 4, 5], "y": [4.463266372680664, 0.33125197887420654, 3.956441640853882, -0.06157958507537842, 3.9873194694519043, -0.4938091039657593], "params": [4.038624286651611, 0.25, 1.0, 4.957075595855713]}