{"x": [0, 1, 2, 3, 4, 5], "y": [8.401198387145996, 3.0739147663116455, 8.0625638961792, 2.989745855331421, 7.6988301277160645, 2.512394428253174], "params": [4.769644737243652, 0.25, 1.0, 5.888803958892822]}