{"x": [0, 1, 2, 3, 4, 5], "y": [8.211318969726562, 3.6138997077941895, 8.214011192321777, 3.564685344696045, 8.817551612854004, 3.437591075897217], "params": [5.388088703155518, 0.25, 1.0, 5.379960536956787]}