{"x": [0, 1, 2, 3, 4, 5], "y": [5.87135124206543, 1.2618736028671265, 5.993371963500977, 1.510521650314331, 5.297076225280762, 1.679269790649414], "params": [4.026035308837891, 0.25, 1.0, 4.7314982414245605]}