{"x": [0, 1, 2, 3, 4, 5], "y": [4.586717128753662, 0.5965704917907715, 4.792762756347656, 0.35355275869369507, 3.9652256965637207, 0.9143853783607483], "params": [3.749401092529297, 0.25, 1.0, 4.439209938049316]}