{"x": [0, 1, 2, 3, 4, 5], "y": [4.319363594055176, 0.4291432797908783, 3.590607166290283, -0.6226456761360168, 5.216503143310547, 0.5328637957572937], "params": [3.9696013927459717, 0.25, 1.0, 5.839148998260498]}