{"x": [0, 1, 2, 3, 4, 5], "y": [6.25433349609375, 1.8614541292190552, 5.638444900512695, 2.0891168117523193, 5.805150032043457, 2.34460186958313], "params": [3.9536280632019043, 0.25, 1.0, 4.392879486083984]}