{"x": [0, 1, 2, 3, 4, 5], "y": [4.130141258239746, 0.30075502395629883, 3.1046226024627686, 0.45271754264831543, 4.319235801696777, 0.5627886652946472], "params": [2.980330467224121, 0.25, 1.0, 4.0184807777404785]}