{"x": [0, 1, 2, 3, 4, 5], "y": [4.036752700805664, 0.5890117287635803, 3.6805524826049805, 0.38638654351234436, 3.537358283996582, 0.6608566045761108], "params": [2.8831725120544434, 0.25, 1.0, 3.6503660678863525]}