{"x": [0, 1, 2, 3, 4, 5], "y": [6.304924964904785, 2.0313103199005127, 7.381067752838135, 2.1899876594543457, 7.310098171234131, 3.0202436447143555], "params": [4.078917026519775, 0.25, 1.0, 5.349757194519043]}