{"x": [0, 1, 2, 3, 4, 5], "y": [8.500134468078613, 3.328160285949707, 8.620498657226562, 3.520219326019287, 8.590726852416992, 3.0842649936676025], "params": [5.0534772872924805, 0.25, 1.0, 5.536233901977539]}