{"x": [0, 1, 2, 3, 4, 5], "y": [4.000885963439941, 0.13474172353744507, 3.9357638359069824, 1.0473395586013794, 4.846562385559082, 0.7867916822433472], "params": [3.3420867919921875, 0.25, 1.0, 4.711820602416992]}