{"x": [0, 1, 2, 3, 4, 5], "y": [12.076704978942871, 5.211015701293945, 12.52563762664795, 5.4595208168029785, 12.950063705444336, 4.637193202972412], "params": [7.158114910125732, 0.25, 1.0, 8.312870025634766]}