{"x": [0, 1, 2, 3, 4, 5], "y": [7.869916915893555, 1.9549741744995117, 8.577549934387207, 1.9160552024841309, 8.59805965423584, 2.3173251152038574], "params": [6.406610012054443, 0.25, 1.0, 6.682004451751709]}