{"x": [0, 1, 2, 3, 4, 5], "y": [7.084059238433838, 2.067457675933838, 6.9232964515686035, 1.8063658475875854, 6.749911308288574, 1.5519309043884277], "params": [4.838922500610352, 0.25, 1.0, 5.53212833404541]}