{"x": [0, 1, 2, 3, 4, 5], "y": [3.1787662506103516, 0.3870692253112793, 2.886894464492798, 0.3638947010040283, 2.0890309810638428, -0.18653127551078796], "params": [2.7010416984558105, 0.25, 1.0, 3.365297555923462]}