{"x": [0, 1, 2, 3, 4, 5], "y": [1.161043643951416, 2.3927719593048096, 2.602815628051758, 4.152467250823975, 3.4820003509521484, 4.739890098571777], "params": [1.4975903034210205, -2.0703182220458984, 3.5788464546203613]}