{"x": [0, 1, 2, 3, 4, 5], "y": [4.3309831619262695, 5.860579967498779, 5.743065357208252, 6.6633734703063965, 7.50689697265625, 8.107215881347656], "params": [1.506878137588501, 1.1457791328430176, 3.7762327194213867]}