{"x": [0, 1, 2, 3, 4, 5], "y": [3.5855021476745605, 3.545442819595337, 4.176366329193115, 5.965246677398682, 6.157294273376465, 7.1035003662109375], "params": [2.1219890117645264, 0.0642627477645874, 3.5580575466156006]}