{"x": [0, 1, 2, 3, 4, 5], "y": [2.070596218109131, 3.3935446739196777, 4.516160011291504, 5.496878623962402, 5.358966827392578, 5.676510810852051], "params": [2.2114226818084717, -0.33827900886535645, 3.60591459274292]}