{"x": [0, 1, 2, 3, 4, 5], "y": [3.3113715648651123, 3.5513784885406494, 3.9088406562805176, 4.609111309051514, 5.387359619140625, 6.279356479644775], "params": [1.4545457363128662, -0.38515031337738037, 2.967984914779663]}