{"x": [0, 1, 2, 3, 4, 5], "y": [3.7153751850128174, 5.478705406188965, 5.382752418518066, 6.72060489654541, 7.127676010131836, 7.501960754394531], "params": [2.239499807357788, 0.7729122042655945, 3.786585569381714]}