{"x": [0, 1, 2, 3, 4, 5], "y": [2.7402617931365967, 3.0110926628112793, 3.152066469192505, 4.500283241271973, 3.79231858253479, 4.445127010345459], "params": [1.1000921726226807, -1.5450042486190796, 1.760021448135376]}