{"x": [0, 1, 2, 3, 4, 5], "y": [4.120884895324707, 4.913792610168457, 5.694080829620361, 6.2378950119018555, 7.618241310119629, 8.460257530212402], "params": [2.2955000400543213, 1.1373835802078247, 4.339372634887695]}