{"x": [0, 1, 2, 3, 4, 5], "y": [0.7530418038368225, 2.069173812866211, 2.4686763286590576, 3.7146482467651367, 3.2627663612365723, 4.10245418548584], "params": [1.1215184926986694, -2.2684807777404785, 3.349412441253662]}