{"x": [0, 1, 2, 3, 4, 5], "y": [2.8271584510803223, 3.168898820877075, 3.72019362449646, 5.4397687911987305, 5.606207847595215, 5.633843421936035], "params": [1.5863465070724487, -0.6252127885818481, 2.806684970855713]}