{"x": [0, 1, 2, 3, 4, 5], "y": [5.212611198425293, 6.196465969085693, 6.230387210845947, 6.947678565979004, 8.324743270874023, 9.653755187988281], "params": [2.101297378540039, 2.1660635471343994, 4.441143989562988]}