{"x": [0, 1, 2, 3, 4, 5], "y": [1.0844664573669434, 2.830205202102661, 1.793412208557129, 3.0113775730133057, 3.2285282611846924, 4.546318531036377], "params": [1.2379835844039917, -2.279942035675049, 3.4618520736694336]}