{"x": [0, 1, 2, 3, 4, 5], "y": [3.8333301544189453, 5.7801103591918945, 5.9106268882751465, 5.667570114135742, 7.037059307098389, 8.54046630859375], "params": [1.9417250156402588, 0.9369120001792908, 4.707136154174805]}