{"x": [0, 1, 2, 3, 4, 5], "y": [1.4269177913665771, 2.1263482570648193, 2.5742835998535156, 3.892082452774048, 3.4995784759521484, 4.84890604019165], "params": [1.3571516275405884, -2.0978496074676514, 3.4219882488250732]}