{"x": [0, 1, 2, 3, 4, 5], "y": [3.6033921241760254, 3.483149528503418, 4.650989532470703, 5.724510192871094, 5.94954776763916, 7.407583713531494], "params": [1.4615753889083862, 0.29993772506713867, 3.924434185028076]}