{"x": [0, 1, 2, 3, 4, 5], "y": [4.240907669067383, 6.256042003631592, 6.266241073608398, 6.7853827476501465, 8.599899291992188, 9.873100280761719], "params": [2.3043131828308105, 1.9275591373443604, 5.632192611694336]}