{"x": [0, 1, 2, 3, 4, 5], "y": [3.0953474044799805, 3.9672293663024902, 5.26305627822876, 6.209596157073975, 6.756410121917725, 8.651114463806152], "params": [2.4555397033691406, 0.6580722332000732, 5.555767059326172]}