{"x": [0, 1, 2, 3, 4, 5], "y": [4.85267448425293, 5.475286483764648, 5.296430587768555, 7.837234020233154, 7.898509502410889, 7.8121232986450195], "params": [1.6483373641967773, 1.329258680343628, 3.045835018157959]}