{"x": [0, 1, 2, 3, 4, 5], "y": [3.5649337768554688, 5.201815128326416, 6.666977405548096, 7.125972747802734, 7.957915306091309, 7.844414234161377], "params": [2.3627123832702637, 1.5839296579360962, 4.39298152923584]}