{"x": [0, 1, 2, 3, 4, 5], "y": [1.625889539718628, 1.9688071012496948, 2.7489707469940186, 3.771007776260376, 4.878564834594727, 4.570025444030762], "params": [1.69731605052948, -1.804976224899292, 3.2526752948760986]}