{"x": [0, 1, 2, 3, 4, 5], "y": [5.720301628112793, 6.625916004180908, 6.514917850494385, 7.249662399291992, 7.925246238708496, 9.889130592346191], "params": [1.4629091024398804, 2.3898720741271973, 4.168828964233398]}