{"x": [0, 1, 2, 3, 4, 5], "y": [2.4300389289855957, 2.9985384941101074, 4.634377956390381, 4.789955139160156, 5.447649955749512, 7.1941986083984375], "params": [1.811705470085144, -0.36611616611480713, 4.764159679412842]}