{"x": [0, 1, 2, 3, 4, 5], "y": [1.472259283065796, 2.1987509727478027, 2.690826416015625, 4.473747253417969, 5.060269832611084, 5.807997226715088], "params": [2.352999687194824, -1.3539093732833862, 4.335738182067871]}