{"x": [0, 1, 2, 3, 4, 5], "y": [0.9200789928436279, 1.8455872535705566, 2.334739923477173, 3.607909917831421, 4.501056671142578, 6.3866448402404785], "params": [2.17289137840271, -1.5357434749603271, 5.46656608581543]}