{"x": [0, 1, 2, 3, 4, 5], "y": [1.031454086303711, 2.0283217430114746, 3.1521644592285156, 3.3822097778320312, 4.284186363220215, 5.55379581451416], "params": [2.3143041133880615, -1.5073233842849731, 4.522341728210449]}