{"x": [0, 1, 2, 3, 4, 5], "y": [2.613905668258667, 3.134387731552124, 3.533431053161621, 4.7370500564575195, 4.903538227081299, 5.833095550537109], "params": [1.537575602531433, -1.0748658180236816, 3.2191898822784424]}