{"x": [0, 1, 2, 3, 4, 5], "y": [4.2511138916015625, 3.6388518810272217, 4.13340425491333, 4.837260723114014, 4.066320419311523, 4.978762149810791], "params": [1.0413366556167603, -0.7084229588508606, 1.3399102687835693]}