{"x": [0, 1, 2, 3, 4, 5], "y": [2.558023691177368, 2.7101902961730957, 3.323786735534668, 3.5731992721557617, 3.27492094039917, 4.39569616317749], "params": [1.0005401372909546, -1.9535253047943115, 1.837672472000122]}