{"x": [0, 1, 2, 3, 4, 5], "y": [5.3926544189453125, 6.394920349121094, 6.9643659591674805, 7.514204502105713, 8.509812355041504, 8.496299743652344], "params": [1.8298065662384033, 2.1574666500091553, 3.1171579360961914]}