{"x": [0, 1, 2, 3, 4, 5], "y": [1.9293253421783447, 2.964284896850586, 3.1889896392822266, 5.200076580047607, 5.556000232696533, 4.478837013244629], "params": [1.4034019708633423, -1.031261682510376, 3.6266748905181885]}