{"x": [0, 1, 2, 3, 4, 5], "y": [2.7188706398010254, 2.9802703857421875, 4.375186443328857, 4.5595703125, 5.1442036628723145, 6.284820556640625], "params": [2.0242741107940674, -0.6655588746070862, 3.5659499168395996]}