{"x": [0, 1, 2, 3, 4, 5], "y": [2.8096280097961426, 4.085506439208984, 5.572019577026367, 5.0201640129089355, 7.069933891296387, 7.080051422119141], "params": [2.4436490535736084, 0.20143210887908936, 4.270423412322998]}