{"x": [0, 1, 2, 3, 4, 5], "y": [3.1719398498535156, 3.3506529331207275, 4.725903511047363, 4.450329780578613, 6.186402320861816, 5.425773620605469], "params": [1.5778037309646606, -0.2046230435371399, 3.014462471008301]}