{"x": [0, 1, 2, 3, 4, 5], "y": [1.7427427768707275, 2.4509475231170654, 2.7365524768829346, 3.457637071609497, 4.778695583343506, 4.885826587677002], "params": [1.3708889484405518, -1.3499829769134521, 3.1430838108062744]}