{"x": [0, 1, 2, 3, 4, 5], "y": [3.505443811416626, 3.6999623775482178, 3.7758944034576416, 5.5259175300598145, 5.993635177612305, 6.595799446105957], "params": [2.2991671562194824, 0.011034011840820312, 3.090355634689331]}