{"x": [0, 1, 2, 3, 4, 5], "y": [2.728238582611084, 3.975696086883545, 4.2430830001831055, 5.032317161560059, 5.324530124664307, 6.251842975616455], "params": [1.7808001041412354, -0.6276658177375793, 3.523604393005371]}