{"x": [0, 1, 2, 3, 4, 5], "y": [5.461189270019531, 5.385497093200684, 6.627060413360596, 6.523994445800781, 7.378757953643799, 8.302123069763184], "params": [1.443756341934204, 1.8182919025421143, 2.9166259765625]}