{"x": [0, 1, 2, 3, 4, 5], "y": [2.6897411346435547, 3.7011518478393555, 3.7342216968536377, 3.8784375190734863, 5.82026481628418, 6.938812732696533], "params": [2.2969605922698975, -0.44398248195648193, 4.2490715980529785]}