{"x": [0, 1, 2, 3, 4, 5], "y": [2.8368401527404785, 4.106351852416992, 5.313144207000732, 5.9364399909973145, 5.403741836547852, 7.006070137023926], "params": [1.395691156387329, -0.18724113702774048, 4.169229984283447]}