{"x": [0, 1, 2, 3, 4, 5], "y": [0.8790065050125122, 1.4929734468460083, 2.623561143875122, 3.0714962482452393, 3.7991645336151123, 5.968897819519043], "params": [2.4867990016937256, -2.026604652404785, 5.08989143371582]}