{"x": [0, 1, 2, 3, 4, 5], "y": [1.6885812282562256, 1.7372961044311523, 3.206108808517456, 3.0883164405822754, 4.293557167053223, 4.100045204162598], "params": [1.3219847679138184, -1.754077672958374, 2.604975938796997]}