{"x": [0, 1, 2, 3, 4, 5], "y": [3.475268602371216, 3.8129098415374756, 4.12720251083374, 2.0109591484069824, 9.364794731140137, 2.618755340576172], "params": [1.2680034637451172, -0.18092572689056396, 2.599586248397827, 5.994176387786865, 0.25, 1.0, 7.353835582733154]}