{"x": [0, 1, 2, 3, 4, 5], "y": [5.212611198425293, 6.196465969085693, 6.230387210845947, 1.9685286283493042, 5.047209739685059, 1.4846322536468506], "params": [2.101297378540039, 2.1660635471343994, 4.441143989562988, 2.8896749019622803, 0.25, 1.0, 3.9178481101989746]}