{"x": [0, 1, 2, 3, 4, 5], "y": [3.2603015899658203, 4.107678413391113, 4.225609302520752, 1.1442158222198486, 7.954089164733887, 1.493307113647461], "params": [2.2180559635162354, 0.1350685954093933, 3.791604995727539, 5.556647300720215, 0.25, 1.0, 6.867493629455566]}