{"x": [0, 1, 2, 3, 4, 5], "y": [2.4300389289855957, 2.9985384941101074, 4.634377956390381, 0.47535091638565063, 5.016214370727539, 0.8560857772827148], "params": [1.811705470085144, -0.36611616611480713, 4.764159679412842, 5.729294776916504, 0.25, 1.0, 5.23513126373291]}