{"x": [0, 1, 2, 3, 4, 5], "y": [4.240907669067383, 6.256042003631592, 6.266241073608398, 1.838445782661438, 5.555905818939209, 1.6415116786956787], "params": [2.3043131828308105, 1.9275591373443604, 5.632192611694336, 2.7808916568756104, 0.25, 1.0, 3.9143941402435303]}