{"x": [0, 1, 2, 3, 4, 5], "y": [2.0023245811462402, 3.1295485496520996, 3.5950357913970947, 2.0891168117523193, 5.805150032043457, 2.34460186958313], "params": [1.142393946647644, -1.335875391960144, 2.690267562866211, 3.9536280632019043, 0.25, 1.0, 4.392879486083984]}