{"x": [0, 1, 2, 3, 4, 5], "y": [0.4032338559627533, 1.339698076248169, 2.393211603164673, 1.0473395586013794, 4.846562385559082, 0.7867916822433472], "params": [1.8465951681137085, -2.317565679550171, 4.4417314529418945, 3.3420867919921875, 0.25, 1.0, 4.711820602416992]}