{"x": [0, 1, 2, 3, 4, 5], "y": [4.2511138916015625, 3.6388518810272217, 4.13340425491333, -0.9405118227005005, 5.071238994598389, 1.037460446357727], "params": [1.0413366556167603, -0.7084229588508606, 1.3399102687835693, 4.884523868560791, 0.25, 1.0, 6.145213603973389]}