{"x": [0, 1, 2, 3, 4, 5], "y": [4.673478126525879, 4.520139694213867, 5.838968753814697, 2.5962915420532227, 7.8630828857421875, 2.146949291229248], "params": [1.275030493736267, 0.7444056868553162, 3.0229673385620117, 5.55172872543335, 0.25, 1.0, 7.022703647613525]}