{"x": [0, 1, 2, 3, 4, 5], "y": [3.8333301544189453, 5.7801103591918945, 5.9106268882751465, 0.19232070446014404, 4.931573390960693, 0.5901177525520325], "params": [1.9417250156402588, 0.9369120001792908, 4.707136154174805, 4.948619365692139, 0.25, 1.0, 5.195911407470703]}