{"x": [0, 1, 2, 3, 4, 5], "y": [2.3461849689483643, 2.7653648853302, 3.860069751739502, 1.6710623502731323, 6.381835460662842, 2.618370532989502], "params": [1.6370680332183838, -1.6955182552337646, 2.8169424533843994, 4.45349645614624, 0.25, 1.0, 5.2009196281433105]}