{"x": [0, 1, 2, 3, 4, 5], "y": [2.463186502456665, 3.075397253036499, 4.2565226554870605, 1.1717607975006104, 6.760759353637695, 0.5357539653778076], "params": [1.5871458053588867, -0.5249425768852234, 3.4440648555755615, 4.8408522605896, 0.25, 1.0, 6.284379482269287]}