{"x": [0, 1, 2, 3, 4, 5], "y": [0.7891871929168701, 1.0183286666870117, 3.2977938652038574, 5.4595208168029785, 12.950063705444336, 4.637193202972412], "params": [2.283712387084961, -1.8942723274230957, 5.1543684005737305, 7.158114910125732, 0.25, 1.0, 8.312870025634766]}