{"x": [0, 1, 2, 3, 4, 5], "y": [2.158432960510254, 2.6623611450195312, 2.7641069889068604, 2.0345852375030518, 5.542318344116211, 1.5363906621932983], "params": [2.188828945159912, -1.162656307220459, 3.6902146339416504, 4.046453952789307, 0.25, 1.0, 4.419164180755615]}