{"x": [0, 1, 2, 3, 4, 5], "y": [2.2832834720611572, 2.8370559215545654, 2.4222636222839355, 2.369312286376953, 8.754888534545898, 1.3163212537765503], "params": [1.5757076740264893, -1.5152952671051025, 1.898944616317749, 6.663476943969727, 0.25, 1.0, 8.707108497619629]}