{"x": [0, 1, 2, 3, 4, 5], "y": [3.5855021476745605, 3.545442819595337, 4.176366329193115, 1.1253764629364014, 5.773763656616211, 1.1116923093795776], "params": [2.1219890117645264, 0.0642627477645874, 3.5580575466156006, 5.230811595916748, 0.25, 1.0, 5.53292179107666]}