{"x": [0, 1, 2, 3, 4, 5], "y": [2.3491289615631104, 2.4380617141723633, 3.918142557144165, -0.06488731503486633, 3.297173500061035, 0.7975923418998718], "params": [2.0086708068847656, -0.9370067715644836, 3.8500044345855713, 2.594310760498047, 0.25, 1.0, 4.333017349243164]}