{"x": [0, 1, 2, 3, 4, 5], "y": [5.731889247894287, 6.161752223968506, 7.062108516693115, -0.6226456761360168, 5.216503143310547, 0.5328637957572937], "params": [1.2533949613571167, 1.9914486408233643, 2.3487401008605957, 3.9696013927459717, 0.25, 1.0, 5.839148998260498]}