{"x": [0, 1, 2, 3, 4, 5], "y": [4.033149719238281, 3.5770115852355957, 4.282358169555664, 1.1326892375946045, 8.435359001159668, 1.4717210531234741], "params": [1.3133182525634766, -0.16259074211120605, 2.683445930480957, 6.968042850494385, 0.25, 1.0, 7.693148612976074]}