{"x": [0, 1, 2, 3, 4, 5], "y": [2.01519513130188, 3.0486695766448975, 3.5926003456115723, 5.255268573760986, 11.703990936279297, 4.871078968048096], "params": [1.9600292444229126, -0.6865772604942322, 4.979686737060547, 7.3272705078125, 0.25, 1.0, 6.946727275848389]}