{"x": [0, 1, 2, 3, 4, 5], "y": [1.3407409191131592, 1.8295085430145264, 2.89033842086792, 4.495680809020996, 11.169361114501953, 3.9397494792938232], "params": [1.7081798315048218, -2.3293087482452393, 2.442948341369629, 6.7015485763549805, 0.25, 1.0, 7.229611396789551]}