{"x": [0, 1, 2, 3, 4, 5], "y": [2.7803549766540527, 3.5995659828186035, 5.675249099731445, 0.38638654351234436, 3.537358283996582, 0.6608566045761108], "params": [2.487395763397217, -0.03876030445098877, 4.769387722015381, 2.8831725120544434, 0.25, 1.0, 3.6503660678863525]}