{"x": [0, 1, 2, 3, 4, 5], "y": [2.8368401527404785, 4.106351852416992, 5.313144207000732, 1.094211220741272, 5.684234619140625, 1.6005762815475464], "params": [1.395691156387329, -0.18724113702774048, 4.169229984283447, 3.59188175201416, 0.25, 1.0, 4.590023517608643]}