{"x": [0, 1, 2, 3, 4, 5], "y": [1.031454086303711, 2.0283217430114746, 3.1521644592285156, -0.018394798040390015, 4.510752201080322, -0.24775603413581848], "params": [2.3143041133880615, -1.5073233842849731, 4.522341728210449, 4.303414344787598, 0.25, 1.0, 5.851381301879883]}