{"x": [0, 1, 2, 3, 4, 5], "y": [1.6885812282562256, 1.7372961044311523, 3.206108808517456, 1.60262930393219, 8.594832420349121, 0.855431318283081], "params": [1.3219847679138184, -1.754077672958374, 2.604975938796997, 6.073989391326904, 0.25, 1.0, 7.739400863647461]}