{"x": [0, 1, 2, 3, 4, 5], "y": [2.8096280097961426, 4.085506439208984, 5.572019577026367, 3.1266353130340576, 10.207684516906738, 3.7138261795043945], "params": [2.4436490535736084, 0.20143210887908936, 4.270423412322998, 6.650464057922363, 0.25, 1.0, 7.791184902191162]}