{"x": [0, 1, 2, 3, 4, 5], "y": [2.7402617931365967, 3.0110926628112793, 3.152066469192505, 0.3638947010040283, 2.0890309810638428, -0.18653127551078796], "params": [1.1000921726226807, -1.5450042486190796, 1.760021448135376, 2.7010416984558105, 0.25, 1.0, 3.365297555923462]}