{"x": [0, 1, 2, 3, 4, 5], "y": [1.3104984760284424, 2.2702975273132324, 3.1968863010406494, 2.268524169921875, 3.855860948562622, 1.3956363201141357], "params": [1.9700053930282593, -1.4441313743591309, 3.838383913040161, 2.807079315185547, 0.25, 1.0, 3.7536723613739014]}