{"x": [0, 1, 2, 3, 4, 5], "y": [1.1263008117675781, 1.7118706703186035, 3.069791793823242, 0.7031636238098145, 5.286188125610352, 0.5102391839027405], "params": [2.2272114753723145, -1.9765565395355225, 4.380975246429443, 5.169223308563232, 0.25, 1.0, 5.648751735687256]}