{"x": [0, 1, 2, 3, 4, 5], "y": [5.394564628601074, 5.915934085845947, 6.742408275604248, 3.803043842315674, 8.826990127563477, 3.7199227809906006], "params": [1.9159510135650635, 2.106588840484619, 3.4470691680908203, 5.107842445373535, 0.25, 1.0, 5.364482402801514]}