{"x": [0, 1, 2, 3, 4, 5], "y": [1.0844664573669434, 2.830205202102661, 1.793412208557129, 2.39129900932312, 4.350503444671631, 2.5259671211242676], "params": [1.2379835844039917, -2.279942035675049, 3.4618520736694336, 2.8172731399536133, 0.25, 1.0, 3.5831549167633057]}