{"x": [0, 1, 2, 3, 4, 5], "y": [3.5457561016082764, 5.367630958557129, 5.685640811920166, 1.2670340538024902, 6.927659034729004, 1.5059139728546143], "params": [2.1385679244995117, 0.9051612019538879, 3.973721742630005, 5.363178730010986, 0.25, 1.0, 6.098243236541748]}