{"x": [0, 1, 2, 3, 4, 5], "y": [4.3309831619262695, 5.860579967498779, 5.743065357208252, 3.6168835163116455, 10.919119834899902, 4.636467933654785], "params": [1.506878137588501, 1.1457791328430176, 3.7762327194213867, 6.845637321472168, 0.25, 1.0, 7.988526344299316]}