{"x": [0, 1, 2, 3, 4, 5], "y": [2.566197156906128, 2.365701675415039, 4.5292439460754395, 1.510521650314331, 5.297076225280762, 1.679269790649414], "params": [1.873457908630371, -0.5331045389175415, 3.439988136291504, 4.026035308837891, 0.25, 1.0, 4.7314982414245605]}