{"x": [0, 1, 2, 3, 4, 5], "y": [0.20510873198509216, 1.21554696559906, 2.1523194313049316, 1.324238657951355, 6.350865364074707, 0.9587192535400391], "params": [2.2899043560028076, -2.2993364334106445, 5.516234874725342, 5.3172607421875, 0.25, 1.0, 6.4634785652160645]}