{"x": [0, 1, 2, 3, 4, 5], "y": [1.8401119709014893, 3.1121909618377686, 2.828467607498169, 0.38379162549972534, 5.287034511566162, 0.06077778339385986], "params": [1.2431297302246094, -1.2548937797546387, 3.421109914779663, 4.458137035369873, 0.25, 1.0, 5.350750923156738]}