{"x": [0, 1, 2, 3, 4, 5], "y": [4.270742893218994, 5.360440731048584, 6.085108280181885, 1.9593074321746826, 9.2443208694458, 1.6151223182678223], "params": [1.7975749969482422, 1.1397713422775269, 4.199894428253174, 7.386713027954102, 0.25, 1.0, 7.935849666595459]}