{"x": [0, 1, 2, 3, 4, 5], "y": [2.8060808181762695, 3.806323528289795, 3.447544574737549, 3.5142717361450195, 9.293654441833496, 3.7364702224731445], "params": [1.5868772268295288, -0.8674833178520203, 3.7217817306518555, 5.448882102966309, 0.25, 1.0, 5.779382705688477]}