{"x": [0, 1, 2, 3, 4, 5], "y": [1.1972452402114868, 1.8366286754608154, 2.0560994148254395, 0.35355275869369507, 3.9652256965637207, 0.9143853783607483], "params": [1.641498327255249, -2.4763286113739014, 3.0937819480895996, 3.749401092529297, 0.25, 1.0, 4.439209938049316]}