{"x": [0, 1, 2, 3, 4, 5], "y": [2.08551287651062, 3.8104400634765625, 4.267470836639404, 3.564685344696045, 8.817551612854004, 3.437591075897217], "params": [2.27437162399292, -0.31898945569992065, 4.775168418884277, 5.388088703155518, 0.25, 1.0, 5.379960536956787]}