{"x": [0, 1, 2, 3, 4, 5], "y": [1.472259283065796, 2.1987509727478027, 2.690826416015625, 1.9160552024841309, 8.59805965423584, 2.3173251152038574], "params": [2.352999687194824, -1.3539093732833862, 4.335738182067871, 6.406610012054443, 0.25, 1.0, 6.682004451751709]}