{"x": [0, 1, 2, 3, 4, 5], "y": [1.3490890264511108, 2.875117540359497, 3.8491404056549072, 2.2595021724700928, 9.012216567993164, 1.8887535333633423], "params": [2.0350804328918457, -1.4926502704620361, 5.172699451446533, 7.331900596618652, 0.25, 1.0, 7.52829122543335]}