{"x": [0, 1, 2, 3, 4, 5], "y": [2.074002742767334, 2.5060250759124756, 2.718557596206665, 2.7159876823425293, 7.283939838409424, 2.6612560749053955], "params": [1.3249588012695312, -1.2763649225234985, 2.696204662322998, 4.634799480438232, 0.25, 1.0, 5.3364458084106445]}