{"x": [0, 1, 2, 3, 4, 5], "y": [2.9396142959594727, 5.0341339111328125, 5.57119607925415, 3.7757251262664795, 10.371734619140625, 3.022386074066162], "params": [1.9621456861495972, 0.5166706442832947, 4.593681812286377, 7.3292975425720215, 0.25, 1.0, 7.924416542053223]}