{"x": [0, 1, 2, 3, 4, 5], "y": [0.17085491120815277, 2.4642910957336426, 2.4362292289733887, -0.27893149852752686, 6.1516432762146, 0.2713274359703064], "params": [2.2822859287261963, -2.3613953590393066, 4.9011406898498535, 6.125919342041016, 0.25, 1.0, 6.641079902648926]}