{"x": [0, 1, 2, 3, 4, 5], "y": [6.719855308532715, 6.914186954498291, 7.001181602478027, 4.109616756439209, 10.07293701171875, 3.841423273086548], "params": [1.173460602760315, 2.0551581382751465, 1.2485361099243164, 5.856170177459717, 0.25, 1.0, 6.8080668449401855]}