{"x": [0, 1, 2, 3, 4, 5], "y": [3.0953474044799805, 3.9672293663024902, 5.26305627822876, 0.39321598410606384, 4.486366271972656, 0.3842701315879822], "params": [2.4555397033691406, 0.6580722332000732, 5.555767059326172, 3.200611114501953, 0.25, 1.0, 4.102096080780029]}