{"x": [0, 1, 2, 3, 4, 5], "y": [3.0491902828216553, 4.589493751525879, 5.584796905517578, 0.4623573422431946, 3.201785087585449, 0.6284484267234802], "params": [1.9814612865447998, 0.27472883462905884, 3.9211504459381104, 2.912487506866455, 0.25, 1.0, 3.4162421226501465]}