{"x": [0, 1, 2, 3, 4, 5], "y": [5.461189270019531, 5.385497093200684, 6.627060413360596, 1.3757679462432861, 4.976746082305908, 1.1235631704330444], "params": [1.443756341934204, 1.8182919025421143, 2.9166259765625, 2.9761061668395996, 0.25, 1.0, 3.9155333042144775]}