{"x": [0, 1, 2, 3, 4, 5], "y": [2.159261465072632, 2.516935348510742, 3.2819268703460693, 0.9329610466957092, 6.299344062805176, 1.7039039134979248], "params": [1.1328538656234741, -1.5775701999664307, 3.0457279682159424, 5.1220808029174805, 0.25, 1.0, 6.332747459411621]}