{"x": [0, 1, 2, 3, 4, 5], "y": [10.642704010009766, 3.534252405166626, 11.015634536743164, 3.732365846633911, 11.562983512878418, 3.8306190967559814], "params": [7.160003185272217, 0.25, 1.0, 8.028731346130371]}