{"x": [0, 1, 2, 3, 4, 5], "y": [9.634247779846191, 4.055851459503174, 8.570340156555176, 3.9305787086486816, 9.457148551940918, 3.750694990158081], "params": [5.615623474121094, 0.25, 1.0, 5.883552551269531]}