{"x": [0, 1, 2, 3, 4, 5], "y": [10.424378395080566, 3.967709541320801, 10.770654678344727, 4.126056671142578, 11.784356117248535, 4.349961757659912], "params": [7.435816764831543, 0.25, 1.0, 7.816646575927734]}