{"x": [0, 1, 2, 3, 4, 5], "y": [9.386619567871094, 3.123551368713379, 7.827347755432129, 2.4334356784820557, 7.987938404083252, 3.044140100479126], "params": [5.927216529846191, 0.25, 1.0, 6.953184127807617]}