{"x": [0, 1, 2, 3, 4, 5], "y": [10.961976051330566, 3.1788573265075684, 11.593219757080078, 4.266127109527588, 10.974594116210938, 4.426506996154785], "params": [7.31282901763916, 0.25, 1.0, 8.414361953735352]}