{"x": [0, 1, 2, 3, 4, 5], "y": [2.4876112937927246, -0.46090859174728394, 3.7551465034484863, 0.4681950807571411, 1.4572621583938599, -0.4076411724090576], "params": [2.5099217891693115, 0.25, 1.0, 4.216054916381836]}