{"x": [0, 1, 2, 3, 4, 5], "y": [5.98325252532959, 0.4903745651245117, 6.017728805541992, 0.8538932800292969, 5.653282165527344, 0.1683959811925888], "params": [5.1580610275268555, 0.25, 1.0, 5.849332809448242]}