{"x": [0, 1, 2, 3, 4, 5], "y": [9.546072006225586, 3.311845541000366, 9.93423080444336, 4.524646759033203, 9.966705322265625, 3.4391798973083496], "params": [6.22068452835083, 0.25, 1.0, 6.65485954284668]}