{"x": [0, 1, 2, 3, 4, 5], "y": [7.159890174865723, 1.0318065881729126, 7.123960018157959, 0.3357362151145935, 6.8358073234558105, 0.14493244886398315], "params": [6.248855113983154, 0.25, 1.0, 7.014957904815674]}