{"x": [0, 1, 2, 3, 4, 5], "y": [7.871150970458984, 2.5798633098602295, 7.9938554763793945, 1.8862440586090088, 8.689481735229492, 2.3441317081451416], "params": [6.174644470214844, 0.25, 1.0, 6.8032379150390625]}