{"x": [0, 1, 2, 3, 4, 5], "y": [6.4093852043151855, 1.4910838603973389, 5.51666784286499, 1.557067632675171, 5.685234069824219, 2.1022462844848633], "params": [3.4721450805664062, 0.25, 1.0, 4.918301582336426]}