{"x": [0, 1, 2, 3, 4, 5], "y": [11.042840003967285, 2.954352378845215, 10.35235595703125, 4.151359558105469, 11.02216625213623, 3.204256296157837], "params": [7.300110340118408, 0.25, 1.0, 8.08848762512207]}