{"x": [0, 1, 2, 3, 4, 5], "y": [9.105414390563965, 2.609433889389038, 9.027387619018555, 2.642754554748535, 8.888781547546387, 2.8857622146606445], "params": [6.50582218170166, 0.25, 1.0, 6.495980262756348]}