{"x": [0, 1, 2, 3, 4, 5], "y": [4.377500057220459, 1.5204731225967407, 5.07288122177124, 0.8778455257415771, 4.541726112365723, 1.1225367784500122], "params": [4.022823810577393, 0.25, 1.0, 4.195035934448242]}