{"x": [0, 1, 2, 3, 4, 5], "y": [4.571712493896484, 1.7772468328475952, 4.8185882568359375, 1.5909972190856934, 4.4564714431762695, 0.5915554761886597], "params": [2.600381374359131, 0.25, 1.0, 4.227032661437988]}