{"x": [0, 1, 2, 3, 4, 5], "y": [4.350795269012451, 3.0160722732543945, 4.382818222045898, 1.4693388938903809, 4.727691173553467, 1.379678726196289], "params": [2.89867901802063, 0.25, 1.0, 3.3480124473571777]}