{"x": [0, 1, 2, 3, 4, 5], "y": [5.011538028717041, 2.4723756313323975, 4.977199077606201, 1.5595593452453613, 4.608768939971924, 2.433149814605713], "params": [3.259891986846924, 0.25, 1.0, 3.4519786834716797]}