{"x": [0, 1, 2, 3, 4, 5], "y": [4.798120975494385, 0.72983717918396, 4.512636184692383, 0.31616270542144775, 4.762529373168945, -0.03915292024612427], "params": [4.355445861816406, 0.25, 1.0, 4.837274074554443]}