{"x": [0, 1, 2, 3, 4, 5], "y": [5.07810640335083, 2.656658172607422, 5.767724990844727, 3.559739351272583, 5.525020599365234, 2.0909314155578613], "params": [3.766833543777466, 0.25, 1.0, 3.6767935752868652]}