{"x": [0, 1, 2, 3, 4, 5], "y": [10.146611213684082, 2.207797050476074, 9.067299842834473, 3.132413625717163, 10.024222373962402, 3.161749839782715], "params": [6.715087413787842, 0.25, 1.0, 7.938814163208008]}