{"x": [0, 1, 2, 3, 4, 5], "y": [9.007015228271484, 2.2926528453826904, 9.764627456665039, 2.3930389881134033, 9.670611381530762, 2.220372438430786], "params": [7.310297012329102, 0.25, 1.0, 7.544255256652832]}