{"x": [0, 1, 2, 3, 4, 5], "y": [4.2309088706970215, 0.8425590991973877, 3.9593236446380615, 0.03627115488052368, 3.7576844692230225, 0.7905031442642212], "params": [3.4640262126922607, 0.25, 1.0, 4.194637775421143]}