{"x": [0, 1, 2, 3, 4, 5], "y": [4.732584476470947, 1.6271754503250122, 4.411593914031982, 2.021958112716675, 4.5377349853515625, 1.5144710540771484], "params": [3.004363536834717, 0.25, 1.0, 3.218113422393799]}