{"x": [0, 1, 2, 3, 4, 5], "y": [6.506510257720947, 2.7111380100250244, 5.966129779815674, 2.2938785552978516, 6.867984294891357, 2.168440580368042], "params": [3.804476022720337, 0.25, 1.0, 4.6995439529418945]}