{"x": [0, 1, 2, 3, 4, 5], "y": [9.841930389404297, 2.6148557662963867, 9.6477689743042, 3.2461023330688477, 10.389272689819336, 2.6532483100891113], "params": [6.876103401184082, 0.25, 1.0, 7.774416923522949]}