{"x": [0, 1, 2, 3, 4, 5], "y": [9.07210922241211, 2.1610586643218994, 7.983752727508545, 2.175722122192383, 8.682605743408203, 2.847935438156128], "params": [5.96682596206665, 0.25, 1.0, 6.911050796508789]}