{"x": [0, 1, 2, 3, 4, 5], "y": [6.310469150543213, 1.4222749471664429, 6.974160671234131, 0.37218818068504333, 7.92223596572876, 0.5141367316246033], "params": [6.093356609344482, 0.25, 1.0, 7.550047874450684]}