{"x": [0, 1, 2, 3, 4, 5], "y": [4.4570231437683105, 0.8302882313728333, 5.7973127365112305, 2.0209124088287354, 4.575686931610107, 0.7417953610420227], "params": [3.7695693969726562, 0.25, 1.0, 5.055517196655273]}