{"x": [0, 1, 2, 3, 4, 5], "y": [11.651575088500977, 3.1326847076416016, 11.202970504760742, 4.09448766708374, 11.780378341674805, 2.6276745796203613], "params": [7.408829689025879, 0.25, 1.0, 9.152704238891602]}