{"x": [0, 1, 2, 3, 4, 5], "y": [9.360654830932617, 3.2442870140075684, 9.00955867767334, 3.7243616580963135, 8.093437194824219, 3.738460063934326], "params": [5.633422374725342, 0.25, 1.0, 6.116367816925049]}