{"x": [0, 1, 2, 3, 4, 5], "y": [12.029753684997559, 4.453549861907959, 10.851082801818848, 3.8359313011169434, 11.412562370300293, 3.317784309387207], "params": [7.076454162597656, 0.25, 1.0, 8.711969375610352]}