{"x": [0, 1, 2, 3, 4, 5], "y": [4.912773609161377, 0.11000901460647583, 5.164238452911377, 0.48019734025001526, 4.585427761077881, 0.2899587154388428], "params": [4.47075080871582, 0.25, 1.0, 5.054229259490967]}