{"x": [0, 1, 2, 3, 4, 5], "y": [4.738816261291504, -0.11474736779928207, 4.560760498046875, 0.5896461009979248, 5.557741641998291, 0.5993290543556213], "params": [5.164521217346191, 0.25, 1.0, 5.672489166259766]}