{"x": [0, 1, 2, 3, 4, 5], "y": [5.079304218292236, 1.2713038921356201, 5.380654811859131, 2.5483343601226807, 5.1856303215026855, 1.6037976741790771], "params": [3.473045825958252, 0.25, 1.0, 4.10935115814209]}