{"x": [0, 1, 2, 3, 4, 5], "y": [6.340256690979004, 1.2700927257537842, 5.886839866638184, 0.563162088394165, 6.001147270202637, 0.352772057056427], "params": [4.9178080558776855, 0.25, 1.0, 5.987484455108643]}