{"x": [0, 1, 2, 3, 4, 5], "y": [9.505755424499512, 2.6309096813201904, 9.774604797363281, 2.102940082550049, 9.621988296508789, 1.6661655902862549], "params": [6.876450538635254, 0.25, 1.0, 8.108439445495605]}