{"x": [0, 1, 2, 3, 4, 5], "y": [4.994619369506836, 0.729201078414917, 4.806911468505859, 1.463315725326538, 5.238711833953857, 0.969429075717926], "params": [4.594194412231445, 0.25, 1.0, 4.5095109939575195]}