{"x": [0, 1, 2, 3, 4, 5], "y": [5.114923477172852, 0.13176493346691132, 4.659466743469238, 0.49816715717315674, 4.9579620361328125, -1.1471683979034424], "params": [4.557401180267334, 0.25, 1.0, 6.262091636657715]}