{"x": [0, 1, 2, 3, 4, 5], "y": [6.785576820373535, 1.616494059562683, 5.937350273132324, 0.8443779945373535, 6.380693435668945, 1.1203906536102295], "params": [5.490891933441162, 0.25, 1.0, 5.941198825836182]}