{"x": [0, 1, 2, 3, 4, 5], "y": [11.943385124206543, 5.589168071746826, 12.642738342285156, 4.141844272613525, 12.292353630065918, 5.669058322906494], "params": [7.385715484619141, 0.25, 1.0, 8.500894546508789]}