{"x": [0, 1, 2, 3, 4, 5], "y": [4.880339622497559, 4.6367082595825195, 3.613612174987793, 3.307380199432373, 3.139237403869629, 2.0888986587524414], "params": [-1.3653068542480469, -1.3831183910369873, 2.791440963745117]}