{"x": [0, 1, 2, 3, 4, 5], "y": [6.850296974182129, 6.280966281890869, 5.745208263397217, 4.374417304992676, 4.059219837188721, 3.6200082302093506], "params": [-1.5657951831817627, 0.26737719774246216, 3.2302887439727783]}