{"x": [0, 1, 2, 3, 4, 5], "y": [7.7122392654418945, 6.276796817779541, 5.227286338806152, 4.005560398101807, 3.3315024375915527, 2.500758647918701], "params": [-2.2774674892425537, -0.23740679025650024, 5.211480617523193]}