{"x": [0, 1, 2, 3, 4, 5], "y": [6.3652472496032715, 6.760690689086914, 5.913166522979736, 5.14313268661499, 4.36081600189209, 3.8561136722564697], "params": [-1.9541529417037964, 0.7498261332511902, 2.9045770168304443]}