{"x": [0, 1, 2, 3, 4, 5], "y": [4.944484710693359, 4.374221324920654, 3.9110257625579834, 3.6378047466278076, 2.555985927581787, 1.9368380308151245], "params": [-2.0317270755767822, -1.470969319343567, 3.0076465606689453]}