{"x": [0, 1, 2, 3, 4, 5], "y": [5.5849127769470215, 4.194458961486816, 4.036017894744873, 3.7297632694244385, 2.3064751625061035, 2.1519715785980225], "params": [-2.184473991394043, -0.9594747424125671, 3.432941198348999]}