{"x": [0, 1, 2, 3, 4, 5], "y": [4.786989688873291, 4.246873378753662, 3.2394604682922363, 3.4354047775268555, 2.186856269836426, 2.6690359115600586], "params": [-1.4106872081756592, -1.746230125427246, 2.6001334190368652]}