{"x": [0, 1, 2, 3, 4, 5], "y": [3.9000885486602783, 3.4700965881347656, 3.678414821624756, 3.5364933013916016, 2.2686800956726074, 1.5531660318374634], "params": [-1.0514967441558838, -1.7563027143478394, 2.3469223976135254]}