{"x": [0, 1, 2, 3, 4, 5], "y": [7.7163286209106445, 7.016766548156738, 6.254177093505859, 6.21414852142334, 5.666780948638916, 5.01840353012085], "params": [-1.7553690671920776, 0.9651592373847961, 2.697925090789795]}