{"x": [0, 1, 2, 3, 4, 5], "y": [5.607850074768066, 4.523332595825195, 4.294580459594727, 4.167865753173828, 3.2740414142608643, 1.9613929986953735], "params": [-1.2436635494232178, -1.3080499172210693, 3.6464571952819824]}