{"x": [0, 1, 2, 3, 4, 5], "y": [5.6312360763549805, 5.169516563415527, 3.990354537963867, 3.2005794048309326, 2.0937094688415527, 1.2662864923477173], "params": [-2.121187210083008, -1.5653517246246338, 4.364949703216553]}