{"x": [0, 1, 2, 3, 4, 5], "y": [4.5527663230896, 4.719173908233643, 3.6836965084075928, 3.085181713104248, 2.773076057434082, 1.7700896263122559], "params": [-1.850413203239441, -1.6342129707336426, 2.9490842819213867]}