{"x": [0, 1, 2, 3, 4, 5], "y": [6.553333282470703, 5.4362688064575195, 4.461825847625732, 3.2261791229248047, 2.4311399459838867, 1.4556795358657837], "params": [-2.355473279953003, -0.8668756484985352, 5.097653865814209]}