{"x": [0, 1, 2, 3, 4, 5], "y": [6.9972615242004395, 4.9322428703308105, 3.493955135345459, 3.6775104999542236, 2.6343655586242676, 1.2375715970993042], "params": [-2.400092124938965, -1.0346794128417969, 5.759689807891846]}