{"x": [0, 1, 2, 3, 4, 5], "y": [5.77537727355957, 3.773452043533325, 3.617766857147217, 3.4509596824645996, 2.277095079421997, 1.9335705041885376], "params": [-1.8606433868408203, -1.6540322303771973, 3.8418068885803223]}