{"x": [0, 1, 2, 3, 4, 5], "y": [7.696163654327393, 6.282063961029053, 6.143702030181885, 5.223142147064209, 4.883682727813721, 3.1521031856536865], "params": [-2.1287317276000977, 0.4366666078567505, 4.544060707092285]}