{"x": [0, 1, 2, 3, 4, 5], "y": [7.335943222045898, 6.605187892913818, 6.891884803771973, 4.686382293701172, 4.182124137878418, 3.0819084644317627], "params": [-1.9812551736831665, 0.00814199447631836, 4.254034996032715]}