{"x": [0, 1, 2, 3, 4, 5], "y": [6.637068748474121, 5.389094829559326, 5.832446098327637, 4.49967098236084, 4.20533561706543, 3.599534749984741], "params": [-1.5661579370498657, 0.02366393804550171, 3.03753399848938]}