{"x": [0, 1, 2, 3, 4, 5], "y": [4.780754089355469, 3.8650450706481934, 3.6295852661132812, 2.7601723670959473, 1.5689945220947266, 1.010063886642456], "params": [-1.6473662853240967, -1.9907054901123047, 3.7706902027130127]}