{"x": [0, 1, 2, 3, 4, 5], "y": [7.9620442390441895, 6.519287109375, 6.068547248840332, 5.774566650390625, 4.258539199829102, 3.462510347366333], "params": [-1.989657998085022, 0.8204108476638794, 4.499533653259277]}