{"x": [0, 1, 2, 3, 4, 5], "y": [9.145869255065918, 8.524778366088867, 7.204748630523682, 6.581273555755615, 5.3097615242004395, 4.398913383483887], "params": [-2.253173351287842, 1.9578516483306885, 4.746955871582031]}