{"x": [0, 1, 2, 3, 4, 5], "y": [8.67520523071289, 7.2162580490112305, 6.404708385467529, 4.88096809387207, 3.9142818450927734, 3.2534430027008057], "params": [-2.33305025100708, 0.7667979598045349, 5.421762466430664]}