{"x": [0, 1, 2, 3, 4, 5], "y": [8.712898254394531, 7.916643142700195, 6.82850456237793, 6.795542240142822, 6.178297996520996, 4.865005016326904], "params": [-1.2281280755996704, 1.8890347480773926, 3.847893238067627]}