{"x": [0, 1, 2, 3, 4, 5], "y": [6.553004741668701, 7.334477424621582, 6.644389629364014, 6.6508002281188965, 6.322276592254639, 5.500821590423584], "params": [-1.1659554243087769, 1.5174204111099243, 1.833655834197998]}