{"x": [0, 1, 2, 3, 4, 5], "y": [4.086244583129883, 3.640748977661133, 3.1973633766174316, 1.5995445251464844, 1.497497320175171, 1.323586106300354], "params": [-1.8756986856460571, -2.227950096130371, 2.7626585960388184]}