{"x": [0, 1, 2, 3, 4, 5], "y": [6.2992963790893555, 5.350359916687012, 5.805278301239014, 3.851209878921509, 3.9325079917907715, 2.5750370025634766], "params": [-1.6208159923553467, -0.40536433458328247, 3.724259376525879]}