{"x": [0, 1, 2, 3, 4, 5], "y": [5.0063276290893555, 5.087747097015381, 3.844695568084717, 2.688593864440918, 1.5772751569747925, 0.8900237679481506], "params": [-2.1806623935699463, -1.7352336645126343, 4.197723388671875]}