{"x": [0, 1, 2, 3, 4, 5], "y": [4.638039588928223, 5.0991082191467285, 3.7686305046081543, 3.043161153793335, 1.9158036708831787, 0.872485876083374], "params": [-2.2325823307037354, -1.8439149856567383, 4.226622581481934]}