{"x": [0, 1, 2, 3, 4, 5], "y": [7.559762954711914, 5.076131343841553, 3.7318201065063477, 2.5042483806610107, 2.109703779220581, 1.8022327423095703], "params": [-2.4367308616638184, -1.0619022846221924, 5.757530212402344]}