{"x": [0, 1, 2, 3, 4, 5], "y": [7.757644176483154, 6.999801158905029, 7.288045883178711, 6.585447788238525, 5.8056840896606445, 5.348183631896973], "params": [-1.154331922531128, 1.6344962120056152, 2.4094605445861816]}