{"x": [0, 1, 2, 3, 4, 5], "y": [7.026424884796143, 6.214131832122803, 5.530350685119629, 5.931260585784912, 4.640627861022949, 4.320377349853516], "params": [-1.1919219493865967, 0.7626810669898987, 2.706047534942627]}