{"x": [0, 1, 2, 3, 4, 5], "y": [9.803506851196289, 7.939696311950684, 7.504310131072998, 7.180745601654053, 6.832673072814941, 5.55892276763916], "params": [-2.1987791061401367, 2.354400634765625, 4.244584083557129]}