{"x": [0, 1, 2, 3, 4, 5], "y": [7.114322185516357, 5.970094203948975, 5.496622085571289, 6.547435760498047, 5.489099025726318, 4.101353645324707], "params": [-1.2416967153549194, 0.7181975245475769, 3.0129685401916504]}