{"x": [0, 1, 2, 3, 4, 5], "y": [5.577999591827393, 4.1821675300598145, 3.392578363418579, 2.5066030025482178, 1.8474526405334473, 1.3932085037231445], "params": [-2.172086000442505, -2.0525765419006348, 4.184791088104248]}