{"x": [0, 1, 2, 3, 4, 5], "y": [9.6127290725708, 8.46135425567627, 7.674147605895996, 6.963348865509033, 5.941534042358398, 6.1798858642578125], "params": [-1.5893068313598633, 2.155141830444336, 3.6711950302124023]}