{"x": [0, 1, 2, 3, 4, 5], "y": [6.130138874053955, 5.01012659072876, 4.332940578460693, 4.633630275726318, 4.297616481781006, 3.053492784500122], "params": [-1.1240520477294922, -0.48351943492889404, 3.076646089553833]}