{"x": [0, 1, 2, 3, 4, 5], "y": [10.517504692077637, 8.456719398498535, 6.956736087799072, 6.968090534210205, 5.267898082733154, 4.7599992752075195], "params": [-2.395332098007202, 2.093327045440674, 5.757505416870117]}