{"x": [0, 1, 2, 3, 4, 5], "y": [9.019122123718262, 7.506439208984375, 6.5240159034729, 6.430561542510986, 4.967077255249023, 4.381770133972168], "params": [-2.326692819595337, 1.3241777420043945, 4.637351989746094]}