{"x": [0, 1, 2, 3, 4, 5], "y": [8.092041969299316, 7.520366191864014, 6.409130573272705, 5.7628912925720215, 5.1705451011657715, 4.44439172744751], "params": [-1.719517707824707, 1.4113738536834717, 3.6476502418518066]}