{"x": [0, 1, 2, 3, 4, 5], "y": [3.9154574871063232, 3.812187433242798, 2.2625062465667725, 3.1597447395324707, 1.723934531211853, 2.4284744262695312], "params": [-1.4386084079742432, -2.3183164596557617, 2.1915230751037598]}