{"x": [0, 1, 2, 3, 4, 5], "y": [6.761431694030762, 6.469851493835449, 5.097943305969238, 3.0551652908325195, 3.450622797012329, 2.537688732147217], "params": [-2.302999496459961, -0.548785924911499, 4.223742961883545]}