{"x": [0, 1, 2, 3, 4, 5], "y": [5.6620659828186035, 4.530790328979492, 4.445390224456787, 2.6766769886016846, 1.664270281791687, 0.8407497406005859], "params": [-2.363643169403076, -1.869584560394287, 4.821316242218018]}