{"x": [0, 1, 2, 3, 4, 5], "y": [7.892442226409912, 6.691738128662109, 5.714514255523682, 5.286533355712891, 4.801558971405029, 3.776373863220215], "params": [-1.9333549737930298, 0.5780777335166931, 4.116068363189697]}