{"x": [0, 1, 2, 3, 4, 5], "y": [9.37410831451416, 9.056102752685547, 8.281789779663086, 6.21044397354126, 5.79872989654541, 5.881197452545166], "params": [-2.4287359714508057, 2.3122060298919678, 3.57537841796875]}