{"x": [0, 1, 2, 3, 4, 5], "y": [13.399887084960938, 7.935379505157471, 13.072120666503906, 7.318443775177002, 11.007585525512695, 6.881081581115723], "params": [-1.263869047164917, 0.6232520937919617, 1.9666180610656738, 5.084370136260986, 0.25, 1.0, 5.431560516357422]}