{"x": [0, 1, 2, 3, 4, 5], "y": [11.941705703735352, 6.59179162979126, 10.964515686035156, 3.572767496109009, 10.015945434570312, 1.7804231643676758], "params": [-2.121187210083008, -1.5653517246246338, 4.364949703216553, 6.093356609344482, 0.25, 1.0, 7.550047874450684]}