{"x": [0, 1, 2, 3, 4, 5], "y": [9.765270233154297, 7.887324810028076, 8.52769660949707, 4.902003288269043, 7.863909721374512, 2.9398224353790283], "params": [-1.572295904159546, -1.2300670146942139, 3.8543312549591064, 2.89867901802063, 0.25, 1.0, 3.3480124473571777]}