{"x": [0, 1, 2, 3, 4, 5], "y": [9.383827209472656, 6.608220100402832, 8.917576789855957, 3.566439390182495, 6.119001388549805, 2.0125606060028076], "params": [-2.1806623935699463, -1.7352336645126343, 4.197723388671875, 4.022823810577393, 0.25, 1.0, 4.195035934448242]}