{"x": [0, 1, 2, 3, 4, 5], "y": [12.723394393920898, 5.3791303634643555, 9.086568832397461, 3.5978240966796875, 7.638467311859131, 1.636976718902588], "params": [-2.400092124938965, -1.0346794128417969, 5.759689807891846, 5.245607376098633, 0.25, 1.0, 5.805819034576416]}