{"x": [0, 1, 2, 3, 4, 5], "y": [14.753196716308594, 8.878607749938965, 13.533588409423828, 8.874149322509766, 11.88977336883545, 7.300495147705078], "params": [-1.0605334043502808, -0.10577350854873657, 2.0722854137420654, 5.633422374725342, 0.25, 1.0, 6.116367816925049]}