{"x": [0, 1, 2, 3, 4, 5], "y": [17.877769470214844, 10.72036075592041, 16.63949203491211, 8.131126403808594, 12.657615661621094, 8.315884590148926], "params": [-2.4680943489074707, 1.8967881202697754, 4.775449752807617, 5.261332035064697, 0.25, 1.0, 6.80484676361084]}