{"x": [0, 1, 2, 3, 4, 5], "y": [16.058147430419922, 8.004267692565918, 12.055055618286133, 5.463473320007324, 10.559871673583984, 5.170869827270508], "params": [-1.9194974899291992, -1.4265859127044678, 4.688828468322754, 4.928696155548096, 0.25, 1.0, 6.904304027557373]}