{"x": [0, 1, 2, 3, 4, 5], "y": [13.263086318969727, 6.761405944824219, 10.296796798706055, 5.971429824829102, 8.991058349609375, 4.208013534545898], "params": [-2.2658843994140625, 0.3183877468109131, 5.029882431030273, 4.594194412231445, 0.25, 1.0, 4.5095109939575195]}