{"x": [0, 1, 2, 3, 4, 5], "y": [11.1744966506958, 6.179213523864746, 9.465105056762695, 6.416501522064209, 9.533663749694824, 5.412314414978027], "params": [-1.5104341506958008, -0.7083359360694885, 2.2866759300231934, 3.473045825958252, 0.25, 1.0, 4.10935115814209]}