{"x": [0, 1, 2, 3, 4, 5], "y": [10.862329483032227, 5.464480400085449, 10.085372924804688, 3.1431150436401367, 7.404503345489502, 2.0177292823791504], "params": [-2.363643169403076, -1.869584560394287, 4.821316242218018, 4.263052463531494, 0.25, 1.0, 5.273795127868652]}