{"x": [0, 1, 2, 3, 4, 5], "y": [11.358711242675781, 8.195125579833984, 11.014911651611328, 6.792120933532715, 12.15339469909668, 6.237367630004883], "params": [-1.1659554243087769, 1.5174204111099243, 1.833655834197998, 4.578128337860107, 0.25, 1.0, 5.689797401428223]}