{"x": [0, 1, 2, 3, 4, 5], "y": [9.934459686279297, 5.022023677825928, 9.975170135498047, 5.424386978149414, 8.385299682617188, 3.673099994659424], "params": [-1.0514967441558838, -1.7563027143478394, 2.3469223976135254, 4.448985576629639, 0.25, 1.0, 4.744828701019287]}