{"x": [0, 1, 2, 3, 4, 5], "y": [16.16705322265625, 9.20142650604248, 14.102724075317383, 6.682750701904297, 12.381537437438965, 5.272697925567627], "params": [-2.3314762115478516, 1.865112543106079, 3.879397392272949, 6.248855113983154, 0.25, 1.0, 7.014957904815674]}