{"x": [0, 1, 2, 3, 4, 5], "y": [12.147457122802734, 5.9436540603637695, 10.68298625946045, 6.075307846069336, 10.516032218933105, 5.0588226318359375], "params": [-1.0264019966125488, -0.5977818369865417, 1.8469207286834717, 5.9179840087890625, 0.25, 1.0, 5.798382759094238]}