{"x": [0, 1, 2, 3, 4, 5], "y": [12.961175918579102, 8.958093643188477, 11.87030029296875, 7.183388710021973, 9.783286094665527, 4.678543567657471], "params": [-1.989657998085022, 0.8204108476638794, 4.499533653259277, 4.092104434967041, 0.25, 1.0, 4.585720062255859]}