{"x": [0, 1, 2, 3, 4, 5], "y": [14.597456932067871, 7.822451114654541, 12.015392303466797, 7.642692565917969, 12.261558532714844, 5.291712760925293], "params": [-1.4287469387054443, 2.373251438140869, 3.043652057647705, 4.557401180267334, 0.25, 1.0, 6.262091636657715]}