{"x": [0, 1, 2, 3, 4, 5], "y": [11.649911880493164, 5.241022109985352, 8.66067123413086, 4.299440383911133, 7.840264320373535, 2.0038793087005615], "params": [-1.733851432800293, -1.6005561351776123, 3.8311760425567627, 5.1580610275268555, 0.25, 1.0, 5.849332809448242]}