{"x": [0, 1, 2, 3, 4, 5], "y": [16.57630729675293, 10.811927795410156, 15.254627227783203, 10.117481231689453, 14.462400436401367, 7.86351203918457], "params": [-1.9541529417037964, 0.7498261332511902, 2.9045770168304443, 6.175455093383789, 0.25, 1.0, 6.203661918640137]}