{"x": [0, 1, 2, 3, 4, 5], "y": [11.230140686035156, 5.246584892272949, 8.558327674865723, 4.198006629943848, 6.506618022918701, 2.830515146255493], "params": [-2.4747674465179443, -2.2108588218688965, 4.092486381530762, 3.4721450805664062, 0.25, 1.0, 4.918301582336426]}