{"x": [0, 1, 2, 3, 4, 5], "y": [21.64248275756836, 12.91490364074707, 18.525230407714844, 10.799280166625977, 17.354095458984375, 9.49767017364502], "params": [-1.5893068313598633, 2.155141830444336, 3.6711950302124023, 7.076454162597656, 0.25, 1.0, 8.711969375610352]}