{"x": [0, 1, 2, 3, 4, 5], "y": [10.930856704711914, 6.048431396484375, 9.719427108764648, 4.551782131195068, 5.470760822296143, 1.8359825611114502], "params": [-2.438408851623535, -2.3870320320129395, 5.079938888549805, 3.9063570499420166, 0.25, 1.0, 4.8145551681518555]}