{"x": [0, 1, 2, 3, 4, 5], "y": [9.613212585449219, 5.824017524719238, 7.0369086265563965, 4.514362812042236, 5.432394981384277, 1.2979885339736938], "params": [-1.6407089233398438, -2.457364082336426, 4.331871032714844, 3.5063388347625732, 0.25, 1.0, 3.983353614807129]}