{"x": [0, 1, 2, 3, 4, 5], "y": [14.393535614013672, 8.285734176635742, 12.708688735961914, 7.604813575744629, 11.462257385253906, 5.365026950836182], "params": [-2.1287317276000977, 0.4366666078567505, 4.544060707092285, 4.652312278747559, 0.25, 1.0, 4.693702697753906]}