{"x": [0, 1, 2, 3, 4, 5], "y": [17.40766716003418, 10.725857734680176, 14.825845718383789, 10.100724220275879, 14.229689598083496, 9.111950874328613], "params": [-1.7950187921524048, 2.4181690216064453, 2.999863624572754, 5.196806907653809, 0.25, 1.0, 5.570377349853516]}