{"x": [0, 1, 2, 3, 4, 5], "y": [13.488704681396484, 7.60373067855835, 11.36619758605957, 3.8290064334869385, 10.30916690826416, 2.433774471282959], "params": [-2.302999496459961, -0.548785924911499, 4.223742961883545, 6.087467670440674, 0.25, 1.0, 6.962458610534668]}