{"x": [0, 1, 2, 3, 4, 5], "y": [17.22380828857422, 7.7903900146484375, 13.143314361572266, 6.847861289978027, 13.555328369140625, 6.143829822540283], "params": [-1.6866207122802734, -1.1121008396148682, 4.627613067626953, 6.348780632019043, 0.25, 1.0, 7.281135559082031]}