{"x": [0, 1, 2, 3, 4, 5], "y": [14.255126953125, 6.024394989013672, 13.72073745727539, 4.822169780731201, 10.800004959106445, 4.029873371124268], "params": [-1.8756986856460571, -2.227950096130371, 2.7626585960388184, 7.10357141494751, 0.25, 1.0, 8.139727592468262]}