{"x": [0, 1, 2, 3, 4, 5], "y": [10.275115013122559, 7.276447296142578, 9.4871826171875, 5.445135593414307, 9.341812133789062, 4.576013565063477], "params": [-1.5661579370498657, 0.02366393804550171, 3.03753399848938, 3.106860637664795, 0.25, 1.0, 4.191011905670166]}