{"x": [0, 1, 2, 3, 4, 5], "y": [15.89570426940918, 9.137808799743652, 14.254216194152832, 8.140128135681152, 12.872661590576172, 4.6269145011901855], "params": [-2.2703399658203125, 2.362809419631958, 4.898968696594238, 6.512691974639893, 0.25, 1.0, 7.416103839874268]}