{"x": [0, 1, 2, 3, 4, 5], "y": [8.558760643005371, 4.606272220611572, 6.603707313537598, 2.9815118312835693, 6.065060138702393, 3.7186079025268555], "params": [-1.4106872081756592, -1.746230125427246, 2.6001334190368652, 3.5327391624450684, 0.25, 1.0, 4.332097053527832]}