{"x": [0, 1, 2, 3, 4, 5], "y": [12.826024055480957, 6.756712913513184, 12.472908020019531, 5.520809650421143, 12.043424606323242, 3.8717589378356934], "params": [-2.02683162689209, -1.6065824031829834, 3.2501323223114014, 6.572963714599609, 0.25, 1.0, 7.0601806640625]}