{"x": [0, 1, 2, 3, 4, 5], "y": [17.419641494750977, 8.952888488769531, 17.698837280273438, 9.125001907348633, 15.620116233825684, 8.615489959716797], "params": [-1.013643503189087, 0.5701425671577454, 2.2686824798583984, 7.31282901763916, 0.25, 1.0, 8.414361953735352]}