{"x": [0, 1, 2, 3, 4, 5], "y": [16.697006225585938, 8.106437683105469, 13.403776168823242, 7.335414886474609, 13.148183822631836, 4.390590667724609], "params": [-2.371018171310425, 1.1136245727539062, 5.051163673400879, 7.1563310623168945, 0.25, 1.0, 7.692142009735107]}