{"x": [0, 1, 2, 3, 4, 5], "y": [12.190908432006836, 8.592103004455566, 11.678417205810547, 6.1366424560546875, 8.886808395385742, 3.8576743602752686], "params": [-2.2325823307037354, -1.8439149856567383, 4.226622581481934, 4.21828556060791, 0.25, 1.0, 4.924598217010498]}