{"x": [0, 1, 2, 3, 4, 5], "y": [10.879709243774414, 7.382081031799316, 11.157499313354492, 7.188115119934082, 6.920738220214844, 4.682048797607422], "params": [-1.75883150100708, 1.5785191059112549, 3.302408218383789, 2.5099217891693115, 0.25, 1.0, 4.216054916381836]}