{"x": [0, 1, 2, 3, 4, 5], "y": [9.578874588012695, 4.594882011413574, 8.142221450805664, 3.0763349533081055, 6.331523895263672, 0.9709109663963318], "params": [-1.6473662853240967, -1.9907054901123047, 3.7706902027130127, 4.355445861816406, 0.25, 1.0, 4.837274074554443]}