{"x": [0, 1, 2, 3, 4, 5], "y": [11.765241622924805, 6.099384307861328, 10.091111183166504, 6.520906448364258, 10.198369979858398, 4.919706344604492], "params": [-1.1919219493865967, 0.7626810669898987, 2.706047534942627, 5.164521217346191, 0.25, 1.0, 5.672489166259766]}