{"x": [0, 1, 2, 3, 4, 5], "y": [12.518346786499023, 6.419719696044922, 10.713951110839844, 5.452023506164551, 9.348087310791016, 3.6123616695404053], "params": [-2.172086000442505, -2.0525765419006348, 4.184791088104248, 5.057925701141357, 0.25, 1.0, 5.281481742858887]}