{"x": [0, 1, 2, 3, 4, 5], "y": [13.835494995117188, 6.88770055770874, 12.127004623413086, 5.173776626586914, 11.014057159423828, 4.777795314788818], "params": [-1.7970792055130005, -0.4782521724700928, 4.044737815856934, 5.260174751281738, 0.25, 1.0, 6.105348110198975]}