{"x": [0, 1, 2, 3, 4, 5], "y": [3.4202983379364014, 1.6670390367507935, 4.061063289642334, 1.758663535118103, 4.0853142738342285, 1.6529545783996582], "params": [2.8439583778381348, 0.25, 1.0, 2.4323596954345703]}