{"x": [0, 1, 2, 3, 4, 5], "y": [3.24269962310791, 0.7219669222831726, 3.2016873359680176, 0.6199676394462585, 4.118797302246094, 0.16282352805137634], "params": [2.6696982383728027, 0.25, 1.0, 3.9559738636016846]}