{"x": [0, 1, 2, 3, 4, 5], "y": [6.77168083190918, 1.8749706745147705, 6.232501983642578, 2.6833252906799316, 6.649490833282471, 3.175741195678711], "params": [4.276947021484375, 0.25, 1.0, 4.896710395812988]}