{"x": [0, 1, 2, 3, 4, 5], "y": [4.637478828430176, 0.6476206183433533, 5.147585391998291, 0.830213189125061, 4.9729437828063965, 0.34200847148895264], "params": [4.427999019622803, 0.25, 1.0, 4.805576801300049]}