{"x": [0, 1, 2, 3, 4, 5], "y": [6.466188430786133, 0.6541259288787842, 6.222582817077637, 0.28880220651626587, 5.490198135375977, 0.3104705214500427], "params": [5.543006420135498, 0.25, 1.0, 6.177386283874512]}