{"x": [0, 1, 2, 3, 4, 5], "y": [5.875670433044434, 1.02494215965271, 5.776513576507568, 0.6288627982139587, 5.298822402954102, 0.2094355821609497], "params": [4.993983268737793, 0.25, 1.0, 5.666234970092773]}