{"x": [0, 1, 2, 3, 4, 5], "y": [4.732961177825928, 1.5043015480041504, 3.507223129272461, 1.7838977575302124, 3.9299333095550537, 2.118412733078003], "params": [2.6742827892303467, 0.25, 1.0, 3.2286596298217773]}