{"x": [0, 1, 2, 3, 4, 5], "y": [9.072378158569336, 3.30536150932312, 9.242591857910156, 3.4799633026123047, 8.828396797180176, 3.9080519676208496], "params": [6.153463363647461, 0.25, 1.0, 5.937230110168457]}