{"x": [0, 1, 2, 3, 4, 5], "y": [8.189908981323242, 2.347278594970703, 7.976770877838135, 3.3963279724121094, 8.102526664733887, 2.2039198875427246], "params": [5.629459381103516, 0.25, 1.0, 5.985989093780518]}