{"x": [0, 1, 2, 3, 4, 5], "y": [3.8850207328796387, 0.35269463062286377, 4.368434429168701, -0.22375977039337158, 3.143038511276245, 0.9071240425109863], "params": [2.9136786460876465, 0.25, 1.0, 4.592194080352783]}