{"x": [0, 1, 2, 3, 4, 5], "y": [5.135045528411865, 1.011063814163208, 5.483546733856201, 1.1162904500961304, 4.469594478607178, 1.2098077535629272], "params": [4.509927272796631, 0.25, 1.0, 4.472482681274414]}