{"x": [0, 1, 2, 3, 4, 5], "y": [7.017816066741943, 1.6023900508880615, 6.990942478179932, 0.43944674730300903, 6.991073131561279, 1.338973879814148], "params": [5.570688247680664, 0.25, 1.0, 6.578369140625]}