{"x": [0, 1, 2, 3, 4, 5], "y": [10.533796310424805, 5.064975738525391, 10.91930103302002, 2.985236644744873, 10.206334114074707, 3.7944109439849854], "params": [7.147677421569824, 0.25, 1.0, 7.9340643882751465]}