{"x": [0, 1, 2, 3, 4, 5], "y": [3.9779977798461914, 0.8330950140953064, 3.049666404724121, 0.5577977895736694, 4.454103946685791, 0.8855563402175903], "params": [2.989279270172119, 0.25, 1.0, 3.896306037902832]}