{"x": [0, 1, 2, 3, 4, 5], "y": [9.763398170471191, 3.0205328464508057, 10.12687873840332, 3.2047982215881348, 10.231925964355469, 3.122849225997925], "params": [6.615309238433838, 0.25, 1.0, 7.211393356323242]}