{"x": [0, 1, 2, 3, 4, 5], "y": [4.319800853729248, 1.5455467700958252, 4.359151840209961, 1.481297492980957, 4.7725138664245605, 0.5671859979629517], "params": [2.8667259216308594, 0.25, 1.0, 4.205327987670898]}