{"x": [0, 1, 2, 3, 4, 5], "y": [5.887424945831299, -0.08060573786497116, 5.659701347351074, 0.539641797542572, 5.2800798416137695, 1.1191768646240234], "params": [5.5389885902404785, 0.25, 1.0, 5.9680304527282715]}