{"x": [0, 1, 2, 3, 4, 5], "y": [6.2876081466674805, 1.5741028785705566, 5.770159721374512, 1.4756872653961182, 5.221358299255371, 1.2165961265563965], "params": [5.375499248504639, 0.25, 1.0, 5.071012020111084]}