{"x": [0, 1, 2, 3, 4, 5], "y": [7.864092826843262, 1.1509066820144653, 7.019201278686523, 0.6642171144485474, 7.387933731079102, 0.7098529934883118], "params": [5.822686672210693, 0.25, 1.0, 7.199875831604004]}