{"x": [0, 1, 2, 3, 4, 5], "y": [5.926555156707764, -0.32110631465911865, 6.221762657165527, 0.02999480627477169, 6.485136032104492, -0.593389093875885], "params": [6.019692897796631, 0.25, 1.0, 7.078525066375732]}