{"x": [0, 1, 2, 3, 4, 5], "y": [6.267486572265625, 0.5435967445373535, 6.516413688659668, 0.7336304187774658, 6.365069389343262, 0.7201176881790161], "params": [6.564369201660156, 0.25, 1.0, 5.9728169441223145]}