{"x": [0, 1, 2, 3, 4, 5], "y": [7.595839500427246, 1.6310803890228271, 7.879305362701416, 1.2251681089401245, 8.136590957641602, 1.2547187805175781], "params": [6.211967468261719, 0.25, 1.0, 6.9114227294921875]}