{"x": [0, 1, 2, 3, 4, 5], "y": [8.255526542663574, 1.708274006843567, 7.021722793579102, 2.663309097290039, 7.965640068054199, 1.244616150856018], "params": [6.262233257293701, 0.25, 1.0, 7.010910511016846]}