{"x": [0, 1, 2, 3, 4, 5], "y": [10.86128044128418, 4.004054069519043, 10.410225868225098, 3.7039713859558105, 10.93217945098877, 3.9487972259521484], "params": [6.791175365447998, 0.25, 1.0, 7.228208065032959]}