{"x": [0, 1, 2, 3, 4, 5], "y": [3.6158227920532227, 1.1410691738128662, 3.5782153606414795, 1.3921284675598145, 3.561474084854126, 1.1273822784423828], "params": [2.7803115844726562, 0.25, 1.0, 2.48844051361084]}