{"x": [0, 1, 2, 3, 4, 5], "y": [7.917829990386963, 2.137147903442383, 7.454295635223389, 1.9865608215332031, 7.633114337921143, 1.8475087881088257], "params": [5.741554260253906, 0.25, 1.0, 6.070321083068848]}