{"x": [0, 1, 2, 3, 4, 5], "y": [6.359822750091553, 0.449884295463562, 5.944816589355469, 0.513024091720581, 6.23553991317749, 1.304479718208313], "params": [5.958861351013184, 0.25, 1.0, 5.909938335418701]}