{"x": [0, 1, 2, 3, 4, 5], "y": [2.698641061782837, 0.6065388917922974, 3.163330078125, -0.189498633146286, 3.4188120365142822, -0.04102078080177307], "params": [3.168943405151367, 0.25, 1.0, 3.6083106994628906]}