{"x": [0, 1, 2, 3, 4, 5], "y": [6.164916038513184, 0.0319828987121582, 6.813425064086914, 1.3556830883026123, 6.889794826507568, 1.0405339002609253], "params": [5.750387191772461, 0.25, 1.0, 6.85781192779541]}