{"x": [0, 1, 2, 3, 4, 5], "y": [3.5150516033172607, 0.7983468770980835, 3.4739065170288086, 1.1894433498382568, 3.9775030612945557, -0.3134511709213257], "params": [3.090888261795044, 0.25, 1.0, 4.290954113006592]}