{"x": [0, 1, 2, 3, 4, 5], "y": [4.067315578460693, 0.8620589971542358, 4.756778717041016, 1.1356924772262573, 4.484940052032471, 0.4856286644935608], "params": [2.9073119163513184, 0.25, 1.0, 4.2711501121521]}