{"x": [0, 1, 2, 3, 4, 5], "y": [7.709839344024658, 1.3265875577926636, 7.898921012878418, 0.6036938428878784, 8.2415771484375, 1.4685006141662598], "params": [6.752115726470947, 0.25, 1.0, 7.637883186340332]}