{"x": [0, 1, 2, 3, 4, 5], "y": [10.213112831115723, 3.0557210445404053, 9.557265281677246, 3.599195957183838, 9.389019012451172, 2.938838243484497], "params": [6.495452880859375, 0.25, 1.0, 7.274274826049805]}