{"x": [0, 1, 2, 3, 4, 5], "y": [4.716153144836426, -0.11339303851127625, 4.426083564758301, 0.6010095477104187, 4.25274658203125, 0.004134565591812134], "params": [3.9475488662719727, 0.25, 1.0, 4.829545974731445]}