{"x": [0, 1, 2, 3, 4, 5], "y": [8.026541709899902, 0.45056939125061035, 8.289684295654297, 1.3628462553024292, 7.926467418670654, 1.6515583992004395], "params": [6.860294818878174, 0.25, 1.0, 7.839115142822266]}