{"x": [0, 1, 2, 3, 4, 5], "y": [8.01364803314209, 2.909990072250366, 6.863200664520264, 2.77901554107666, 7.300504684448242, 2.5000977516174316], "params": [4.347115516662598, 0.25, 1.0, 5.513550281524658]}