{"x": [0, 1, 2, 3, 4, 5], "y": [9.398674011230469, 2.579792022705078, 10.041927337646484, 2.55892276763916, 9.635558128356934, 2.325624704360962], "params": [7.354572772979736, 0.25, 1.0, 7.716302871704102]}