{"x": [0, 1, 2, 3, 4, 5], "y": [8.856921195983887, 3.2945477962493896, 9.093620300292969, 3.7796101570129395, 8.46921443939209, 3.763411521911621], "params": [5.2241716384887695, 0.25, 1.0, 5.799072265625]}