{"x": [0, 1, 2, 3, 4, 5], "y": [5.124732494354248, 0.5740463733673096, 4.703659534454346, 1.0877827405929565, 5.619039535522461, 0.56717848777771], "params": [5.2943034172058105, 0.25, 1.0, 5.051860809326172]}