{"x": [0, 1, 2, 3, 4, 5], "y": [10.2548828125, 4.068580150604248, 10.757855415344238, 4.4828290939331055, 10.886820793151855, 3.964898109436035], "params": [6.889789581298828, 0.25, 1.0, 6.92192268371582]}