{"x": [0, 1, 2, 3, 4, 5], "y": [10.435346603393555, 4.350770473480225, 9.747598648071289, 3.639197826385498, 10.626154899597168, 4.294114589691162], "params": [6.44645881652832, 0.25, 1.0, 6.98695707321167]}