{"x": [0, 1, 2, 3, 4, 5], "y": [5.190312385559082, 0.8020765781402588, 5.920654296875, 1.3290503025054932, 4.908382415771484, 1.8659265041351318], "params": [4.430426597595215, 0.25, 1.0, 5.11857795715332]}