{"x": [0, 1, 2, 3, 4, 5], "y": [9.415597915649414, 3.8588473796844482, 9.468456268310547, 3.732853651046753, 10.675583839416504, 3.9028282165527344], "params": [6.1341118812561035, 0.25, 1.0, 6.942729949951172]}