{"x": [0, 1, 2, 3, 4, 5], "y": [6.4446797370910645, 0.010888397693634033, 6.4567155838012695, 0.7409984469413757, 6.683980464935303, 0.43794018030166626], "params": [6.014055252075195, 0.25, 1.0, 6.673091888427734]}