{"x": [0, 1, 2, 3, 4, 5], "y": [6.691272735595703, 2.054330348968506, 7.276986122131348, 2.401707887649536, 7.537148952484131, 1.7341090440750122], "params": [5.343081474304199, 0.25, 1.0, 5.803040027618408]}