{"x": [0, 1, 2, 3, 4, 5], "y": [3.6992504596710205, 3.6095352172851562, 4.077485084533691, 3.181325912475586, 3.1692464351654053, 2.4091637134552], "params": [-1.0450342893600464, -1.4571335315704346, 1.6683213710784912]}