{"x": [0, 1, 2, 3, 4, 5], "y": [6.4787750244140625, 5.263877868652344, 4.350099563598633, 4.8671369552612305, 3.8991692066192627, 3.139237642288208], "params": [-1.7991418838500977, -0.2688908576965332, 3.3395373821258545]}