{"x": [0, 1, 2, 3, 4, 5], "y": [3.454540252685547, 3.232306480407715, 3.733574867248535, 2.8024520874023438, 2.4142708778381348, 2.085632085800171], "params": [-1.215246319770813, -2.012890577316284, 1.6479427814483643]}