{"x": [0, 1, 2, 3, 4, 5], "y": [7.4074387550354, 7.33234977722168, 6.7468581199646, 6.374701499938965, 5.986159324645996, 5.586936950683594], "params": [-1.168055534362793, 1.370920181274414, 1.8205018043518066]}