{"x": [0, 1, 2, 3, 4, 5], "y": [4.665943622589111, 3.238997459411621, 4.51936674118042, 3.0305237770080566, 2.8571314811706543, 1.8263781070709229], "params": [-1.0792680978775024, -1.8396410942077637, 2.8395655155181885]}