{"x": [0, 1, 2, 3, 4, 5], "y": [4.982553958892822, 5.977739334106445, 5.071758270263672, 3.0811216831207275, 2.854726791381836, 2.1934244632720947], "params": [-1.8460321426391602, -1.0232609510421753, 3.7843148708343506]}