{"x": [0, 1, 2, 3, 4, 5], "y": [7.139204025268555, 6.607902526855469, 5.743433952331543, 4.3312811851501465, 4.047325611114502, 2.8917901515960693], "params": [-2.0376250743865967, -0.08493930101394653, 4.247413635253906]}