{"x": [0, 1, 2, 3, 4, 5], "y": [7.907746315002441, 6.81508731842041, 6.13205623626709, 4.810309410095215, 3.9123072624206543, 4.564592361450195], "params": [-1.6727335453033447, 0.8681765198707581, 3.995439052581787]}