{"x": [0, 1, 2, 3, 4, 5], "y": [5.4540605545043945, 4.959792137145996, 5.828824996948242, 5.299092769622803, 4.9199066162109375, 3.9870810508728027], "params": [-1.1030488014221191, 0.06197124719619751, 1.8417439460754395]}