{"x": [0, 1, 2, 3, 4, 5], "y": [3.8464605808258057, 3.3093223571777344, 2.937106132507324, 2.161597490310669, 2.5431556701660156, 1.077214002609253], "params": [-1.6290602684020996, -2.389554977416992, 2.7692465782165527]}