{"x": [0, 1, 2, 3, 4, 5], "y": [4.7599592208862305, 5.18044376373291, 3.8802595138549805, 4.189859867095947, 3.2443807125091553, 3.5882534980773926], "params": [-1.0792547464370728, -0.41367173194885254, 1.9360630512237549]}