{"x": [0, 1, 2, 3, 4, 5], "y": [6.917872428894043, 5.347671031951904, 4.213711261749268, 3.678816080093384, 2.6744885444641113, 1.932984709739685], "params": [-2.399974822998047, -0.8631819486618042, 4.984887599945068]}