{"x": [0, 1, 2, 3, 4, 5], "y": [4.785486221313477, 4.200052261352539, 4.255866050720215, 3.1681289672851562, 3.093606948852539, 2.5894837379455566], "params": [-1.3647079467773438, -1.2153702974319458, 2.19600248336792]}