{"x": [0, 1, 2, 3, 4, 5], "y": [5.646637916564941, 5.8973283767700195, 4.980804443359375, 5.037018775939941, 4.54414701461792, 2.9944851398468018], "params": [-1.391183853149414, -0.21551162004470825, 2.9028432369232178]}