{"x": [0, 1, 2, 3, 4, 5], "y": [6.986082077026367, 6.930202484130859, 5.315104007720947, 5.568571090698242, 4.530484676361084, 4.234739780426025], "params": [-1.5541584491729736, 0.6822299957275391, 2.751342296600342]}