{"x": [0, 1, 2, 3, 4, 5], "y": [4.793155193328857, 2.730832576751709, 2.9387547969818115, 2.7662863731384277, 1.475300908088684, 0.24525916576385498], "params": [-1.6997910737991333, -1.963820457458496, 4.547895908355713]}