{"x": [0, 1, 2, 3, 4, 5], "y": [5.417401313781738, 4.657316207885742, 4.127300262451172, 2.7744345664978027, 4.146924018859863, 2.469334125518799], "params": [-1.090684175491333, -0.8714473247528076, 2.9480671882629395]}