{"x": [0, 1, 2, 3, 4, 5], "y": [4.703868865966797, 5.47922945022583, 3.446326732635498, 3.140918254852295, 1.7781569957733154, 0.6431058645248413], "params": [-2.38725209236145, -1.7586076259613037, 4.836123466491699]}