{"x": [0, 1, 2, 3, 4, 5], "y": [8.37196159362793, 7.258847713470459, 6.251412868499756, 5.995674133300781, 5.322816848754883, 4.8956298828125], "params": [-1.4211307764053345, 1.4666736125946045, 3.4763317108154297]}