{"x": [0, 1, 2, 3, 4, 5], "y": [4.807246208190918, 4.638364791870117, 3.5707406997680664, 3.412327766418457, 1.8276417255401611, 1.9420559406280518], "params": [-1.1925771236419678, -2.095797538757324, 2.979604482650757]}