{"x": [0, 1, 2, 3, 4, 5], "y": [6.138571739196777, 5.536698341369629, 5.779529571533203, 4.346336364746094, 4.408576965332031, 3.5159683227539062], "params": [-1.2493082284927368, 0.01043170690536499, 2.622603416442871]}