{"x": [0, 1, 2, 3, 4, 5], "y": [6.164744853973389, 5.583261013031006, 4.943736553192139, 3.396641969680786, 2.8920834064483643, 2.2537460327148438], "params": [-1.7549937963485718, -0.6967616081237793, 3.910998821258545]}