{"x": [0, 1, 2, 3, 4, 5], "y": [8.456544876098633, 7.724541664123535, 7.129429340362549, 5.405442237854004, 5.091686725616455, 3.225677013397217], "params": [-2.497479200363159, 1.0868659019470215, 5.230867862701416]}