{"x": [0, 1, 2, 3, 4, 5], "y": [8.716364860534668, 7.8314666748046875, 6.984246253967285, 5.843210697174072, 5.992123603820801, 4.013223171234131], "params": [-2.3665952682495117, 1.335146427154541, 4.703141689300537]}