{"x": [0, 1, 2, 3, 4, 5], "y": [6.709027290344238, 5.711684226989746, 5.3308820724487305, 4.756969451904297, 4.59769344329834, 2.372307538986206], "params": [-1.9267382621765137, 0.0035047531127929688, 4.336719512939453]}