{"x": [0, 1, 2, 3, 4, 5], "y": [7.462955474853516, 6.699737548828125, 5.182194709777832, 4.492320537567139, 3.884333848953247, 3.3093085289001465], "params": [-1.9712069034576416, 0.30325204133987427, 4.153646945953369]}