{"x": [0, 1, 2, 3, 4, 5], "y": [5.035629749298096, 4.604013442993164, 3.0927867889404297, 3.3224120140075684, 2.9099652767181396, 1.2040196657180786], "params": [-1.6097584962844849, -1.7757318019866943, 3.8316102027893066]}