{"x": [0, 1, 2, 3, 4, 5], "y": [6.078221797943115, 5.503965377807617, 4.667603492736816, 4.545284271240234, 4.202564716339111, 3.441066026687622], "params": [-1.3144663572311401, -0.3535148501396179, 2.637155771255493]}