{"x": [0, 1, 2, 3, 4, 5], "y": [9.193495750427246, 8.348678588867188, 7.010124206542969, 6.93878698348999, 6.503871917724609, 5.755544185638428], "params": [-1.4515808820724487, 2.3653526306152344, 3.4379515647888184]}