{"x": [0, 1, 2, 3, 4, 5], "y": [6.809821605682373, 5.610069274902344, 5.454221725463867, 3.741225242614746, 2.9075820446014404, 2.122107744216919], "params": [-2.4101386070251465, -0.6413018703460693, 4.687713623046875]}