{"x": [0, 1, 2, 3, 4, 5], "y": [5.29784631729126, 4.8657546043396, 3.2132656574249268, 2.9250125885009766, 2.0657641887664795, 2.432330846786499], "params": [-1.4238141775131226, -1.2867703437805176, 3.2320821285247803]}