{"x": [0, 1, 2, 3, 4, 5], "y": [6.86906623840332, 5.743105411529541, 4.427611827850342, 3.7305009365081787, 2.9657788276672363, 1.8124431371688843], "params": [-2.153844118118286, -1.1087477207183838, 5.0566229820251465]}