{"x": [0, 1, 2, 3, 4, 5], "y": [7.845307350158691, 7.144228458404541, 6.957535266876221, 6.172409534454346, 5.53493070602417, 4.426535129547119], "params": [-1.571508765220642, 1.1558542251586914, 3.4187722206115723]}