{"x": [0, 1, 2, 3, 4, 5], "y": [8.470860481262207, 7.640615463256836, 5.901162624359131, 5.875885963439941, 4.456484794616699, 3.166416645050049], "params": [-2.350538730621338, 0.8612221479415894, 5.304443836212158]}