{"x": [0, 1, 2, 3, 4, 5], "y": [8.379369735717773, 8.465909004211426, 6.888603210449219, 5.746357440948486, 5.283121109008789, 4.031161308288574], "params": [-1.9335987567901611, 1.3439947366714478, 4.434747695922852]}