{"x": [0, 1, 2, 3, 4, 5], "y": [8.4376802444458, 7.901910305023193, 7.005616188049316, 6.269324779510498, 5.005509853363037, 5.217657566070557], "params": [-2.245356559753418, 1.7699003219604492, 3.4321703910827637]}