{"x": [0, 1, 2, 3, 4, 5], "y": [7.975717544555664, 7.610113620758057, 6.709104061126709, 5.908291339874268, 5.391329765319824, 5.2117228507995605], "params": [-1.6194146871566772, 1.3766982555389404, 2.7639946937561035]}