{"x": [0, 1, 2, 3, 4, 5], "y": [5.974056243896484, 6.378986835479736, 5.322452068328857, 4.418444633483887, 4.799674034118652, 4.794389247894287], "params": [-1.059031367301941, 0.4813835024833679, 1.9605422019958496]}