{"x": [0, 1, 2, 3, 4, 5], "y": [6.933764457702637, 6.41016960144043, 5.546760559082031, 4.976078987121582, 3.1967952251434326, 3.0840585231781006], "params": [-1.9159356355667114, -0.054270923137664795, 3.849705934524536]}