{"x": [0, 1, 2, 3, 4, 5], "y": [5.144787788391113, 4.91663122177124, 4.218376636505127, 3.3288068771362305, 3.238286256790161, 3.1934993267059326], "params": [-1.282651424407959, -0.9430912137031555, 1.9512884616851807]}