{"x": [0, 1, 2, 3, 4, 5], "y": [9.456639289855957, 8.210022926330566, 7.422390937805176, 5.611056804656982, 5.685184478759766, 4.13784122467041], "params": [-2.4520978927612305, 1.4687635898590088, 5.318798065185547]}