{"x": [0, 1, 2, 3, 4, 5], "y": [6.986082077026367, 6.930202484130859, 5.315104007720947, 0.16331252455711365, 4.430779457092285, -0.1140584945678711], "params": [-1.5541584491729736, 0.6822299957275391, 2.751342296600342, 4.138580322265625, 0.25, 1.0, 5.066064357757568]}