{"x": [0, 1, 2, 3, 4, 5], "y": [5.908614635467529, 5.593380928039551, 4.609720230102539, 1.9958834648132324, 5.881752014160156, 2.360771417617798], "params": [-2.174008369445801, -0.5037301778793335, 3.688555955886841, 4.207935810089111, 0.25, 1.0, 4.5740227699279785]}