{"x": [0, 1, 2, 3, 4, 5], "y": [9.813552856445312, 8.088569641113281, 8.27344799041748, 0.0322551429271698, 4.298461437225342, 0.0631875991821289], "params": [-2.4221291542053223, 2.3578100204467773, 5.261218547821045, 3.9014530181884766, 0.25, 1.0, 5.205905437469482]}