{"x": [0, 1, 2, 3, 4, 5], "y": [8.470860481262207, 7.640615463256836, 5.901162624359131, 0.6288627982139587, 5.298822402954102, 0.2094355821609497], "params": [-2.350538730621338, 0.8612221479415894, 5.304443836212158, 4.993983268737793, 0.25, 1.0, 5.666234970092773]}