{"x": [0, 1, 2, 3, 4, 5], "y": [4.793155193328857, 2.730832576751709, 2.9387547969818115, 0.5577977895736694, 4.454103946685791, 0.8855563402175903], "params": [-1.6997910737991333, -1.963820457458496, 4.547895908355713, 2.989279270172119, 0.25, 1.0, 3.896306037902832]}