{"x": [0, 1, 2, 3, 4, 5], "y": [9.193495750427246, 8.348678588867188, 7.010124206542969, -0.189498633146286, 3.4188120365142822, -0.04102078080177307], "params": [-1.4515808820724487, 2.3653526306152344, 3.4379515647888184, 3.168943405151367, 0.25, 1.0, 3.6083106994628906]}