{"x": [0, 1, 2, 3, 4, 5], "y": [8.237360000610352, 6.7820658683776855, 5.418424606323242, 0.6010095477104187, 4.25274658203125, 0.004134565591812134], "params": [-2.485629081726074, 0.12019991874694824, 5.7846198081970215, 3.9475488662719727, 0.25, 1.0, 4.829545974731445]}