{"x": [0, 1, 2, 3, 4, 5], "y": [6.716385841369629, 5.5490193367004395, 5.185207843780518, 0.2033035308122635, 6.213232517242432, 0.1314440220594406], "params": [-1.2117459774017334, 0.05265623331069946, 3.813732385635376, 6.49134635925293, 0.25, 1.0, 7.385732650756836]}