{"x": [0, 1, 2, 3, 4, 5], "y": [3.454540252685547, 3.232306480407715, 3.733574867248535, 1.1535180807113647, 6.861021518707275, 0.31305980682373047], "params": [-1.215246319770813, -2.012890577316284, 1.6479427814483643, 5.945809364318848, 0.25, 1.0, 6.547961711883545]}