{"x": [0, 1, 2, 3, 4, 5], "y": [4.807246208190918, 4.638364791870117, 3.5707406997680664, 1.3921284675598145, 3.561474084854126, 1.1273822784423828], "params": [-1.1925771236419678, -2.095797538757324, 2.979604482650757, 2.7803115844726562, 0.25, 1.0, 2.48844051361084]}