{"x": [0, 1, 2, 3, 4, 5], "y": [7.047964572906494, 6.6706156730651855, 5.597051620483398, -0.024448901414871216, 5.32251501083374, 0.06933978199958801], "params": [-1.5179634094238281, -0.20353972911834717, 4.217831134796143, 4.933074474334717, 0.25, 1.0, 6.07928991317749]}