{"x": [0, 1, 2, 3, 4, 5], "y": [5.730898857116699, 5.46615743637085, 4.094184875488281, 0.832764208316803, 3.9107208251953125, 0.6181613802909851], "params": [-1.8921024799346924, -0.9526863694190979, 3.167997360229492, 2.909630298614502, 0.25, 1.0, 4.008429050445557]}