{"x": [0, 1, 2, 3, 4, 5], "y": [7.0891008377075195, 7.437780380249023, 6.077836036682129, 0.8411028981208801, 4.218267440795898, 1.2496161460876465], "params": [-1.4511613845825195, 1.2083711624145508, 3.1535840034484863, 2.7230193614959717, 0.25, 1.0, 3.377164602279663]}