{"x": [0, 1, 2, 3, 4, 5], "y": [7.845307350158691, 7.144228458404541, 6.957535266876221, 1.2251681089401245, 8.136590957641602, 1.2547187805175781], "params": [-1.571508765220642, 1.1558542251586914, 3.4187722206115723, 6.211967468261719, 0.25, 1.0, 6.9114227294921875]}