{"x": [0, 1, 2, 3, 4, 5], "y": [6.242094993591309, 4.792535305023193, 3.8635365962982178, 0.7837041616439819, 7.244288921356201, 0.3048115074634552], "params": [-2.492583751678467, -1.3416320085525513, 5.607114791870117, 6.280385971069336, 0.25, 1.0, 6.939477443695068]}