{"x": [0, 1, 2, 3, 4, 5], "y": [8.662264823913574, 8.711390495300293, 8.271981239318848, 3.7796101570129395, 8.46921443939209, 3.763411521911621], "params": [-2.3122994899749756, 2.207967758178711, 3.7229056358337402, 5.2241716384887695, 0.25, 1.0, 5.799072265625]}