{"x": [0, 1, 2, 3, 4, 5], "y": [7.48165225982666, 5.703094959259033, 5.979517459869385, 0.43944674730300903, 6.991073131561279, 1.338973879814148], "params": [-1.8624193668365479, -0.06772041320800781, 4.526937961578369, 5.570688247680664, 0.25, 1.0, 6.578369140625]}