{"x": [0, 1, 2, 3, 4, 5], "y": [6.835114479064941, 5.969704627990723, 5.784514904022217, 1.3115506172180176, 4.910501003265381, 1.5869520902633667], "params": [-1.3639261722564697, 0.8059531450271606, 1.736635684967041, 3.8547048568725586, 0.25, 1.0, 3.644425868988037]}