{"x": [0, 1, 2, 3, 4, 5], "y": [2.95762300491333, 3.119877338409424, 3.0698599815368652, -0.353028804063797, 4.966946125030518, 1.2055562734603882], "params": [-1.1948387622833252, -2.3856046199798584, 2.034334182739258, 4.286261558532715, 0.25, 1.0, 5.661189079284668]}