{"x": [0, 1, 2, 3, 4, 5], "y": [6.809821605682373, 5.610069274902344, 5.454221725463867, 1.9865608215332031, 7.633114337921143, 1.8475087881088257], "params": [-2.4101386070251465, -0.6413018703460693, 4.687713623046875, 5.741554260253906, 0.25, 1.0, 6.070321083068848]}