{"x": [0, 1, 2, 3, 4, 5], "y": [5.417401313781738, 4.657316207885742, 4.127300262451172, 0.2644658088684082, 3.61596417427063, 1.183837652206421], "params": [-1.090684175491333, -0.8714473247528076, 2.9480671882629395, 2.732987642288208, 0.25, 1.0, 3.762411594390869]}