{"x": [0, 1, 2, 3, 4, 5], "y": [3.6992504596710205, 3.6095352172851562, 4.077485084533691, 3.0390262603759766, 7.263092994689941, 2.659219264984131], "params": [-1.0450342893600464, -1.4571335315704346, 1.6683213710784912, 4.3724565505981445, 0.25, 1.0, 5.210806369781494]}