{"x": [0, 1, 2, 3, 4, 5], "y": [4.7599592208862305, 5.18044376373291, 3.8802595138549805, 1.628438949584961, 3.6041581630706787, 0.36024969816207886], "params": [-1.0792547464370728, -0.41367173194885254, 1.9360630512237549, 3.1181671619415283, 0.25, 1.0, 4.089283466339111]}