{"x": [0, 1, 2, 3, 4, 5], "y": [6.709341526031494, 5.676418781280518, 4.684728622436523, 2.279144048690796, 6.838475227355957, 1.7850769758224487], "params": [-2.1933393478393555, -0.40630221366882324, 4.705900192260742, 5.173091888427734, 0.25, 1.0, 5.23352575302124]}