{"x": [0, 1, 2, 3, 4, 5], "y": [9.035385131835938, 6.825436115264893, 6.1484174728393555, 1.1894433498382568, 3.9775030612945557, -0.3134511709213257], "params": [-1.9179306030273438, 1.4952033758163452, 4.744348049163818, 3.090888261795044, 0.25, 1.0, 4.290954113006592]}