{"x": [0, 1, 2, 3, 4, 5], "y": [8.74858283996582, 8.072628021240234, 7.653651237487793, 1.3556830883026123, 6.889794826507568, 1.0405339002609253], "params": [-1.5112550258636475, 2.415375232696533, 2.5508437156677246, 5.750387191772461, 0.25, 1.0, 6.85781192779541]}