{"x": [0, 1, 2, 3, 4, 5], "y": [5.176079750061035, 4.577576160430908, 4.552743434906006, 1.530417561531067, 5.934735298156738, 0.8770573735237122], "params": [-1.455199956893921, -1.1176798343658447, 2.3123488426208496, 4.892225742340088, 0.25, 1.0, 5.121376037597656]}