{"x": [0, 1, 2, 3, 4, 5], "y": [9.184198379516602, 7.542327880859375, 7.455999851226807, 4.4828290939331055, 10.886820793151855, 3.964898109436035], "params": [-1.6004624366760254, 1.9985284805297852, 3.4305214881896973, 6.889789581298828, 0.25, 1.0, 6.92192268371582]}