{"x": [0, 1, 2, 3, 4, 5], "y": [7.907746315002441, 6.81508731842041, 6.13205623626709, 2.644594669342041, 7.798904895782471, 2.4613852500915527], "params": [-1.6727335453033447, 0.8681765198707581, 3.995439052581787, 5.799397945404053, 0.25, 1.0, 6.103727340698242]}