{"x": [0, 1, 2, 3, 4, 5], "y": [8.456544876098633, 7.724541664123535, 7.129429340362549, 1.3083975315093994, 6.396487712860107, 1.299485206604004], "params": [-2.497479200363159, 1.0868659019470215, 5.230867862701416, 5.25374698638916, 0.25, 1.0, 5.117856502532959]}