{"x": [0, 1, 2, 3, 4, 5], "y": [7.139204025268555, 6.607902526855469, 5.743433952331543, 1.552108883857727, 6.604835033416748, 1.8137232065200806], "params": [-2.0376250743865967, -0.08493930101394653, 4.247413635253906, 4.5137038230896, 0.25, 1.0, 5.367951393127441]}