{"x": [0, 1, 2, 3, 4, 5], "y": [6.4787750244140625, 5.263877868652344, 4.350099563598633, 0.6036938428878784, 8.2415771484375, 1.4685006141662598], "params": [-1.7991418838500977, -0.2688908576965332, 3.3395373821258545, 6.752115726470947, 0.25, 1.0, 7.637883186340332]}