{"x": [0, 1, 2, 3, 4, 5], "y": [6.74836540222168, 5.7583112716674805, 5.2300944328308105, 2.962019920349121, 9.183257102966309, 2.7912659645080566], "params": [-1.8881534337997437, 0.04579991102218628, 3.4068665504455566, 6.877918720245361, 0.25, 1.0, 6.944634437561035]}