{"x": [0, 1, 2, 3, 4, 5], "y": [5.669780254364014, 4.423950672149658, 3.4294447898864746, 2.663309097290039, 7.965640068054199, 1.244616150856018], "params": [-2.081726551055908, -1.5190881490707397, 4.062741279602051, 6.262233257293701, 0.25, 1.0, 7.010910511016846]}