{"x": [0, 1, 2, 3, 4, 5], "y": [7.629333972930908, 7.789117813110352, 7.546396255493164, 3.350768804550171, 10.31124210357666, 4.315066337585449], "params": [-1.363501787185669, 1.7160099744796753, 2.74088716506958, 5.797801971435547, 0.25, 1.0, 6.96047306060791]}