{"x": [0, 1, 2, 3, 4, 5], "y": [3.6825342178344727, 3.707812547683716, 2.864330768585205, 0.6199676394462585, 4.118797302246094, 0.16282352805137634], "params": [-1.1408259868621826, -2.221717596054077, 2.4128222465515137, 2.6696982383728027, 0.25, 1.0, 3.9559738636016846]}