{"x": [0, 1, 2, 3, 4, 5], "y": [8.4376802444458, 7.901910305023193, 7.005616188049316, 1.1483014822006226, 6.299398899078369, 0.7544991374015808], "params": [-2.245356559753418, 1.7699003219604492, 3.4321703910827637, 4.2909955978393555, 0.25, 1.0, 5.544899940490723]}