{"x": [0, 1, 2, 3, 4, 5], "y": [4.982553958892822, 5.977739334106445, 5.071758270263672, -0.2587486505508423, 3.79284930229187, 0.38455700874328613], "params": [-1.8460321426391602, -1.0232609510421753, 3.7843148708343506, 3.813930034637451, 0.25, 1.0, 4.288167953491211]}