{"x": [0, 1, 2, 3, 4, 5], "y": [6.86906623840332, 5.743105411529541, 4.427611827850342, 1.0989242792129517, 3.760608434677124, 1.1433846950531006], "params": [-2.153844118118286, -1.1087477207183838, 5.0566229820251465, 3.18424129486084, 0.25, 1.0, 3.5948362350463867]}