{"x": [0, 1, 2, 3, 4, 5], "y": [7.764629364013672, 6.700528621673584, 7.067921161651611, 0.7336304187774658, 6.365069389343262, 0.7201176881790161], "params": [-1.3932968378067017, 1.3548332452774048, 2.7427053451538086, 6.564369201660156, 0.25, 1.0, 5.9728169441223145]}