{"x": [0, 1, 2, 3, 4, 5], "y": [7.975717544555664, 7.610113620758057, 6.709104061126709, 2.77901554107666, 7.300504684448242, 2.5000977516174316], "params": [-1.6194146871566772, 1.3766982555389404, 2.7639946937561035, 4.347115516662598, 0.25, 1.0, 5.513550281524658]}