{"x": [0, 1, 2, 3, 4, 5], "y": [3.8464605808258057, 3.3093223571777344, 2.937106132507324, 0.7743955850601196, 4.918735027313232, 0.772844672203064], "params": [-1.6290602684020996, -2.389554977416992, 2.7692465782165527, 3.198209047317505, 0.25, 1.0, 4.278214454650879]}