{"x": [0, 1, 2, 3, 4, 5], "y": [9.06666374206543, 6.513241291046143, 5.6468729972839355, 3.2047982215881348, 10.231925964355469, 3.122849225997925], "params": [-2.354034900665283, 0.9272938966751099, 5.449007987976074, 6.615309238433838, 0.25, 1.0, 7.211393356323242]}