{"x": [0, 1, 2, 3, 4, 5], "y": [2.0861122608184814, 5.66190242767334, 2.8019344806671143, 5.641716003417969, 1.9751245975494385, 5.2530341148376465], "params": [3.495931386947632, 0.25, 0.0, 3.6867778301239014]}