{"x": [0, 1, 2, 3, 4, 5], "y": [2.2513787746429443, 6.931198596954346, 2.177718162536621, 7.061000823974609, 2.8564541339874268, 7.706804275512695], "params": [4.578962802886963, 0.25, 0.0, 5.529086112976074]}