{"x": [0, 1, 2, 3, 4, 5], "y": [-0.36966443061828613, 5.714301586151123, 0.23641523718833923, 5.0882110595703125, 0.5220747590065002, 5.026557922363281], "params": [5.47459077835083, 0.25, 0.0, 6.083966255187988]}