{"x": [0, 1, 2, 3, 4, 5], "y": [1.9464750289916992, 5.984312057495117, 1.7750152349472046, 5.738511085510254, 2.4343230724334717, 5.726170063018799], "params": [3.9689624309539795, 0.25, 0.0, 4.209296703338623]}