{"x": [0, 1, 2, 3, 4, 5], "y": [3.2805325984954834, 8.184484481811523, 3.6581008434295654, 8.870651245117188, 3.4907727241516113, 9.865499496459961], "params": [5.211657524108887, 0.25, 0.0, 6.584966659545898]}