{"x": [0, 1, 2, 3, 4, 5], "y": [2.15224027633667, 6.099095344543457, 2.573258399963379, 5.6764020919799805, 2.201369524002075, 6.384376049041748], "params": [3.867145538330078, 0.25, 0.0, 4.232135772705078]}