{"x": [0, 1, 2, 3, 4, 5], "y": [1.8747236728668213, 8.843374252319336, 2.026613712310791, 8.746194839477539, 2.4114112854003906, 8.436300277709961], "params": [6.679464340209961, 0.25, 0.0, 6.968650817871094]}