{"x": [0, 1, 2, 3, 4, 5], "y": [-0.07069411128759384, 5.172817230224609, -0.4787489175796509, 5.1246137619018555, 0.057650644332170486, 5.479923725128174], "params": [5.47175931930542, 0.25, 0.0, 5.958672523498535]}