{"x": [0, 1, 2, 3, 4, 5], "y": [3.3607852458953857, 9.513947486877441, 2.597116470336914, 9.01540756225586, 3.5284295082092285, 9.829119682312012], "params": [6.028848171234131, 0.25, 0.0, 7.232003211975098]}