{"x": [0, 1, 2, 3, 4, 5], "y": [-0.8733329176902771, 5.782754421234131, -0.3105638027191162, 5.663590431213379, 0.07660602033138275, 5.392047882080078], "params": [5.401829719543457, 0.25, 0.0, 6.656087398529053]}