{"x": [0, 1, 2, 3, 4, 5], "y": [0.9701157212257385, 3.9056241512298584, -1.0503120422363281, 4.77237606048584, 0.17990359663963318, 4.382768154144287], "params": [3.803635835647583, 0.25, 0.0, 5.822688102722168]}