{"x": [0, 1, 2, 3, 4, 5], "y": [0.6915960907936096, 5.782910346984863, 0.6632969975471497, 5.708343982696533, 2.0794742107391357, 5.569507598876953], "params": [4.892935752868652, 0.25, 0.0, 5.119613170623779]}