{"x": [0, 1, 2, 3, 4, 5], "y": [0.936248779296875, 6.227849960327148, 1.2036995887756348, 6.655435562133789, 1.592540979385376, 6.775116443634033], "params": [5.587352752685547, 0.25, 0.0, 5.838867664337158]}