{"x": [0, 1, 2, 3, 4, 5], "y": [1.526513934135437, 7.921330451965332, 1.9603317975997925, 6.909844875335693, 0.9568835496902466, 7.020370006561279], "params": [6.047304630279541, 0.25, 0.0, 6.964447021484375]}