{"x": [0, 1, 2, 3, 4, 5], "y": [0.6806436777114868, 4.368772506713867, 0.7331404089927673, 3.850884199142456, 1.267166018486023, 3.082244873046875], "params": [2.724971294403076, 0.25, 0.0, 3.68812894821167]}