{"x": [0, 1, 2, 3, 4, 5], "y": [0.3858528435230255, 5.101797103881836, 0.3717665672302246, 5.877501487731934, 0.5535745620727539, 5.346550464630127], "params": [4.5240254402160645, 0.25, 0.0, 5.505734920501709]}