{"x": [0, 1, 2, 3, 4, 5], "y": [1.4326915740966797, 5.234355926513672, 1.3609745502471924, 4.498013973236084, 0.8912056088447571, 4.5467529296875], "params": [3.539729118347168, 0.25, 0.0, 4.3431501388549805]}