{"x": [0, 1, 2, 3, 4, 5], "y": [0.43168532848358154, 3.1201767921447754, -0.050730038434267044, 2.1280694007873535, 0.31313636898994446, 2.4446191787719727], "params": [2.6999616622924805, 0.25, 0.0, 3.1709067821502686]}