{"x": [0, 1, 2, 3, 4, 5], "y": [3.19767427444458, 9.526249885559082, 3.6358914375305176, 9.390385627746582, 3.0308480262756348, 8.68860912322998], "params": [6.390431880950928, 0.25, 0.0, 6.495401859283447]}