{"x": [0, 1, 2, 3, 4, 5], "y": [2.099123239517212, 6.650266170501709, 1.4750778675079346, 5.787162780761719, 2.0005364418029785, 6.475996971130371], "params": [4.358251571655273, 0.25, 0.0, 5.175188064575195]}