{"x": [0, 1, 2, 3, 4, 5], "y": [0.985011637210846, 8.84147834777832, 0.6524418592453003, 7.9393510818481445, -0.5493769645690918, 8.461194038391113], "params": [7.454304218292236, 0.25, 0.0, 9.39085578918457]}