{"x": [0, 1, 2, 3, 4, 5], "y": [2.039975643157959, 8.793831825256348, 1.848527431488037, 8.884669303894043, 1.6679162979125977, 9.089826583862305], "params": [7.3124918937683105, 0.25, 0.0, 7.421910285949707]}