{"x": [0, 1, 2, 3, 4, 5], "y": [2.6076691150665283, 7.224488258361816, 1.607408046722412, 7.930759429931641, 1.5859324932098389, 6.622464179992676], "params": [4.978102684020996, 0.25, 0.0, 6.344826698303223]}