{"x": [0, 1, 2, 3, 4, 5], "y": [2.5969398021698, 4.380664825439453, 0.12780225276947021, 3.813666582107544, 1.115473747253418, 4.066586971282959], "params": [2.681589365005493, 0.25, 0.0, 4.252862453460693]}