{"x": [0, 1, 2, 3, 4, 5], "y": [3.658172607421875, 10.183009147644043, 3.701991319656372, 10.6950044631958, 2.834141254425049, 9.927668571472168], "params": [6.590937614440918, 0.25, 0.0, 7.860863208770752]}