{"x": [0, 1, 2, 3, 4, 5], "y": [0.4405779242515564, 6.0291595458984375, 0.2794732451438904, 5.014626979827881, -0.44472530484199524, 5.681294918060303], "params": [5.412773609161377, 0.25, 0.0, 6.4738850593566895]}