{"x": [0, 1, 2, 3, 4, 5], "y": [3.777287483215332, 10.615485191345215, 3.798602819442749, 11.050406455993652, 4.016610622406006, 10.818187713623047], "params": [6.661660194396973, 0.25, 0.0, 7.27311897277832]}