{"x": [0, 1, 2, 3, 4, 5], "y": [4.437620639801025, 10.872645378112793, 4.704502582550049, 10.012454986572266, 3.5606868267059326, 10.0476655960083], "params": [6.021618843078613, 0.25, 0.0, 7.311958312988281]}