{"x": [0, 1, 2, 3, 4, 5], "y": [0.18054607510566711, 3.3070480823516846, 0.24442169070243835, 3.491215467453003, 1.239518642425537, 2.822706699371338], "params": [2.9660046100616455, 0.25, 0.0, 3.310669422149658]}