{"x": [0, 1, 2, 3, 4, 5], "y": [3.5933837890625, 8.058987617492676, 3.095850944519043, 7.543965816497803, 3.283954381942749, 7.694711208343506], "params": [4.7291669845581055, 0.25, 0.0, 4.963136672973633]}