{"x": [0, 1, 2, 3, 4, 5], "y": [4.267238616943359, 12.334362983703613, 5.237656593322754, 11.73933219909668, 4.2828874588012695, 10.909160614013672], "params": [7.17641544342041, 0.25, 0.0, 8.067124366760254]}