{"x": [0, 1, 2, 3, 4, 5], "y": [2.462205648422241, 7.110944747924805, 2.475020170211792, 7.438760757446289, 1.895527720451355, 7.222935199737549], "params": [5.123288154602051, 0.25, 0.0, 5.5432329177856445]}