{"x": [0, 1, 2, 3, 4, 5], "y": [0.6956352591514587, 3.269458532333374, 0.6286876201629639, 3.6559276580810547, -0.005188077688217163, 3.1248350143432617], "params": [2.8893744945526123, 0.25, 0.0, 3.6611156463623047]}