{"x": [0, 1, 2, 3, 4, 5], "y": [0.14115166664123535, 3.0474228858947754, -0.39247894287109375, 3.5302555561065674, 0.406617671251297, 3.318833589553833], "params": [3.3748743534088135, 0.25, 0.0, 3.922734498977661]}