{"x": [0, 1, 2, 3, 4, 5], "y": [2.712883234024048, 6.526839733123779, 2.451662063598633, 6.630478382110596, 1.5278924703598022, 6.309192180633545], "params": [4.1788201332092285, 0.25, 0.0, 5.102585792541504]}