{"x": [0, 1, 2, 3, 4, 5], "y": [2.5895183086395264, 7.787249565124512, 2.3360390663146973, 8.833248138427734, 3.092972755432129, 8.43134880065918], "params": [5.001937389373779, 0.25, 0.0, 6.497209072113037]}