{"x": [0, 1, 2, 3, 4, 5], "y": [3.898043394088745, 9.563898086547852, 4.083651065826416, 10.187690734863281, 4.767205715179443, 10.444838523864746], "params": [6.464591979980469, 0.25, 0.0, 6.546794891357422]}