{"x": [0, 1, 2, 3, 4, 5], "y": [1.9867254495620728, 8.382233619689941, 1.8531535863876343, 5.426874160766602, 5.761666774749756, 5.84243106842041], "params": [5.36046028137207, 0.25, 0.0, 7.0859479904174805, 1.1445658206939697, 0.5428382754325867, 1.2806024551391602]}