{"x": [0, 1, 2, 3, 4, 5], "y": [2.6076691150665283, 7.224488258361816, 1.607408046722412, 5.300938129425049, 5.757109642028809, 7.25015115737915], "params": [4.978102684020996, 0.25, 0.0, 6.344826698303223, 2.469658613204956, -0.6561934947967529, 4.927112579345703]}