{"x": [0, 1, 2, 3, 4, 5], "y": [2.515031337738037, 6.886861801147461, 3.5750558376312256, 4.0309062004089355, 4.332783222198486, 4.184161186218262], "params": [5.296685695648193, 0.25, 0.0, 5.52175760269165, 1.3431437015533447, -1.6444790363311768, 2.5230743885040283]}