{"x": [0, 1, 2, 3, 4, 5], "y": [2.0739307403564453, 7.5461835861206055, 2.5874135494232178, 3.702639102935791, 4.102855682373047, 5.1323137283325195], "params": [4.436090469360352, 0.25, 0.0, 6.570816993713379, 1.09096097946167, -1.118027925491333, 2.2876744270324707]}