{"x": [0, 1, 2, 3, 4, 5], "y": [2.712883234024048, 6.526839733123779, 2.451662063598633, 2.7104129791259766, 3.402444362640381, 5.29002571105957], "params": [4.1788201332092285, 0.25, 0.0, 5.102585792541504, 1.8661526441574097, -2.196592092514038, 4.32951545715332]}