{"x": [0, 1, 2, 3, 4, 5], "y": [1.944034218788147, 8.287175178527832, 1.164495587348938, 6.7892961502075195, 8.593182563781738, 9.0172758102417], "params": [6.001051902770996, 0.25, 0.0, 7.238194465637207, 2.4572043418884277, 1.8103084564208984, 4.050543308258057]}