{"x": [0, 1, 2, 3, 4, 5], "y": [2.4235057830810547, 7.04657506942749, 2.032987356185913, 7.737338066101074, 8.159326553344727, 8.371925354003906], "params": [4.775447368621826, 0.25, 0.0, 5.500919342041016, 1.6784303188323975, 2.0242490768432617, 3.2169556617736816]}