{"x": [0, 1, 2, 3, 4, 5], "y": [2.3018484115600586, 8.704459190368652, 1.603865623474121, 7.599989891052246, 8.762269020080566, 9.85585880279541], "params": [6.322589874267578, 0.25, 0.0, 7.44239616394043, 1.9146946668624878, 2.017563581466675, 4.82609748840332]}