{"x": [0, 1, 2, 3, 4, 5], "y": [-0.08859455585479736, 6.8525896072387695, 1.3837223052978516, 5.339412212371826, 6.048227787017822, 7.193110466003418], "params": [6.274710655212402, 0.25, 0.0, 7.6024956703186035, 1.2746696472167969, -0.1736697554588318, 3.8442633152008057]}