{"x": [0, 1, 2, 3, 4, 5], "y": [0.9470317959785461, 6.964762210845947, 2.1184744834899902, 5.7297563552856445, 6.420802116394043, 7.278597831726074], "params": [5.61043119430542, 0.25, 0.0, 6.600257873535156, 1.3750836849212646, 1.2349194288253784, 2.0467305183410645]}