{"x": [0, 1, 2, 3, 4, 5], "y": [0.936248779296875, 6.227849960327148, 1.2036995887756348, 5.826177597045898, 5.198653697967529, 7.104092597961426], "params": [5.587352752685547, 0.25, 0.0, 5.838867664337158, 1.806099772453308, -0.19653409719467163, 3.3256008625030518]}