{"x": [0, 1, 2, 3, 4, 5], "y": [0.9189929962158203, 5.5997724533081055, 1.269500494003296, 3.2550911903381348, 4.352128505706787, 4.811148166656494], "params": [4.317797660827637, 0.25, 0.0, 5.165681838989258, 1.1751112937927246, -1.2448821067810059, 2.144521474838257]}