{"x": [0, 1, 2, 3, 4, 5], "y": [0.18054607510566711, 3.3070480823516846, 0.24442169070243835, 6.386992931365967, 7.038280963897705, 6.991054058074951], "params": [2.9660046100616455, 0.25, 0.0, 3.310669422149658, 1.8509620428085327, 0.7520788908004761, 3.151398181915283]}