{"x": [0, 1, 2, 3, 4, 5], "y": [3.542632818222046, 9.200634002685547, 2.8711998462677, 7.487677097320557, 8.286955833435059, 8.709711074829102], "params": [5.574758529663086, 0.25, 0.0, 7.553169250488281, 2.454652786254883, 1.5034172534942627, 4.565814018249512]}