{"x": [0, 1, 2, 3, 4, 5], "y": [3.4739763736724854, 9.124008178710938, 2.8016300201416016, 3.9935531616210938, 4.774500370025635, 6.243699073791504], "params": [6.272434234619141, 0.25, 0.0, 7.098237991333008, 1.5246798992156982, -0.6091377139091492, 3.1782426834106445]}