{"x": [0, 1, 2, 3, 4, 5], "y": [1.3061771392822266, 8.624173164367676, 1.5399818420410156, 7.303351402282715, 8.861603736877441, 8.205845832824707], "params": [7.3321685791015625, 0.25, 0.0, 8.009054183959961, 1.7720168828964233, 2.316039800643921, 3.320577621459961]}