{"x": [0, 1, 2, 3, 4, 5], "y": [2.912290096282959, 7.92950439453125, 3.0400187969207764, 5.183035850524902, 5.946445465087891, 7.025284767150879], "params": [4.622890472412109, 0.25, 0.0, 5.462635517120361, 2.202512741088867, -0.23551642894744873, 4.495996952056885]}