{"x": [0, 1, 2, 3, 4, 5], "y": [0.35384708642959595, 4.074700355529785, 1.1540229320526123, 5.650554180145264, 6.581445693969727, 7.282399654388428], "params": [2.74393367767334, 0.25, 0.0, 4.722842693328857, 2.212218999862671, -0.2353009581565857, 4.234618663787842]}