{"x": [0, 1, 2, 3, 4, 5], "y": [1.6796483993530273, 8.775108337402344, 1.7148219347000122, 6.803742408752441, 7.753484725952148, 8.389941215515137], "params": [6.131453514099121, 0.25, 0.0, 7.095459938049316, 1.9490644931793213, 1.5240325927734375, 3.3820271492004395]}