{"x": [0, 1, 2, 3, 4, 5], "y": [4.740861415863037, 10.77060604095459, 4.969608783721924, 6.940378189086914, 7.371915340423584, 7.474613189697266], "params": [6.200226306915283, 0.25, 0.0, 6.274624347686768, 1.1115756034851074, 1.7645347118377686, 2.7298412322998047]}