{"x": [0, 1, 2, 3, 4, 5], "y": [1.8581457138061523, 5.004776954650879, 0.7813160419464111, 5.467643737792969, 6.161677837371826, 8.308128356933594], "params": [3.2183244228363037, 0.25, 0.0, 4.405575752258301, 1.9484692811965942, 0.8792167901992798, 4.2106828689575195]}