{"x": [0, 1, 2, 3, 4, 5], "y": [2.2185463905334473, 6.324032306671143, 1.5146573781967163, 3.7030861377716064, 4.76193904876709, 5.058159351348877], "params": [4.528946399688721, 0.25, 0.0, 5.37384557723999, 1.202542781829834, -0.958133339881897, 2.803903341293335]}