{"x": [0, 1, 2, 3, 4, 5], "y": [1.526513934135437, 7.921330451965332, 1.9603317975997925, 5.231194496154785, 6.336673736572266, 6.907573223114014], "params": [6.047304630279541, 0.25, 0.0, 6.964447021484375, 1.13454270362854, 0.6335753202438354, 2.8491387367248535]}