{"x": [0, 1, 2, 3, 4, 5], "y": [1.8747236728668213, 8.843374252319336, 2.026613712310791, 4.775515079498291, 5.11643648147583, 6.235230922698975], "params": [6.679464340209961, 0.25, 0.0, 6.968650817871094, 1.519411325454712, -1.0580813884735107, 3.8071072101593018]}