{"x": [0, 1, 2, 3, 4, 5], "y": [5.041704177856445, 12.277868270874023, 4.025378227233887, 3.7649641036987305, 5.148172378540039, 5.245164394378662], "params": [7.4377007484436035, 0.25, 0.0, 8.433234214782715, 1.507892370223999, -1.4690029621124268, 3.012115240097046]}