{"x": [0, 1, 2, 3, 4, 5], "y": [1.1046559810638428, 4.895663738250732, 0.6531084179878235, 6.325559139251709, 7.60867166519165, 7.942039489746094], "params": [3.9572336673736572, 0.25, 0.0, 4.336650371551514, 2.3798742294311523, 1.1139518022537231, 4.663921356201172]}