{"x": [0, 1, 2, 3, 4, 5], "y": [0.3158240020275116, 3.2843637466430664, 1.681868314743042, 7.381105422973633, 8.332207679748535, 9.563997268676758], "params": [2.7350046634674072, 0.25, 0.0, 2.9685397148132324, 1.8952488899230957, 1.7036563158035278, 5.3491411209106445]}