{"x": [0, 1, 2, 3, 4, 5], "y": [-0.8733329176902771, 5.782754421234131, -0.3105638027191162, 4.67328405380249, 5.262350559234619, 5.482411861419678], "params": [5.401829719543457, 0.25, 0.0, 6.656087398529053, 1.372444748878479, -0.7867029309272766, 3.603334426879883]}