{"x": [0, 1, 2, 3, 4, 5], "y": [3.2805325984954834, 8.184484481811523, 3.6581008434295654, 5.024085998535156, 7.179108142852783, 8.365598678588867], "params": [5.211657524108887, 0.25, 0.0, 6.584966659545898, 2.485490322113037, 0.346587598323822, 5.860649108886719]}