{"x": [0, 1, 2, 3, 4, 5], "y": [1.8586019277572632, 5.548364162445068, 2.427755832672119, 3.7046995162963867, 4.6047773361206055, 5.6073832511901855], "params": [3.01374888420105, 0.25, 0.0, 3.6897621154785156, 1.4512945413589478, -1.1473443508148193, 3.1479625701904297]}