{"x": [0, 1, 2, 3, 4, 5], "y": [4.3638386726379395, 10.911416053771973, 4.864561080932617, 6.58953857421875, 7.042948246002197, 7.599444389343262], "params": [6.68979549407959, 0.25, 0.0, 6.819477558135986, 1.645853877067566, 1.3345319032669067, 3.1183981895446777]}