{"x": [0, 1, 2, 3, 4, 5], "y": [-0.31187379360198975, 4.2279863357543945, 0.583393394947052, 3.656301975250244, 5.735184669494629, 5.391139507293701], "params": [4.372218132019043, 0.25, 0.0, 4.539860248565674, 2.29978609085083, -1.4184021949768066, 3.5869805812835693]}