{"x": [0, 1, 2, 3, 4, 5], "y": [0.7056161165237427, 4.802125930786133, 1.0269458293914795, 8.317030906677246, 8.47176456451416, 9.359721183776855], "params": [2.9524614810943604, 0.25, 0.0, 4.09650993347168, 2.321089744567871, 1.7826604843139648, 5.516424655914307]}