{"x": [0, 1, 2, 3, 4, 5], "y": [1.9308205842971802, 8.079779624938965, 2.153174638748169, 5.928769111633301, 5.920890808105469, 7.179973602294922], "params": [6.702304363250732, 0.25, 0.0, 7.134273529052734, 1.5117595195770264, 0.12067705392837524, 3.9966695308685303]}