{"x": [0, 1, 2, 3, 4, 5], "y": [1.9464750289916992, 5.984312057495117, 1.7750152349472046, 5.570715427398682, 6.377201080322266, 6.529449939727783], "params": [3.9689624309539795, 0.25, 0.0, 4.209296703338623, 1.0466928482055664, 0.4462239146232605, 1.9929938316345215]}