{"x": [0, 1, 2, 3, 4, 5], "y": [4.437620639801025, 10.872645378112793, 4.704502582550049, 6.777530670166016, 8.588976860046387, 8.441654205322266], "params": [6.021618843078613, 0.25, 0.0, 7.311958312988281, 1.3182201385498047, 2.1285009384155273, 3.089080810546875]}