{"x": [0, 1, 2, 3, 4, 5], "y": [2.3440258502960205, 4.354983329772949, 2.342046022415161, 7.177459716796875, 8.608233451843262, 9.969708442687988], "params": [2.9142000675201416, 0.25, 0.0, 3.0612080097198486, 1.85025155544281, 2.265514850616455, 4.042548656463623]}