{"x": [0, 1, 2, 3, 4, 5], "y": [3.3607852458953857, 9.513947486877441, 2.597116470336914, 4.9245285987854, 5.894156455993652, 5.758854866027832], "params": [6.028848171234131, 0.25, 0.0, 7.232003211975098, 1.4943562746047974, -0.45558005571365356, 2.723712205886841]}