{"x": [0, 1, 2, 3, 4, 5], "y": [2.099123239517212, 6.650266170501709, 1.4750778675079346, 7.111156463623047, 7.166729927062988, 6.984236717224121], "params": [4.358251571655273, 0.25, 0.0, 5.175188064575195, 1.0188812017440796, 1.2510013580322266, 2.541799545288086]}