{"x": [0, 1, 2, 3, 4, 5], "y": [1.9598082304000854, 6.638847351074219, 1.972008228302002, 5.102422714233398, 6.562097072601318, 6.254541397094727], "params": [4.987057209014893, 0.25, 0.0, 6.493588447570801, 1.1854581832885742, 0.6231728196144104, 2.3871965408325195]}