{"x": [0, 1, 2, 3, 4, 5], "y": [3.7949066162109375, 9.9369478225708, 2.226378917694092, 6.612648963928223, 6.8161234855651855, 8.644204139709473], "params": [6.214845180511475, 0.25, 0.0, 7.710568904876709, 1.3112488985061646, 1.4399752616882324, 3.2913317680358887]}