{"x": [0, 1, 2, 3, 4, 5], "y": [0.5442313551902771, 3.1319851875305176, 0.6792582273483276, 4.788954257965088, 5.170996189117432, 5.878937721252441], "params": [3.8078393936157227, 0.25, 0.0, 4.31610631942749, 1.7381922006607056, -0.8293330669403076, 3.4186227321624756]}