{"x": [0, 1, 2, 3, 4, 5], "y": [4.267238616943359, 12.334362983703613, 5.237656593322754, 6.3722333908081055, 7.455422878265381, 7.972000598907471], "params": [7.17641544342041, 0.25, 0.0, 8.067124366760254, 1.4082520008087158, 1.0139586925506592, 3.3916611671447754]}