{"x": [0, 1, 2, 3, 4, 5], "y": [3.5502328872680664, 9.302886962890625, 3.204793930053711, 4.379939079284668, 5.284868240356445, 6.332189559936523], "params": [5.190302848815918, 0.25, 0.0, 6.098093032836914, 1.699698567390442, -0.7107976078987122, 3.6517467498779297]}