{"x": [0, 1, 2, 3, 4, 5], "y": [3.9089903831481934, 5.608462333679199, 6.2817158699035645, 7.573942184448242, 7.378849029541016, 8.248719215393066], "params": [1.9614335298538208, 1.6575896739959717, 4.339728832244873]}