{"x": [0, 1, 2, 3, 4, 5], "y": [5.154969692230225, 6.156096458435059, 6.655823230743408, 7.737338066101074, 8.159326553344727, 8.371925354003906], "params": [1.6784303188323975, 2.0242490768432617, 3.2169556617736816]}