{"x": [0, 1, 2, 3, 4, 5], "y": [2.5049495697021484, 3.524806261062622, 4.612107276916504, 5.024085998535156, 7.179108142852783, 8.365598678588867], "params": [2.485490322113037, 0.346587598323822, 5.860649108886719]}