{"x": [0, 1, 2, 3, 4, 5], "y": [1.7596831321716309, 1.2449222803115845, 3.019941806793213, 4.620014190673828, 4.952988624572754, 5.195623397827148], "params": [2.1786956787109375, -1.8764886856079102, 3.9507012367248535]}