{"x": [0, 1, 2, 3, 4, 5], "y": [4.0401225090026855, 3.808405637741089, 3.7899954319000244, 4.420905590057373, 6.0946044921875, 5.084962844848633], "params": [1.355591058731079, -0.68367600440979, 2.3046090602874756]}