{"x": [0, 1, 2, 3, 4, 5], "y": [4.878887176513672, 4.284974098205566, 5.196937561035156, 5.680370330810547, 5.292131423950195, 6.473367691040039], "params": [1.0655393600463867, 0.26137620210647583, 2.1883935928344727]}