{"x": [0, 1, 2, 3, 4, 5], "y": [2.1826577186584473, 3.42299485206604, 4.285483360290527, 4.599383354187012, 5.447847843170166, 6.03492546081543], "params": [1.8463797569274902, -0.5612495541572571, 3.8522677421569824]}