{"x": [0, 1, 2, 3, 4, 5], "y": [0.7682357430458069, 1.3911497592926025, 2.3439083099365234, 4.183337688446045, 3.612215280532837, 4.692984104156494], "params": [2.191681146621704, -2.1321961879730225, 3.924748420715332]}