{"x": [0, 1, 2, 3, 4, 5], "y": [3.830321788787842, 5.562575340270996, 6.189937114715576, 6.18312931060791, 7.342832565307617, 7.396453857421875], "params": [1.8387356996536255, 1.0909912586212158, 3.566132068634033]}