{"x": [0, 1, 2, 3, 4, 5], "y": [3.1704442501068115, 3.2900490760803223, 4.301311016082764, 4.9245285987854, 5.894156455993652, 5.758854866027832], "params": [1.4943562746047974, -0.45558005571365356, 2.723712205886841]}