{"x": [0, 1, 2, 3, 4, 5], "y": [1.8790773153305054, 3.1126394271850586, 4.489319324493408, 4.67328405380249, 5.262350559234619, 5.482411861419678], "params": [1.372444748878479, -0.7867029309272766, 3.603334426879883]}