{"x": [0, 1, 2, 3, 4, 5], "y": [4.14389705657959, 5.012753486633301, 5.788804531097412, 7.487677097320557, 8.286955833435059, 8.709711074829102], "params": [2.454652786254883, 1.5034172534942627, 4.565814018249512]}