{"x": [0, 1, 2, 3, 4, 5], "y": [3.6188817024230957, 3.0654563903808594, 3.9176025390625, 3.9935531616210938, 4.774500370025635, 6.243699073791504], "params": [1.5246798992156982, -0.6091377139091492, 3.1782426834106445]}