{"x": [0, 1, 2, 3, 4, 5], "y": [5.362147808074951, 5.007914066314697, 6.081907272338867, 6.803742408752441, 7.753484725952148, 8.389941215515137], "params": [1.9490644931793213, 1.5240325927734375, 3.3820271492004395]}