{"x": [0, 1, 2, 3, 4, 5], "y": [4.097445487976074, 4.881916046142578, 6.015706539154053, 5.467643737792969, 6.161677837371826, 8.308128356933594], "params": [1.9484692811965942, 0.8792167901992798, 4.2106828689575195]}