{"x": [0, 1, 2, 3, 4, 5], "y": [5.876516342163086, 5.472404479980469, 7.252077579498291, 7.1672210693359375, 8.159422874450684, 8.157346725463867], "params": [1.4631998538970947, 2.069444179534912, 2.687018394470215]}