{"x": [0, 1, 2, 3, 4, 5], "y": [1.56288480758667, 2.146961212158203, 3.1101880073547363, 4.015504837036133, 4.511198997497559, 4.168177127838135], "params": [2.1827919483184814, -1.695592999458313, 2.9483141899108887]}