{"x": [0, 1, 2, 3, 4, 5], "y": [2.8112802505493164, 3.6384663581848145, 4.237672328948975, 4.953732967376709, 6.221826076507568, 7.963438510894775], "params": [2.161489248275757, 0.015839040279388428, 5.152158260345459]}