{"x": [0, 1, 2, 3, 4, 5], "y": [2.5699758529663086, 3.5194475650787354, 5.336679458618164, 6.145105361938477, 6.085226535797119, 7.397404670715332], "params": [2.399143934249878, 0.2958241105079651, 4.827428817749023]}