{"x": [0, 1, 2, 3, 4, 5], "y": [2.3383419513702393, 4.5257887840271, 4.163157939910889, 5.792734622955322, 6.390878677368164, 7.603917121887207], "params": [2.402691602706909, -0.09086132049560547, 5.265575408935547]}