{"x": [0, 1, 2, 3, 4, 5], "y": [2.254256010055542, 2.716543197631836, 3.288619041442871, 3.7030861377716064, 4.76193904876709, 5.058159351348877], "params": [1.202542781829834, -0.958133339881897, 2.803903341293335]}