{"x": [0, 1, 2, 3, 4, 5], "y": [0.02270374819636345, 1.738591194152832, 1.9314181804656982, 4.03021764755249, 4.118476390838623, 5.620821952819824], "params": [2.4581143856048584, -2.4749233722686768, 5.598118305206299]}