{"x": [0, 1, 2, 3, 4, 5], "y": [5.23186731338501, 5.317628860473633, 5.833693981170654, 5.7297563552856445, 6.420802116394043, 7.278597831726074], "params": [1.3750836849212646, 1.2349194288253784, 2.0467305183410645]}