{"x": [0, 1, 2, 3, 4, 5], "y": [4.594668865203857, 5.542512893676758, 6.516993522644043, 7.479716777801514, 7.044816017150879, 8.317198753356934], "params": [1.0346482992172241, 1.496901512145996, 3.722529888153076]}