{"x": [0, 1, 2, 3, 4, 5], "y": [3.73305606842041, 4.7278337478637695, 4.990492820739746, 5.680843830108643, 5.926302433013916, 6.513209342956543], "params": [1.240729808807373, 0.6959894299507141, 2.780153274536133]}