{"x": [0, 1, 2, 3, 4, 5], "y": [2.0281312465667725, 2.5224838256835938, 4.731749534606934, 5.196665287017822, 5.654811859130859, 6.685262680053711], "params": [2.226100206375122, -0.7414600253105164, 4.657131195068359]}