{"x": [0, 1, 2, 3, 4, 5], "y": [5.499896049499512, 7.263298988342285, 6.64172887802124, 6.777530670166016, 8.588976860046387, 8.441654205322266], "params": [1.3182201385498047, 2.1285009384155273, 3.089080810546875]}