{"x": [0, 1, 2, 3, 4, 5], "y": [4.186434745788574, 4.174900531768799, 5.924079418182373, 5.102422714233398, 6.562097072601318, 6.254541397094727], "params": [1.1854581832885742, 0.6231728196144104, 2.3871965408325195]}