{"x": [0, 1, 2, 3, 4, 5], "y": [2.6804428100585938, 3.4907634258270264, 3.4184327125549316, 4.379939079284668, 5.284868240356445, 6.332189559936523], "params": [1.699698567390442, -0.7107976078987122, 3.6517467498779297]}