{"x": [0, 1, 2, 3, 4, 5], "y": [3.886882781982422, 4.588606357574463, 5.4289164543151855, 6.386992931365967, 7.038280963897705, 6.991054058074951], "params": [1.8509620428085327, 0.7520788908004761, 3.151398181915283]}