{"x": [0, 1, 2, 3, 4, 5], "y": [2.529287815093994, 3.8100619316101074, 4.792513370513916, 5.183035850524902, 5.946445465087891, 7.025284767150879], "params": [2.202512741088867, -0.23551642894744873, 4.495996952056885]}