{"x": [0, 1, 2, 3, 4, 5], "y": [1.1538043022155762, 2.769996404647827, 3.717555046081543, 3.886350154876709, 6.787053108215332, 7.138105869293213], "params": [2.4512317180633545, -0.5483081936836243, 5.984301567077637]}