{"x": [0, 1, 2, 3, 4, 5], "y": [1.941850185394287, 2.0470407009124756, 3.120048999786377, 3.508774995803833, 3.799943447113037, 5.603996753692627], "params": [1.7151082754135132, -1.79221773147583, 3.66214656829834]}