{"x": [0, 1, 2, 3, 4, 5], "y": [3.6921749114990234, 4.215836048126221, 4.648092746734619, 4.706145286560059, 5.292301654815674, 6.207150936126709], "params": [1.5313810110092163, -0.3476181626319885, 2.5149760246276855]}