{"x": [0, 1, 2, 3, 4, 5], "y": [3.278118371963501, 5.191681861877441, 5.863973617553711, 6.325559139251709, 7.60867166519165, 7.942039489746094], "params": [2.3798742294311523, 1.1139518022537231, 4.663921356201172]}