{"x": [0, 1, 2, 3, 4, 5], "y": [4.481046199798584, 4.527256011962891, 6.142404556274414, 6.58953857421875, 7.042948246002197, 7.599444389343262], "params": [1.645853877067566, 1.3345319032669067, 3.1183981895446777]}