{"x": [0, 1, 2, 3, 4, 5], "y": [2.4786581993103027, 4.0553483963012695, 5.157314300537109, 5.173973083496094, 7.057730197906494, 7.586188316345215], "params": [1.8999119997024536, 0.3165134787559509, 5.107530117034912]}