{"x": [0, 1, 2, 3, 4, 5], "y": [3.843296527862549, 5.28463888168335, 5.643973350524902, 8.317030906677246, 8.47176456451416, 9.359721183776855], "params": [2.321089744567871, 1.7826604843139648, 5.516424655914307]}