{"x": [0, 1, 2, 3, 4, 5], "y": [1.809708833694458, 2.943617582321167, 3.2970731258392334, 4.0309062004089355, 4.332783222198486, 4.184161186218262], "params": [1.3431437015533447, -1.6444790363311768, 2.5230743885040283]}