{"x": [0, 1, 2, 3, 4, 5], "y": [4.6026787757873535, 4.571667671203613, 6.246405601501465, 6.798276901245117, 6.9691996574401855, 8.463699340820312], "params": [2.1197943687438965, 1.3902562856674194, 3.892031669616699]}