{"x": [0, 1, 2, 3, 4, 5], "y": [4.362314701080322, 5.336486339569092, 6.472018241882324, 8.019081115722656, 8.635127067565918, 9.336742401123047], "params": [2.1135237216949463, 1.7432564496994019, 4.974427700042725]}