{"x": [0, 1, 2, 3, 4, 5], "y": [1.807643175125122, 2.0563180446624756, 2.4957544803619385, 3.5571448802948, 4.690851211547852, 5.280816555023193], "params": [1.8816070556640625, -1.7996928691864014, 3.4731733798980713]}