{"x": [0, 1, 2, 3, 4, 5], "y": [6.076625823974609, 6.664865016937256, 6.543804168701172, 7.76668119430542, 8.00903034210205, 8.145139694213867], "params": [1.0993870496749878, 2.271092176437378, 2.068513870239258]}