{"x": [0, 1, 2, 3, 4, 5], "y": [5.2671403884887695, 5.771368026733398, 6.798577785491943, 7.186771869659424, 8.273049354553223, 8.743577003479004], "params": [1.567097544670105, 2.2311558723449707, 3.4764366149902344]}